is_forex,is_jpy_pair,is_xau,is_xag,is_index,is_crypto,is_dxy,session_asian,session_london,session_ny,killzone_asian_open,killzone_london_open,killzone_london_close,killzone_ny_open,killzone_ny_close,day_monday,day_tuesday,day_wednesday,day_thursday,day_friday,hour_sin,hour_cos,dxy_price,dxy_kj_h1,dxy_vs_kj_h1,dxy_vs_price_ratio,dxy_kj_h1_norm,dxy_divergence,dxy_trend,dxy_trend_x_bias,news_count,is_high_news_day,ou_score,hurst_h,mc_p_sl,mc_p_tp,garch_persistence,garch_long_run_vol,garch_half_life,garch_forecast_vol_1,price,score,max_score,score_pct,bias,alignment,sl,tp,rr,kj_h1,d_kj_h1,kj_m30,d_kj_m30,kj_m15,d_kj_m15,kj_m5,d_kj_m5,kj_h4,d_kj_h4,kj_d1,d_kj_d1,tk_h1,d_tk_h1,tk_m30,d_tk_m30,tk_m15,d_tk_m15,tk_m5,d_tk_m5,tk_h4,d_tk_h4,tk_d1,d_tk_d1,tkx_h1,tkx_h4,tkx_d1,tkx_w1,tkx_mn,kumo_h1,kumo_h4,kumo_d1,kumo_w1,kumo_mn,kj_m30_cross_bear,kj_m30_cross_bull,tk_m30_cross_bear,tk_m30_cross_bull,kj_m15_cross_bear,kj_m15_cross_bull,tk_m15_cross_bear,tk_m15_cross_bull,kj_m5_cross_bear,kj_m5_cross_bull,tk_m5_cross_bear,tk_m5_cross_bull,flat_h1,flat_h4,fvg_active_count,ob_h1_bear_level,ob_h1_bull_level,ob_h4_bear_level,ob_h4_bull_level,ob_d1_bear_level,ob_d1_bull_level,asian_high_swept,asian_low_swept,london_high_swept,london_low_swept,swept_both,vol_hvn_h1,vol_lvn_h1,vol_hvn_h4,vol_lvn_h4,vol_hvn_d1,vol_lvn_d1,mss_h1_bull,mss_h1_bear,mss_h4_bull,mss_h4_bear,mss_d1_bull,mss_d1_bear,compression_pips,tkx_h1_conflict,kelly_full,kelly_ev,outcome
1.0,0.0,0.0,0.0,0.0,0.0,0.0,0.0,0.0,0.0,0.0,0.0,0.0,0.0,0.0,0.0,0.0,0.0,1.0,0.0,-0.25881904510252157,0.9659258262890681,0.0,100.76,-100.76,0.0,0.0,0.0,-1.0,-0.0,0,0.0,23.66532027550273,0.37037144218908014,0.0,0.0,0.783747,0.00058425,2.84,0.0006380226132417218,1.17454,0.0,109.0,0.0,0.0,0.0,0.0,0.0,0.0,1.17397,5.699999999999594,0.0,0.0,0.0,0.0,0.0,0.0,1.175845,-13.050000000001116,1.1659899999999999,85.50000000000057,1.1739799999999998,5.60000000000116,0.0,0.0,0.0,0.0,0.0,0.0,1.17488,-3.4000000000000696,1.175545,-10.050000000001447,1.0,-1.0,1.0,-1.0,0.0,-1.0,0.0,0.0,0.0,0.0,0.0,0.0,0.0,0.0,0.0,0.0,0.0,0.0,0.0,0.0,0.0,0.0,0.0,0.0,0.0,0.0,0.0,0.0,0.0,0.0,0.0,0.0,0.0,0.0,0.0,0.0,0.0,0.0,0.0,0.0,0.0,0.0,0.0,1.0,0.0,1.0,1.0,0.0,0.0,0.0,0.0,0.0,-1.0
1.0,0.0,0.0,0.0,0.0,0.0,0.0,0.0,0.0,0.0,0.0,0.0,0.0,0.0,0.0,0.0,0.0,0.0,1.0,0.0,-0.25881904510252157,0.9659258262890681,0.0,100.76,-100.76,0.0,0.0,0.0,-1.0,-1.0,0,0.0,5.788487295440023,0.49410564315228755,0.5932,0.4068,0.816425,0.00062965,3.42,0.0007088440711112219,1.34738,48.0,109.0,0.44036697247706424,1.0,4.0,1.34659,1.34896,2.0,1.344245,31.3500000000011,0.0,0.0,0.0,0.0,0.0,0.0,1.34659,7.900000000000684,1.3314499999999998,159.30000000000223,1.344245,31.3500000000011,0.0,0.0,0.0,0.0,0.0,0.0,1.34659,7.900000000000684,1.34371,36.70000000000062,0.0,0.0,1.0,-1.0,0.0,-1.0,0.0,0.0,0.0,0.0,0.0,0.0,0.0,0.0,0.0,0.0,0.0,0.0,0.0,0.0,0.0,0.0,0.0,0.0,0.0,0.0,0.0,0.0,1.33405,0.0,0.0,0.0,0.0,0.0,0.0,0.0,0.0,0.0,0.0,0.0,0.0,0.0,0.0,0.0,0.0,0.0,1.0,0.0,0.0,0.0,0.10000000000000003,0.20000000000000007,0.0
1.0,1.0,0.0,0.0,0.0,0.0,0.0,0.0,0.0,0.0,0.0,0.0,0.0,0.0,0.0,0.0,0.0,0.0,1.0,0.0,-0.25881904510252157,0.9659258262890681,0.0,100.76,-100.76,0.0,0.0,1.0,-1.0,-1.0,0,0.0,33.58420236732194,0.4767984017483278,0.5376,0.4624,0.455,0.00063034,0.88,0.0006295765729821852,156.671,84.0,109.0,0.7706422018348624,1.0,7.0,156.6575,156.698,2.0,156.6575,1.3499999999993406,0.0,0.0,0.0,0.0,0.0,0.0,156.334,33.69999999999891,156.04649999999998,62.45000000000118,156.78699999999998,-11.599999999998545,0.0,0.0,0.0,0.0,0.0,0.0,156.368,30.299999999999727,156.517,15.399999999999636,1.0,1.0,1.0,1.0,0.0,1.0,0.0,0.0,0.0,0.0,0.0,0.0,0.0,0.0,0.0,0.0,0.0,0.0,0.0,0.0,0.0,0.0,0.0,0.0,0.0,0.0,0.0,0.0,155.584,0.0,155.279,0.0,0.0,0.0,0.0,0.0,0.0,0.0,0.0,0.0,0.0,0.0,0.0,0.0,0.0,0.0,1.0,0.0,0.0,0.0,0.10000000000000003,0.20000000000000007,0.0
1.0,0.0,0.0,0.0,0.0,0.0,0.0,0.0,0.0,0.0,0.0,0.0,0.0,0.0,0.0,0.0,0.0,0.0,1.0,0.0,-0.25881904510252157,0.9659258262890681,0.0,100.76,-100.76,0.0,0.0,1.0,-1.0,1.0,0,0.0,22.49613155122996,0.6508774666133591,0.4868,0.2092,0.455,0.00059567,0.88,0.0005932620972947816,0.6673,60.0,109.0,0.5504587155963303,-1.0,5.0,0.66804,0.66583,2.0,0.668035,-7.350000000000412,0.0,0.0,0.0,0.0,0.0,0.0,0.66934,-20.400000000000418,0.658165,91.35000000000004,0.66737,-0.700000000000145,0.0,0.0,0.0,0.0,0.0,0.0,0.668575,-12.750000000000261,0.665985,13.149999999999551,-1.0,-1.0,1.0,1.0,0.0,-1.0,0.0,0.0,0.0,0.0,0.0,0.0,0.0,0.0,0.0,0.0,0.0,0.0,0.0,0.0,0.0,0.0,0.0,0.0,1.0,0.0,0.0,0.0,0.0,0.0,0.0,0.0,0.0,0.0,0.0,0.0,0.0,0.0,0.0,0.0,0.0,0.0,0.0,0.0,0.0,0.0,1.0,0.0,0.0,0.0,0.10000000000000003,0.20000000000000007,0.0
1.0,0.0,0.0,0.0,0.0,0.0,0.0,0.0,0.0,0.0,0.0,0.0,0.0,0.0,0.0,0.0,0.0,0.0,1.0,0.0,-0.25881904510252157,0.9659258262890681,0.0,100.76,-100.76,0.0,0.0,0.0,-1.0,-0.0,0,0.0,46.55450618322449,0.36820650449401376,0.0,0.0,0.769954,0.00039225,2.65,0.0003813566165147416,1.37208,0.0,109.0,0.0,0.0,0.0,0.0,0.0,0.0,1.3708049999999998,12.750000000001371,0.0,0.0,0.0,0.0,0.0,0.0,1.368515,35.650000000000404,1.388365,-162.85000000000105,1.3708049999999998,12.750000000001371,0.0,0.0,0.0,0.0,0.0,0.0,1.3703699999999999,17.100000000001003,1.372405,-3.2500000000013074,0.0,1.0,-1.0,1.0,0.0,1.0,0.0,0.0,0.0,0.0,0.0,0.0,0.0,0.0,0.0,0.0,0.0,0.0,0.0,0.0,0.0,0.0,0.0,0.0,0.0,0.0,0.0,0.0,0.0,1.39771,0.0,0.0,0.0,0.0,0.0,0.0,0.0,0.0,0.0,0.0,0.0,0.0,0.0,0.0,1.0,0.0,0.0,1.0,0.0,0.0,0.0,0.0,-1.0
1.0,0.0,0.0,0.0,0.0,0.0,0.0,0.0,0.0,0.0,0.0,0.0,0.0,0.0,0.0,0.0,0.0,0.0,1.0,0.0,-0.25881904510252157,0.9659258262890681,0.0,100.76,-100.76,0.0,0.0,0.0,-1.0,-0.0,0,0.0,23.38706746221978,0.44880133675374057,0.0,0.0,0.78845,0.00071646,2.92,0.000717634566228212,0.79251,0.0,109.0,0.0,0.0,0.0,0.0,0.0,0.0,0.7927200000000001,-2.100000000000435,0.0,0.0,0.0,0.0,0.0,0.0,0.7902750000000001,22.34999999999987,0.79816,-56.49999999999933,0.792925,-4.149999999999432,0.0,0.0,0.0,0.0,0.0,0.0,0.79091,16.00000000000046,0.7913699999999999,11.400000000001409,1.0,1.0,-1.0,-1.0,0.0,1.0,0.0,0.0,0.0,0.0,0.0,0.0,0.0,0.0,0.0,0.0,0.0,0.0,0.0,0.0,0.0,0.0,0.0,0.0,0.0,0.0,0.0,0.0,0.0,0.0,0.0,0.0,0.0,0.0,0.0,0.0,0.0,0.0,0.0,0.0,0.0,0.0,1.0,0.0,1.0,0.0,0.0,1.0,0.0,0.0,0.0,0.0,-1.0
1.0,0.0,0.0,0.0,0.0,0.0,0.0,0.0,0.0,0.0,0.0,0.0,0.0,0.0,0.0,0.0,0.0,0.0,0.0,1.0,-0.25881904510252157,0.9659258262890681,98.448,100.76,-2.312000000000012,83.99784988438863,-0.023484479115878556,1.0,-1.0,1.0,0,0.0,42.09753067077195,0.6254943307460049,0.546,0.2582,0.736262,0.00058583,2.26,0.0005113223705211208,1.17203,60.0,109.0,0.5504587155963303,-1.0,5.0,1.1739,1.16829,2.0,1.1739,-18.700000000000383,0.0,0.0,0.0,0.0,0.0,0.0,1.175385,-33.54999999999997,1.16776,42.69999999999996,1.17343,-14.000000000000679,0.0,0.0,0.0,0.0,0.0,0.0,1.1739,-18.700000000000383,1.175545,-35.15000000000157,-1.0,-1.0,1.0,-1.0,0.0,-1.0,0.0,0.0,0.0,0.0,0.0,0.0,0.0,0.0,0.0,0.0,0.0,0.0,0.0,0.0,0.0,0.0,0.0,0.0,0.0,0.0,0.0,0.0,0.0,0.0,0.0,0.0,0.0,0.0,0.0,0.0,0.0,0.0,0.0,0.0,0.0,0.0,1.0,0.0,0.0,0.0,1.0,0.0,0.0,0.0,0.10000000000000003,0.20000000000000007,1.0
1.0,0.0,0.0,0.0,0.0,0.0,0.0,0.0,0.0,0.0,0.0,0.0,0.0,0.0,0.0,0.0,0.0,0.0,0.0,1.0,-0.25881904510252157,0.9659258262890681,98.448,100.76,-2.312000000000012,73.14441951349984,-0.023484479115878556,0.0,-1.0,-0.0,0,0.0,14.675145419467297,0.6985909199334086,0.0,0.0,0.600918,0.00069558,1.36,0.0006293801610342774,1.3459400000000001,0.0,109.0,0.0,0.0,0.0,0.0,0.0,0.0,1.34677,-8.299999999998864,0.0,0.0,0.0,0.0,0.0,0.0,1.34659,-6.499999999998174,1.3329,130.40000000000163,1.347185,-12.449999999999406,0.0,0.0,0.0,0.0,0.0,0.0,1.345165,7.750000000001922,1.34453,14.100000000001334,1.0,-1.0,1.0,-1.0,0.0,0.0,0.0,0.0,0.0,0.0,0.0,0.0,0.0,0.0,0.0,0.0,0.0,0.0,0.0,0.0,0.0,0.0,0.0,0.0,0.0,0.0,0.0,0.0,1.33405,0.0,0.0,0.0,0.0,0.0,0.0,0.0,0.0,0.0,0.0,0.0,0.0,0.0,0.0,0.0,0.0,0.0,0.0,0.0,0.0,0.0,0.0,0.0,-1.0
1.0,1.0,0.0,0.0,0.0,0.0,0.0,0.0,0.0,0.0,0.0,0.0,0.0,0.0,0.0,0.0,0.0,0.0,0.0,1.0,-0.25881904510252157,0.9659258262890681,98.448,100.76,-2.312000000000012,0.6277490483143846,-0.023484479115878556,1.0,-1.0,-1.0,0,0.0,14.415422218242178,0.5104341207414682,0.5192,0.4808,0.455,0.00060348,0.88,0.0006017341750919206,156.827,72.0,109.0,0.6605504587155964,1.0,6.0,156.757,156.967,2.0,156.757,6.999999999999318,0.0,0.0,0.0,0.0,0.0,0.0,156.37099999999998,45.60000000000173,156.04649999999998,78.05000000000177,156.757,6.999999999999318,0.0,0.0,0.0,0.0,0.0,0.0,156.757,6.999999999999318,156.598,22.8999999999985,0.0,1.0,1.0,1.0,0.0,1.0,0.0,0.0,0.0,0.0,0.0,0.0,0.0,0.0,0.0,0.0,0.0,0.0,0.0,0.0,0.0,0.0,0.0,0.0,1.0,0.0,0.0,0.0,155.584,0.0,155.279,0.0,0.0,0.0,0.0,0.0,0.0,0.0,0.0,0.0,0.0,0.0,0.0,1.0,1.0,0.0,1.0,0.0,0.0,0.0,0.10000000000000003,0.20000000000000007,0.0
1.0,0.0,0.0,0.0,0.0,0.0,0.0,0.0,0.0,0.0,0.0,0.0,0.0,0.0,0.0,0.0,0.0,0.0,0.0,1.0,-0.25881904510252157,0.9659258262890681,98.448,100.76,-2.312000000000012,147.08659535050498,-0.023484479115878556,0.0,-1.0,-1.0,0,0.0,4.447119974514011,0.7267371355301764,0.5286,0.2422,0.490287,0.00067094,0.97,0.000671245364549643,0.66932,60.0,109.0,0.5504587155963303,1.0,5.0,0.66859,0.67078,2.0,0.66859,7.300000000000084,0.0,0.0,0.0,0.0,0.0,0.0,0.66934,-0.20000000000020002,0.65957,97.50000000000037,0.6687449999999999,5.750000000001032,0.0,0.0,0.0,0.0,0.0,0.0,0.6683250000000001,9.949999999999681,0.66637,29.50000000000008,1.0,-1.0,1.0,1.0,0.0,1.0,0.0,0.0,0.0,0.0,0.0,0.0,0.0,0.0,0.0,0.0,0.0,0.0,0.0,0.0,0.0,0.0,0.0,0.0,0.0,0.0,0.0,0.0,0.0,0.0,0.0,0.0,0.0,0.0,0.0,0.0,0.0,0.0,0.0,0.0,0.0,0.0,0.0,0.0,0.0,1.0,1.0,0.0,0.0,0.0,0.10000000000000003,0.20000000000000007,0.0
1.0,0.0,0.0,0.0,0.0,0.0,0.0,0.0,0.0,0.0,0.0,0.0,0.0,0.0,0.0,0.0,0.0,0.0,0.0,1.0,-0.25881904510252157,0.9659258262890681,98.448,100.76,-2.312000000000012,71.70388498011623,-0.023484479115878556,0.0,-1.0,-1.0,0,0.0,31.030173748933304,0.447525574597174,0.5918,0.4082,0.69735,0.00045471,1.92,0.00045779392179475203,1.37298,60.0,109.0,0.5504587155963303,1.0,5.0,1.3724,1.37415,2.0,1.372395,5.850000000000577,0.0,0.0,0.0,0.0,0.0,0.0,1.3695050000000002,34.74999999999895,1.38737,-143.89999999999904,1.3734250000000001,-4.450000000000287,0.0,0.0,0.0,0.0,0.0,0.0,1.371795,11.849999999999916,1.372405,5.749999999999922,1.0,1.0,-1.0,1.0,0.0,1.0,0.0,0.0,0.0,0.0,0.0,0.0,0.0,0.0,0.0,0.0,0.0,0.0,0.0,0.0,0.0,0.0,0.0,0.0,0.0,0.0,0.0,0.0,0.0,1.39771,0.0,0.0,0.0,0.0,0.0,0.0,0.0,0.0,0.0,0.0,0.0,0.0,0.0,1.0,1.0,0.0,0.0,1.0,0.0,0.0,0.10000000000000003,0.20000000000000007,1.0
1.0,0.0,0.0,0.0,0.0,0.0,0.0,0.0,0.0,0.0,0.0,0.0,0.0,0.0,0.0,0.0,0.0,0.0,0.0,1.0,-0.25881904510252157,0.9659258262890681,98.448,100.76,-2.312000000000012,124.24028268551235,-0.023484479115878556,0.0,-1.0,-0.0,0,0.0,8.813067734233861,0.6806080486494948,0.0,0.0,0.674984,0.00069521,1.76,0.0005959382894507179,0.7924,0.0,109.0,0.0,0.0,0.0,0.0,0.0,0.0,0.7921,2.9999999999996696,0.0,0.0,0.0,0.0,0.0,0.0,0.79077,16.300000000000203,0.7973399999999999,-49.399999999999444,0.79172,6.800000000000139,0.0,0.0,0.0,0.0,0.0,0.0,0.792125,2.7500000000002522,0.791175,12.250000000000316,-1.0,1.0,-1.0,-1.0,0.0,0.0,0.0,0.0,0.0,0.0,0.0,0.0,0.0,0.0,0.0,0.0,0.0,0.0,0.0,0.0,0.0,0.0,0.0,0.0,0.0,0.0,0.0,0.0,0.0,0.0,0.0,0.0,0.0,0.0,0.0,0.0,0.0,0.0,0.0,0.0,0.0,0.0,0.0,1.0,0.0,1.0,0.0,1.0,0.0,0.0,0.0,0.0,-1.0
1.0,0.0,0.0,0.0,0.0,0.0,0.0,0.0,0.0,0.0,0.0,0.0,0.0,0.0,0.0,1.0,0.0,0.0,0.0,0.0,-0.25881904510252157,0.9659258262890681,98.309,100.76,-2.4510000000000076,83.87853656871779,-0.02493159324171752,0.0,-1.0,-0.0,0,0.0,2.7434527831377857,0.5072558952070054,0.0,0.0,0.686095,0.00064208,1.84,0.0005449744526409248,1.17204,0.0,109.0,0.0,0.0,0.0,0.0,0.0,0.0,1.169395,26.450000000000085,0.0,0.0,0.0,0.0,0.0,0.0,1.172385,-3.450000000000397,1.1681599999999999,38.800000000001056,1.169395,26.450000000000085,0.0,0.0,0.0,0.0,0.0,0.0,1.1706750000000001,13.649999999998386,1.17336,-13.199999999999878,0.0,-1.0,1.0,-1.0,0.0,-1.0,0.0,0.0,0.0,0.0,0.0,0.0,0.0,0.0,0.0,0.0,0.0,0.0,0.0,0.0,0.0,0.0,0.0,0.0,0.0,0.0,0.0,0.0,0.0,0.0,0.0,0.0,0.0,0.0,0.0,0.0,0.0,0.0,0.0,0.0,0.0,0.0,0.0,1.0,0.0,1.0,1.0,0.0,0.0,0.0,0.0,0.0,-1.0
1.0,0.0,0.0,0.0,0.0,0.0,0.0,0.0,0.0,0.0,0.0,0.0,0.0,0.0,0.0,1.0,0.0,0.0,0.0,0.0,-0.25881904510252157,0.9659258262890681,98.309,100.76,-2.4510000000000076,72.6052790948435,-0.02493159324171752,0.0,-1.0,-1.0,0,0.0,40.504785565301724,0.571317130742238,0.3406,0.0822,0.600918,0.00079623,1.36,0.0007005828441665525,1.35402,84.0,109.0,0.7706422018348624,1.0,7.0,1.3481,1.36586,2.0,1.3481,59.19999999999925,0.0,0.0,0.0,0.0,0.0,0.0,1.34748,65.3999999999999,1.33637,176.49999999999943,1.34864,53.7999999999994,0.0,0.0,0.0,0.0,0.0,0.0,1.3481,59.19999999999925,1.345955,80.64999999999989,1.0,1.0,1.0,-1.0,0.0,1.0,0.0,0.0,0.0,0.0,0.0,0.0,0.0,0.0,0.0,0.0,0.0,0.0,0.0,0.0,0.0,0.0,0.0,0.0,0.0,0.0,0.0,0.0,1.34247,0.0,0.0,0.0,0.0,0.0,0.0,0.0,0.0,0.0,0.0,0.0,0.0,0.0,0.0,1.0,0.0,0.0,0.0,0.0,0.0,0.0,0.10000000000000003,0.20000000000000007,0.0
1.0,1.0,0.0,0.0,0.0,0.0,0.0,0.0,0.0,0.0,0.0,0.0,0.0,0.0,0.0,1.0,0.0,0.0,0.0,0.0,-0.25881904510252157,0.9659258262890681,98.309,100.76,-2.4510000000000076,0.628626420354633,-0.02493159324171752,0.0,-1.0,-0.0,0,0.0,46.75839521360608,0.4858491774346595,0.0,0.0,0.928589,0.00067694,9.36,0.0007453806794278844,156.387,0.0,109.0,0.0,0.0,0.0,0.0,0.0,0.0,156.703,-31.60000000000025,0.0,0.0,0.0,0.0,0.0,0.0,156.5195,-13.249999999999318,156.04649999999998,34.050000000002,156.543,-15.600000000000591,0.0,0.0,0.0,0.0,0.0,0.0,156.703,-31.60000000000025,156.6275,-24.049999999999727,-1.0,1.0,1.0,1.0,0.0,-1.0,0.0,0.0,0.0,0.0,0.0,0.0,0.0,0.0,0.0,0.0,0.0,0.0,0.0,0.0,0.0,0.0,0.0,0.0,0.0,0.0,0.0,0.0,155.584,0.0,155.279,0.0,0.0,0.0,0.0,0.0,0.0,0.0,0.0,0.0,0.0,0.0,0.0,0.0,1.0,0.0,1.0,0.0,0.0,0.0,0.0,0.0,-1.0
1.0,0.0,0.0,0.0,0.0,0.0,0.0,0.0,0.0,0.0,0.0,0.0,0.0,0.0,0.0,1.0,0.0,0.0,0.0,0.0,-0.25881904510252157,0.9659258262890681,98.309,100.76,-2.4510000000000076,146.42607128494615,-0.02493159324171752,0.0,-1.0,-1.0,0,0.0,56.956526747191795,0.6134571381500017,0.1398,0.0066,0.612029,0.00078599,1.41,0.0006898934023516649,0.67139,72.0,109.0,0.6605504587155964,1.0,6.0,0.66908,0.67601,2.0,0.66908,23.100000000000342,0.0,0.0,0.0,0.0,0.0,0.0,0.668915,24.75000000000005,0.6621300000000001,92.59999999999935,0.66908,23.100000000000342,0.0,0.0,0.0,0.0,0.0,0.0,0.66908,23.100000000000342,0.6665650000000001,48.24999999999968,0.0,1.0,1.0,1.0,0.0,1.0,0.0,0.0,0.0,0.0,0.0,0.0,0.0,0.0,0.0,0.0,0.0,0.0,0.0,0.0,0.0,0.0,0.0,0.0,0.0,0.0,0.66769,0.0,0.0,0.0,0.0,0.0,0.0,0.0,0.0,0.0,0.0,0.0,0.0,0.0,0.0,0.0,0.0,0.0,0.0,0.0,1.0,0.0,0.0,0.0,0.10000000000000003,0.20000000000000007,1.0
1.0,0.0,0.0,0.0,0.0,0.0,0.0,0.0,0.0,0.0,0.0,0.0,0.0,0.0,0.0,1.0,0.0,0.0,0.0,0.0,-0.25881904510252157,0.9659258262890681,98.309,100.76,-2.4510000000000076,71.3930908272271,-0.02493159324171752,0.0,-1.0,-0.0,0,0.0,16.34374103556679,0.5070097007743665,0.0,0.0,0.805969,0.00060025,3.21,0.000559532464754474,1.37701,0.0,109.0,0.0,0.0,0.0,0.0,0.0,0.0,1.3771049999999998,-0.9499999999973419,0.0,0.0,0.0,0.0,0.0,0.0,1.373915,30.9500000000007,1.38466,-76.49999999999935,1.3780199999999998,-10.099999999997333,0.0,0.0,0.0,0.0,0.0,0.0,1.3766349999999998,3.7500000000023626,1.3728850000000001,41.249999999999346,1.0,1.0,-1.0,1.0,0.0,1.0,0.0,0.0,0.0,0.0,0.0,0.0,0.0,0.0,0.0,0.0,0.0,0.0,0.0,0.0,0.0,0.0,0.0,0.0,0.0,0.0,0.0,0.0,0.0,1.39771,0.0,0.0,0.0,0.0,0.0,0.0,0.0,0.0,0.0,0.0,0.0,0.0,1.0,0.0,1.0,0.0,0.0,1.0,0.0,0.0,0.0,0.0,-1.0
1.0,0.0,0.0,0.0,0.0,0.0,0.0,0.0,0.0,0.0,0.0,0.0,0.0,0.0,0.0,1.0,0.0,0.0,0.0,0.0,-0.25881904510252157,0.9659258262890681,98.309,100.76,-2.4510000000000076,124.16985588521338,-0.02493159324171752,1.0,-1.0,1.0,0,0.0,32.265331553527766,0.5933812024490631,0.63,0.3694,0.645263,0.00082471,1.58,0.0007089863965619883,0.79173,60.0,109.0,0.5504587155963303,-1.0,5.0,0.79217,0.79084,2.0,0.7936749999999999,-19.449999999998635,0.0,0.0,0.0,0.0,0.0,0.0,0.792175,-4.449999999999177,0.7973399999999999,-56.09999999999893,0.794005,-22.74999999999916,0.0,0.0,0.0,0.0,0.0,0.0,0.79343,-16.99999999999924,0.791445,2.8500000000009074,1.0,1.0,-1.0,-1.0,0.0,-1.0,0.0,0.0,0.0,0.0,0.0,0.0,0.0,0.0,0.0,0.0,0.0,0.0,0.0,0.0,0.0,0.0,0.0,0.0,0.0,0.0,0.0,0.0,0.0,0.0,0.0,0.0,0.0,0.0,0.0,0.0,0.0,0.0,0.0,0.0,0.0,0.0,0.0,0.0,0.0,0.0,0.0,1.0,0.0,1.0,0.10000000000000003,0.20000000000000007,0.0
1.0,0.0,0.0,0.0,0.0,0.0,0.0,0.0,0.0,0.0,0.0,0.0,0.0,0.0,0.0,0.0,1.0,0.0,0.0,0.0,-0.25881904510252157,0.9659258262890681,98.601,100.76,-2.159000000000006,84.36232652851692,-0.02189632965182915,1.0,-1.0,1.0,0,0.0,24.711406184565732,0.6926401155599062,0.4902,0.2066,0.53046,0.00066203,1.09,0.0006247898308172031,1.16878,60.0,109.0,0.5504587155963303,-1.0,5.0,1.17129,1.16377,2.0,1.171335,-25.55000000000085,0.0,0.0,0.0,0.0,0.0,0.0,1.1712850000000001,-25.050000000002015,1.1681599999999999,6.200000000000649,1.170075,-12.950000000000461,0.0,0.0,0.0,0.0,0.0,0.0,1.1701000000000001,-13.200000000002099,1.17336,-45.80000000000028,-1.0,-1.0,1.0,-1.0,0.0,-1.0,0.0,0.0,0.0,0.0,0.0,0.0,0.0,0.0,0.0,0.0,0.0,0.0,0.0,0.0,0.0,0.0,0.0,0.0,1.0,0.0,0.0,0.0,0.0,0.0,0.0,0.0,0.0,0.0,0.0,0.0,0.0,0.0,0.0,0.0,0.0,0.0,0.0,0.0,0.0,1.0,1.0,0.0,0.0,0.0,0.10000000000000003,0.20000000000000007,1.0
1.0,0.0,0.0,0.0,0.0,0.0,0.0,0.0,0.0,0.0,0.0,0.0,0.0,0.0,0.0,0.0,1.0,0.0,0.0,0.0,-0.25881904510252157,0.9659258262890681,98.601,100.76,-2.159000000000006,73.0280407056837,-0.02189632965182915,0.0,-1.0,-1.0,0,0.0,2.1201395208212475,0.6913988605510766,0.6138,0.38,0.573869,0.00079526,1.25,0.000719610968974071,1.35018,60.0,109.0,0.5504587155963303,1.0,5.0,1.34845,1.35364,2.0,1.3529399999999998,-27.599999999998737,0.0,0.0,0.0,0.0,0.0,0.0,1.34845,17.300000000000093,1.33734,128.39999999999964,1.351275,-10.950000000000681,0.0,0.0,0.0,0.0,0.0,0.0,1.34961,5.699999999999594,1.34845,17.300000000000093,-1.0,1.0,1.0,-1.0,0.0,1.0,0.0,0.0,0.0,0.0,0.0,0.0,0.0,0.0,0.0,0.0,0.0,0.0,0.0,0.0,0.0,0.0,0.0,0.0,0.0,0.0,0.0,0.0,1.34247,0.0,0.0,0.0,0.0,0.0,0.0,0.0,0.0,0.0,0.0,0.0,0.0,0.0,1.0,0.0,0.0,0.0,0.0,0.0,0.0,1.0,0.10000000000000003,0.20000000000000007,0.0
1.0,1.0,0.0,0.0,0.0,0.0,0.0,0.0,0.0,0.0,0.0,0.0,0.0,0.0,0.0,0.0,1.0,0.0,0.0,0.0,-0.25881904510252157,0.9659258262890681,98.601,100.76,-2.159000000000006,0.6293948678667177,-0.02189632965182915,0.0,-1.0,-0.0,0,0.0,0.11419017763745049,0.5360866490614916,0.0,0.0,0.882053,0.00069094,5.52,0.0006390154882732043,156.66,0.0,109.0,0.0,0.0,0.0,0.0,0.0,0.0,156.476,18.39999999999975,0.0,0.0,0.0,0.0,0.0,0.0,156.703,-4.300000000000637,156.04649999999998,61.350000000001614,156.523,13.700000000000045,0.0,0.0,0.0,0.0,0.0,0.0,156.543,11.699999999999022,156.4245,23.550000000000182,1.0,-1.0,1.0,1.0,0.0,0.0,0.0,0.0,0.0,0.0,0.0,0.0,0.0,0.0,0.0,0.0,0.0,0.0,0.0,0.0,0.0,0.0,0.0,0.0,0.0,0.0,0.0,0.0,0.0,0.0,155.279,0.0,0.0,0.0,0.0,0.0,0.0,0.0,0.0,0.0,0.0,0.0,0.0,1.0,1.0,0.0,1.0,0.0,0.0,0.0,0.0,0.0,-1.0
1.0,0.0,0.0,0.0,0.0,0.0,0.0,0.0,0.0,0.0,0.0,0.0,0.0,0.0,0.0,0.0,1.0,0.0,0.0,0.0,-0.25881904510252157,0.9659258262890681,98.601,100.76,-2.159000000000006,146.32919282311562,-0.02189632965182915,0.0,-1.0,-1.0,0,0.0,1.3676075235264853,0.5737488994544236,0.3194,0.0644,0.562964,0.00081012,1.21,0.0007536455830259179,0.67383,84.0,109.0,0.7706422018348624,1.0,7.0,0.67224,0.67702,2.0,0.672235,15.95000000000013,0.0,0.0,0.0,0.0,0.0,0.0,0.6700600000000001,37.6999999999994,0.663095,107.3500000000005,0.6728700000000001,9.599999999999609,0.0,0.0,0.0,0.0,0.0,0.0,0.6702250000000001,36.04999999999969,0.66978,40.49999999999998,1.0,1.0,1.0,1.0,0.0,1.0,0.0,0.0,0.0,0.0,0.0,0.0,0.0,0.0,0.0,0.0,0.0,0.0,0.0,0.0,0.0,0.0,0.0,0.0,0.0,0.0,0.66769,0.0,0.0,0.0,0.0,0.0,0.0,0.0,0.0,0.0,0.0,0.0,0.0,0.0,0.0,0.0,0.0,1.0,1.0,0.0,1.0,0.0,0.0,0.0,0.10000000000000003,0.20000000000000007,0.0
1.0,0.0,0.0,0.0,0.0,0.0,0.0,0.0,0.0,0.0,0.0,0.0,0.0,0.0,0.0,0.0,1.0,0.0,0.0,0.0,-0.25881904510252157,0.9659258262890681,98.601,100.76,-2.159000000000006,71.37293791486005,-0.02189632965182915,0.0,-1.0,-1.0,0,0.0,27.356662269449977,0.5207031194132595,0.5094,0.212,0.663872,0.00061859,1.69,0.0005208745864951261,1.3814899999999999,60.0,109.0,0.5504587155963303,1.0,5.0,1.37833,1.3878,2.0,1.3783349999999999,31.55000000000019,0.0,0.0,0.0,0.0,0.0,0.0,1.37474,67.49999999999812,1.38466,-31.70000000000117,1.3785949999999998,28.95000000000092,0.0,0.0,0.0,0.0,0.0,0.0,1.3780199999999998,34.70000000000084,1.3728850000000001,86.04999999999751,1.0,1.0,-1.0,1.0,0.0,1.0,0.0,0.0,0.0,0.0,0.0,0.0,0.0,0.0,0.0,0.0,0.0,0.0,0.0,0.0,0.0,0.0,0.0,0.0,0.0,0.0,0.0,0.0,0.0,1.39771,0.0,0.0,0.0,0.0,0.0,0.0,0.0,0.0,0.0,0.0,0.0,0.0,1.0,0.0,1.0,0.0,0.0,1.0,0.0,0.0,0.10000000000000003,0.20000000000000007,1.0
1.0,0.0,0.0,0.0,0.0,0.0,0.0,0.0,0.0,0.0,0.0,0.0,0.0,0.0,0.0,0.0,1.0,0.0,0.0,0.0,-0.25881904510252157,0.9659258262890681,98.601,100.76,-2.159000000000006,123.915748199721,-0.02189632965182915,0.0,-1.0,-1.0,0,0.0,54.199017908364645,0.6229867945584534,0.3134,0.055,0.623141,0.00087172,1.47,0.0007533748632038887,0.79571,60.0,109.0,0.5504587155963303,1.0,5.0,0.7933,0.80052,2.0,0.793265,24.450000000000305,0.0,0.0,0.0,0.0,0.0,0.0,0.7933049999999999,24.050000000001013,0.7973399999999999,-16.299999999999095,0.79416,15.500000000000513,0.0,0.0,0.0,0.0,0.0,0.0,0.7936749999999999,20.350000000001202,0.791445,42.650000000000745,1.0,1.0,-1.0,-1.0,0.0,1.0,0.0,0.0,0.0,0.0,0.0,0.0,0.0,0.0,0.0,0.0,0.0,0.0,0.0,0.0,0.0,0.0,0.0,0.0,1.0,0.0,0.0,0.0,0.0,0.0,0.0,0.0,0.0,0.0,0.0,0.0,0.0,0.0,0.0,0.0,0.0,0.0,0.0,0.0,1.0,0.0,0.0,1.0,0.0,0.0,0.10000000000000003,0.20000000000000007,1.0
1.0,0.0,0.0,0.0,0.0,0.0,0.0,0.0,0.0,0.0,0.0,0.0,0.0,0.0,0.0,0.0,0.0,1.0,0.0,0.0,-0.25881904510252157,0.9659258262890681,98.726,100.76,-2.034000000000006,84.55464200068516,-0.020602475538358752,1.0,-1.0,1.0,0,0.0,32.31659483954179,0.7590393249498466,0.6218,0.3628,0.708317,0.00062756,2.01,0.00048074347693949116,1.1676,72.0,109.0,0.6605504587155964,-1.0,6.0,1.16878,1.16524,2.0,1.16878,-11.799999999999589,0.0,0.0,0.0,0.0,0.0,0.0,1.171195,-35.950000000000145,1.169875,-22.75000000000027,1.1686100000000001,-10.100000000001774,0.0,0.0,0.0,0.0,0.0,0.0,1.1695250000000001,-19.250000000001766,1.17336,-57.59999999999987,-1.0,-1.0,1.0,-1.0,0.0,-1.0,0.0,0.0,0.0,0.0,0.0,0.0,0.0,0.0,0.0,0.0,0.0,0.0,0.0,0.0,0.0,0.0,0.0,0.0,0.0,0.0,0.0,0.0,0.0,0.0,0.0,0.0,0.0,0.0,0.0,0.0,0.0,0.0,0.0,0.0,0.0,0.0,0.0,0.0,0.0,1.0,0.0,0.0,0.0,0.0,0.10000000000000003,0.20000000000000007,1.0
1.0,0.0,0.0,0.0,0.0,0.0,0.0,0.0,0.0,0.0,0.0,0.0,0.0,0.0,0.0,0.0,0.0,1.0,0.0,0.0,-0.25881904510252157,0.9659258262890681,98.726,100.76,-2.034000000000006,73.35314659335761,-0.020602475538358752,0.0,-1.0,-0.0,0,0.0,27.488725064994718,0.8160625199363181,0.0,0.0,0.667485,0.00077906,1.71,0.0006271818764514322,1.3458999999999999,0.0,109.0,0.0,0.0,0.0,0.0,0.0,0.0,1.34865,-27.500000000000302,0.0,0.0,0.0,0.0,0.0,0.0,1.34845,-25.500000000000522,1.33734,85.59999999999901,1.347915,-20.150000000001,0.0,0.0,0.0,0.0,0.0,0.0,1.3498,-39.000000000002366,1.34845,-25.500000000000522,-1.0,1.0,1.0,-1.0,0.0,-1.0,0.0,0.0,0.0,0.0,0.0,0.0,0.0,0.0,0.0,0.0,0.0,0.0,0.0,0.0,0.0,0.0,0.0,0.0,0.0,0.0,0.0,0.0,0.0,0.0,0.0,0.0,0.0,0.0,0.0,0.0,0.0,0.0,0.0,0.0,0.0,0.0,0.0,1.0,0.0,0.0,0.0,0.0,0.0,0.0,0.0,0.0,-1.0
1.0,1.0,0.0,0.0,0.0,0.0,0.0,0.0,0.0,0.0,0.0,0.0,0.0,0.0,0.0,0.0,0.0,1.0,0.0,0.0,-0.25881904510252157,0.9659258262890681,98.726,100.76,-2.034000000000006,0.6298389772118305,-0.020602475538358752,1.0,-1.0,-1.0,0,0.0,18.894237026838017,0.5915862020165896,0.5202,0.4798,0.942437,0.00070302,11.69,0.0006539641274130747,156.748,72.0,109.0,0.6605504587155964,1.0,6.0,156.703,156.838,2.0,156.549,19.899999999998386,0.0,0.0,0.0,0.0,0.0,0.0,156.703,4.4999999999987494,156.04649999999998,70.150000000001,156.578,16.99999999999875,0.0,0.0,0.0,0.0,0.0,0.0,156.541,20.699999999999363,156.4245,32.34999999999957,1.0,-1.0,1.0,1.0,0.0,1.0,0.0,0.0,0.0,0.0,0.0,0.0,0.0,0.0,0.0,0.0,0.0,0.0,0.0,0.0,0.0,0.0,0.0,0.0,0.0,0.0,0.0,0.0,0.0,0.0,155.279,0.0,0.0,0.0,0.0,0.0,0.0,0.0,0.0,0.0,0.0,0.0,1.0,0.0,0.0,0.0,0.0,0.0,0.0,0.0,0.10000000000000003,0.20000000000000007,0.0
1.0,0.0,0.0,0.0,0.0,0.0,0.0,0.0,0.0,0.0,0.0,0.0,0.0,0.0,0.0,0.0,0.0,1.0,0.0,0.0,-0.25881904510252157,0.9659258262890681,98.726,100.76,-2.034000000000006,146.90713212207788,-0.020602475538358752,0.0,-1.0,-0.0,0,0.0,7.152577319907916,0.5373278985922951,0.0,0.0,0.455,0.00086192,0.88,0.00085991108708134,0.67203,0.0,109.0,0.0,0.0,0.0,0.0,0.0,0.0,0.67416,-21.299999999999653,0.0,0.0,0.0,0.0,0.0,0.0,0.6712899999999999,7.400000000000739,0.664995,70.35000000000014,0.673215,-11.849999999999916,0.0,0.0,0.0,0.0,0.0,0.0,0.6738999999999999,-18.69999999999927,0.6712899999999999,7.400000000000739,-1.0,1.0,1.0,1.0,0.0,0.0,0.0,0.0,0.0,0.0,0.0,0.0,0.0,0.0,0.0,0.0,0.0,0.0,0.0,0.0,0.0,0.0,0.0,0.0,1.0,0.0,0.66769,0.0,0.0,0.0,0.0,0.0,0.0,0.0,0.0,0.0,0.0,0.0,0.0,0.0,0.0,0.0,1.0,0.0,1.0,0.0,1.0,0.0,0.0,0.0,0.0,0.0,-1.0
1.0,0.0,0.0,0.0,0.0,0.0,0.0,0.0,0.0,0.0,0.0,0.0,0.0,0.0,0.0,0.0,0.0,1.0,0.0,0.0,-0.25881904510252157,0.9659258262890681,98.726,100.76,-2.034000000000006,71.23190810834211,-0.020602475538358752,0.0,-1.0,-1.0,0,0.0,34.11855189447541,0.6263239379719254,0.5174,0.242,0.72515,0.0006354,2.16,0.0005325263184363624,1.38598,60.0,109.0,0.5504587155963303,1.0,5.0,1.38285,1.39225,2.0,1.38259,33.90000000000004,0.0,0.0,0.0,0.0,0.0,0.0,1.3776899999999999,82.90000000000131,1.382845,31.34999999999888,1.38259,33.90000000000004,0.0,0.0,0.0,0.0,0.0,0.0,1.38091,50.69999999999908,1.3752,107.80000000000013,0.0,1.0,-1.0,1.0,0.0,1.0,0.0,0.0,0.0,0.0,0.0,0.0,0.0,0.0,0.0,0.0,0.0,0.0,0.0,0.0,0.0,0.0,0.0,0.0,0.0,0.0,0.0,0.0,0.0,1.39771,0.0,0.0,0.0,0.0,0.0,0.0,0.0,0.0,0.0,0.0,0.0,0.0,1.0,0.0,1.0,0.0,0.0,1.0,0.0,0.0,0.10000000000000003,0.20000000000000007,-1.0
1.0,0.0,0.0,0.0,0.0,0.0,0.0,0.0,0.0,0.0,0.0,0.0,0.0,0.0,0.0,0.0,0.0,1.0,0.0,0.0,-0.25881904510252157,0.9659258262890681,98.726,100.76,-2.034000000000006,123.75866521254058,-0.020602475538358752,0.0,-1.0,-1.0,0,0.0,35.02705606064866,0.7784916093894724,0.5926,0.4074,0.556156,0.00087693,1.18,0.0007947324861066336,0.79773,72.0,109.0,0.6605504587155964,1.0,6.0,0.79734,0.79851,2.0,0.7961400000000001,15.899999999999803,0.0,0.0,0.0,0.0,0.0,0.0,0.793995,37.350000000000435,0.7973399999999999,3.900000000001125,0.796505,12.250000000000316,0.0,0.0,0.0,0.0,0.0,0.0,0.79511,26.200000000000667,0.79201,57.200000000000585,1.0,1.0,-1.0,-1.0,0.0,1.0,0.0,0.0,0.0,0.0,0.0,0.0,0.0,0.0,0.0,0.0,0.0,0.0,0.0,0.0,0.0,0.0,0.0,0.0,0.0,0.0,0.79239,0.0,0.0,0.0,0.0,0.0,0.0,0.0,0.0,0.0,0.0,0.0,0.0,0.0,0.0,0.0,1.0,0.0,0.0,0.0,0.0,1.0,0.0,0.0,0.10000000000000003,0.20000000000000007,0.0
1.0,0.0,0.0,0.0,0.0,0.0,0.0,0.0,0.0,0.0,0.0,0.0,0.0,0.0,0.0,0.0,0.0,0.0,1.0,0.0,-0.25881904510252157,0.9659258262890681,98.833,100.76,-1.9270000000000067,84.7631626343279,-0.019497536248014397,1.0,-1.0,1.0,0,0.0,25.45976409325939,0.6111668473088407,0.5842,0.4158,0.949982,0.00052592,13.51,0.0005169488503290163,1.16599,72.0,109.0,0.6605504587155964,-1.0,6.0,1.16634,1.1653,2.0,1.1663350000000001,-3.450000000000397,0.0,0.0,0.0,0.0,0.0,0.0,1.169855,-38.65000000000008,1.16996,-39.70000000000029,1.166035,-0.44999999999850715,0.0,0.0,0.0,0.0,0.0,0.0,1.167075,-10.850000000000026,1.171975,-59.84999999999907,-1.0,-1.0,1.0,-1.0,0.0,-1.0,0.0,0.0,0.0,0.0,0.0,0.0,0.0,0.0,0.0,0.0,0.0,0.0,0.0,0.0,0.0,0.0,0.0,0.0,1.0,0.0,0.0,0.0,0.0,0.0,0.0,0.0,0.0,0.0,0.0,0.0,0.0,0.0,0.0,0.0,0.0,0.0,0.0,0.0,0.0,1.0,0.0,0.0,0.0,0.0,0.10000000000000003,0.20000000000000007,1.0
1.0,0.0,0.0,0.0,0.0,0.0,0.0,0.0,0.0,0.0,0.0,0.0,0.0,0.0,0.0,0.0,0.0,0.0,1.0,0.0,-0.25881904510252157,0.9659258262890681,98.833,100.76,-1.9270000000000067,73.52004760842074,-0.019497536248014397,0.0,-1.0,-0.0,0,0.0,19.88481527689774,0.6044467906002561,0.0,0.0,0.634152,0.00065408,1.52,0.0006287865907920529,1.3443,0.0,109.0,0.0,0.0,0.0,0.0,0.0,0.0,1.3441450000000001,1.5499999999990521,0.0,0.0,0.0,0.0,0.0,0.0,1.34907,-47.699999999999406,1.33734,69.60000000000078,1.34314,11.600000000000499,0.0,0.0,0.0,0.0,0.0,0.0,1.3460299999999998,-17.299999999997873,1.34845,-41.499999999998764,-1.0,-1.0,1.0,-1.0,0.0,-1.0,0.0,0.0,0.0,0.0,0.0,0.0,0.0,0.0,0.0,0.0,0.0,0.0,0.0,0.0,0.0,0.0,0.0,0.0,1.0,0.0,0.0,0.0,0.0,0.0,0.0,0.0,0.0,0.0,0.0,0.0,0.0,0.0,0.0,0.0,0.0,0.0,0.0,1.0,0.0,1.0,1.0,0.0,0.0,0.0,0.0,0.0,-1.0
1.0,1.0,0.0,0.0,0.0,0.0,0.0,0.0,0.0,0.0,0.0,0.0,0.0,0.0,0.0,0.0,0.0,0.0,1.0,0.0,-0.25881904510252157,0.9659258262890681,98.833,100.76,-1.9270000000000067,0.6301316586438841,-0.019497536248014397,1.0,-1.0,-1.0,0,0.0,42.03941569934222,0.5124245015495088,0.5116,0.4884,0.455,0.00060783,0.88,0.0006073785879148473,156.845,84.0,109.0,0.7706422018348624,1.0,7.0,156.7615,157.012,2.0,156.7615,8.349999999998658,0.0,0.0,0.0,0.0,0.0,0.0,156.703,14.19999999999959,156.04649999999998,79.85000000000184,156.86599999999999,-2.0999999999986585,0.0,0.0,0.0,0.0,0.0,0.0,156.7135,13.14999999999884,156.5195,32.55000000000052,1.0,1.0,1.0,1.0,0.0,1.0,0.0,0.0,0.0,0.0,0.0,0.0,0.0,0.0,0.0,0.0,0.0,0.0,0.0,0.0,0.0,0.0,0.0,0.0,0.0,0.0,0.0,0.0,0.0,0.0,155.279,0.0,0.0,0.0,0.0,0.0,0.0,0.0,0.0,0.0,0.0,0.0,0.0,0.0,0.0,0.0,0.0,0.0,0.0,0.0,0.10000000000000003,0.20000000000000007,0.0
1.0,0.0,0.0,0.0,0.0,0.0,0.0,0.0,0.0,0.0,0.0,0.0,0.0,0.0,0.0,0.0,0.0,0.0,1.0,0.0,-0.25881904510252157,0.9659258262890681,98.833,100.76,-1.9270000000000067,147.51634377145587,-0.019497536248014397,1.0,-1.0,1.0,0,0.0,51.17417707689167,0.46697749960521956,0.61,0.3606,0.455,0.00081191,0.88,0.0008095693703413071,0.66998,60.0,109.0,0.5504587155963303,-1.0,5.0,0.67051,0.66891,2.0,0.670515,-5.349999999999522,0.0,0.0,0.0,0.0,0.0,0.0,0.6714549999999999,-14.74999999999893,0.664995,49.85000000000017,0.669125,8.550000000000502,0.0,0.0,0.0,0.0,0.0,0.0,0.6713899999999999,-14.099999999999113,0.6712899999999999,-13.099999999999223,-1.0,-1.0,1.0,1.0,0.0,-1.0,0.0,0.0,0.0,0.0,0.0,0.0,0.0,0.0,0.0,0.0,0.0,0.0,0.0,0.0,0.0,0.0,0.0,0.0,1.0,0.0,0.0,0.0,0.0,0.0,0.0,0.0,0.0,0.0,0.0,0.0,0.0,0.0,0.0,0.0,0.0,0.0,0.0,1.0,1.0,0.0,1.0,0.0,0.0,0.0,0.10000000000000003,0.20000000000000007,1.0
1.0,0.0,0.0,0.0,0.0,0.0,0.0,0.0,0.0,0.0,0.0,0.0,0.0,0.0,0.0,0.0,0.0,0.0,1.0,0.0,-0.25881904510252157,0.9659258262890681,98.833,100.76,-1.9270000000000067,71.3008786991213,-0.019497536248014397,0.0,-1.0,-0.0,0,0.0,19.976160772242487,0.647662573532928,0.0,0.0,0.72515,0.00055686,2.16,0.0004669177831573954,1.38614,0.0,109.0,0.0,0.0,0.0,0.0,0.0,0.0,1.38661,-4.699999999999704,0.0,0.0,0.0,0.0,0.0,0.0,1.380445,56.95000000000006,1.382845,32.949999999998255,1.386365,-2.2500000000014175,0.0,0.0,0.0,0.0,0.0,0.0,1.383915,22.249999999999215,1.376525,96.1499999999993,-1.0,1.0,-1.0,1.0,0.0,1.0,0.0,0.0,0.0,0.0,0.0,0.0,0.0,0.0,0.0,0.0,0.0,0.0,0.0,0.0,0.0,0.0,0.0,0.0,2.0,0.0,0.0,0.0,0.0,1.39771,0.0,0.0,0.0,0.0,0.0,0.0,0.0,0.0,0.0,0.0,0.0,0.0,1.0,0.0,1.0,0.0,0.0,1.0,0.0,0.0,0.0,0.0,-1.0
1.0,0.0,0.0,0.0,0.0,0.0,0.0,0.0,0.0,0.0,0.0,0.0,0.0,0.0,0.0,0.0,0.0,0.0,1.0,0.0,-0.25881904510252157,0.9659258262890681,98.833,100.76,-1.9270000000000067,123.72993815568742,-0.019497536248014397,0.0,-1.0,-1.0,0,0.0,6.8492514410034735,0.6227542911581986,0.6158,0.3726,0.503478,0.00074803,1.01,0.000750425111557095,0.79878,72.0,109.0,0.6605504587155964,1.0,6.0,0.79815,0.80004,2.0,0.7981499999999999,6.300000000001305,0.0,0.0,0.0,0.0,0.0,0.0,0.79504,37.400000000000766,0.7973399999999999,14.400000000001079,0.798635,1.4500000000006175,0.0,0.0,0.0,0.0,0.0,0.0,0.79755,12.300000000000644,0.79315,56.30000000000024,1.0,1.0,-1.0,-1.0,0.0,1.0,0.0,0.0,0.0,0.0,0.0,0.0,0.0,0.0,0.0,0.0,0.0,0.0,0.0,0.0,0.0,0.0,0.0,0.0,0.0,0.0,0.79239,0.0,0.0,0.0,0.0,0.0,0.0,0.0,0.0,0.0,0.0,0.0,0.0,0.0,0.0,0.0,1.0,0.0,0.0,0.0,0.0,1.0,0.0,0.0,0.10000000000000003,0.20000000000000007,0.0
1.0,0.0,0.0,0.0,0.0,0.0,0.0,0.0,0.0,0.0,0.0,0.0,0.0,0.0,0.0,0.0,0.0,0.0,0.0,1.0,-0.25881904510252157,0.9659258262890681,99.166,100.76,-1.5940000000000083,85.26814503994015,-0.01607405764072372,1.0,-1.0,1.0,0,0.0,7.1396473662314515,0.5344671130698946,0.6144,0.3126,0.686095,0.00042129,1.84,0.0003633943618312132,1.16299,84.0,109.0,0.7706422018348624,-1.0,7.0,1.16403,1.16091,2.0,1.16403,-10.399999999999299,0.0,0.0,0.0,0.0,0.0,0.0,1.168055,-50.65000000000097,1.17116,-81.7000000000001,1.163945,-9.550000000000392,0.0,0.0,0.0,0.0,0.0,0.0,1.165,-20.100000000000673,1.17036,-73.70000000000098,-1.0,-1.0,-1.0,-1.0,0.0,-1.0,0.0,0.0,0.0,0.0,0.0,0.0,0.0,0.0,0.0,0.0,0.0,0.0,0.0,0.0,0.0,0.0,0.0,0.0,1.0,0.0,0.0,0.0,0.0,0.0,0.0,0.0,0.0,0.0,0.0,0.0,0.0,0.0,0.0,0.0,0.0,0.0,0.0,1.0,0.0,1.0,0.0,0.0,0.0,0.0,0.10000000000000003,0.20000000000000007,0.0
1.0,0.0,0.0,0.0,0.0,0.0,0.0,0.0,0.0,0.0,0.0,0.0,0.0,0.0,0.0,0.0,0.0,0.0,0.0,1.0,-0.25881904510252157,0.9659258262890681,99.166,100.76,-1.5940000000000083,74.02160201240585,-0.01607405764072372,0.0,-1.0,-0.0,0,0.0,8.859697444483757,0.5233435617081064,0.0,0.0,0.719428,0.00058076,2.1,0.0005208160096067098,1.33969,0.0,109.0,0.0,0.0,0.0,0.0,0.0,0.0,1.34216,-24.699999999999722,0.0,0.0,0.0,0.0,0.0,0.0,1.347995,-83.05000000000007,1.338105,15.849999999999476,1.34216,-24.699999999999722,0.0,0.0,0.0,0.0,0.0,0.0,1.34216,-24.699999999999722,1.347995,-83.05000000000007,0.0,-1.0,1.0,-1.0,0.0,-1.0,0.0,0.0,0.0,0.0,0.0,0.0,0.0,0.0,0.0,0.0,0.0,0.0,0.0,0.0,0.0,0.0,0.0,0.0,2.0,0.0,0.0,0.0,0.0,0.0,1.31793,0.0,0.0,0.0,0.0,0.0,0.0,0.0,0.0,0.0,0.0,0.0,0.0,0.0,0.0,1.0,1.0,0.0,0.0,0.0,0.0,0.0,-1.0
1.0,1.0,0.0,0.0,0.0,0.0,0.0,0.0,0.0,0.0,0.0,0.0,0.0,0.0,0.0,0.0,0.0,0.0,0.0,1.0,-0.25881904510252157,0.9659258262890681,99.166,100.76,-1.5940000000000083,0.6278792944066659,-0.01607405764072372,1.0,-1.0,-1.0,0,0.0,99.16847725092009,0.5459087057474904,0.5302,0.4698,0.53046,0.00067295,1.09,0.0006366118188880388,157.938,84.0,109.0,0.7706422018348624,1.0,7.0,157.454,158.906,2.0,157.454,48.399999999998045,0.0,0.0,0.0,0.0,0.0,0.0,157.14800000000002,78.99999999999636,156.262,167.59999999999877,157.777,16.100000000000136,0.0,0.0,0.0,0.0,0.0,0.0,157.424,51.39999999999816,156.9645,97.35000000000014,1.0,1.0,1.0,1.0,0.0,1.0,0.0,0.0,0.0,0.0,0.0,0.0,0.0,0.0,0.0,0.0,0.0,0.0,0.0,0.0,0.0,0.0,0.0,0.0,0.0,0.0,0.0,0.0,0.0,0.0,155.279,0.0,0.0,0.0,0.0,0.0,0.0,0.0,0.0,0.0,0.0,0.0,0.0,1.0,0.0,0.0,0.0,0.0,0.0,0.0,0.10000000000000003,0.20000000000000007,1.0
1.0,0.0,0.0,0.0,0.0,0.0,0.0,0.0,0.0,0.0,0.0,0.0,0.0,0.0,0.0,0.0,0.0,0.0,0.0,1.0,-0.25881904510252157,0.9659258262890681,99.166,100.76,-1.5940000000000083,148.33218655577826,-0.01607405764072372,0.0,-1.0,-0.0,0,0.0,6.306491386695558,0.6692285657108805,0.0,0.0,0.455,0.00072596,0.88,0.0007243041344000923,0.66854,0.0,109.0,0.0,0.0,0.0,0.0,0.0,0.0,0.6683749999999999,1.6500000000008175,0.0,0.0,0.0,0.0,0.0,0.0,0.6714899999999999,-29.49999999999897,0.665925,26.15000000000034,0.668335,2.0500000000001073,0.0,0.0,0.0,0.0,0.0,0.0,0.6683749999999999,1.6500000000008175,0.6712899999999999,-27.49999999999919,-1.0,-1.0,1.0,1.0,0.0,-1.0,0.0,0.0,0.0,0.0,0.0,0.0,0.0,0.0,0.0,0.0,0.0,0.0,0.0,0.0,0.0,0.0,0.0,0.0,0.0,0.0,0.0,0.0,0.0,0.0,0.0,0.0,0.0,0.0,0.0,0.0,0.0,0.0,0.0,0.0,0.0,0.0,1.0,0.0,0.0,1.0,1.0,0.0,0.0,0.0,0.0,0.0,-1.0
1.0,0.0,0.0,0.0,0.0,0.0,0.0,0.0,0.0,0.0,0.0,0.0,0.0,0.0,0.0,0.0,0.0,0.0,0.0,1.0,-0.25881904510252157,0.9659258262890681,99.166,100.76,-1.5940000000000083,71.25325132567865,-0.01607405764072372,0.0,-1.0,-1.0,0,0.0,5.296159543605783,0.782402081075108,0.3616,0.0964,0.779649,0.00041473,2.78,0.0003446361962466137,1.39174,72.0,109.0,0.6605504587155964,1.0,6.0,1.3887,1.39782,2.0,1.3887,30.399999999999316,0.0,0.0,0.0,0.0,0.0,0.0,1.383225,85.1500000000005,1.380975,107.64999999999914,1.389325,24.15000000000056,0.0,0.0,0.0,0.0,0.0,0.0,1.3885,32.399999999999096,1.378835,129.04999999999944,1.0,1.0,-1.0,1.0,0.0,1.0,0.0,0.0,0.0,0.0,0.0,0.0,0.0,0.0,0.0,0.0,0.0,0.0,0.0,0.0,0.0,0.0,0.0,0.0,1.0,0.0,0.0,0.0,0.0,0.0,0.0,0.0,0.0,0.0,0.0,0.0,0.0,0.0,0.0,0.0,0.0,0.0,1.0,0.0,1.0,0.0,0.0,1.0,0.0,0.0,0.10000000000000003,0.20000000000000007,0.0
1.0,0.0,0.0,0.0,0.0,0.0,0.0,0.0,0.0,0.0,0.0,0.0,0.0,0.0,0.0,0.0,0.0,0.0,0.0,1.0,-0.25881904510252157,0.9659258262890681,99.166,100.76,-1.5940000000000083,123.79347364741717,-0.01607405764072372,0.0,-1.0,-1.0,0,0.0,30.5783314590805,0.4662796604836205,0.4112,0.1264,0.480461,0.00066862,0.95,0.000654706181295243,0.80106,72.0,109.0,0.6605504587155964,1.0,6.0,0.79958,0.80401,2.0,0.799585,14.75000000000004,0.0,0.0,0.0,0.0,0.0,0.0,0.79618,48.799999999999955,0.7973399999999999,37.200000000000564,0.80018,8.799999999999919,0.0,0.0,0.0,0.0,0.0,0.0,0.799285,17.74999999999971,0.79454,65.1999999999997,1.0,1.0,-1.0,-1.0,0.0,1.0,0.0,0.0,0.0,0.0,0.0,0.0,0.0,0.0,0.0,0.0,0.0,0.0,0.0,0.0,0.0,0.0,0.0,0.0,0.0,0.0,0.0,0.0,0.0,0.0,0.0,0.0,0.0,0.0,0.0,0.0,0.0,0.0,0.0,0.0,0.0,0.0,1.0,0.0,0.0,0.0,0.0,1.0,0.0,0.0,0.10000000000000003,0.20000000000000007,0.0
1.0,0.0,0.0,0.0,0.0,0.0,0.0,0.0,0.0,0.0,0.0,0.0,0.0,0.0,0.0,1.0,0.0,0.0,0.0,0.0,-0.25881904510252157,0.9659258262890681,98.889,100.76,-1.8710000000000093,84.75885181407548,-0.018920203460445643,0.0,-1.0,-0.0,0,0.0,15.893226653342172,0.7052620205795498,0.0,0.0,0.455,0.00060142,0.88,0.0005995847893071748,1.16671,0.0,109.0,0.0,0.0,0.0,0.0,0.0,0.0,1.1659950000000001,7.149999999997991,0.0,0.0,0.0,0.0,0.0,0.0,1.166795,-0.8500000000011276,1.17116,-44.500000000000654,1.1680700000000002,-13.600000000002499,0.0,0.0,0.0,0.0,0.0,0.0,1.1658300000000001,8.799999999997699,1.169905,-31.95000000000059,1.0,-1.0,-1.0,-1.0,0.0,1.0,0.0,0.0,0.0,0.0,0.0,0.0,0.0,0.0,0.0,0.0,0.0,0.0,0.0,0.0,0.0,0.0,0.0,0.0,0.0,0.0,0.0,0.0,0.0,0.0,0.0,0.0,0.0,0.0,0.0,0.0,0.0,0.0,0.0,0.0,0.0,0.0,0.0,0.0,0.0,0.0,0.0,0.0,0.0,0.0,0.0,0.0,-1.0
1.0,0.0,0.0,0.0,0.0,0.0,0.0,0.0,0.0,0.0,0.0,0.0,0.0,0.0,0.0,1.0,0.0,0.0,0.0,0.0,-0.25881904510252157,0.9659258262890681,98.889,100.76,-1.8710000000000093,73.42842716485735,-0.018920203460445643,0.0,-1.0,-1.0,0,0.0,54.244011052311734,0.5205629862056766,0.5852,0.4148,0.455,0.00067934,0.88,0.0006770668672741866,1.34674,72.0,109.0,0.6605504587155964,1.0,6.0,1.34623,1.34777,2.0,1.3437999999999999,29.400000000001647,0.0,0.0,0.0,0.0,0.0,0.0,1.346225,5.150000000000432,1.342715,40.24999999999945,1.347035,-2.949999999999342,0.0,0.0,0.0,0.0,0.0,0.0,1.3437999999999999,29.400000000001647,1.34789,-11.499999999999844,1.0,-1.0,1.0,-1.0,0.0,1.0,0.0,0.0,0.0,0.0,0.0,0.0,0.0,0.0,0.0,0.0,0.0,0.0,0.0,0.0,0.0,0.0,0.0,0.0,1.0,0.0,1.33908,0.0,0.0,0.0,0.0,0.0,0.0,0.0,0.0,0.0,0.0,0.0,0.0,0.0,0.0,0.0,0.0,0.0,0.0,0.0,1.0,0.0,0.0,0.0,0.10000000000000003,0.20000000000000007,0.0
1.0,1.0,0.0,0.0,0.0,0.0,0.0,0.0,0.0,0.0,0.0,0.0,0.0,0.0,0.0,1.0,0.0,0.0,0.0,0.0,-0.25881904510252157,0.9659258262890681,98.889,100.76,-1.8710000000000093,0.6253454326999083,-0.018920203460445643,1.0,-1.0,-1.0,0,0.0,6.389947664001842,0.48210103430584034,0.5196,0.4804,0.493783,0.0008153,0.98,0.0007889093692361491,158.135,84.0,109.0,0.7706422018348624,1.0,7.0,157.86,158.685,2.0,157.86,27.499999999997726,0.0,0.0,0.0,0.0,0.0,0.0,157.2495,88.54999999999791,156.2715,186.34999999999877,157.9515,18.34999999999809,0.0,0.0,0.0,0.0,0.0,0.0,157.7865,34.850000000000136,156.974,116.10000000000014,1.0,1.0,1.0,1.0,0.0,1.0,0.0,0.0,0.0,0.0,0.0,0.0,0.0,0.0,0.0,0.0,0.0,0.0,0.0,0.0,0.0,0.0,0.0,0.0,0.0,0.0,0.0,0.0,0.0,0.0,155.279,0.0,0.0,0.0,0.0,0.0,0.0,0.0,0.0,0.0,0.0,0.0,1.0,0.0,1.0,0.0,0.0,0.0,0.0,0.0,0.10000000000000003,0.20000000000000007,1.0
1.0,0.0,0.0,0.0,0.0,0.0,0.0,0.0,0.0,0.0,0.0,0.0,0.0,0.0,0.0,1.0,0.0,0.0,0.0,0.0,-0.25881904510252157,0.9659258262890681,98.889,100.76,-1.8710000000000093,147.3953287326169,-0.018920203460445643,0.0,-1.0,-1.0,0,0.0,37.8437215957566,0.6087733578152937,0.4216,0.145,0.455,0.00074132,0.88,0.000739177014430463,0.67091,60.0,109.0,0.5504587155963303,1.0,5.0,0.66984,0.67305,2.0,0.66984,10.700000000000154,0.0,0.0,0.0,0.0,0.0,0.0,0.6714899999999999,-5.799999999999139,0.667935,29.75000000000061,0.67126,-3.4999999999996145,0.0,0.0,0.0,0.0,0.0,0.0,0.6692899999999999,16.200000000000657,0.6712899999999999,-3.7999999999993594,1.0,-1.0,1.0,1.0,0.0,1.0,0.0,0.0,0.0,0.0,0.0,0.0,0.0,0.0,0.0,0.0,0.0,0.0,0.0,0.0,0.0,0.0,0.0,0.0,2.0,0.0,0.0,0.0,0.0,0.0,0.0,0.0,0.0,0.0,0.0,0.0,0.0,0.0,0.0,0.0,0.0,0.0,0.0,0.0,0.0,1.0,1.0,0.0,0.0,0.0,0.10000000000000003,0.20000000000000007,0.0
1.0,0.0,0.0,0.0,0.0,0.0,0.0,0.0,0.0,0.0,0.0,0.0,0.0,0.0,0.0,1.0,0.0,0.0,0.0,0.0,-0.25881904510252157,0.9659258262890681,98.889,100.76,-1.8710000000000093,71.26775586096556,-0.018920203460445643,0.0,-1.0,-0.0,0,0.0,12.533702992505818,0.789176562999034,0.0,0.0,0.455,0.000451,0.88,0.0004502606409336524,1.38757,0.0,109.0,0.0,0.0,0.0,0.0,0.0,0.0,1.38933,-17.599999999999838,0.0,0.0,0.0,0.0,0.0,0.0,1.3838,37.700000000000514,1.380975,65.94999999999906,1.388125,-5.550000000000832,0.0,0.0,0.0,0.0,0.0,0.0,1.389325,-17.54999999999951,1.379905,76.65000000000033,-1.0,1.0,-1.0,1.0,0.0,0.0,0.0,0.0,0.0,0.0,0.0,0.0,0.0,0.0,0.0,0.0,0.0,0.0,0.0,0.0,0.0,0.0,0.0,0.0,1.0,0.0,0.0,0.0,0.0,1.39771,0.0,0.0,0.0,0.0,0.0,0.0,0.0,0.0,0.0,0.0,0.0,0.0,1.0,0.0,1.0,0.0,0.0,1.0,0.0,0.0,0.0,0.0,-1.0
1.0,0.0,0.0,0.0,0.0,0.0,0.0,0.0,0.0,0.0,0.0,0.0,0.0,0.0,0.0,1.0,0.0,0.0,0.0,0.0,-0.25881904510252157,0.9659258262890681,98.889,100.76,-1.8710000000000093,124.00963093939279,-0.018920203460445643,0.0,-1.0,-0.0,0,0.0,30.986789631597862,0.5487734255564051,0.0,0.0,0.862514,0.00092308,4.69,0.0006310775311555011,0.79743,0.0,109.0,0.0,0.0,0.0,0.0,0.0,0.0,0.798655,-12.250000000000316,0.0,0.0,0.0,0.0,0.0,0.0,0.797075,3.549999999999942,0.7973399999999999,0.900000000000345,0.79677,6.599999999999939,0.0,0.0,0.0,0.0,0.0,0.0,0.798665,-12.349999999999861,0.79468,27.49999999999919,-1.0,1.0,-1.0,-1.0,0.0,-1.0,0.0,0.0,0.0,0.0,0.0,0.0,0.0,0.0,0.0,0.0,0.0,0.0,0.0,0.0,0.0,0.0,0.0,0.0,0.0,0.80174,0.0,0.0,0.0,0.0,0.0,0.0,0.0,0.0,0.0,0.0,0.0,0.0,0.0,0.0,0.0,0.0,0.0,1.0,0.0,0.0,0.0,1.0,0.0,0.0,0.0,0.0,-1.0
1.0,0.0,0.0,0.0,0.0,0.0,0.0,0.0,0.0,0.0,0.0,0.0,0.0,0.0,0.0,0.0,1.0,0.0,0.0,0.0,-0.25881904510252157,0.9659258262890681,99.175,100.76,-1.585000000000008,85.17701015167391,-0.01598185026468372,1.0,-1.0,1.0,0,0.0,27.265275933315962,0.6916886752545924,0.6262,0.3536,0.455,0.00064032,0.88,0.0006379781639389495,1.16434,60.0,109.0,0.5504587155963303,-1.0,5.0,1.16556,1.16189,2.0,1.165565,-12.250000000000316,0.0,0.0,0.0,0.0,0.0,0.0,1.16585,-15.100000000001224,1.17116,-68.20000000000049,1.165565,-12.250000000000316,0.0,0.0,0.0,0.0,0.0,0.0,1.16662,-22.800000000000598,1.1691500000000001,-48.10000000000203,0.0,1.0,-1.0,-1.0,0.0,-1.0,0.0,0.0,0.0,0.0,0.0,0.0,0.0,0.0,0.0,0.0,0.0,0.0,0.0,0.0,0.0,0.0,0.0,0.0,0.0,0.0,0.0,0.0,0.0,0.0,0.0,0.0,0.0,0.0,0.0,0.0,0.0,0.0,0.0,0.0,0.0,0.0,0.0,1.0,0.0,1.0,0.0,0.0,0.0,0.0,0.10000000000000003,0.20000000000000007,0.0
1.0,0.0,0.0,0.0,0.0,0.0,0.0,0.0,0.0,0.0,0.0,0.0,0.0,0.0,0.0,0.0,1.0,0.0,0.0,0.0,-0.25881904510252157,0.9659258262890681,99.175,100.76,-1.585000000000008,73.87447112806149,-0.01598185026468372,0.0,-1.0,-0.0,0,0.0,20.7888373913816,0.5651825311032833,0.0,0.0,0.455,0.00068935,0.88,0.00068722470368572,1.3424800000000001,0.0,109.0,0.0,0.0,0.0,0.0,0.0,0.0,1.34593,-34.49999999999953,0.0,0.0,0.0,0.0,0.0,0.0,1.3446099999999999,-21.299999999997432,1.342715,-2.349999999999852,1.34593,-34.49999999999953,0.0,0.0,0.0,0.0,0.0,0.0,1.34593,-34.49999999999953,1.34789,-54.09999999999915,0.0,1.0,1.0,-1.0,0.0,-1.0,0.0,0.0,0.0,0.0,0.0,0.0,0.0,0.0,0.0,0.0,0.0,0.0,0.0,0.0,0.0,0.0,0.0,0.0,1.0,0.0,0.0,0.0,0.0,0.0,0.0,0.0,0.0,0.0,0.0,0.0,0.0,0.0,0.0,0.0,0.0,0.0,0.0,0.0,0.0,0.0,1.0,0.0,0.0,0.0,0.0,0.0,-1.0
1.0,1.0,0.0,0.0,0.0,0.0,0.0,0.0,0.0,0.0,0.0,0.0,0.0,0.0,0.0,0.0,1.0,0.0,0.0,0.0,-0.25881904510252157,0.9659258262890681,99.175,100.76,-1.585000000000008,0.6231033594491181,-0.01598185026468372,1.0,-1.0,-1.0,0,0.0,39.407271353626186,0.5185746724005624,0.5216,0.4784,0.556156,0.00080489,1.18,0.0007279092907777977,159.163,84.0,109.0,0.7706422018348624,1.0,7.0,158.538,160.413,2.0,158.538,62.5,0.0,0.0,0.0,0.0,0.0,0.0,157.789,137.40000000000236,156.76299999999998,240.0000000000034,158.877,28.600000000000136,0.0,0.0,0.0,0.0,0.0,0.0,158.44650000000001,71.64999999999964,157.649,151.400000000001,1.0,1.0,1.0,1.0,0.0,1.0,0.0,0.0,0.0,0.0,0.0,0.0,0.0,0.0,0.0,0.0,0.0,0.0,0.0,0.0,0.0,0.0,0.0,0.0,0.0,0.0,157.372,0.0,0.0,0.0,155.279,0.0,0.0,0.0,0.0,0.0,0.0,0.0,0.0,0.0,0.0,0.0,1.0,0.0,1.0,0.0,0.0,0.0,0.0,0.0,0.10000000000000003,0.20000000000000007,0.0
1.0,0.0,0.0,0.0,0.0,0.0,0.0,0.0,0.0,0.0,0.0,0.0,0.0,0.0,0.0,0.0,1.0,0.0,0.0,0.0,-0.25881904510252157,0.9659258262890681,99.175,100.76,-1.585000000000008,148.46112391844557,-0.01598185026468372,0.0,-1.0,-0.0,0,0.0,43.15963563590176,0.6065733025237117,0.0,0.0,0.612029,0.00072841,1.41,0.0006317078720986285,0.66802,0.0,109.0,0.0,0.0,0.0,0.0,0.0,0.0,0.669985,-19.650000000001057,0.0,0.0,0.0,0.0,0.0,0.0,0.670485,-24.650000000000503,0.667935,0.8500000000000174,0.669985,-19.650000000001057,0.0,0.0,0.0,0.0,0.0,0.0,0.669985,-19.650000000001057,0.6712899999999999,-32.69999999999995,0.0,-1.0,1.0,1.0,0.0,-1.0,0.0,0.0,0.0,0.0,0.0,0.0,0.0,0.0,0.0,0.0,0.0,0.0,0.0,0.0,0.0,0.0,0.0,0.0,1.0,0.0,0.0,0.0,0.0,0.0,0.0,0.0,0.0,0.0,0.0,0.0,0.0,0.0,0.0,0.0,0.0,0.0,0.0,0.0,0.0,0.0,1.0,0.0,0.0,0.0,0.0,0.0,-1.0
1.0,0.0,0.0,0.0,0.0,0.0,0.0,0.0,0.0,0.0,0.0,0.0,0.0,0.0,0.0,0.0,1.0,0.0,0.0,0.0,-0.25881904510252157,0.9659258262890681,99.175,100.76,-1.585000000000008,71.41725535944464,-0.01598185026468372,0.0,-1.0,-1.0,0,0.0,11.53702875630854,0.6742789427928768,0.6112,0.3752,0.455,0.00041555,0.88,0.0004149049164266448,1.38867,60.0,109.0,0.5504587155963303,1.0,5.0,1.38761,1.39078,2.0,1.3876149999999998,10.550000000002502,0.0,0.0,0.0,0.0,0.0,0.0,1.38548,31.90000000000026,1.3801450000000002,85.24999999999893,1.3876149999999998,10.550000000002502,0.0,0.0,0.0,0.0,0.0,0.0,1.3876149999999998,10.550000000002502,1.38038,82.90000000000131,0.0,1.0,1.0,1.0,0.0,-1.0,0.0,0.0,0.0,0.0,0.0,0.0,0.0,0.0,0.0,0.0,0.0,0.0,0.0,0.0,0.0,0.0,0.0,0.0,1.0,0.0,0.0,0.0,0.0,1.39771,0.0,0.0,0.0,0.0,0.0,0.0,0.0,0.0,0.0,0.0,0.0,0.0,0.0,1.0,0.0,1.0,0.0,0.0,0.0,0.0,0.10000000000000003,0.20000000000000007,0.0
1.0,0.0,0.0,0.0,0.0,0.0,0.0,0.0,0.0,0.0,0.0,0.0,0.0,0.0,0.0,0.0,1.0,0.0,0.0,0.0,-0.25881904510252157,0.9659258262890681,99.175,100.76,-1.585000000000008,123.82325767223512,-0.01598185026468372,0.0,-1.0,-1.0,0,0.0,40.269354622983904,0.539695792372276,0.4112,0.1418,0.873626,0.00090757,5.13,0.000505648262087058,0.80094,72.0,109.0,0.6605504587155964,1.0,6.0,0.79903,0.80475,2.0,0.7990349999999999,19.050000000000455,0.0,0.0,0.0,0.0,0.0,0.0,0.7984450000000001,24.94999999999914,0.7973399999999999,36.000000000000476,0.7994049999999999,15.350000000000641,0.0,0.0,0.0,0.0,0.0,0.0,0.79863,23.100000000000342,0.7959350000000001,50.04999999999926,1.0,1.0,-1.0,-1.0,0.0,1.0,0.0,0.0,0.0,0.0,0.0,0.0,0.0,0.0,0.0,0.0,0.0,0.0,0.0,0.0,0.0,0.0,0.0,0.0,0.0,0.0,0.0,0.0,0.0,0.0,0.0,0.0,0.0,0.0,0.0,0.0,0.0,0.0,0.0,0.0,0.0,0.0,0.0,0.0,0.0,0.0,0.0,0.0,0.0,0.0,0.10000000000000003,0.20000000000000007,0.0
1.0,0.0,0.0,0.0,0.0,0.0,0.0,0.0,0.0,0.0,0.0,0.0,0.0,0.0,0.0,0.0,0.0,1.0,0.0,0.0,-0.25881904510252157,0.9659258262890681,99.074,100.76,-1.686000000000007,85.08661187402846,-0.01701758281688442,1.0,-1.0,1.0,0,0.0,29.038000518292584,0.615486093987675,0.5912,0.4088,0.455,0.00065448,0.88,0.000652424454680401,1.16439,72.0,109.0,0.6605504587155964,-1.0,6.0,1.16485,1.16347,2.0,1.16485,-4.599999999999049,0.0,0.0,0.0,0.0,0.0,0.0,1.1658300000000001,-14.400000000001079,1.17116,-67.69999999999942,1.16485,-4.599999999999049,0.0,0.0,0.0,0.0,0.0,0.0,1.165565,-11.749999999999261,1.1691500000000001,-47.600000000000975,0.0,-1.0,-1.0,-1.0,0.0,-1.0,0.0,0.0,0.0,0.0,0.0,0.0,0.0,0.0,0.0,0.0,0.0,0.0,0.0,0.0,0.0,0.0,0.0,0.0,0.0,0.0,0.0,0.0,0.0,0.0,0.0,0.0,0.0,0.0,0.0,0.0,0.0,0.0,0.0,0.0,0.0,0.0,0.0,0.0,0.0,0.0,0.0,1.0,0.0,0.0,0.10000000000000003,0.20000000000000007,1.0
1.0,0.0,0.0,0.0,0.0,0.0,0.0,0.0,0.0,0.0,0.0,0.0,0.0,0.0,0.0,0.0,0.0,1.0,0.0,0.0,-0.25881904510252157,0.9659258262890681,99.074,100.76,-1.686000000000007,73.71796779666062,-0.01701758281688442,0.0,-1.0,-0.0,0,0.0,14.788417792554458,0.7676782909787259,0.0,0.0,0.455,0.00066378,0.88,0.0006620389064569232,1.34396,0.0,109.0,0.0,0.0,0.0,0.0,0.0,0.0,1.344125,-1.6499999999997073,0.0,0.0,0.0,0.0,0.0,0.0,1.344245,-2.849999999998687,1.342715,12.449999999999406,1.344405,-4.450000000000287,0.0,0.0,0.0,0.0,0.0,0.0,1.3456650000000001,-17.050000000000676,1.34789,-39.29999999999989,1.0,1.0,1.0,-1.0,0.0,-1.0,0.0,0.0,0.0,0.0,0.0,0.0,0.0,0.0,0.0,0.0,0.0,0.0,0.0,0.0,0.0,0.0,0.0,0.0,1.0,0.0,0.0,0.0,0.0,0.0,1.31793,0.0,0.0,0.0,0.0,0.0,0.0,0.0,0.0,0.0,0.0,0.0,0.0,0.0,1.0,0.0,0.0,0.0,0.0,0.0,0.0,0.0,-1.0
1.0,1.0,0.0,0.0,0.0,0.0,0.0,0.0,0.0,0.0,0.0,0.0,0.0,0.0,0.0,0.0,0.0,1.0,0.0,0.0,-0.25881904510252157,0.9659258262890681,99.074,100.76,-1.686000000000007,0.6251159386455842,-0.01701758281688442,0.0,-1.0,-0.0,0,0.0,10.224968133795914,0.5916731010636381,0.0,0.0,0.508846,0.00084208,1.03,0.0008218733693366646,158.489,0.0,109.0,0.0,0.0,0.0,0.0,0.0,0.0,158.777,-28.79999999999825,0.0,0.0,0.0,0.0,0.0,0.0,158.0875,40.149999999999864,156.923,156.60000000000025,158.4195,6.9500000000005,0.0,0.0,0.0,0.0,0.0,0.0,158.777,-28.79999999999825,157.7815,70.75000000000102,-1.0,1.0,1.0,1.0,0.0,0.0,0.0,0.0,0.0,0.0,0.0,0.0,0.0,0.0,0.0,0.0,0.0,0.0,0.0,0.0,0.0,0.0,0.0,0.0,1.0,0.0,0.0,0.0,0.0,0.0,155.279,0.0,0.0,0.0,0.0,0.0,0.0,0.0,0.0,0.0,0.0,0.0,1.0,0.0,1.0,0.0,0.0,0.0,0.0,0.0,0.0,0.0,-1.0
1.0,0.0,0.0,0.0,0.0,0.0,0.0,0.0,0.0,0.0,0.0,0.0,0.0,0.0,0.0,0.0,0.0,1.0,0.0,0.0,-0.25881904510252157,0.9659258262890681,99.074,100.76,-1.686000000000007,148.31881194047725,-0.01701758281688442,0.0,-1.0,-0.0,0,0.0,42.569151317814644,0.5092430232039451,0.0,0.0,0.508846,0.00072123,1.03,0.0007151227695022987,0.66798,0.0,109.0,0.0,0.0,0.0,0.0,0.0,0.0,0.66877,-7.899999999999574,0.0,0.0,0.0,0.0,0.0,0.0,0.66952,-15.399999999999858,0.667935,0.4500000000007276,0.66811,-1.2999999999996348,0.0,0.0,0.0,0.0,0.0,0.0,0.669985,-20.050000000000345,0.6714549999999999,-34.74999999999895,-1.0,1.0,1.0,1.0,0.0,-1.0,0.0,0.0,0.0,0.0,0.0,0.0,0.0,0.0,0.0,0.0,0.0,0.0,0.0,0.0,0.0,0.0,0.0,0.0,1.0,0.0,0.0,0.0,0.0,0.0,0.0,0.0,0.0,0.0,0.0,0.0,0.0,0.0,0.0,0.0,0.0,0.0,0.0,1.0,0.0,0.0,1.0,0.0,0.0,0.0,0.0,0.0,-1.0
1.0,0.0,0.0,0.0,0.0,0.0,0.0,0.0,0.0,0.0,0.0,0.0,0.0,0.0,0.0,0.0,0.0,1.0,0.0,0.0,-0.25881904510252157,0.9659258262890681,99.074,100.76,-1.686000000000007,71.36148205770921,-0.01701758281688442,0.0,-1.0,-0.0,0,0.0,2.753120677379991,0.5528211042828621,0.0,0.0,0.455,0.00043314,0.88,0.0004326395482102992,1.38834,0.0,109.0,0.0,0.0,0.0,0.0,0.0,0.0,1.3882,1.3999999999980695,0.0,0.0,0.0,0.0,0.0,0.0,1.3885,-1.6000000000016001,1.37809,102.4999999999987,1.387615,7.249999999998646,0.0,0.0,0.0,0.0,0.0,0.0,1.3876149999999998,7.250000000000867,1.38098,73.59999999999812,-1.0,-1.0,1.0,1.0,0.0,0.0,0.0,0.0,0.0,0.0,0.0,0.0,0.0,0.0,0.0,0.0,0.0,0.0,0.0,0.0,0.0,0.0,0.0,0.0,0.0,0.0,0.0,0.0,0.0,1.39771,0.0,0.0,0.0,0.0,0.0,0.0,0.0,0.0,0.0,0.0,0.0,0.0,1.0,0.0,0.0,1.0,0.0,0.0,0.0,0.0,0.0,0.0,-1.0
1.0,0.0,0.0,0.0,0.0,0.0,0.0,0.0,0.0,0.0,0.0,0.0,0.0,0.0,0.0,0.0,0.0,1.0,0.0,0.0,-0.25881904510252157,0.9659258262890681,99.074,100.76,-1.686000000000007,123.82083135451296,-0.01701758281688442,0.0,-1.0,-0.0,0,0.0,20.223601319454584,0.5308143662948894,0.0,0.0,0.862514,0.00094118,4.69,0.0005618616097484699,0.80014,0.0,109.0,0.0,0.0,0.0,0.0,0.0,0.0,0.8005500000000001,-4.100000000001325,0.0,0.0,0.0,0.0,0.0,0.0,0.799165,9.749999999999481,0.7973399999999999,28.00000000000025,0.79988,2.5999999999992696,0.0,0.0,0.0,0.0,0.0,0.0,0.799995,1.4499999999995072,0.796435,37.049999999999585,-1.0,1.0,-1.0,-1.0,0.0,1.0,0.0,0.0,0.0,0.0,0.0,0.0,0.0,0.0,0.0,0.0,0.0,0.0,0.0,0.0,0.0,0.0,0.0,0.0,1.0,0.0,0.0,0.0,0.0,0.0,0.0,0.0,0.0,0.0,0.0,0.0,0.0,0.0,0.0,0.0,0.0,0.0,1.0,0.0,0.0,0.0,1.0,0.0,0.0,0.0,0.0,0.0,-1.0
1.0,0.0,0.0,0.0,0.0,0.0,0.0,0.0,0.0,0.0,0.0,0.0,0.0,0.0,0.0,0.0,0.0,0.0,1.0,0.0,-0.25881904510252157,0.9659258262890681,99.342,100.76,-1.4180000000000064,85.57399925918907,-0.014273922409454272,1.0,-1.0,1.0,0,0.0,25.153458793675,0.4892077956963211,0.6136,0.3312,0.72515,0.00049164,2.16,0.0005133946445277409,1.16089,84.0,109.0,0.7706422018348624,-1.0,7.0,1.16203,1.15862,2.0,1.162025,-11.350000000001081,0.0,0.0,0.0,0.0,0.0,0.0,1.1645750000000001,-36.8500000000016,1.1700599999999999,-91.69999999999901,1.1609099999999999,-0.1999999999990898,0.0,0.0,0.0,0.0,0.0,0.0,1.1627399999999999,-18.499999999999073,1.1668,-59.10000000000082,-1.0,-1.0,-1.0,-1.0,0.0,-1.0,0.0,0.0,0.0,0.0,0.0,0.0,0.0,0.0,0.0,0.0,0.0,0.0,0.0,0.0,0.0,0.0,0.0,0.0,1.0,0.0,0.0,0.0,0.0,0.0,0.0,0.0,0.0,0.0,0.0,0.0,0.0,0.0,0.0,0.0,0.0,0.0,0.0,1.0,0.0,0.0,0.0,1.0,0.0,0.0,0.10000000000000003,0.20000000000000007,0.0
1.0,0.0,0.0,0.0,0.0,0.0,0.0,0.0,0.0,0.0,0.0,0.0,0.0,0.0,0.0,0.0,0.0,0.0,1.0,0.0,-0.25881904510252157,0.9659258262890681,99.342,100.76,-1.4180000000000064,74.24774660308825,-0.014273922409454272,1.0,-1.0,1.0,0,0.0,7.1326935441469494,0.6344497033389519,0.5726,0.274,0.697206,0.00059458,1.92,0.0005457041044297973,1.33798,72.0,109.0,0.6605504587155964,-1.0,6.0,1.34036,1.33322,2.0,1.34036,-23.800000000000487,0.0,0.0,0.0,0.0,0.0,0.0,1.34285,-48.70000000000152,1.342715,-47.35000000000156,1.3383150000000001,-3.3500000000019625,0.0,0.0,0.0,0.0,0.0,0.0,1.34131,-33.30000000000055,1.346495,-85.1500000000005,-1.0,-1.0,1.0,-1.0,0.0,-1.0,0.0,0.0,0.0,0.0,0.0,0.0,0.0,0.0,0.0,0.0,0.0,0.0,0.0,0.0,0.0,0.0,0.0,0.0,2.0,0.0,0.0,0.0,0.0,0.0,0.0,0.0,0.0,0.0,0.0,0.0,0.0,0.0,0.0,0.0,0.0,0.0,0.0,1.0,0.0,0.0,0.0,1.0,0.0,0.0,0.10000000000000003,0.20000000000000007,0.0
1.0,1.0,0.0,0.0,0.0,0.0,0.0,0.0,0.0,0.0,0.0,0.0,0.0,0.0,0.0,0.0,0.0,0.0,1.0,0.0,-0.25881904510252157,0.9659258262890681,99.342,100.76,-1.4180000000000064,0.6262102874432678,-0.014273922409454272,1.0,-1.0,-1.0,0,0.0,12.40944187750595,0.8424864316440713,0.5198,0.4802,0.787895,0.0007795,2.91,0.0007710509687457022,158.64,72.0,109.0,0.6605504587155964,1.0,6.0,158.5345,158.851,2.0,158.5345,10.549999999997794,0.0,0.0,0.0,0.0,0.0,0.0,158.4105,22.949999999997317,156.923,171.69999999999845,158.64249999999998,-0.24999999999977263,0.0,0.0,0.0,0.0,0.0,0.0,158.489,15.099999999998204,157.7815,85.84999999999923,1.0,1.0,1.0,1.0,0.0,0.0,0.0,0.0,0.0,0.0,0.0,0.0,0.0,0.0,0.0,0.0,0.0,0.0,0.0,0.0,0.0,0.0,0.0,0.0,0.0,0.0,0.0,0.0,0.0,0.0,155.279,0.0,0.0,0.0,0.0,0.0,0.0,0.0,0.0,0.0,0.0,0.0,0.0,0.0,1.0,0.0,0.0,0.0,0.0,0.0,0.10000000000000003,0.20000000000000007,0.0
1.0,0.0,0.0,0.0,0.0,0.0,0.0,0.0,0.0,0.0,0.0,0.0,0.0,0.0,0.0,0.0,0.0,0.0,1.0,0.0,-0.25881904510252157,0.9659258262890681,99.342,100.76,-1.4180000000000064,148.27606794232662,-0.014273922409454272,0.0,-1.0,-1.0,0,0.0,21.17037080143044,0.5603174499788627,0.621,0.3602,0.708317,0.00075232,2.01,0.0006598486899968515,0.66998,60.0,109.0,0.5504587155963303,1.0,5.0,0.66952,0.6709,2.0,0.6688350000000001,11.449999999999516,0.0,0.0,0.0,0.0,0.0,0.0,0.66952,4.6000000000001595,0.667935,20.450000000000745,0.669195,7.850000000000357,0.0,0.0,0.0,0.0,0.0,0.0,0.6688350000000001,11.449999999999516,0.6714549999999999,-14.74999999999893,1.0,-1.0,1.0,1.0,0.0,0.0,0.0,0.0,0.0,0.0,0.0,0.0,0.0,0.0,0.0,0.0,0.0,0.0,0.0,0.0,0.0,0.0,0.0,0.0,1.0,0.0,0.0,0.0,0.0,0.0,0.0,0.0,0.0,0.0,0.0,0.0,0.0,0.0,0.0,0.0,0.0,0.0,0.0,1.0,0.0,1.0,0.0,0.0,0.0,0.0,0.10000000000000003,0.20000000000000007,0.0
1.0,0.0,0.0,0.0,0.0,0.0,0.0,0.0,0.0,0.0,0.0,0.0,0.0,0.0,0.0,0.0,0.0,0.0,1.0,0.0,-0.25881904510252157,0.9659258262890681,99.342,100.76,-1.4180000000000064,71.5107364723328,-0.014273922409454272,0.0,-1.0,-1.0,0,0.0,18.59638545528206,0.5319603440495504,0.6124,0.3876,0.455,0.00038308,0.88,0.0003831441001127022,1.38919,72.0,109.0,0.6605504587155964,1.0,6.0,1.38869,1.39019,2.0,1.38959,-4.00000000000178,0.0,0.0,0.0,0.0,0.0,0.0,1.38869,4.999999999999449,1.3781,110.89999999999822,1.39022,-10.300000000000864,0.0,0.0,0.0,0.0,0.0,0.0,1.389285,-0.9500000000017828,1.382545,66.45000000000012,1.0,1.0,1.0,1.0,0.0,1.0,0.0,0.0,0.0,0.0,0.0,0.0,0.0,0.0,0.0,0.0,0.0,0.0,0.0,0.0,0.0,0.0,0.0,0.0,0.0,0.0,0.0,0.0,0.0,1.39771,0.0,0.0,0.0,0.0,0.0,0.0,0.0,0.0,0.0,0.0,0.0,0.0,1.0,0.0,0.0,0.0,1.0,0.0,0.0,0.0,0.10000000000000003,0.20000000000000007,0.0
1.0,0.0,0.0,0.0,0.0,0.0,0.0,0.0,0.0,0.0,0.0,0.0,0.0,0.0,0.0,0.0,0.0,0.0,1.0,0.0,-0.25881904510252157,0.9659258262890681,99.342,100.76,-1.4180000000000064,123.67968925076566,-0.014273922409454272,0.0,-1.0,-1.0,0,0.0,18.876842510910176,0.552298394134814,0.31,0.0556,0.623141,0.00067661,1.47,0.0006387425061351966,0.80322,84.0,109.0,0.7706422018348624,1.0,7.0,0.80131,0.80704,2.0,0.80131,19.100000000000783,0.0,0.0,0.0,0.0,0.0,0.0,0.7998149999999999,34.05000000000102,0.797185,60.35000000000012,0.802585,6.350000000000522,0.0,0.0,0.0,0.0,0.0,0.0,0.8012,20.200000000000216,0.79733,58.90000000000062,1.0,1.0,1.0,-1.0,0.0,1.0,0.0,0.0,0.0,0.0,0.0,0.0,0.0,0.0,0.0,0.0,0.0,0.0,0.0,0.0,0.0,0.0,0.0,0.0,0.0,0.0,0.0,0.0,0.0,0.0,0.0,0.0,0.0,0.0,0.0,0.0,0.0,0.0,0.0,0.0,0.0,0.0,0.0,0.0,1.0,0.0,1.0,0.0,0.0,0.0,0.10000000000000003,0.20000000000000007,0.0
1.0,0.0,0.0,0.0,0.0,0.0,0.0,0.0,0.0,0.0,0.0,0.0,0.0,0.0,0.0,0.0,0.0,0.0,0.0,1.0,-0.25881904510252157,0.9659258262890681,99.377,100.76,-1.3830000000000098,85.68386201188125,-0.013916701047526186,1.0,-1.0,1.0,0,0.0,24.773987362403705,0.6453894582072986,0.6206,0.3722,0.455,0.00049577,0.88,0.0004940425681313354,1.15981,72.0,109.0,0.6605504587155964,-1.0,6.0,1.16059,1.15825,2.0,1.16059,-7.800000000000029,0.0,0.0,0.0,0.0,0.0,0.0,1.16387,-40.599999999999525,1.16963,-98.19999999999939,1.16059,-7.800000000000029,0.0,0.0,0.0,0.0,0.0,0.0,1.1612749999999998,-14.649999999998276,1.1663700000000001,-65.60000000000122,0.0,-1.0,-1.0,-1.0,0.0,-1.0,0.0,0.0,0.0,0.0,0.0,0.0,0.0,0.0,0.0,0.0,0.0,0.0,0.0,0.0,0.0,0.0,0.0,0.0,0.0,0.0,0.0,0.0,0.0,0.0,0.0,0.0,0.0,0.0,0.0,0.0,0.0,0.0,0.0,0.0,0.0,0.0,0.0,0.0,0.0,1.0,0.0,1.0,0.0,0.0,0.10000000000000003,0.20000000000000007,1.0
1.0,0.0,0.0,0.0,0.0,0.0,0.0,0.0,0.0,0.0,0.0,0.0,0.0,0.0,0.0,0.0,0.0,0.0,0.0,1.0,-0.25881904510252157,0.9659258262890681,99.377,100.76,-1.3830000000000098,74.30444957866953,-0.013916701047526186,1.0,-1.0,1.0,0,0.0,21.398341686140032,0.6945595104660787,0.6044,0.3742,0.596091,0.00057684,1.34,0.000519476241197059,1.33743,72.0,109.0,0.6605504587155964,-1.0,6.0,1.33893,1.33442,2.0,1.338935,-15.050000000000896,0.0,0.0,0.0,0.0,0.0,0.0,1.34285,-54.20000000000202,1.34313,-57.000000000000384,1.33868,-12.500000000001954,0.0,0.0,0.0,0.0,0.0,0.0,1.3400400000000001,-26.100000000002233,1.346495,-90.650000000001,-1.0,-1.0,1.0,-1.0,0.0,-1.0,0.0,0.0,0.0,0.0,0.0,0.0,0.0,0.0,0.0,0.0,0.0,0.0,0.0,0.0,0.0,0.0,0.0,0.0,1.0,0.0,0.0,1.34448,0.0,0.0,0.0,0.0,0.0,0.0,0.0,0.0,0.0,0.0,0.0,0.0,0.0,0.0,0.0,1.0,0.0,1.0,0.0,1.0,0.0,0.0,0.10000000000000003,0.20000000000000007,1.0
1.0,1.0,0.0,0.0,0.0,0.0,0.0,0.0,0.0,0.0,0.0,0.0,0.0,0.0,0.0,0.0,0.0,0.0,0.0,1.0,-0.25881904510252157,0.9659258262890681,99.377,100.76,-1.3830000000000098,0.628646073848217,-0.013916701047526186,0.0,-1.0,1.0,0,0.0,24.450227315380513,0.7440004222589529,0.4962,0.5038,0.712661,0.00077702,2.05,0.0007720801343083967,158.081,60.0,109.0,0.5504587155963303,-1.0,5.0,158.259,157.725,2.0,158.25900000000001,-17.80000000000257,0.0,0.0,0.0,0.0,0.0,0.0,158.637,-55.60000000000116,156.923,115.7999999999987,158.042,3.8999999999987267,0.0,0.0,0.0,0.0,0.0,0.0,158.349,-26.800000000000068,157.8065,27.44999999999891,-1.0,-1.0,1.0,1.0,0.0,-1.0,0.0,0.0,0.0,0.0,0.0,0.0,0.0,0.0,0.0,0.0,0.0,0.0,0.0,0.0,0.0,0.0,0.0,0.0,1.0,0.0,0.0,0.0,0.0,0.0,155.279,0.0,0.0,0.0,0.0,0.0,0.0,0.0,0.0,0.0,0.0,0.0,0.0,0.0,0.0,0.0,1.0,0.0,0.0,0.0,0.10000000000000003,0.20000000000000007,1.0
1.0,0.0,0.0,0.0,0.0,0.0,0.0,0.0,0.0,0.0,0.0,0.0,0.0,0.0,0.0,0.0,0.0,0.0,0.0,1.0,-0.25881904510252157,0.9659258262890681,99.377,100.76,-1.3830000000000098,148.72343609697694,-0.013916701047526186,1.0,-1.0,1.0,0,0.0,20.790867026859413,0.47525075597974203,0.5076,0.2196,0.623141,0.00070718,1.47,0.0006143704112525826,0.6682,60.0,109.0,0.5504587155963303,-1.0,5.0,0.66902,0.66656,2.0,0.66902,-8.199999999999319,0.0,0.0,0.0,0.0,0.0,0.0,0.6697,-14.999999999999458,0.667935,2.6500000000007073,0.668605,-4.049999999999887,0.0,0.0,0.0,0.0,0.0,0.0,0.66903,-8.299999999999974,0.6714899999999999,-32.89999999999904,-1.0,-1.0,1.0,1.0,0.0,-1.0,0.0,0.0,0.0,0.0,0.0,0.0,0.0,0.0,0.0,0.0,0.0,0.0,0.0,0.0,0.0,0.0,0.0,0.0,2.0,0.0,0.0,0.0,0.0,0.0,0.0,0.0,0.0,0.0,0.0,0.0,0.0,0.0,0.0,0.0,0.0,0.0,1.0,0.0,0.0,0.0,0.0,0.0,0.0,0.0,0.10000000000000003,0.20000000000000007,0.0
1.0,0.0,0.0,0.0,0.0,0.0,0.0,0.0,0.0,0.0,0.0,0.0,0.0,0.0,0.0,0.0,0.0,0.0,0.0,1.0,-0.25881904510252157,0.9659258262890681,99.377,100.76,-1.3830000000000098,71.40639932169776,-0.013916701047526186,0.0,-1.0,-1.0,0,0.0,50.44082783115098,0.5783490782560129,0.616,0.3562,0.455,0.00037401,0.88,0.00037293646280523775,1.39171,84.0,109.0,0.7706422018348624,1.0,7.0,1.39064,1.39385,2.0,1.3906399999999999,10.700000000001264,0.0,0.0,0.0,0.0,0.0,0.0,1.389145,25.649999999999284,1.378555,131.55000000000027,1.390755,9.550000000000392,0.0,0.0,0.0,0.0,0.0,0.0,1.3906399999999999,10.700000000001264,1.3840050000000002,77.0499999999985,1.0,1.0,1.0,1.0,0.0,1.0,0.0,0.0,0.0,0.0,0.0,0.0,0.0,0.0,0.0,0.0,0.0,0.0,0.0,0.0,0.0,0.0,0.0,0.0,0.0,0.0,0.0,0.0,1.37944,0.0,0.0,0.0,0.0,0.0,0.0,0.0,0.0,0.0,0.0,0.0,0.0,0.0,0.0,1.0,1.0,0.0,1.0,0.0,0.0,0.0,0.10000000000000003,0.20000000000000007,0.0
1.0,0.0,0.0,0.0,0.0,0.0,0.0,0.0,0.0,0.0,0.0,0.0,0.0,0.0,0.0,0.0,0.0,0.0,0.0,1.0,-0.25881904510252157,0.9659258262890681,99.377,100.76,-1.3830000000000098,123.7479142280776,-0.013916701047526186,0.0,-1.0,-1.0,0,0.0,32.41492835336661,0.6267237058796432,0.6004,0.3056,0.562964,0.00066259,1.21,0.0006034355578251872,0.80306,72.0,109.0,0.6605504587155964,1.0,6.0,0.80227,0.80465,2.0,0.802265,7.949999999999902,0.0,0.0,0.0,0.0,0.0,0.0,0.7999350000000001,31.249999999999332,0.796305,67.54999999999956,0.802095,9.649999999999936,0.0,0.0,0.0,0.0,0.0,0.0,0.8021,9.599999999999609,0.79733,57.300000000000125,-1.0,1.0,1.0,-1.0,0.0,1.0,0.0,0.0,0.0,0.0,0.0,0.0,0.0,0.0,0.0,0.0,0.0,0.0,0.0,0.0,0.0,0.0,0.0,0.0,0.0,0.0,0.0,0.0,0.0,0.0,0.0,0.0,0.0,0.0,0.0,0.0,0.0,0.0,0.0,0.0,0.0,0.0,0.0,0.0,1.0,0.0,1.0,0.0,0.0,1.0,0.10000000000000003,0.20000000000000007,0.0
1.0,0.0,0.0,0.0,0.0,0.0,0.0,0.0,0.0,0.0,0.0,0.0,0.0,0.0,0.0,1.0,0.0,0.0,0.0,0.0,-0.25881904510252157,0.9659258262890681,99.036,100.76,-1.7240000000000038,85.0430212787882,-0.01740781130094111,0.0,-1.0,-0.0,0,0.0,50.24239960107225,0.4361297824076717,0.0,0.0,0.719428,0.00064021,2.1,0.00046546526045564965,1.16454,0.0,109.0,0.0,0.0,0.0,0.0,0.0,0.0,1.161295,32.44999999999942,0.0,0.0,0.0,0.0,0.0,0.0,1.162525,20.14999999999878,1.16926,-47.20000000000057,1.16373,8.099999999999774,0.0,0.0,0.0,0.0,0.0,0.0,1.161295,32.44999999999942,1.163995,5.450000000000177,1.0,-1.0,-1.0,1.0,0.0,1.0,0.0,0.0,0.0,0.0,0.0,0.0,0.0,0.0,0.0,0.0,0.0,0.0,0.0,0.0,0.0,0.0,0.0,0.0,0.0,0.0,1.15771,0.0,0.0,0.0,0.0,0.0,0.0,0.0,0.0,0.0,0.0,0.0,0.0,0.0,0.0,0.0,0.0,1.0,0.0,1.0,0.0,1.0,0.0,0.0,0.0,0.0,-1.0
1.0,0.0,0.0,0.0,0.0,0.0,0.0,0.0,0.0,0.0,0.0,0.0,0.0,0.0,0.0,1.0,0.0,0.0,0.0,0.0,-0.25881904510252157,0.9659258262890681,99.036,100.76,-1.7240000000000038,73.76598613107696,-0.01740781130094111,0.0,-1.0,-0.0,0,0.0,39.42684658119622,0.5855410775087738,0.0,0.0,0.769595,0.00075311,2.65,0.0005023177202265506,1.34257,0.0,109.0,0.0,0.0,0.0,0.0,0.0,0.0,1.33869,38.800000000001056,0.0,0.0,0.0,0.0,0.0,0.0,1.34082,17.500000000001403,1.343945,-13.74999999999904,1.3419949999999998,5.750000000002142,0.0,0.0,0.0,0.0,0.0,0.0,1.33869,38.800000000001056,1.34279,-2.1999999999988695,1.0,-1.0,-1.0,-1.0,0.0,1.0,0.0,0.0,0.0,0.0,0.0,0.0,0.0,0.0,0.0,0.0,0.0,0.0,0.0,0.0,0.0,0.0,0.0,0.0,1.0,0.0,1.33392,0.0,0.0,0.0,0.0,0.0,0.0,0.0,0.0,0.0,0.0,0.0,0.0,0.0,0.0,0.0,0.0,0.0,0.0,1.0,0.0,1.0,0.0,0.0,0.0,0.0,-1.0
1.0,1.0,0.0,0.0,0.0,0.0,0.0,0.0,0.0,0.0,0.0,0.0,0.0,0.0,0.0,1.0,0.0,0.0,0.0,0.0,-0.25881904510252157,0.9659258262890681,99.036,100.76,-1.7240000000000038,0.6263581972500853,-0.01740781130094111,0.0,-1.0,-0.0,0,0.0,12.850735106561809,0.43518633359599973,0.0,0.0,0.476182,0.00077391,0.93,0.0007563268424705137,158.114,0.0,109.0,0.0,0.0,0.0,0.0,0.0,0.0,157.7935,32.05000000000098,0.0,0.0,0.0,0.0,0.0,0.0,158.438,-32.399999999998386,156.923,119.10000000000025,158.006,10.80000000000041,0.0,0.0,0.0,0.0,0.0,0.0,157.84300000000002,27.09999999999866,157.8735,24.049999999999727,1.0,-1.0,1.0,1.0,0.0,-1.0,0.0,0.0,0.0,0.0,0.0,0.0,0.0,0.0,0.0,0.0,0.0,0.0,0.0,0.0,0.0,0.0,0.0,0.0,0.0,0.0,0.0,0.0,0.0,0.0,155.279,0.0,0.0,0.0,0.0,0.0,0.0,0.0,0.0,0.0,0.0,0.0,0.0,1.0,0.0,1.0,1.0,0.0,0.0,0.0,0.0,0.0,-1.0
1.0,0.0,0.0,0.0,0.0,0.0,0.0,0.0,0.0,0.0,0.0,0.0,0.0,0.0,0.0,1.0,0.0,0.0,0.0,0.0,-0.25881904510252157,0.9659258262890681,99.036,100.76,-1.7240000000000038,147.48693204664252,-0.01740781130094111,0.0,-1.0,-1.0,0,0.0,41.920673449319175,0.5195470490012626,0.1214,0.0038,0.769595,0.00072493,2.65,0.0004812964737033934,0.67149,84.0,109.0,0.7706422018348624,1.0,7.0,0.66923,0.67601,2.0,0.66923,22.6000000000004,0.0,0.0,0.0,0.0,0.0,0.0,0.669205,22.849999999999817,0.667935,35.55000000000086,0.6709499999999999,5.40000000000096,0.0,0.0,0.0,0.0,0.0,0.0,0.66923,22.6000000000004,0.6714899999999999,1.1102230246251565e-12,1.0,1.0,1.0,1.0,0.0,1.0,0.0,0.0,0.0,0.0,0.0,0.0,0.0,0.0,0.0,0.0,0.0,0.0,0.0,0.0,0.0,0.0,0.0,0.0,2.0,0.0,0.66743,0.0,0.0,0.0,0.0,0.0,0.0,0.0,0.0,0.0,0.0,0.0,0.0,0.0,0.0,0.0,0.0,1.0,0.0,1.0,0.0,0.0,0.0,0.0,0.10000000000000003,0.20000000000000007,1.0
1.0,0.0,0.0,0.0,0.0,0.0,0.0,0.0,0.0,0.0,0.0,0.0,0.0,0.0,0.0,1.0,0.0,0.0,0.0,0.0,-0.25881904510252157,0.9659258262890681,99.036,100.76,-1.7240000000000038,71.41384059590854,-0.01740781130094111,0.0,-1.0,-0.0,0,0.0,53.2594746754283,0.7113709513359511,0.0,0.0,0.455,0.0003867,0.88,0.00038507688339980273,1.38679,0.0,109.0,0.0,0.0,0.0,0.0,0.0,0.0,1.388925,-21.34999999999998,0.0,0.0,0.0,0.0,0.0,0.0,1.3894199999999999,-26.299999999999102,1.378555,82.34999999999992,1.38737,-5.800000000000249,0.0,0.0,0.0,0.0,0.0,0.0,1.3894199999999999,-26.299999999999102,1.385945,8.449999999999847,-1.0,0.0,1.0,-1.0,0.0,-1.0,0.0,0.0,0.0,0.0,0.0,0.0,0.0,0.0,0.0,0.0,0.0,0.0,0.0,0.0,0.0,0.0,0.0,0.0,0.0,0.0,0.0,0.0,0.0,1.39771,0.0,0.0,0.0,0.0,0.0,0.0,0.0,0.0,0.0,0.0,0.0,0.0,0.0,0.0,1.0,0.0,1.0,0.0,0.0,0.0,0.0,0.0,-1.0
1.0,0.0,0.0,0.0,0.0,0.0,0.0,0.0,0.0,0.0,0.0,0.0,0.0,0.0,0.0,1.0,0.0,0.0,0.0,0.0,-0.25881904510252157,0.9659258262890681,99.036,100.76,-1.7240000000000038,124.22201317027282,-0.01740781130094111,1.0,-1.0,1.0,0,0.0,29.008109277967126,0.5308894392746886,0.2264,0.019,0.600918,0.00072891,1.36,0.0006297481643738471,0.79725,60.0,109.0,0.5504587155963303,-1.0,5.0,0.7998,0.79214,2.0,0.799805,-25.54999999999974,0.0,0.0,0.0,0.0,0.0,0.0,0.8001499999999999,-28.999999999999027,0.7950999999999999,21.500000000000963,0.79738,-1.2999999999996348,0.0,0.0,0.0,0.0,0.0,0.0,0.7999149999999999,-26.649999999999174,0.79923,-19.79999999999982,-1.0,-1.0,1.0,-1.0,0.0,-1.0,0.0,0.0,0.0,0.0,0.0,0.0,0.0,0.0,0.0,0.0,0.0,0.0,0.0,0.0,0.0,0.0,0.0,0.0,1.0,0.80143,0.0,0.80359,0.0,0.0,0.0,0.0,0.0,0.0,0.0,0.0,0.0,0.0,0.0,0.0,0.0,0.0,0.0,0.0,0.0,0.0,1.0,0.0,0.0,0.0,0.10000000000000003,0.20000000000000007,1.0
1.0,0.0,0.0,0.0,0.0,0.0,0.0,0.0,0.0,0.0,0.0,0.0,0.0,0.0,0.0,0.0,1.0,0.0,0.0,0.0,-0.25881904510252157,0.9659258262890681,98.568,100.76,-2.1920000000000073,84.06939255923443,-0.022238454670887177,0.0,-1.0,-1.0,0,0.0,100.0,0.5819434085782481,0.5522,0.2508,0.719428,0.00073513,2.1,0.0006730984825605404,1.17246,72.0,109.0,0.6605504587155964,1.0,6.0,1.17005,1.17728,2.0,1.17005,24.100000000000232,0.0,0.0,0.0,0.0,0.0,0.0,1.1672850000000001,51.7499999999993,1.16926,32.00000000000092,1.173975,-15.14999999999933,0.0,0.0,0.0,0.0,0.0,0.0,1.169435,30.250000000000554,1.1672850000000001,51.7499999999993,1.0,1.0,-1.0,1.0,0.0,1.0,0.0,0.0,0.0,0.0,0.0,0.0,0.0,0.0,0.0,0.0,0.0,0.0,0.0,0.0,0.0,0.0,0.0,0.0,1.0,0.0,1.15771,0.0,1.16403,0.0,0.0,0.0,0.0,0.0,0.0,0.0,0.0,0.0,0.0,0.0,0.0,0.0,1.0,0.0,0.0,0.0,0.0,1.0,0.0,0.0,0.10000000000000003,0.20000000000000007,0.0
1.0,0.0,0.0,0.0,0.0,0.0,0.0,0.0,0.0,0.0,0.0,0.0,0.0,0.0,0.0,0.0,1.0,0.0,0.0,0.0,-0.25881904510252157,0.9659258262890681,98.568,100.76,-2.1920000000000073,73.33710306240884,-0.022238454670887177,0.0,-1.0,-1.0,0,0.0,21.587865244453237,0.4383716860777835,0.518,0.482,0.719428,0.00081161,2.1,0.0007296799957775846,1.3440400000000001,60.0,109.0,0.5504587155963303,1.0,5.0,1.34394,1.34423,2.0,1.3450600000000001,-10.200000000000209,0.0,0.0,0.0,0.0,0.0,0.0,1.3415249999999999,25.15000000000267,1.343945,0.9500000000017828,1.345205,-11.649999999998606,0.0,0.0,0.0,0.0,0.0,0.0,1.3446500000000001,-6.099999999999994,1.34169,23.500000000000743,1.0,1.0,-1.0,-1.0,0.0,1.0,0.0,0.0,0.0,0.0,0.0,0.0,0.0,0.0,0.0,0.0,0.0,0.0,0.0,0.0,0.0,0.0,0.0,0.0,1.0,0.0,1.33392,0.0,0.0,0.0,0.0,0.0,0.0,0.0,0.0,0.0,0.0,0.0,0.0,0.0,0.0,0.0,1.0,0.0,1.0,0.0,0.0,1.0,0.0,0.0,0.10000000000000003,0.20000000000000007,1.0
1.0,1.0,0.0,0.0,0.0,0.0,0.0,0.0,0.0,0.0,0.0,0.0,0.0,0.0,0.0,0.0,1.0,0.0,0.0,0.0,-0.25881904510252157,0.9659258262890681,98.568,100.76,-2.1920000000000073,0.6232603430941707,-0.022238454670887177,0.0,-1.0,-0.0,0,0.0,13.381490539487684,0.42039358385009384,0.0,0.0,0.553632,0.00084016,1.17,0.0008244174360820818,158.149,0.0,109.0,0.0,0.0,0.0,0.0,0.0,0.0,158.0335,11.549999999999727,0.0,0.0,0.0,0.0,0.0,0.0,158.15,-0.10000000000047748,156.923,122.59999999999991,157.881,26.800000000000068,0.0,0.0,0.0,0.0,0.0,0.0,158.0335,11.549999999999727,157.953,19.599999999999795,-1.0,-1.0,1.0,1.0,0.0,1.0,0.0,0.0,0.0,0.0,0.0,0.0,0.0,0.0,0.0,0.0,0.0,0.0,0.0,0.0,0.0,0.0,0.0,0.0,0.0,0.0,0.0,0.0,0.0,0.0,155.279,0.0,0.0,0.0,0.0,0.0,0.0,0.0,0.0,0.0,0.0,0.0,1.0,0.0,1.0,0.0,1.0,0.0,0.0,0.0,0.0,0.0,-1.0
1.0,0.0,0.0,0.0,0.0,0.0,0.0,0.0,0.0,0.0,0.0,0.0,0.0,0.0,0.0,0.0,1.0,0.0,0.0,0.0,-0.25881904510252157,0.9659258262890681,98.568,100.76,-2.1920000000000073,146.33451111968884,-0.022238454670887177,0.0,-1.0,-1.0,0,0.0,15.866455603250179,0.4993622537234215,0.5212,0.2188,0.786787,0.00075257,2.89,0.0005181204784349672,0.67358,84.0,109.0,0.7706422018348624,1.0,7.0,0.67268,0.67537,2.0,0.672685,8.949999999999791,0.0,0.0,0.0,0.0,0.0,0.0,0.67071,28.69999999999928,0.667935,56.45000000000011,0.67353,0.49999999999994493,0.0,0.0,0.0,0.0,0.0,0.0,0.672185,13.94999999999924,0.6705300000000001,30.499999999998863,1.0,1.0,1.0,1.0,0.0,1.0,0.0,0.0,0.0,0.0,0.0,0.0,0.0,0.0,0.0,0.0,0.0,0.0,0.0,0.0,0.0,0.0,0.0,0.0,0.0,0.0,0.0,0.0,0.0,0.0,0.0,0.0,0.0,0.0,0.0,0.0,0.0,0.0,0.0,0.0,0.0,0.0,1.0,0.0,0.0,0.0,0.0,0.0,0.0,0.0,0.10000000000000003,0.20000000000000007,1.0
1.0,0.0,0.0,0.0,0.0,0.0,0.0,0.0,0.0,0.0,0.0,0.0,0.0,0.0,0.0,0.0,1.0,0.0,0.0,0.0,-0.25881904510252157,0.9659258262890681,98.568,100.76,-2.1920000000000073,71.24539212143115,-0.022238454670887177,1.0,-1.0,1.0,0,0.0,12.66306819697939,0.5762890366185233,0.6236,0.3618,0.455,0.00043375,0.88,0.00043245242638973624,1.3835,60.0,109.0,0.5504587155963303,-1.0,5.0,1.38467,1.38117,2.0,1.384665,-11.650000000000826,0.0,0.0,0.0,0.0,0.0,0.0,1.387155,-36.54999999999964,1.378555,49.449999999999775,1.3829799999999999,5.20000000000076,0.0,0.0,0.0,0.0,0.0,0.0,1.3853849999999999,-18.849999999999145,1.387155,-36.54999999999964,-1.0,-1.0,1.0,-1.0,0.0,-1.0,0.0,0.0,0.0,0.0,0.0,0.0,0.0,0.0,0.0,0.0,0.0,0.0,0.0,0.0,0.0,0.0,0.0,0.0,0.0,0.0,0.0,0.0,0.0,1.39771,0.0,0.0,0.0,0.0,0.0,0.0,0.0,0.0,0.0,0.0,0.0,0.0,0.0,0.0,0.0,0.0,1.0,0.0,0.0,0.0,0.10000000000000003,0.20000000000000007,1.0
1.0,0.0,0.0,0.0,0.0,0.0,0.0,0.0,0.0,0.0,0.0,0.0,0.0,0.0,0.0,0.0,1.0,0.0,0.0,0.0,-0.25881904510252157,0.9659258262890681,98.568,100.76,-2.1920000000000073,124.79015534201831,-0.022238454670887177,1.0,-1.0,1.0,0,0.0,0.0,0.6437513408326196,0.0,0.0,0.645263,0.00089504,1.58,0.000799795741465601,0.78987,72.0,109.0,0.6605504587155964,-1.0,6.0,0.79313,0.78334,2.0,0.7931349999999999,-32.64999999999962,0.0,0.0,0.0,0.0,0.0,0.0,0.7959499999999999,-60.79999999999974,0.7950999999999999,-52.29999999999957,0.789935,-0.6500000000009276,0.0,0.0,0.0,0.0,0.0,0.0,0.793485,-36.15000000000035,0.7959499999999999,-60.79999999999974,-1.0,-1.0,1.0,-1.0,0.0,-1.0,0.0,0.0,0.0,0.0,0.0,0.0,0.0,0.0,0.0,0.0,0.0,0.0,0.0,0.0,0.0,0.0,0.0,0.0,1.0,0.0,0.0,0.79763,0.0,0.0,0.0,0.0,0.0,0.0,0.0,0.0,0.0,0.0,0.0,0.0,0.0,0.0,0.0,0.0,0.0,1.0,1.0,0.0,0.0,0.0,0.10000000000000003,0.20000000000000007,0.0
1.0,0.0,0.0,0.0,0.0,0.0,0.0,0.0,0.0,0.0,0.0,0.0,0.0,0.0,0.0,0.0,0.0,1.0,0.0,0.0,-0.25881904510252157,0.9659258262890681,98.767,100.76,-1.9930000000000092,84.50941636505208,-0.020178804661476094,0.0,-1.0,-0.0,0,0.0,13.446570423638512,0.5445766129933048,0.0,0.0,0.831231,0.00082244,3.75,0.0005456591070901461,1.16871,0.0,109.0,0.0,0.0,0.0,0.0,0.0,0.0,1.170955,-22.450000000000525,0.0,0.0,0.0,0.0,0.0,0.0,1.1672850000000001,14.249999999997875,1.16926,-5.5000000000005045,1.170955,-22.450000000000525,0.0,0.0,0.0,0.0,0.0,0.0,1.17224,-35.30000000000033,1.1672850000000001,14.249999999997875,0.0,1.0,-1.0,1.0,0.0,0.0,0.0,0.0,0.0,0.0,0.0,0.0,0.0,0.0,0.0,0.0,0.0,0.0,0.0,0.0,0.0,0.0,0.0,0.0,0.0,0.0,1.15771,0.0,0.0,0.0,0.0,0.0,0.0,0.0,0.0,0.0,0.0,0.0,0.0,0.0,0.0,0.0,0.0,1.0,0.0,1.0,0.0,1.0,0.0,0.0,0.0,0.0,-1.0
1.0,0.0,0.0,0.0,0.0,0.0,0.0,0.0,0.0,0.0,0.0,0.0,0.0,0.0,0.0,0.0,0.0,1.0,0.0,0.0,-0.25881904510252157,0.9659258262890681,98.767,100.76,-1.9930000000000092,73.54699868196677,-0.020178804661476094,0.0,-1.0,-0.0,0,0.0,2.3244149481738474,0.5064586021595973,0.0,0.0,0.656374,0.00087193,1.65,0.0007152818860346442,1.34291,0.0,109.0,0.0,0.0,0.0,0.0,0.0,0.0,1.343,-0.8999999999992347,0.0,0.0,0.0,0.0,0.0,0.0,1.3415249999999999,13.850000000001916,1.343945,-10.349999999998971,1.34343,-5.199999999998539,0.0,0.0,0.0,0.0,0.0,0.0,1.344295,-13.849999999999696,1.34169,12.199999999999989,1.0,1.0,-1.0,-1.0,0.0,0.0,0.0,0.0,0.0,0.0,0.0,0.0,0.0,0.0,0.0,0.0,0.0,0.0,0.0,0.0,0.0,0.0,0.0,0.0,1.0,0.0,1.33392,0.0,0.0,0.0,0.0,0.0,0.0,0.0,0.0,0.0,0.0,0.0,0.0,0.0,0.0,0.0,0.0,1.0,0.0,0.0,0.0,1.0,0.0,0.0,0.0,0.0,-1.0
1.0,1.0,0.0,0.0,0.0,0.0,0.0,0.0,0.0,0.0,0.0,0.0,0.0,0.0,0.0,0.0,0.0,1.0,0.0,0.0,-0.25881904510252157,0.9659258262890681,98.767,100.76,-1.9930000000000092,0.6239111071805336,-0.020178804661476094,1.0,-1.0,-1.0,0,0.0,55.009282434839825,0.5212915248930334,0.5282,0.4718,0.510556,0.00083603,1.03,0.000833440025282282,158.303,72.0,109.0,0.6605504587155964,1.0,6.0,158.15,158.609,2.0,158.139,16.399999999998727,0.0,0.0,0.0,0.0,0.0,0.0,158.15,15.299999999999159,156.923,137.99999999999955,158.147,15.600000000000591,0.0,0.0,0.0,0.0,0.0,0.0,157.99900000000002,30.399999999997362,158.0875,21.54999999999916,1.0,-1.0,1.0,1.0,0.0,1.0,0.0,0.0,0.0,0.0,0.0,0.0,0.0,0.0,0.0,0.0,0.0,0.0,0.0,0.0,0.0,0.0,0.0,0.0,0.0,0.0,0.0,0.0,0.0,0.0,155.279,0.0,0.0,0.0,0.0,0.0,0.0,0.0,0.0,0.0,0.0,0.0,0.0,0.0,0.0,0.0,1.0,0.0,0.0,0.0,0.10000000000000003,0.20000000000000007,1.0
1.0,0.0,0.0,0.0,0.0,0.0,0.0,0.0,0.0,0.0,0.0,0.0,0.0,0.0,0.0,0.0,0.0,1.0,0.0,0.0,-0.25881904510252157,0.9659258262890681,98.767,100.76,-1.9930000000000092,146.04885694851092,-0.020178804661476094,0.0,-1.0,-1.0,0,0.0,14.495047707061708,0.5831754684327034,0.4974,0.213,0.58498,0.00080912,1.29,0.0007179996539345391,0.67626,84.0,109.0,0.7706422018348624,1.0,7.0,0.67525,0.67827,2.0,0.6752549999999999,10.050000000000336,0.0,0.0,0.0,0.0,0.0,0.0,0.672265,39.949999999999704,0.668505,77.54999999999956,0.676535,-2.7500000000002522,0.0,0.0,0.0,0.0,0.0,0.0,0.6751400000000001,11.199999999998989,0.67206,41.999999999999815,1.0,1.0,1.0,1.0,0.0,1.0,0.0,0.0,0.0,0.0,0.0,0.0,0.0,0.0,0.0,0.0,0.0,0.0,0.0,0.0,0.0,0.0,0.0,0.0,0.0,0.0,0.0,0.0,0.0,0.0,0.0,0.0,0.0,0.0,0.0,0.0,0.0,0.0,0.0,0.0,0.0,0.0,0.0,0.0,1.0,0.0,0.0,0.0,0.0,0.0,0.10000000000000003,0.20000000000000007,1.0
1.0,0.0,0.0,0.0,0.0,0.0,0.0,0.0,0.0,0.0,0.0,0.0,0.0,0.0,0.0,0.0,0.0,1.0,0.0,0.0,-0.25881904510252157,0.9659258262890681,98.767,100.76,-1.9930000000000092,71.4078112121694,-0.020178804661476094,0.0,-1.0,-0.0,0,0.0,5.6078065517990865,0.6522619515251071,0.0,0.0,0.673246,0.00050939,1.75,0.0005090113062577306,1.38314,0.0,109.0,0.0,0.0,0.0,0.0,0.0,0.0,1.381415,17.249999999999766,0.0,0.0,0.0,0.0,0.0,0.0,1.38571,-25.699999999999612,1.378555,45.85000000000061,1.38127,18.700000000000383,0.0,0.0,0.0,0.0,0.0,0.0,1.381415,17.249999999999766,1.38571,-25.699999999999612,-1.0,-1.0,1.0,-1.0,0.0,-1.0,0.0,0.0,0.0,0.0,0.0,0.0,0.0,0.0,0.0,0.0,0.0,0.0,0.0,0.0,0.0,0.0,0.0,0.0,0.0,0.0,0.0,0.0,0.0,1.39771,0.0,0.0,0.0,0.0,0.0,0.0,0.0,0.0,0.0,0.0,0.0,0.0,1.0,0.0,0.0,0.0,1.0,0.0,0.0,0.0,0.0,0.0,-1.0
1.0,0.0,0.0,0.0,0.0,0.0,0.0,0.0,0.0,0.0,0.0,0.0,0.0,0.0,0.0,0.0,0.0,1.0,0.0,0.0,-0.25881904510252157,0.9659258262890681,98.767,100.76,-1.9930000000000092,124.15869464103885,-0.020178804661476094,0.0,-1.0,-0.0,0,0.0,25.32664386032277,0.6104857561372506,0.0,0.0,0.708317,0.00110237,2.01,0.0010332129617379377,0.79549,0.0,109.0,0.0,0.0,0.0,0.0,0.0,0.0,0.79263,28.600000000000847,0.0,0.0,0.0,0.0,0.0,0.0,0.7959499999999999,-4.599999999999049,0.7950999999999999,3.900000000001125,0.793115,23.75000000000016,0.0,0.0,0.0,0.0,0.0,0.0,0.79235,31.40000000000032,0.7959499999999999,-4.599999999999049,1.0,-1.0,1.0,-1.0,0.0,0.0,0.0,0.0,0.0,0.0,0.0,0.0,0.0,0.0,0.0,0.0,0.0,0.0,0.0,0.0,0.0,0.0,0.0,0.0,1.0,0.0,0.0,0.0,0.0,0.0,0.0,0.0,0.0,0.0,0.0,0.0,0.0,0.0,0.0,0.0,0.0,0.0,0.0,1.0,0.0,0.0,1.0,0.0,0.0,0.0,0.0,0.0,-1.0
1.0,0.0,0.0,0.0,0.0,0.0,0.0,0.0,0.0,0.0,0.0,0.0,0.0,0.0,0.0,0.0,0.0,0.0,1.0,0.0,-0.25881904510252157,0.9659258262890681,98.276,100.76,-2.484000000000009,83.61068572400885,-0.025275753998941847,0.0,-1.0,-1.0,0,0.0,14.766004491733161,0.7933393843504145,0.3118,0.054,0.783747,0.00068257,2.84,0.0005091071473259221,1.1754,72.0,109.0,0.6605504587155964,1.0,6.0,1.17124,1.18371,2.0,1.1712449999999999,41.550000000001305,0.0,0.0,0.0,0.0,0.0,0.0,1.1672850000000001,81.14999999999873,1.16926,61.40000000000035,1.172885,25.15000000000045,0.0,0.0,0.0,0.0,0.0,0.0,1.1712449999999999,41.550000000001305,1.1672850000000001,81.14999999999873,1.0,1.0,-1.0,1.0,0.0,1.0,0.0,0.0,0.0,0.0,0.0,0.0,0.0,0.0,0.0,0.0,0.0,0.0,0.0,0.0,0.0,0.0,0.0,0.0,1.0,0.0,1.1663999999999999,0.0,1.16403,0.0,0.0,0.0,0.0,0.0,0.0,0.0,0.0,0.0,0.0,0.0,0.0,0.0,0.0,0.0,0.0,0.0,0.0,0.0,0.0,0.0,0.10000000000000003,0.20000000000000007,1.0
1.0,0.0,0.0,0.0,0.0,0.0,0.0,0.0,0.0,0.0,0.0,0.0,0.0,0.0,0.0,0.0,0.0,0.0,1.0,0.0,-0.25881904510252157,0.9659258262890681,98.276,100.76,-2.484000000000009,72.78355860025921,-0.025275753998941847,0.0,-1.0,-1.0,0,0.0,63.26451482943645,0.41978461939534406,0.4358,0.1482,0.533934,0.00081569,1.1,0.0007710192967273292,1.35025,72.0,109.0,0.6605504587155964,1.0,6.0,1.3454,1.35995,2.0,1.3454,48.50000000000021,0.0,0.0,0.0,0.0,0.0,0.0,1.34229,79.59999999999967,1.343945,63.050000000000054,1.34565,45.999999999999375,0.0,0.0,0.0,0.0,0.0,0.0,1.34538,48.6999999999993,1.34229,79.59999999999967,1.0,1.0,-1.0,-1.0,0.0,1.0,0.0,0.0,0.0,0.0,0.0,0.0,0.0,0.0,0.0,0.0,0.0,0.0,0.0,0.0,0.0,0.0,0.0,0.0,1.0,0.0,0.0,0.0,1.3401399999999999,0.0,0.0,0.0,0.0,0.0,0.0,0.0,0.0,0.0,0.0,0.0,0.0,0.0,0.0,0.0,0.0,0.0,0.0,1.0,0.0,0.0,0.10000000000000003,0.20000000000000007,1.0
1.0,1.0,0.0,0.0,0.0,0.0,0.0,0.0,0.0,0.0,0.0,0.0,0.0,0.0,0.0,0.0,0.0,0.0,1.0,0.0,-0.25881904510252157,0.9659258262890681,98.276,100.76,-2.484000000000009,0.6203587976113825,-0.025275753998941847,1.0,-1.0,-1.0,0,0.0,20.511574236879767,0.5425566307799686,0.508,0.492,0.561082,0.00079237,1.2,0.0007887109391001027,158.418,72.0,109.0,0.6605504587155964,1.0,6.0,158.1575,158.939,2.0,158.5325,-11.44999999999925,0.0,0.0,0.0,0.0,0.0,0.0,158.1575,26.05000000000075,156.923,149.50000000000045,158.5455,-12.749999999999773,0.0,0.0,0.0,0.0,0.0,0.0,158.31900000000002,9.899999999998954,158.438,-1.999999999998181,1.0,1.0,1.0,1.0,0.0,1.0,0.0,0.0,0.0,0.0,0.0,0.0,0.0,0.0,0.0,0.0,0.0,0.0,0.0,0.0,0.0,0.0,0.0,0.0,0.0,0.0,0.0,0.0,0.0,0.0,155.279,0.0,0.0,0.0,0.0,0.0,0.0,0.0,0.0,0.0,0.0,0.0,1.0,0.0,1.0,0.0,1.0,0.0,0.0,0.0,0.10000000000000003,0.20000000000000007,1.0
1.0,0.0,0.0,0.0,0.0,0.0,0.0,0.0,0.0,0.0,0.0,0.0,0.0,0.0,0.0,0.0,0.0,0.0,1.0,0.0,-0.25881904510252157,0.9659258262890681,98.276,100.76,-2.484000000000009,143.6510604709631,-0.025275753998941847,0.0,-1.0,-1.0,0,0.0,0.0,0.4925449644270613,0.0,0.0,0.455,0.00093644,0.88,0.0009331706108656873,0.68413,84.0,109.0,0.7706422018348624,1.0,7.0,0.67989,0.69261,2.0,0.67989,42.40000000000022,0.0,0.0,0.0,0.0,0.0,0.0,0.67559,85.39999999999992,0.67183,122.99999999999977,0.682465,16.650000000000276,0.0,0.0,0.0,0.0,0.0,0.0,0.6793800000000001,47.49999999999921,0.675565,85.65000000000045,1.0,1.0,1.0,1.0,0.0,1.0,0.0,0.0,0.0,0.0,0.0,0.0,0.0,0.0,0.0,0.0,0.0,0.0,0.0,0.0,0.0,0.0,0.0,0.0,2.0,0.0,0.67536,0.0,0.0,0.0,0.0,0.0,0.0,0.0,0.0,0.0,0.0,0.0,0.0,0.0,0.0,0.0,0.0,0.0,1.0,0.0,0.0,0.0,0.0,0.0,0.10000000000000003,0.20000000000000007,1.0
1.0,0.0,0.0,0.0,0.0,0.0,0.0,0.0,0.0,0.0,0.0,0.0,0.0,0.0,0.0,0.0,0.0,0.0,1.0,0.0,-0.25881904510252157,0.9659258262890681,98.276,100.76,-2.484000000000009,71.2780231655751,-0.025275753998941847,1.0,-1.0,1.0,0,0.0,31.476759520751912,0.7234331478006177,0.519,0.2222,0.63383,0.0005165,1.52,0.0005146388338345268,1.37877,60.0,109.0,0.5504587155963303,-1.0,5.0,1.38137,1.37356,2.0,1.3813749999999998,-26.049999999997464,0.0,0.0,0.0,0.0,0.0,0.0,1.385575,-68.0499999999995,1.378555,2.1500000000007624,1.38018,-14.099999999999113,0.0,0.0,0.0,0.0,0.0,0.0,1.3813749999999998,-26.049999999997464,1.385575,-68.0499999999995,-1.0,-1.0,1.0,-1.0,0.0,-1.0,0.0,0.0,0.0,0.0,0.0,0.0,0.0,0.0,0.0,0.0,0.0,0.0,0.0,0.0,0.0,0.0,0.0,0.0,0.0,0.0,0.0,0.0,0.0,1.39771,0.0,0.0,0.0,0.0,0.0,0.0,0.0,0.0,0.0,0.0,0.0,0.0,0.0,0.0,0.0,1.0,1.0,0.0,0.0,0.0,0.10000000000000003,0.20000000000000007,1.0
1.0,0.0,0.0,0.0,0.0,0.0,0.0,0.0,0.0,0.0,0.0,0.0,0.0,0.0,0.0,0.0,0.0,0.0,1.0,0.0,-0.25881904510252157,0.9659258262890681,98.276,100.76,-2.484000000000009,124.54661817075797,-0.025275753998941847,1.0,-1.0,1.0,0,0.0,17.2677923747641,0.7974609681580308,0.1774,0.0128,0.820121,0.0010188,3.5,0.0007687546842617376,0.78907,72.0,109.0,0.6605504587155964,-1.0,6.0,0.79283,0.78154,2.0,0.792835,-37.649999999999075,0.0,0.0,0.0,0.0,0.0,0.0,0.795715,-66.44999999999901,0.7950999999999999,-60.29999999999869,0.7910900000000001,-20.200000000000216,0.0,0.0,0.0,0.0,0.0,0.0,0.7929200000000001,-38.5000000000002,0.7959499999999999,-68.79999999999886,-1.0,-1.0,1.0,-1.0,0.0,-1.0,0.0,0.0,0.0,0.0,0.0,0.0,0.0,0.0,0.0,0.0,0.0,0.0,0.0,0.0,0.0,0.0,0.0,0.0,0.0,0.79643,0.0,0.79763,0.0,0.0,0.0,0.0,0.0,0.0,0.0,0.0,0.0,0.0,0.0,0.0,0.0,0.0,0.0,0.0,0.0,0.0,0.0,0.0,0.0,0.0,0.10000000000000003,0.20000000000000007,1.0
1.0,0.0,0.0,0.0,0.0,0.0,0.0,0.0,0.0,0.0,0.0,0.0,0.0,0.0,0.0,0.0,0.0,0.0,0.0,1.0,-0.25881904510252157,0.9659258262890681,97.496,100.76,-3.26400000000001,82.41977479457613,-0.03347829654549941,0.0,-1.0,-1.0,0,0.0,0.0,0.7000275453426303,0.0,0.0,0.786787,0.00067603,2.89,0.0007595575307310299,1.18292,72.0,109.0,0.6605504587155964,1.0,6.0,1.17809,1.19258,2.0,1.17809,48.2999999999989,0.0,0.0,0.0,0.0,0.0,0.0,1.173185,97.35000000000049,1.1705299999999998,123.90000000000123,1.178265,46.55000000000076,0.0,0.0,0.0,0.0,0.0,0.0,1.17601,69.09999999999971,1.1705299999999998,123.90000000000123,1.0,1.0,0.0,1.0,0.0,1.0,0.0,0.0,0.0,0.0,0.0,0.0,0.0,0.0,0.0,0.0,0.0,0.0,0.0,0.0,0.0,0.0,0.0,0.0,0.0,0.0,0.0,0.0,1.173,0.0,0.0,0.0,0.0,0.0,0.0,0.0,0.0,0.0,0.0,0.0,0.0,0.0,0.0,0.0,1.0,0.0,0.0,0.0,0.0,0.0,0.10000000000000003,0.20000000000000007,1.0
1.0,0.0,0.0,0.0,0.0,0.0,0.0,0.0,0.0,0.0,0.0,0.0,0.0,0.0,0.0,0.0,0.0,0.0,0.0,1.0,-0.25881904510252157,0.9659258262890681,97.496,100.76,-3.26400000000001,71.46543130241012,-0.03347829654549941,0.0,-1.0,-1.0,0,0.0,0.0,0.4703747761295963,0.0,0.0,0.618313,0.00085141,1.44,0.000811799041534248,1.3642400000000001,84.0,109.0,0.7706422018348624,1.0,7.0,1.35635,1.38003,2.0,1.3563450000000001,78.94999999999985,0.0,0.0,0.0,0.0,0.0,0.0,1.3523,119.40000000000062,1.34782,164.200000000001,1.358265,59.75000000000064,0.0,0.0,0.0,0.0,0.0,0.0,1.35232,119.20000000000152,1.34921,150.30000000000098,1.0,1.0,1.0,-1.0,0.0,1.0,0.0,0.0,0.0,0.0,0.0,0.0,0.0,0.0,0.0,0.0,0.0,0.0,0.0,0.0,0.0,0.0,0.0,0.0,2.0,0.0,0.0,0.0,1.3513899999999999,0.0,0.0,0.0,0.0,0.0,0.0,0.0,0.0,0.0,0.0,0.0,0.0,0.0,1.0,0.0,0.0,0.0,0.0,1.0,0.0,0.0,0.10000000000000003,0.20000000000000007,1.0
1.0,1.0,0.0,0.0,0.0,0.0,0.0,0.0,0.0,0.0,0.0,0.0,0.0,0.0,0.0,0.0,0.0,0.0,0.0,1.0,-0.25881904510252157,0.9659258262890681,97.496,100.76,-3.26400000000001,0.6261705051958227,-0.03347829654549941,0.0,-1.0,1.0,0,0.0,0.0,0.5535877560086958,0.0,0.0,0.82012,0.00123122,3.5,0.0013316309544154914,155.702,60.0,109.0,0.5504587155963303,-1.0,5.0,156.9835,153.139,2.0,157.42000000000002,-171.80000000000177,0.0,0.0,0.0,0.0,0.0,0.0,157.42000000000002,-171.80000000000177,156.9835,-128.1499999999994,156.97699999999998,-127.49999999999773,0.0,0.0,0.0,0.0,0.0,0.0,157.42000000000002,-171.80000000000177,157.535,-183.29999999999984,-1.0,0.0,1.0,1.0,0.0,-1.0,0.0,0.0,0.0,0.0,0.0,0.0,0.0,0.0,0.0,0.0,0.0,0.0,0.0,0.0,0.0,0.0,0.0,0.0,1.0,158.222,0.0,158.314,0.0,158.892,0.0,0.0,0.0,0.0,0.0,0.0,0.0,0.0,0.0,0.0,0.0,0.0,0.0,0.0,1.0,0.0,1.0,0.0,0.0,0.0,0.10000000000000003,0.20000000000000007,1.0
1.0,0.0,0.0,0.0,0.0,0.0,0.0,0.0,0.0,0.0,0.0,0.0,0.0,0.0,0.0,0.0,0.0,0.0,0.0,1.0,-0.25881904510252157,0.9659258262890681,97.496,100.76,-3.26400000000001,141.36821042252703,-0.03347829654549941,0.0,-1.0,-1.0,0,0.0,0.0,0.5872279311283015,0.0,0.0,0.455,0.00098012,0.88,0.0009765855154478538,0.68966,84.0,109.0,0.7706422018348624,1.0,7.0,0.68663,0.69571,2.0,0.686635,30.250000000000554,0.0,0.0,0.0,0.0,0.0,0.0,0.68003,96.30000000000027,0.67455,151.10000000000068,0.6873450000000001,23.149999999999558,0.0,0.0,0.0,0.0,0.0,0.0,0.68471,49.5000000000001,0.678285,113.75000000000024,1.0,1.0,1.0,1.0,0.0,1.0,0.0,0.0,0.0,0.0,0.0,0.0,0.0,0.0,0.0,0.0,0.0,0.0,0.0,0.0,0.0,0.0,0.0,0.0,1.0,0.0,0.67536,0.0,0.0,0.0,0.0,0.0,0.0,0.0,0.0,0.0,0.0,0.0,0.0,0.0,0.0,0.0,1.0,0.0,1.0,0.0,0.0,0.0,0.0,0.0,0.10000000000000003,0.20000000000000007,1.0
1.0,0.0,0.0,0.0,0.0,0.0,0.0,0.0,0.0,0.0,0.0,0.0,0.0,0.0,0.0,0.0,0.0,0.0,0.0,1.0,-0.25881904510252157,0.9659258262890681,97.496,100.76,-3.26400000000001,71.1545759743103,-0.03347829654549941,1.0,-1.0,1.0,0,0.0,0.0,0.6720905823838008,0.0,0.0,0.749035,0.00052617,2.4,0.0005269325939006333,1.3702,72.0,109.0,0.6605504587155964,-1.0,6.0,1.37466,1.36129,2.0,1.3746550000000002,-44.55000000000098,0.0,0.0,0.0,0.0,0.0,0.0,1.3789,-86.9999999999993,1.378555,-83.5499999999989,1.37318,-29.799999999999827,0.0,0.0,0.0,0.0,0.0,0.0,1.376335,-61.350000000000016,1.38111,-109.09999999999975,-1.0,-1.0,1.0,-1.0,0.0,-1.0,0.0,0.0,0.0,0.0,0.0,0.0,0.0,0.0,0.0,0.0,0.0,0.0,0.0,0.0,0.0,0.0,0.0,0.0,1.0,1.3838599999999999,0.0,0.0,0.0,1.39771,0.0,0.0,0.0,0.0,0.0,0.0,0.0,0.0,0.0,0.0,0.0,0.0,0.0,1.0,0.0,1.0,1.0,0.0,0.0,0.0,0.10000000000000003,0.20000000000000007,1.0
1.0,0.0,0.0,0.0,0.0,0.0,0.0,0.0,0.0,0.0,0.0,0.0,0.0,0.0,0.0,0.0,0.0,0.0,0.0,1.0,-0.25881904510252157,0.9659258262890681,97.496,100.76,-3.26400000000001,124.96923707957342,-0.03347829654549941,1.0,-1.0,1.0,0,0.0,0.0,0.7633734789629706,0.0,0.0,0.910063,0.00104566,7.36,0.0018049783059104043,0.78016,72.0,109.0,0.6605504587155964,-1.0,6.0,0.78514,0.7702,2.0,0.78514,-49.79999999999984,0.0,0.0,0.0,0.0,0.0,0.0,0.788635,-84.7500000000001,0.79145,-112.90000000000022,0.784885,-47.2500000000009,0.0,0.0,0.0,0.0,0.0,0.0,0.7864899999999999,-63.29999999999947,0.79145,-112.90000000000022,-1.0,-1.0,0.0,-1.0,0.0,-1.0,0.0,0.0,0.0,0.0,0.0,0.0,0.0,0.0,0.0,0.0,0.0,0.0,0.0,0.0,0.0,0.0,0.0,0.0,0.0,0.0,0.0,0.79763,0.0,0.0,0.0,0.0,0.0,0.0,0.0,0.0,0.0,0.0,0.0,0.0,0.0,0.0,0.0,1.0,0.0,1.0,0.0,0.0,0.0,0.0,0.10000000000000003,0.20000000000000007,1.0
1.0,0.0,0.0,0.0,0.0,0.0,0.0,0.0,0.0,0.0,0.0,0.0,0.0,0.0,0.0,1.0,0.0,0.0,0.0,0.0,-0.25881904510252157,0.9659258262890681,97.077,100.76,-3.683000000000007,81.72978160938894,-0.03793895567436166,0.0,-1.0,-1.0,0,0.0,100.0,0.9822815919982623,0.6354,0.342,0.957548,0.00093795,15.98,0.0006750787260609392,1.18778,72.0,109.0,0.6605504587155964,1.0,6.0,1.18585,1.19164,2.0,1.18585,19.299999999999873,0.0,0.0,0.0,0.0,0.0,0.0,1.17885,89.30000000000105,1.1742,135.8000000000015,1.18709,6.900000000000794,0.0,0.0,0.0,0.0,0.0,0.0,1.181845,59.350000000000236,1.1742,135.8000000000015,1.0,1.0,0.0,1.0,0.0,1.0,0.0,0.0,0.0,0.0,0.0,0.0,0.0,0.0,0.0,0.0,0.0,0.0,0.0,0.0,0.0,0.0,0.0,0.0,0.0,0.0,0.0,0.0,0.0,0.0,0.0,0.0,0.0,0.0,0.0,0.0,0.0,0.0,0.0,0.0,0.0,0.0,1.0,0.0,1.0,0.0,0.0,0.0,0.0,0.0,0.10000000000000003,0.20000000000000007,0.0
1.0,0.0,0.0,0.0,0.0,0.0,0.0,0.0,0.0,0.0,0.0,0.0,0.0,0.0,0.0,1.0,0.0,0.0,0.0,0.0,-0.25881904510252157,0.9659258262890681,97.077,100.76,-3.683000000000007,70.97309548179558,-0.03793895567436166,0.0,-1.0,-1.0,0,0.0,0.0,0.7793359360620236,0.0,0.0,0.660976,0.00088047,1.67,0.0008176000733058453,1.3678,72.0,109.0,0.6605504587155964,1.0,6.0,1.36672,1.36996,2.0,1.36672,10.799999999999699,0.0,0.0,0.0,0.0,0.0,0.0,1.355695,121.04999999999811,1.352605,151.94999999999848,1.367795,0.049999999998107114,0.0,0.0,0.0,0.0,0.0,0.0,1.36134,64.5999999999991,1.352605,151.94999999999848,1.0,1.0,0.0,1.0,0.0,1.0,0.0,0.0,0.0,0.0,0.0,0.0,0.0,0.0,0.0,0.0,0.0,0.0,0.0,0.0,0.0,0.0,0.0,0.0,2.0,0.0,0.0,0.0,1.3513899999999999,0.0,0.0,0.0,0.0,0.0,0.0,0.0,0.0,0.0,0.0,0.0,0.0,0.0,0.0,0.0,1.0,0.0,0.0,1.0,0.0,0.0,0.10000000000000003,0.20000000000000007,1.0
1.0,1.0,0.0,0.0,0.0,0.0,0.0,0.0,0.0,0.0,0.0,0.0,0.0,0.0,0.0,1.0,0.0,0.0,0.0,0.0,-0.25881904510252157,0.9659258262890681,97.077,100.76,-3.683000000000007,0.6294912946211457,-0.03793895567436166,0.0,-1.0,1.0,0,0.0,0.0,0.6931004850866668,0.0,0.0,0.946437,0.00169836,12.59,0.0011819258176934315,154.215,72.0,109.0,0.6605504587155964,-1.0,6.0,154.6305,153.384,2.0,154.63049999999998,-41.54999999999802,0.0,0.0,0.0,0.0,0.0,0.0,156.262,-204.6999999999997,156.377,-216.2000000000006,153.973,24.199999999999022,0.0,0.0,0.0,0.0,0.0,0.0,155.819,-160.3999999999985,156.377,-216.2000000000006,-1.0,-1.0,0.0,1.0,0.0,-1.0,0.0,0.0,0.0,0.0,0.0,0.0,0.0,0.0,0.0,0.0,0.0,0.0,0.0,0.0,0.0,0.0,0.0,0.0,1.0,155.866,0.0,158.314,0.0,158.892,0.0,0.0,0.0,0.0,0.0,0.0,0.0,0.0,0.0,0.0,0.0,0.0,0.0,0.0,0.0,0.0,1.0,0.0,0.0,0.0,0.10000000000000003,0.20000000000000007,0.0
1.0,0.0,0.0,0.0,0.0,0.0,0.0,0.0,0.0,0.0,0.0,0.0,0.0,0.0,0.0,1.0,0.0,0.0,0.0,0.0,-0.25881904510252157,0.9659258262890681,97.077,100.76,-3.683000000000007,140.33943879837508,-0.03793895567436166,0.0,-1.0,-1.0,0,0.0,40.89559394569696,0.7162794954266531,0.6152,0.3848,0.461111,0.00115094,0.9,0.001144993148853102,0.69173,84.0,109.0,0.7706422018348624,1.0,7.0,0.6913,0.69259,2.0,0.6913,4.299999999999304,0.0,0.0,0.0,0.0,0.0,0.0,0.683365,83.64999999999955,0.676655,150.7499999999995,0.6923900000000001,-6.6000000000010495,0.0,0.0,0.0,0.0,0.0,0.0,0.6887399999999999,29.90000000000048,0.68039,113.39999999999905,1.0,1.0,1.0,1.0,0.0,1.0,0.0,0.0,0.0,0.0,0.0,0.0,0.0,0.0,0.0,0.0,0.0,0.0,0.0,0.0,0.0,0.0,0.0,0.0,2.0,0.0,0.67536,0.0,0.0,0.0,0.0,0.0,0.0,0.0,0.0,0.0,0.0,0.0,0.0,0.0,0.0,0.0,1.0,0.0,1.0,0.0,0.0,0.0,0.0,0.0,0.10000000000000003,0.20000000000000007,0.0
1.0,0.0,0.0,0.0,0.0,0.0,0.0,0.0,0.0,0.0,0.0,0.0,0.0,0.0,0.0,1.0,0.0,0.0,0.0,0.0,-0.25881904510252157,0.9659258262890681,97.077,100.76,-3.683000000000007,70.80847277130229,-0.03793895567436166,0.0,-1.0,-0.0,0,0.0,70.5698936066628,0.9103255843233716,0.0,0.0,0.773139,0.00053187,2.69,0.0005317709593307978,1.3709799999999999,0.0,109.0,0.0,0.0,0.0,0.0,0.0,0.0,1.3695650000000001,14.14999999999722,0.0,0.0,0.0,0.0,0.0,0.0,1.375805,-48.250000000000796,1.378555,-75.7500000000011,1.36977,12.099999999999334,0.0,0.0,0.0,0.0,0.0,0.0,1.373355,-23.75000000000238,1.3800050000000001,-90.25000000000283,1.0,-1.0,1.0,-1.0,0.0,-1.0,0.0,0.0,0.0,0.0,0.0,0.0,0.0,0.0,0.0,0.0,0.0,0.0,0.0,0.0,0.0,0.0,0.0,0.0,0.0,0.0,0.0,0.0,0.0,1.39771,0.0,0.0,0.0,0.0,0.0,0.0,0.0,0.0,0.0,0.0,0.0,0.0,0.0,0.0,0.0,1.0,1.0,0.0,0.0,0.0,0.0,0.0,-1.0
1.0,0.0,0.0,0.0,0.0,0.0,0.0,0.0,0.0,0.0,0.0,0.0,0.0,0.0,0.0,1.0,0.0,0.0,0.0,0.0,-0.25881904510252157,0.9659258262890681,97.077,100.76,-3.683000000000007,124.9350081078994,-0.03793895567436166,1.0,-1.0,1.0,0,0.0,100.0,0.9710667576116278,0.6256,0.3726,0.957547,0.00146575,15.98,0.0009424626521055359,0.77702,72.0,109.0,0.6605504587155964,-1.0,6.0,0.77799,0.77508,2.0,0.77799,-9.699999999999154,0.0,0.0,0.0,0.0,0.0,0.0,0.78496,-79.39999999999947,0.7885599999999999,-115.39999999999884,0.7762100000000001,8.099999999999774,0.0,0.0,0.0,0.0,0.0,0.0,0.78225,-52.29999999999957,0.7885599999999999,-115.39999999999884,-1.0,-1.0,0.0,-1.0,0.0,-1.0,0.0,0.0,0.0,0.0,0.0,0.0,0.0,0.0,0.0,0.0,0.0,0.0,0.0,0.0,0.0,0.0,0.0,0.0,0.0,0.78176,0.0,0.0,0.0,0.0,0.0,0.0,0.0,0.0,0.0,0.0,0.0,0.0,0.0,0.0,0.0,0.0,0.0,1.0,0.0,1.0,0.0,0.0,0.0,0.0,0.10000000000000003,0.20000000000000007,1.0
1.0,0.0,0.0,0.0,0.0,0.0,0.0,0.0,0.0,0.0,0.0,0.0,0.0,0.0,0.0,0.0,1.0,0.0,0.0,0.0,-0.25881904510252157,0.9659258262890681,95.778,100.76,-4.981999999999999,79.51219107233288,-0.052016120612249146,0.0,-1.0,-1.0,0,0.0,0.0,0.7952772829410812,0.0,0.0,0.787028,0.00112932,2.89,0.001275031766457307,1.20457,72.0,109.0,0.6605504587155964,1.0,6.0,1.19667,1.22037,2.0,1.1966700000000001,78.99999999999795,0.0,0.0,0.0,0.0,0.0,0.0,1.187655,169.15000000000015,1.183005,215.64999999999833,1.199855,47.15000000000025,0.0,0.0,0.0,0.0,0.0,0.0,1.195895,86.74999999999989,1.183005,215.64999999999833,1.0,1.0,0.0,1.0,0.0,1.0,0.0,0.0,0.0,0.0,0.0,0.0,0.0,0.0,0.0,0.0,0.0,0.0,0.0,0.0,0.0,0.0,0.0,0.0,2.0,0.0,0.0,0.0,0.0,0.0,1.18349,0.0,0.0,0.0,0.0,0.0,0.0,0.0,0.0,0.0,0.0,0.0,0.0,0.0,1.0,0.0,0.0,0.0,0.0,0.0,0.10000000000000003,0.20000000000000007,0.0
1.0,0.0,0.0,0.0,0.0,0.0,0.0,0.0,0.0,0.0,0.0,0.0,0.0,0.0,0.0,0.0,1.0,0.0,0.0,0.0,-0.25881904510252157,0.9659258262890681,95.778,100.76,-4.981999999999999,69.14230849750584,-0.052016120612249146,0.0,-1.0,-1.0,0,0.0,0.0,0.7057051513429593,0.0,0.0,0.892214,0.00099259,6.08,0.0012981873973344131,1.38523,72.0,109.0,0.6605504587155964,1.0,6.0,1.37661,1.40247,2.0,1.37661,86.20000000000073,0.0,0.0,0.0,0.0,0.0,0.0,1.363495,217.3500000000006,1.360385,248.45000000000005,1.37969,55.39999999999878,0.0,0.0,0.0,0.0,0.0,0.0,1.375575,96.5499999999997,1.360385,248.45000000000005,1.0,1.0,0.0,1.0,0.0,1.0,0.0,0.0,0.0,0.0,0.0,0.0,0.0,0.0,0.0,0.0,0.0,0.0,0.0,0.0,0.0,0.0,0.0,0.0,3.0,0.0,0.0,0.0,0.0,0.0,0.0,0.0,0.0,0.0,0.0,0.0,0.0,0.0,0.0,0.0,0.0,0.0,1.0,0.0,1.0,0.0,0.0,1.0,0.0,0.0,0.10000000000000003,0.20000000000000007,0.0
1.0,1.0,0.0,0.0,0.0,0.0,0.0,0.0,0.0,0.0,0.0,0.0,0.0,0.0,0.0,0.0,1.0,0.0,0.0,0.0,-0.25881904510252157,0.9659258262890681,95.778,100.76,-4.981999999999999,0.6293648394685312,-0.052016120612249146,0.0,-1.0,1.0,0,0.0,100.0,0.8338338819806546,0.4346,0.5654,0.795155,0.0018514,3.02,0.0015998370303639264,152.182,84.0,109.0,0.7706422018348624,-1.0,7.0,153.484,149.578,2.0,153.484,-130.2000000000021,0.0,0.0,0.0,0.0,0.0,0.0,155.65750000000003,-347.55000000000393,155.7725,-359.050000000002,152.756,-57.40000000000123,0.0,0.0,0.0,0.0,0.0,0.0,153.484,-130.2000000000021,155.65750000000003,-347.55000000000393,-1.0,-1.0,-1.0,1.0,0.0,-1.0,0.0,0.0,0.0,0.0,0.0,0.0,0.0,0.0,0.0,0.0,0.0,0.0,0.0,0.0,0.0,0.0,0.0,0.0,2.0,155.866,0.0,0.0,0.0,158.892,0.0,0.0,0.0,0.0,0.0,0.0,0.0,0.0,0.0,0.0,0.0,0.0,0.0,0.0,0.0,1.0,0.0,0.0,0.0,0.0,0.10000000000000003,0.20000000000000007,0.0
1.0,0.0,0.0,0.0,0.0,0.0,0.0,0.0,0.0,0.0,0.0,0.0,0.0,0.0,0.0,0.0,1.0,0.0,0.0,0.0,-0.25881904510252157,0.9659258262890681,95.778,100.76,-4.981999999999999,136.5798705187805,-0.052016120612249146,0.0,-1.0,-1.0,0,0.0,0.0,0.6500981700328736,0.0,0.0,0.455,0.0011766,0.88,0.0011833758996083093,0.70126,84.0,109.0,0.7706422018348624,1.0,7.0,0.69586,0.71206,2.0,0.69586,53.9999999999996,0.0,0.0,0.0,0.0,0.0,0.0,0.688445,128.1500000000002,0.6808000000000001,204.59999999999923,0.6977850000000001,34.74999999999895,0.0,0.0,0.0,0.0,0.0,0.0,0.69586,53.9999999999996,0.68415,171.0999999999996,1.0,1.0,1.0,1.0,0.0,1.0,0.0,0.0,0.0,0.0,0.0,0.0,0.0,0.0,0.0,0.0,0.0,0.0,0.0,0.0,0.0,0.0,0.0,0.0,2.0,0.0,0.68939,0.0,0.0,0.0,0.0,0.0,0.0,0.0,0.0,0.0,0.0,0.0,0.0,0.0,0.0,0.0,0.0,0.0,0.0,0.0,0.0,0.0,0.0,0.0,0.10000000000000003,0.20000000000000007,0.0
1.0,0.0,0.0,0.0,0.0,0.0,0.0,0.0,0.0,0.0,0.0,0.0,0.0,0.0,0.0,0.0,1.0,0.0,0.0,0.0,-0.25881904510252157,0.9659258262890681,95.778,100.76,-4.981999999999999,70.56405269206967,-0.052016120612249146,1.0,-1.0,1.0,0,0.0,0.0,0.9027429673056029,0.0,0.0,0.923257,0.0006983,8.68,0.0010935154080909568,1.35732,72.0,109.0,0.6605504587155964,-1.0,6.0,1.36489,1.34217,2.0,1.364895,-75.74999999999888,0.0,0.0,0.0,0.0,0.0,0.0,1.3701699999999999,-128.49999999999807,1.3743699999999999,-170.49999999999787,1.361985,-46.649999999999196,0.0,0.0,0.0,0.0,0.0,0.0,1.364895,-75.74999999999888,1.3743699999999999,-170.49999999999787,-1.0,-1.0,0.0,-1.0,0.0,-1.0,0.0,0.0,0.0,0.0,0.0,0.0,0.0,0.0,0.0,0.0,0.0,0.0,0.0,0.0,0.0,0.0,0.0,0.0,2.0,0.0,0.0,0.0,0.0,1.37199,0.0,0.0,0.0,0.0,0.0,0.0,0.0,0.0,0.0,0.0,0.0,0.0,1.0,0.0,0.0,1.0,1.0,0.0,0.0,0.0,0.10000000000000003,0.20000000000000007,-1.0
1.0,0.0,0.0,0.0,0.0,0.0,0.0,0.0,0.0,0.0,0.0,0.0,0.0,0.0,0.0,0.0,1.0,0.0,0.0,0.0,-0.25881904510252157,0.9659258262890681,95.778,100.76,-4.981999999999999,125.83162541384205,-0.052016120612249146,1.0,-1.0,1.0,0,0.0,0.0,0.808768861368086,0.0,0.0,0.757527,0.00161813,2.5,0.001975026681640394,0.76116,72.0,109.0,0.6605504587155964,-1.0,6.0,0.76943,0.74463,2.0,0.769425,-82.65000000000077,0.0,0.0,0.0,0.0,0.0,0.0,0.77866,-175.0000000000007,0.78226,-211.00000000000009,0.765925,-47.65000000000019,0.0,0.0,0.0,0.0,0.0,0.0,0.7699100000000001,-87.50000000000146,0.78226,-211.00000000000009,-1.0,-1.0,0.0,-1.0,0.0,-1.0,0.0,0.0,0.0,0.0,0.0,0.0,0.0,0.0,0.0,0.0,0.0,0.0,0.0,0.0,0.0,0.0,0.0,0.0,2.0,0.78176,0.0,0.0,0.0,0.77938,0.0,0.0,0.0,0.0,0.0,0.0,0.0,0.0,0.0,0.0,0.0,0.0,1.0,0.0,0.0,1.0,0.0,0.0,0.0,0.0,0.10000000000000003,0.20000000000000007,0.0
1.0,0.0,0.0,0.0,0.0,0.0,0.0,0.0,0.0,0.0,0.0,0.0,0.0,0.0,0.0,0.0,0.0,1.0,0.0,0.0,-0.25881904510252157,0.9659258262890681,96.335,100.76,-4.425000000000011,80.59685259397457,-0.045933461358800144,0.0,-1.0,-0.0,0,0.0,0.2884211159865778,0.9242088976345532,0.0,0.0,0.455,0.00125241,0.88,0.0012485286849631427,1.19527,0.0,109.0,0.0,0.0,0.0,0.0,0.0,0.0,1.1989299999999998,-36.59999999999775,0.0,0.0,0.0,0.0,0.0,0.0,1.18969,55.800000000001404,1.183005,122.64999999999971,1.19382,14.499999999999513,0.0,0.0,0.0,0.0,0.0,0.0,1.1978499999999999,-25.799999999998047,1.183005,122.64999999999971,-1.0,1.0,0.0,1.0,0.0,1.0,0.0,0.0,0.0,0.0,0.0,0.0,0.0,0.0,0.0,0.0,0.0,0.0,0.0,0.0,0.0,0.0,0.0,0.0,0.0,0.0,1.18209,0.0,0.0,0.0,0.0,0.0,0.0,0.0,0.0,0.0,0.0,0.0,0.0,0.0,0.0,0.0,0.0,0.0,1.0,0.0,0.0,0.0,0.0,0.0,0.0,0.0,-1.0
1.0,0.0,0.0,0.0,0.0,0.0,0.0,0.0,0.0,0.0,0.0,0.0,0.0,0.0,0.0,0.0,0.0,1.0,0.0,0.0,-0.25881904510252157,0.9659258262890681,96.335,100.76,-4.425000000000011,69.75691703897871,-0.045933461358800144,0.0,-1.0,-1.0,0,0.0,20.86392343162043,0.8894448240622285,0.514,0.486,0.816425,0.00105566,3.42,0.0010098840686631758,1.38101,60.0,109.0,0.5504587155963303,1.0,5.0,1.38089,1.38125,2.0,1.38089,1.2000000000012,0.0,0.0,0.0,0.0,0.0,0.0,1.36453,164.8000000000005,1.360385,206.25000000000117,1.3780000000000001,30.09999999999957,0.0,0.0,0.0,0.0,0.0,0.0,1.377565,34.450000000001424,1.360385,206.25000000000117,-1.0,1.0,0.0,1.0,0.0,1.0,0.0,0.0,0.0,0.0,0.0,0.0,0.0,0.0,0.0,0.0,0.0,0.0,0.0,0.0,0.0,0.0,0.0,0.0,1.0,0.0,0.0,0.0,0.0,0.0,0.0,0.0,0.0,0.0,0.0,0.0,0.0,0.0,0.0,0.0,0.0,0.0,0.0,0.0,1.0,0.0,0.0,1.0,0.0,1.0,0.10000000000000003,0.20000000000000007,0.0
1.0,1.0,0.0,0.0,0.0,0.0,0.0,0.0,0.0,0.0,0.0,0.0,0.0,0.0,0.0,0.0,0.0,1.0,0.0,0.0,-0.25881904510252157,0.9659258262890681,96.335,100.76,-4.425000000000011,0.6279946023819922,-0.045933461358800144,0.0,-1.0,1.0,0,0.0,3.4351946013246306,0.9092581958875419,0.4594,0.5406,0.845162,0.00195352,4.12,0.0018071163466461355,153.401,60.0,109.0,0.5504587155963303,-1.0,5.0,155.6575,148.888,2.0,153.0675,33.3500000000015,0.0,0.0,0.0,0.0,0.0,0.0,155.65750000000003,-225.65000000000168,155.7725,-237.14999999999975,153.293,10.80000000000041,0.0,0.0,0.0,0.0,0.0,0.0,153.1415,25.950000000000273,155.65750000000003,-225.65000000000168,1.0,-1.0,-1.0,1.0,0.0,-1.0,0.0,0.0,0.0,0.0,0.0,0.0,0.0,0.0,0.0,0.0,0.0,0.0,0.0,0.0,0.0,0.0,0.0,0.0,1.0,154.876,0.0,158.314,0.0,0.0,0.0,0.0,0.0,0.0,0.0,0.0,0.0,0.0,0.0,0.0,0.0,0.0,0.0,0.0,0.0,1.0,0.0,0.0,0.0,1.0,0.10000000000000003,0.20000000000000007,0.0
1.0,0.0,0.0,0.0,0.0,0.0,0.0,0.0,0.0,0.0,0.0,0.0,0.0,0.0,0.0,0.0,0.0,1.0,0.0,0.0,-0.25881904510252157,0.9659258262890681,96.335,100.76,-4.425000000000011,136.79479715433877,-0.045933461358800144,0.0,-1.0,-1.0,0,0.0,38.87173261623047,0.8836675552238139,0.2258,0.0232,0.468354,0.00126915,0.91,0.0013014685142184684,0.70423,84.0,109.0,0.7706422018348624,1.0,7.0,0.70093,0.71083,2.0,0.70093,32.999999999999694,0.0,0.0,0.0,0.0,0.0,0.0,0.69265,115.80000000000035,0.68233,219.0000000000003,0.70097,32.600000000000406,0.0,0.0,0.0,0.0,0.0,0.0,0.698145,60.85000000000007,0.6855100000000001,187.1999999999996,1.0,1.0,1.0,1.0,0.0,1.0,0.0,0.0,0.0,0.0,0.0,0.0,0.0,0.0,0.0,0.0,0.0,0.0,0.0,0.0,0.0,0.0,0.0,0.0,0.0,0.0,0.0,0.0,0.0,0.0,0.0,0.0,0.0,0.0,0.0,0.0,0.0,0.0,0.0,0.0,0.0,0.0,0.0,0.0,0.0,0.0,0.0,0.0,0.0,0.0,0.10000000000000003,0.20000000000000007,0.0
1.0,0.0,0.0,0.0,0.0,0.0,0.0,0.0,0.0,0.0,0.0,0.0,0.0,0.0,0.0,0.0,0.0,1.0,0.0,0.0,-0.25881904510252157,0.9659258262890681,96.335,100.76,-4.425000000000011,71.06709453727268,-0.045933461358800144,1.0,-1.0,1.0,0,0.0,36.84805548502791,0.7619869275622504,0.6124,0.3436,0.836357,0.00079613,3.88,0.0008132840321973227,1.35555,72.0,109.0,0.6605504587155964,-1.0,6.0,1.35793,1.35079,2.0,1.35793,-23.800000000000487,0.0,0.0,0.0,0.0,0.0,0.0,1.36781,-122.59999999999937,1.373205,-176.54999999999976,1.35716,-16.099999999998893,0.0,0.0,0.0,0.0,0.0,0.0,1.3624800000000001,-69.30000000000103,1.373205,-176.54999999999976,-1.0,-1.0,0.0,-1.0,0.0,-1.0,0.0,0.0,0.0,0.0,0.0,0.0,0.0,0.0,0.0,0.0,0.0,0.0,0.0,0.0,0.0,0.0,0.0,0.0,0.0,0.0,0.0,0.0,0.0,1.37199,0.0,0.0,0.0,0.0,0.0,0.0,0.0,0.0,0.0,0.0,0.0,0.0,0.0,1.0,0.0,1.0,1.0,0.0,0.0,0.0,0.10000000000000003,0.20000000000000007,1.0
1.0,0.0,0.0,0.0,0.0,0.0,0.0,0.0,0.0,0.0,0.0,0.0,0.0,0.0,0.0,0.0,0.0,1.0,0.0,0.0,-0.25881904510252157,0.9659258262890681,96.335,100.76,-4.425000000000011,125.38232269988156,-0.045933461358800144,1.0,-1.0,1.0,0,0.0,5.461185017083136,0.9613038969050676,0.093,0.0006,0.503478,0.00180934,1.01,0.0017349010439278415,0.76833,60.0,109.0,0.5504587155963303,-1.0,5.0,0.77648,0.75203,2.0,0.7666,17.300000000000093,0.0,0.0,0.0,0.0,0.0,0.0,0.7764800000000001,-81.50000000000102,0.78226,-139.29999999999998,0.769685,-13.549999999999951,0.0,0.0,0.0,0.0,0.0,0.0,0.76875,-4.20000000000087,0.782195,-138.65000000000015,1.0,-1.0,-1.0,-1.0,0.0,-1.0,0.0,0.0,0.0,0.0,0.0,0.0,0.0,0.0,0.0,0.0,0.0,0.0,0.0,0.0,0.0,0.0,0.0,0.0,0.0,0.78176,0.0,0.0,0.0,0.77938,0.0,0.0,0.0,0.0,0.0,0.0,0.0,0.0,0.0,0.0,0.0,0.0,0.0,0.0,0.0,1.0,0.0,0.0,0.0,1.0,0.10000000000000003,0.20000000000000007,0.0
1.0,0.0,0.0,0.0,0.0,0.0,0.0,0.0,0.0,0.0,0.0,0.0,0.0,0.0,0.0,0.0,0.0,0.0,1.0,0.0,-0.25881904510252157,0.9659258262890681,96.172,100.76,-4.588000000000008,80.34822129764231,-0.047706193070748325,0.0,-1.0,-1.0,0,0.0,1.8638869723539466,0.9088752500577884,0.6282,0.3694,0.726813,0.00115306,2.17,0.0011504581092008008,1.1969400000000001,60.0,109.0,0.5504587155963303,1.0,5.0,1.19512,1.20057,2.0,1.195125,18.15000000000122,0.0,0.0,0.0,0.0,0.0,0.0,1.19074,62.00000000000205,1.183005,139.3500000000003,1.1939199999999999,30.200000000002447,0.0,0.0,0.0,0.0,0.0,0.0,1.1945999999999999,23.400000000002308,1.183005,139.3500000000003,-1.0,1.0,0.0,1.0,0.0,1.0,0.0,0.0,0.0,0.0,0.0,0.0,0.0,0.0,0.0,0.0,0.0,0.0,0.0,0.0,0.0,0.0,0.0,0.0,0.0,0.0,0.0,0.0,0.0,0.0,0.0,0.0,0.0,0.0,0.0,0.0,0.0,0.0,0.0,0.0,0.0,0.0,0.0,1.0,0.0,0.0,0.0,0.0,0.0,1.0,0.10000000000000003,0.20000000000000007,0.0
1.0,0.0,0.0,0.0,0.0,0.0,0.0,0.0,0.0,0.0,0.0,0.0,0.0,0.0,0.0,0.0,0.0,0.0,1.0,0.0,-0.25881904510252157,0.9659258262890681,96.172,100.76,-4.588000000000008,69.63082024660251,-0.047706193070748325,0.0,-1.0,-1.0,0,0.0,9.431320572352652,0.7909543797600873,0.605,0.395,0.551853,0.00117692,1.17,0.0010958528048490305,1.38117,60.0,109.0,0.5504587155963303,1.0,5.0,1.37948,1.38454,2.0,1.3794849999999999,16.850000000001586,0.0,0.0,0.0,0.0,0.0,0.0,1.36944,117.30000000000018,1.360385,207.85000000000053,1.3788,23.699999999999832,0.0,0.0,0.0,0.0,0.0,0.0,1.3794849999999999,16.850000000001586,1.360385,207.85000000000053,-1.0,1.0,0.0,1.0,0.0,1.0,0.0,0.0,0.0,0.0,0.0,0.0,0.0,0.0,0.0,0.0,0.0,0.0,0.0,0.0,0.0,0.0,0.0,0.0,1.0,0.0,0.0,0.0,0.0,0.0,0.0,0.0,0.0,0.0,0.0,0.0,0.0,0.0,0.0,0.0,0.0,0.0,0.0,0.0,0.0,0.0,0.0,0.0,0.0,1.0,0.10000000000000003,0.20000000000000007,0.0
1.0,1.0,0.0,0.0,0.0,0.0,0.0,0.0,0.0,0.0,0.0,0.0,0.0,0.0,0.0,0.0,0.0,0.0,1.0,0.0,-0.25881904510252157,0.9659258262890681,96.172,100.76,-4.588000000000008,0.6281687012978531,-0.047706193070748325,0.0,-1.0,1.0,0,0.0,3.9081845373489665,0.8030813667017924,0.4632,0.5368,0.510556,0.00130515,1.03,0.0012990418141805703,153.099,84.0,109.0,0.7706422018348624,-1.0,7.0,153.125,153.047,2.0,153.125,-2.600000000001046,0.0,0.0,0.0,0.0,0.0,0.0,155.2145,-211.54999999999973,155.7725,-267.35000000000184,153.093,0.6000000000000227,0.0,0.0,0.0,0.0,0.0,0.0,153.196,-9.700000000000841,155.65750000000003,-255.85000000000377,-1.0,-1.0,-1.0,1.0,0.0,-1.0,0.0,0.0,0.0,0.0,0.0,0.0,0.0,0.0,0.0,0.0,0.0,0.0,0.0,0.0,0.0,0.0,0.0,0.0,0.0,154.876,0.0,158.314,0.0,0.0,0.0,0.0,0.0,0.0,0.0,0.0,0.0,0.0,0.0,0.0,0.0,0.0,1.0,0.0,0.0,1.0,0.0,1.0,0.0,0.0,0.10000000000000003,0.20000000000000007,1.0
1.0,0.0,0.0,0.0,0.0,0.0,0.0,0.0,0.0,0.0,0.0,0.0,0.0,0.0,0.0,0.0,0.0,0.0,1.0,0.0,-0.25881904510252157,0.9659258262890681,96.172,100.76,-4.588000000000008,136.40837978525735,-0.047706193070748325,0.0,-1.0,-1.0,0,0.0,12.829950813565342,0.8691438308661934,0.6024,0.3088,0.949982,0.00200364,13.51,0.0029897143286717184,0.70503,72.0,109.0,0.6605504587155964,1.0,6.0,0.70314,0.70881,2.0,0.70314,18.90000000000058,0.0,0.0,0.0,0.0,0.0,0.0,0.69711,79.20000000000039,0.68739,176.400000000001,0.7025600000000001,24.699999999999722,0.0,0.0,0.0,0.0,0.0,0.0,0.70314,18.90000000000058,0.688075,169.55000000000052,-1.0,1.0,1.0,1.0,0.0,1.0,0.0,0.0,0.0,0.0,0.0,0.0,0.0,0.0,0.0,0.0,0.0,0.0,0.0,0.0,0.0,0.0,0.0,0.0,1.0,0.0,0.0,0.0,0.0,0.0,0.0,0.0,0.0,0.0,0.0,0.0,0.0,0.0,0.0,0.0,0.0,0.0,1.0,0.0,1.0,0.0,0.0,0.0,0.0,1.0,0.10000000000000003,0.20000000000000007,0.0
1.0,0.0,0.0,0.0,0.0,0.0,0.0,0.0,0.0,0.0,0.0,0.0,0.0,0.0,0.0,0.0,0.0,0.0,1.0,0.0,-0.25881904510252157,0.9659258262890681,96.172,100.76,-4.588000000000008,71.29238387522423,-0.047706193070748325,1.0,-1.0,1.0,0,0.0,49.99606159297387,0.7583448984242899,0.5622,0.2726,0.784044,0.0009998,2.85,0.0009664324783546572,1.34898,72.0,109.0,0.6605504587155964,-1.0,6.0,1.35311,1.34071,2.0,1.3531149999999998,-41.34999999999778,0.0,0.0,0.0,0.0,0.0,0.0,1.36273,-137.4999999999993,1.37066,-216.79999999999922,1.3531149999999998,-41.34999999999778,0.0,0.0,0.0,0.0,0.0,0.0,1.354615,-56.349999999998346,1.3700700000000001,-210.90000000000055,0.0,-1.0,-1.0,-1.0,0.0,-1.0,0.0,0.0,0.0,0.0,0.0,0.0,0.0,0.0,0.0,0.0,0.0,0.0,0.0,0.0,0.0,0.0,0.0,0.0,1.0,0.0,0.0,0.0,0.0,0.0,0.0,0.0,0.0,0.0,0.0,0.0,0.0,0.0,0.0,0.0,0.0,0.0,0.0,0.0,0.0,1.0,1.0,0.0,0.0,0.0,0.10000000000000003,0.20000000000000007,0.0
1.0,0.0,0.0,0.0,0.0,0.0,0.0,0.0,0.0,0.0,0.0,0.0,0.0,0.0,0.0,0.0,0.0,0.0,1.0,0.0,-0.25881904510252157,0.9659258262890681,96.172,100.76,-4.588000000000008,125.82194021063648,-0.047706193070748325,1.0,-1.0,1.0,0,0.0,5.877476251682419,0.8963041518030105,0.4252,0.1404,0.455,0.00148361,0.88,0.001480941323256513,0.76435,72.0,109.0,0.6605504587155964,-1.0,6.0,0.76727,0.75851,2.0,0.76727,-29.200000000000337,0.0,0.0,0.0,0.0,0.0,0.0,0.775695,-113.4500000000005,0.78226,-179.09999999999982,0.76727,-29.200000000000337,0.0,0.0,0.0,0.0,0.0,0.0,0.7683450000000001,-39.95000000000082,0.781325,-169.75000000000074,0.0,-1.0,-1.0,-1.0,0.0,-1.0,0.0,0.0,0.0,0.0,0.0,0.0,0.0,0.0,0.0,0.0,0.0,0.0,0.0,0.0,0.0,0.0,0.0,0.0,0.0,0.0,0.0,0.0,0.0,0.0,0.0,0.0,0.0,0.0,0.0,0.0,0.0,0.0,0.0,0.0,0.0,0.0,1.0,0.0,0.0,0.0,0.0,0.0,0.0,0.0,0.10000000000000003,0.20000000000000007,0.0
1.0,0.0,0.0,0.0,0.0,0.0,0.0,0.0,0.0,0.0,0.0,0.0,0.0,0.0,0.0,0.0,0.0,0.0,0.0,1.0,-0.25881904510252157,0.9659258262890681,97.108,100.76,-3.652000000000001,81.94283881964779,-0.0376076121431808,1.0,-1.0,1.0,0,0.0,31.876275498830704,0.7083734717979284,0.3996,0.1184,0.455,0.00122077,0.88,0.0012170961668348287,1.18507,60.0,109.0,0.5504587155963303,-1.0,5.0,1.19121,1.17279,2.0,1.1912099999999999,-61.39999999999812,0.0,0.0,0.0,0.0,0.0,0.0,1.19664,-115.69999999999858,1.183005,20.649999999999835,1.18872,-36.49999999999931,0.0,0.0,0.0,0.0,0.0,0.0,1.1912099999999999,-61.39999999999812,1.18577,-6.999999999999229,-1.0,-1.0,1.0,1.0,0.0,-1.0,0.0,0.0,0.0,0.0,0.0,0.0,0.0,0.0,0.0,0.0,0.0,0.0,0.0,0.0,0.0,0.0,0.0,0.0,0.0,0.0,0.0,0.0,0.0,0.0,0.0,0.0,0.0,0.0,0.0,0.0,0.0,0.0,0.0,0.0,0.0,0.0,1.0,0.0,0.0,1.0,0.0,0.0,0.0,0.0,0.10000000000000003,0.20000000000000007,-1.0
1.0,0.0,0.0,0.0,0.0,0.0,0.0,0.0,0.0,0.0,0.0,0.0,0.0,0.0,0.0,0.0,0.0,0.0,0.0,1.0,-0.25881904510252157,0.9659258262890681,97.108,100.76,-3.652000000000001,70.97085391878856,-0.0376076121431808,1.0,-1.0,1.0,0,0.0,61.163298565814614,0.5140212276122031,0.5104,0.206,0.503478,0.00122493,1.01,0.0011809269470023618,1.36828,60.0,109.0,0.5504587155963303,-1.0,5.0,1.37467,1.3555,2.0,1.37467,-63.90000000000118,0.0,0.0,0.0,0.0,0.0,0.0,1.376325,-80.4500000000008,1.360385,78.94999999999985,1.37232,-40.40000000000043,0.0,0.0,0.0,0.0,0.0,0.0,1.375645,-73.65000000000066,1.363475,48.049999999999486,-1.0,-1.0,1.0,1.0,0.0,-1.0,0.0,0.0,0.0,0.0,0.0,0.0,0.0,0.0,0.0,0.0,0.0,0.0,0.0,0.0,0.0,0.0,0.0,0.0,1.0,1.38338,0.0,0.0,0.0,0.0,0.0,0.0,0.0,0.0,0.0,0.0,0.0,0.0,0.0,0.0,0.0,0.0,0.0,1.0,0.0,1.0,0.0,0.0,0.0,0.0,0.10000000000000003,0.20000000000000007,-1.0
1.0,1.0,0.0,0.0,0.0,0.0,0.0,0.0,0.0,0.0,0.0,0.0,0.0,0.0,0.0,0.0,0.0,0.0,0.0,1.0,-0.25881904510252157,0.9659258262890681,97.108,100.76,-3.652000000000001,0.6274504736182366,-0.0376076121431808,1.0,-1.0,-1.0,0,0.0,27.228504831253332,0.5925148478570847,0.5614,0.4386,0.521667,0.00117299,1.07,0.001169488762135914,154.766,60.0,109.0,0.5504587155963303,1.0,5.0,153.826,156.646,2.0,153.826,93.99999999999977,0.0,0.0,0.0,0.0,0.0,0.0,153.484,128.19999999999823,155.7725,-100.65000000000168,154.38799999999998,37.80000000000143,0.0,0.0,0.0,0.0,0.0,0.0,153.733,103.2999999999987,155.65750000000003,-89.15000000000362,1.0,1.0,-1.0,1.0,0.0,1.0,0.0,0.0,0.0,0.0,0.0,0.0,0.0,0.0,0.0,0.0,0.0,0.0,0.0,0.0,0.0,0.0,0.0,0.0,0.0,0.0,152.648,156.632,0.0,0.0,0.0,0.0,0.0,0.0,0.0,0.0,0.0,0.0,0.0,0.0,0.0,0.0,0.0,0.0,0.0,0.0,0.0,1.0,0.0,0.0,0.10000000000000003,0.20000000000000007,1.0
1.0,0.0,0.0,0.0,0.0,0.0,0.0,0.0,0.0,0.0,0.0,0.0,0.0,0.0,0.0,0.0,0.0,0.0,0.0,1.0,-0.25881904510252157,0.9659258262890681,97.108,100.76,-3.652000000000001,139.474893714811,-0.0376076121431808,0.0,-1.0,-0.0,0,0.0,56.63284426199503,0.6779938829338791,0.0,0.0,0.479332,0.00224765,0.94,0.0021975989176712166,0.69624,0.0,109.0,0.0,0.0,0.0,0.0,0.0,0.0,0.69975,-35.10000000000013,0.0,0.0,0.0,0.0,0.0,0.0,0.6997599999999999,-35.199999999999676,0.68767,85.69999999999966,0.69831,-20.700000000000163,0.0,0.0,0.0,0.0,0.0,0.0,0.70111,-48.70000000000041,0.690025,62.14999999999971,-1.0,1.0,1.0,1.0,0.0,-1.0,0.0,0.0,0.0,0.0,0.0,0.0,0.0,0.0,0.0,0.0,0.0,0.0,0.0,0.0,0.0,0.0,0.0,0.0,0.0,0.70823,0.0,0.0,0.0,0.0,0.0,0.0,0.0,0.0,0.0,0.0,0.0,0.0,0.0,0.0,0.0,0.0,0.0,1.0,0.0,1.0,0.0,0.0,0.0,0.0,0.0,0.0,-1.0
1.0,0.0,0.0,0.0,0.0,0.0,0.0,0.0,0.0,0.0,0.0,0.0,0.0,0.0,0.0,0.0,0.0,0.0,0.0,1.0,-0.25881904510252157,0.9659258262890681,97.108,100.76,-3.652000000000001,71.30384979697332,-0.0376076121431808,0.0,-1.0,-0.0,0,0.0,71.3147538143143,0.4830079409192165,0.0,0.0,0.672087,0.00113319,1.74,0.0011528426799662617,1.36189,0.0,109.0,0.0,0.0,0.0,0.0,0.0,0.0,1.355205,66.85000000000052,0.0,0.0,0.0,0.0,0.0,0.0,1.36103,8.60000000000083,1.370505,-86.15000000000039,1.35671,51.79999999999963,0.0,0.0,0.0,0.0,0.0,0.0,1.355205,66.85000000000052,1.368015,-61.24999999999936,1.0,-1.0,-1.0,-1.0,0.0,1.0,0.0,0.0,0.0,0.0,0.0,0.0,0.0,0.0,0.0,0.0,0.0,0.0,0.0,0.0,0.0,0.0,0.0,0.0,0.0,0.0,0.0,0.0,0.0,0.0,0.0,0.0,0.0,0.0,0.0,0.0,0.0,0.0,0.0,0.0,0.0,0.0,0.0,0.0,0.0,0.0,1.0,0.0,0.0,0.0,0.0,0.0,-1.0
1.0,0.0,0.0,0.0,0.0,0.0,0.0,0.0,0.0,0.0,0.0,0.0,0.0,0.0,0.0,0.0,0.0,0.0,0.0,1.0,-0.25881904510252157,0.9659258262890681,97.108,100.76,-3.652000000000001,125.63621543994928,-0.0376076121431808,0.0,-1.0,-0.0,0,0.0,64.15010089149989,0.6977894002610183,0.0,0.0,0.455,0.00147123,0.88,0.001466529916707951,0.77293,0.0,109.0,0.0,0.0,0.0,0.0,0.0,0.0,0.7684,45.30000000000034,0.0,0.0,0.0,0.0,0.0,0.0,0.769425,35.049999999999805,0.78226,-93.2999999999995,0.770465,24.650000000000503,0.0,0.0,0.0,0.0,0.0,0.0,0.7684,45.30000000000034,0.7794449999999999,-65.14999999999938,1.0,-1.0,-1.0,-1.0,0.0,1.0,0.0,0.0,0.0,0.0,0.0,0.0,0.0,0.0,0.0,0.0,0.0,0.0,0.0,0.0,0.0,0.0,0.0,0.0,0.0,0.0,0.0,0.0,0.0,0.0,0.0,0.0,0.0,0.0,0.0,0.0,0.0,0.0,0.0,0.0,0.0,0.0,0.0,0.0,0.0,0.0,0.0,0.0,0.0,0.0,0.0,0.0,-1.0
1.0,0.0,0.0,0.0,0.0,0.0,0.0,0.0,0.0,0.0,0.0,0.0,0.0,0.0,0.0,1.0,0.0,0.0,0.0,0.0,-0.25881904510252157,0.9659258262890681,97.567,100.76,-3.193000000000012,82.75683653389427,-0.032726229155349784,1.0,-1.0,1.0,0,0.0,71.13710759984943,0.44050623554988566,0.5508,0.2764,0.476182,0.00111354,0.93,0.0010933888276059827,1.17896,72.0,109.0,0.6605504587155964,-1.0,6.0,1.18254,1.17181,2.0,1.1825350000000001,-35.75000000000106,0.0,0.0,0.0,0.0,0.0,0.0,1.19295,-139.89999999999947,1.183005,-40.45000000000076,1.181305,-23.450000000000415,0.0,0.0,0.0,0.0,0.0,0.0,1.1865350000000001,-75.7500000000011,1.187655,-86.94999999999897,-1.0,-1.0,1.0,1.0,0.0,-1.0,0.0,0.0,0.0,0.0,0.0,0.0,0.0,0.0,0.0,0.0,0.0,0.0,0.0,0.0,0.0,0.0,0.0,0.0,1.0,1.19714,0.0,0.0,0.0,0.0,0.0,0.0,0.0,0.0,0.0,0.0,0.0,0.0,0.0,0.0,0.0,0.0,0.0,0.0,0.0,1.0,0.0,0.0,0.0,0.0,0.10000000000000003,0.20000000000000007,0.0
1.0,0.0,0.0,0.0,0.0,0.0,0.0,0.0,0.0,0.0,0.0,0.0,0.0,0.0,0.0,1.0,0.0,0.0,0.0,0.0,-0.25881904510252157,0.9659258262890681,97.567,100.76,-3.193000000000012,71.39606018030675,-0.032726229155349784,1.0,-1.0,1.0,0,0.0,14.387314698429925,0.3595601859868522,0.53,0.47,0.612029,0.0011773,1.41,0.0010287999326784086,1.36656,60.0,109.0,0.5504587155963303,-1.0,5.0,1.36691,1.36587,2.0,1.366905,-3.450000000000397,0.0,0.0,0.0,0.0,0.0,0.0,1.3745699999999998,-80.0999999999985,1.360385,61.75000000000041,1.365535,10.250000000000536,0.0,0.0,0.0,0.0,0.0,0.0,1.370525,-39.64999999999996,1.363475,30.850000000000044,-1.0,-1.0,1.0,1.0,0.0,-1.0,0.0,0.0,0.0,0.0,0.0,0.0,0.0,0.0,0.0,0.0,0.0,0.0,0.0,0.0,0.0,0.0,0.0,0.0,2.0,1.38338,0.0,0.0,0.0,0.0,0.0,0.0,0.0,0.0,0.0,0.0,0.0,0.0,0.0,0.0,0.0,0.0,0.0,0.0,0.0,1.0,0.0,0.0,0.0,0.0,0.10000000000000003,0.20000000000000007,1.0
1.0,1.0,0.0,0.0,0.0,0.0,0.0,0.0,0.0,0.0,0.0,0.0,0.0,0.0,0.0,1.0,0.0,0.0,0.0,0.0,-0.25881904510252157,0.9659258262890681,97.567,100.76,-3.193000000000012,0.6270130971813426,-0.032726229155349784,1.0,-1.0,-1.0,0,0.0,25.925971542820538,0.5185145368799092,0.5414,0.4586,0.535819,0.00118992,1.11,0.0011845612447385365,155.606,60.0,109.0,0.5504587155963303,1.0,5.0,155.1565,156.505,2.0,155.1565,44.950000000000045,0.0,0.0,0.0,0.0,0.0,0.0,153.9385,166.74999999999898,155.7725,-16.65000000000134,155.35899999999998,24.70000000000141,0.0,0.0,0.0,0.0,0.0,0.0,154.79,81.60000000000025,155.65750000000003,-5.150000000003274,1.0,1.0,-1.0,1.0,0.0,1.0,0.0,0.0,0.0,0.0,0.0,0.0,0.0,0.0,0.0,0.0,0.0,0.0,0.0,0.0,0.0,0.0,0.0,0.0,1.0,0.0,0.0,156.632,0.0,0.0,0.0,0.0,0.0,0.0,0.0,0.0,0.0,0.0,0.0,0.0,0.0,0.0,1.0,0.0,1.0,0.0,0.0,1.0,0.0,0.0,0.10000000000000003,0.20000000000000007,1.0
1.0,0.0,0.0,0.0,0.0,0.0,0.0,0.0,0.0,0.0,0.0,0.0,0.0,0.0,0.0,1.0,0.0,0.0,0.0,0.0,-0.25881904510252157,0.9659258262890681,97.567,100.76,-3.193000000000012,140.38619260708785,-0.032726229155349784,0.0,-1.0,-0.0,0,0.0,29.044253003086734,0.4842058445910231,0.0,0.0,0.469121,0.00234676,0.92,0.002309680641286526,0.69499,0.0,109.0,0.0,0.0,0.0,0.0,0.0,0.0,0.694075,9.149999999999991,0.0,0.0,0.0,0.0,0.0,0.0,0.70011,-51.20000000000013,0.68767,73.19999999999993,0.69516,-1.7000000000000348,0.0,0.0,0.0,0.0,0.0,0.0,0.697015,-20.250000000000547,0.691065,39.24999999999956,1.0,-1.0,1.0,1.0,0.0,-1.0,0.0,0.0,0.0,0.0,0.0,0.0,0.0,0.0,0.0,0.0,0.0,0.0,0.0,0.0,0.0,0.0,0.0,0.0,1.0,0.70823,0.0,0.0,0.0,0.0,0.0,0.0,0.0,0.0,0.0,0.0,0.0,0.0,0.0,0.0,0.0,0.0,0.0,0.0,0.0,1.0,1.0,0.0,0.0,0.0,0.0,0.0,-1.0
1.0,0.0,0.0,0.0,0.0,0.0,0.0,0.0,0.0,0.0,0.0,0.0,0.0,0.0,0.0,1.0,0.0,0.0,0.0,0.0,-0.25881904510252157,0.9659258262890681,97.567,100.76,-3.193000000000012,71.32090643274854,-0.032726229155349784,0.0,-1.0,-1.0,0,0.0,0.6462887468813389,0.4070121639200029,0.6114,0.3518,0.551853,0.00116151,1.17,0.0010906143330617494,1.3679999999999999,60.0,109.0,0.5504587155963303,1.0,5.0,1.36452,1.37496,2.0,1.36452,34.79999999999927,0.0,0.0,0.0,0.0,0.0,0.0,1.35919,88.09999999999985,1.370505,-25.050000000002015,1.3669499999999999,10.499999999999954,0.0,0.0,0.0,0.0,0.0,0.0,1.359775,82.24999999999926,1.3663049999999999,16.95000000000002,1.0,1.0,-1.0,-1.0,0.0,1.0,0.0,0.0,0.0,0.0,0.0,0.0,0.0,0.0,0.0,0.0,0.0,0.0,0.0,0.0,0.0,0.0,0.0,0.0,1.0,0.0,1.34918,0.0,0.0,0.0,0.0,0.0,0.0,0.0,0.0,0.0,0.0,0.0,0.0,0.0,0.0,0.0,0.0,0.0,0.0,0.0,1.0,0.0,0.0,0.0,0.10000000000000003,0.20000000000000007,0.0
1.0,0.0,0.0,0.0,0.0,0.0,0.0,0.0,0.0,0.0,0.0,0.0,0.0,0.0,0.0,1.0,0.0,0.0,0.0,0.0,-0.25881904510252157,0.9659258262890681,97.567,100.76,-3.193000000000012,125.14847167173329,-0.032726229155349784,0.0,-1.0,-1.0,0,0.0,100.0,0.41126212310970706,0.382,0.1038,0.468354,0.00132872,0.91,0.0013125418175905163,0.77961,60.0,109.0,0.5504587155963303,1.0,5.0,0.77658,0.78568,2.0,0.776575,30.3500000000001,0.0,0.0,0.0,0.0,0.0,0.0,0.7710950000000001,85.1499999999994,0.78226,-26.499999999999304,0.778985,6.249999999999867,0.0,0.0,0.0,0.0,0.0,0.0,0.774005,56.04999999999971,0.77866,9.500000000000064,1.0,1.0,-1.0,-1.0,0.0,1.0,0.0,0.0,0.0,0.0,0.0,0.0,0.0,0.0,0.0,0.0,0.0,0.0,0.0,0.0,0.0,0.0,0.0,0.0,1.0,0.0,0.0,0.0,0.0,0.0,0.0,0.0,0.0,0.0,0.0,0.0,0.0,0.0,0.0,0.0,0.0,0.0,1.0,0.0,0.0,0.0,0.0,0.0,0.0,0.0,0.10000000000000003,0.20000000000000007,0.0
1.0,0.0,0.0,0.0,0.0,0.0,0.0,0.0,0.0,0.0,0.0,0.0,0.0,0.0,0.0,0.0,1.0,0.0,0.0,0.0,-0.25881904510252157,0.9659258262890681,97.364,100.76,-3.396000000000001,82.35134906538104,-0.034879421552113724,0.0,-1.0,-0.0,0,0.0,3.8826739216438346,0.6150845271850317,0.0,0.0,0.508846,0.00104864,1.03,0.0010061479186088827,1.1823,0.0,109.0,0.0,0.0,0.0,0.0,0.0,0.0,1.18045,18.499999999999073,0.0,0.0,0.0,0.0,0.0,0.0,1.18862,-63.20000000000103,1.183005,-7.050000000001777,1.18045,18.499999999999073,0.0,0.0,0.0,0.0,0.0,0.0,1.1823649999999999,-0.6499999999998174,1.187655,-53.54999999999998,0.0,-1.0,1.0,1.0,0.0,-1.0,0.0,0.0,0.0,0.0,0.0,0.0,0.0,0.0,0.0,0.0,0.0,0.0,0.0,0.0,0.0,0.0,0.0,0.0,1.0,1.19744,0.0,0.0,0.0,0.0,0.0,0.0,0.0,0.0,0.0,0.0,0.0,0.0,0.0,0.0,0.0,0.0,0.0,1.0,0.0,1.0,0.0,0.0,0.0,0.0,0.0,0.0,-1.0
1.0,0.0,0.0,0.0,0.0,0.0,0.0,0.0,0.0,0.0,0.0,0.0,0.0,0.0,0.0,0.0,1.0,0.0,0.0,0.0,-0.25881904510252157,0.9659258262890681,97.364,100.76,-3.396000000000001,71.07328218642101,-0.034879421552113724,0.0,-1.0,-0.0,0,0.0,5.277336841332556,0.5538677992679902,0.0,0.0,0.562964,0.00116406,1.21,0.001075888060138131,1.36991,0.0,109.0,0.0,0.0,0.0,0.0,0.0,0.0,1.36785,20.599999999999508,0.0,0.0,0.0,0.0,0.0,0.0,1.37352,-36.10000000000113,1.360385,95.25000000000006,1.36814,17.700000000000493,0.0,0.0,0.0,0.0,0.0,0.0,1.366905,30.049999999999244,1.363495,64.1500000000006,1.0,-1.0,1.0,1.0,0.0,0.0,0.0,0.0,0.0,0.0,0.0,0.0,0.0,0.0,0.0,0.0,0.0,0.0,0.0,0.0,0.0,0.0,0.0,0.0,2.0,0.0,0.0,0.0,0.0,0.0,0.0,0.0,0.0,0.0,0.0,0.0,0.0,0.0,0.0,0.0,0.0,0.0,1.0,0.0,0.0,0.0,0.0,0.0,0.0,0.0,0.0,0.0,-1.0
1.0,1.0,0.0,0.0,0.0,0.0,0.0,0.0,0.0,0.0,0.0,0.0,0.0,0.0,0.0,0.0,1.0,0.0,0.0,0.0,-0.25881904510252157,0.9659258262890681,97.364,100.76,-3.396000000000001,0.6251460711671568,-0.034879421552113724,1.0,-1.0,-1.0,0,0.0,10.870823998985252,0.484395796167005,0.523,0.477,0.94639,0.00098644,12.58,0.0008174895890659696,155.746,60.0,109.0,0.5504587155963303,1.0,5.0,155.689,155.86,2.0,155.68900000000002,5.699999999998795,0.0,0.0,0.0,0.0,0.0,0.0,154.3635,138.25000000000216,155.7725,-2.6499999999998636,155.8015,-5.5499999999995,0.0,0.0,0.0,0.0,0.0,0.0,155.39350000000002,35.249999999999204,155.65750000000003,8.849999999998204,1.0,1.0,-1.0,1.0,0.0,1.0,0.0,0.0,0.0,0.0,0.0,0.0,0.0,0.0,0.0,0.0,0.0,0.0,0.0,0.0,0.0,0.0,0.0,0.0,1.0,0.0,154.7,156.632,0.0,0.0,0.0,0.0,0.0,0.0,0.0,0.0,0.0,0.0,0.0,0.0,0.0,0.0,1.0,0.0,1.0,0.0,0.0,1.0,0.0,0.0,0.10000000000000003,0.20000000000000007,1.0
1.0,0.0,0.0,0.0,0.0,0.0,0.0,0.0,0.0,0.0,0.0,0.0,0.0,0.0,0.0,0.0,1.0,0.0,0.0,0.0,-0.25881904510252157,0.9659258262890681,97.364,100.76,-3.396000000000001,138.6477557530189,-0.034879421552113724,0.0,-1.0,-1.0,0,0.0,42.678752562148546,0.5096469334424735,0.5998,0.3284,0.545045,0.00251688,1.14,0.0023441841751465427,0.70224,72.0,109.0,0.6605504587155964,1.0,6.0,0.70011,0.7065,2.0,0.69956,26.800000000000157,0.0,0.0,0.0,0.0,0.0,0.0,0.70011,21.299999999999653,0.68767,145.6999999999997,0.70035,18.899999999999473,0.0,0.0,0.0,0.0,0.0,0.0,0.69928,29.599999999999625,0.692375,98.65000000000012,1.0,-1.0,1.0,1.0,0.0,1.0,0.0,0.0,0.0,0.0,0.0,0.0,0.0,0.0,0.0,0.0,0.0,0.0,0.0,0.0,0.0,0.0,0.0,0.0,0.0,0.0,0.6957,0.0,0.0,0.0,0.0,0.0,0.0,0.0,0.0,0.0,0.0,0.0,0.0,0.0,0.0,0.0,0.0,1.0,1.0,0.0,1.0,0.0,0.0,0.0,0.10000000000000003,0.20000000000000007,0.0
1.0,0.0,0.0,0.0,0.0,0.0,0.0,0.0,0.0,0.0,0.0,0.0,0.0,0.0,0.0,0.0,1.0,0.0,0.0,0.0,-0.25881904510252157,0.9659258262890681,97.364,100.76,-3.396000000000001,71.37966173764507,-0.034879421552113724,0.0,-1.0,-0.0,0,0.0,7.143089793064683,0.6021883699159603,0.0,0.0,0.589807,0.00110824,1.31,0.0010034300813171822,1.36403,0.0,109.0,0.0,0.0,0.0,0.0,0.0,0.0,1.36608,-20.499999999998852,0.0,0.0,0.0,0.0,0.0,0.0,1.35919,48.400000000001775,1.370505,-64.75000000000009,1.36564,-16.099999999998893,0.0,0.0,0.0,0.0,0.0,0.0,1.36636,-23.299999999999432,1.3663049999999999,-22.74999999999805,-1.0,1.0,-1.0,-1.0,0.0,0.0,0.0,0.0,0.0,0.0,0.0,0.0,0.0,0.0,0.0,0.0,0.0,0.0,0.0,0.0,0.0,0.0,0.0,0.0,1.0,0.0,0.0,0.0,0.0,0.0,0.0,0.0,0.0,0.0,0.0,0.0,0.0,0.0,0.0,0.0,0.0,0.0,0.0,0.0,0.0,0.0,0.0,0.0,0.0,0.0,0.0,0.0,-1.0
1.0,0.0,0.0,0.0,0.0,0.0,0.0,0.0,0.0,0.0,0.0,0.0,0.0,0.0,0.0,0.0,1.0,0.0,0.0,0.0,-0.25881904510252157,0.9659258262890681,97.364,100.76,-3.396000000000001,125.62934671810687,-0.034879421552113724,0.0,-1.0,-0.0,0,0.0,15.071191191288577,0.7035246195228806,0.0,0.0,0.519349,0.0012295,1.06,0.0011640239340599706,0.77501,0.0,109.0,0.0,0.0,0.0,0.0,0.0,0.0,0.777135,-21.250000000000433,0.0,0.0,0.0,0.0,0.0,0.0,0.772675,23.34999999999976,0.78226,-72.49999999999979,0.77632,-13.100000000000334,0.0,0.0,0.0,0.0,0.0,0.0,0.77779,-27.800000000000047,0.77849,-34.80000000000039,-1.0,1.0,-1.0,-1.0,0.0,0.0,0.0,0.0,0.0,0.0,0.0,0.0,0.0,0.0,0.0,0.0,0.0,0.0,0.0,0.0,0.0,0.0,0.0,0.0,1.0,0.0,0.76362,0.79093,0.0,0.0,0.0,0.0,0.0,0.0,0.0,0.0,0.0,0.0,0.0,0.0,0.0,0.0,0.0,0.0,1.0,0.0,0.0,0.0,0.0,0.0,0.0,0.0,-1.0
1.0,0.0,0.0,0.0,0.0,0.0,0.0,0.0,0.0,0.0,0.0,0.0,0.0,0.0,0.0,0.0,0.0,1.0,0.0,0.0,-0.25881904510252157,0.9659258262890681,97.65,100.76,-3.1099999999999994,82.72899793283405,-0.0318484383000512,1.0,-1.0,1.0,0,0.0,14.799155541145122,0.5820478635524644,0.6274,0.3704,0.704838,0.00079383,1.98,0.0007731387104801663,1.18036,60.0,109.0,0.5504587155963303,-1.0,5.0,1.18143,1.17822,2.0,1.18143,-10.699999999999044,0.0,0.0,0.0,0.0,0.0,0.0,1.1875200000000001,-71.60000000000055,1.183005,-26.450000000000085,1.18087,-5.1000000000001044,0.0,0.0,0.0,0.0,0.0,0.0,1.180905,-5.450000000000177,1.1905649999999999,-102.04999999999798,-1.0,-1.0,1.0,1.0,0.0,0.0,0.0,0.0,0.0,0.0,0.0,0.0,0.0,0.0,0.0,0.0,0.0,0.0,0.0,0.0,0.0,0.0,0.0,0.0,0.0,0.0,0.0,0.0,1.173,0.0,0.0,0.0,0.0,0.0,0.0,0.0,0.0,0.0,0.0,0.0,0.0,0.0,0.0,0.0,0.0,0.0,1.0,0.0,0.0,0.0,0.10000000000000003,0.20000000000000007,1.0
1.0,0.0,0.0,0.0,0.0,0.0,0.0,0.0,0.0,0.0,0.0,0.0,0.0,0.0,0.0,0.0,0.0,1.0,0.0,0.0,-0.25881904510252157,0.9659258262890681,97.65,100.76,-3.1099999999999994,71.54108209091909,-0.0318484383000512,1.0,-1.0,1.0,0,0.0,50.55565662773475,0.5213584144197524,0.566,0.2802,0.610449,0.00096856,1.4,0.0009054695022364098,1.3649499999999999,60.0,109.0,0.5504587155963303,-1.0,5.0,1.36876,1.35733,2.0,1.36876,-38.10000000000091,0.0,0.0,0.0,0.0,0.0,0.0,1.372835,-78.85000000000142,1.360385,45.6499999999993,1.368535,-35.850000000001714,0.0,0.0,0.0,0.0,0.0,0.0,1.36876,-38.10000000000091,1.3675199999999998,-25.699999999999612,-1.0,-1.0,1.0,1.0,0.0,-1.0,0.0,0.0,0.0,0.0,0.0,0.0,0.0,0.0,0.0,0.0,0.0,0.0,0.0,0.0,0.0,0.0,0.0,0.0,1.0,0.0,0.0,0.0,1.3513899999999999,0.0,0.0,0.0,0.0,0.0,0.0,0.0,0.0,0.0,0.0,0.0,0.0,0.0,0.0,0.0,1.0,0.0,1.0,0.0,0.0,0.0,0.10000000000000003,0.20000000000000007,1.0
1.0,1.0,0.0,0.0,0.0,0.0,0.0,0.0,0.0,0.0,0.0,0.0,0.0,0.0,0.0,0.0,0.0,1.0,0.0,0.0,-0.25881904510252157,0.9659258262890681,97.65,100.76,-3.1099999999999994,0.6223590371121012,-0.0318484383000512,1.0,-1.0,-1.0,0,0.0,32.11967781967595,0.4639811985284749,0.5272,0.4728,0.968004,0.00085009,21.32,0.0006979485188035436,156.903,72.0,109.0,0.6605504587155964,1.0,6.0,156.316,158.077,2.0,156.316,58.69999999999891,0.0,0.0,0.0,0.0,0.0,0.0,154.809,209.3999999999994,155.7725,113.04999999999836,156.6445,25.849999999999795,0.0,0.0,0.0,0.0,0.0,0.0,156.233,66.99999999999875,155.65750000000003,124.54999999999643,1.0,1.0,-1.0,1.0,0.0,1.0,0.0,0.0,0.0,0.0,0.0,0.0,0.0,0.0,0.0,0.0,0.0,0.0,0.0,0.0,0.0,0.0,0.0,0.0,0.0,0.0,154.7,158.314,152.092,0.0,0.0,0.0,0.0,0.0,0.0,0.0,0.0,0.0,0.0,0.0,0.0,0.0,0.0,0.0,1.0,0.0,0.0,1.0,0.0,0.0,0.10000000000000003,0.20000000000000007,0.0
1.0,0.0,0.0,0.0,0.0,0.0,0.0,0.0,0.0,0.0,0.0,0.0,0.0,0.0,0.0,0.0,0.0,1.0,0.0,0.0,-0.25881904510252157,0.9659258262890681,97.65,100.76,-3.1099999999999994,139.53388680108029,-0.0318484383000512,0.0,-1.0,-1.0,0,0.0,13.346470456366793,0.5844437025798501,0.5606,0.4394,0.689128,0.00188247,1.86,0.001865069329677429,0.69983,60.0,109.0,0.5504587155963303,1.0,5.0,0.69953,0.70043,2.0,0.7007099999999999,-8.799999999999919,0.0,0.0,0.0,0.0,0.0,0.0,0.69953,2.9999999999996696,0.68767,121.59999999999948,0.70035,-5.20000000000076,0.0,0.0,0.0,0.0,0.0,0.0,0.7007099999999999,-8.799999999999919,0.6963999999999999,34.30000000000044,-1.0,1.0,1.0,1.0,0.0,1.0,0.0,0.0,0.0,0.0,0.0,0.0,0.0,0.0,0.0,0.0,0.0,0.0,0.0,0.0,0.0,0.0,0.0,0.0,0.0,0.0,0.6957,0.0,0.0,0.0,0.0,0.0,0.0,0.0,0.0,0.0,0.0,0.0,0.0,0.0,0.0,0.0,1.0,0.0,0.0,0.0,1.0,0.0,0.0,1.0,0.10000000000000003,0.20000000000000007,0.0
1.0,0.0,0.0,0.0,0.0,0.0,0.0,0.0,0.0,0.0,0.0,0.0,0.0,0.0,0.0,0.0,0.0,1.0,0.0,0.0,-0.25881904510252157,0.9659258262890681,97.65,100.76,-3.1099999999999994,71.47457949671356,-0.0318484383000512,0.0,-1.0,-0.0,0,0.0,7.661611259780334,0.5826474973025833,0.0,0.0,0.9937,0.0008601,109.68,0.0005959932007614735,1.36622,0.0,109.0,0.0,0.0,0.0,0.0,0.0,0.0,1.3656199999999998,6.00000000000156,0.0,0.0,0.0,0.0,0.0,0.0,1.35919,70.30000000000092,1.370505,-42.850000000000946,1.3664049999999999,-1.849999999998797,0.0,0.0,0.0,0.0,0.0,0.0,1.36572,4.999999999999449,1.36405,21.700000000000053,1.0,1.0,-1.0,-1.0,0.0,0.0,0.0,0.0,0.0,0.0,0.0,0.0,0.0,0.0,0.0,0.0,0.0,0.0,0.0,0.0,0.0,0.0,0.0,0.0,0.0,0.0,0.0,0.0,0.0,0.0,0.0,0.0,0.0,0.0,0.0,0.0,0.0,0.0,0.0,0.0,0.0,0.0,0.0,1.0,0.0,1.0,0.0,1.0,0.0,0.0,0.0,0.0,-1.0
1.0,0.0,0.0,0.0,0.0,0.0,0.0,0.0,0.0,0.0,0.0,0.0,0.0,0.0,0.0,0.0,0.0,1.0,0.0,0.0,-0.25881904510252157,0.9659258262890681,97.65,100.76,-3.1099999999999994,125.6223225657057,-0.0318484383000512,0.0,-1.0,-1.0,0,0.0,4.50604935979807,0.6011735902954464,0.5436,0.2662,0.755802,0.00100796,2.48,0.0007746758062585805,0.77733,60.0,109.0,0.5504587155963303,1.0,5.0,0.77597,0.78006,2.0,0.775965,13.649999999999496,0.0,0.0,0.0,0.0,0.0,0.0,0.772675,46.54999999999965,0.78226,-49.2999999999999,0.776215,11.149999999999771,0.0,0.0,0.0,0.0,0.0,0.0,0.77637,9.599999999999609,0.77595,13.799999999999368,1.0,1.0,-1.0,-1.0,0.0,1.0,0.0,0.0,0.0,0.0,0.0,0.0,0.0,0.0,0.0,0.0,0.0,0.0,0.0,0.0,0.0,0.0,0.0,0.0,0.0,0.0,0.0,0.79093,0.76046,0.0,0.0,0.0,0.0,0.0,0.0,0.0,0.0,0.0,0.0,0.0,0.0,0.0,1.0,0.0,1.0,0.0,0.0,1.0,0.0,0.0,0.10000000000000003,0.20000000000000007,0.0
1.0,0.0,0.0,0.0,0.0,0.0,0.0,0.0,0.0,0.0,0.0,0.0,0.0,0.0,0.0,0.0,0.0,0.0,1.0,0.0,-0.25881904510252157,0.9659258262890681,97.97,100.76,-2.7900000000000063,83.20240511596703,-0.02847810554251308,1.0,-1.0,1.0,0,0.0,65.43145630388373,0.41115447559707896,0.542,0.2706,0.555,0.00075165,1.18,0.0007507781882000103,1.17749,60.0,109.0,0.5504587155963303,-1.0,5.0,1.17983,1.17282,2.0,1.1798250000000001,-23.35000000000198,0.0,0.0,0.0,0.0,0.0,0.0,1.184795,-73.05000000000118,1.183005,-55.15000000000158,1.1798250000000001,-23.35000000000198,0.0,0.0,0.0,0.0,0.0,0.0,1.18008,-25.900000000000922,1.19289,-154.0000000000008,0.0,-1.0,1.0,1.0,0.0,-1.0,0.0,0.0,0.0,0.0,0.0,0.0,0.0,0.0,0.0,0.0,0.0,0.0,0.0,0.0,0.0,0.0,0.0,0.0,0.0,0.0,0.0,0.0,0.0,0.0,0.0,0.0,0.0,0.0,0.0,0.0,0.0,0.0,0.0,0.0,0.0,0.0,0.0,1.0,0.0,1.0,1.0,0.0,0.0,0.0,0.10000000000000003,0.20000000000000007,0.0
1.0,0.0,0.0,0.0,0.0,0.0,0.0,0.0,0.0,0.0,0.0,0.0,0.0,0.0,0.0,0.0,0.0,0.0,1.0,0.0,-0.25881904510252157,0.9659258262890681,97.97,100.76,-2.7900000000000063,72.41427737247858,-0.02847810554251308,1.0,-1.0,1.0,0,0.0,82.2976255221891,0.4230277105211451,0.4568,0.1664,0.718012,0.00107591,2.09,0.000945313566261087,1.35291,72.0,109.0,0.6605504587155964,-1.0,6.0,1.35904,1.34065,2.0,1.35904,-61.299999999999685,0.0,0.0,0.0,0.0,0.0,0.0,1.363755,-108.44999999999993,1.360385,-74.74999999999898,1.355615,-27.049999999999574,0.0,0.0,0.0,0.0,0.0,0.0,1.362305,-93.95000000000041,1.3693,-163.89999999999904,-1.0,-1.0,1.0,1.0,0.0,-1.0,0.0,0.0,0.0,0.0,0.0,0.0,0.0,0.0,0.0,0.0,0.0,0.0,0.0,0.0,0.0,0.0,0.0,0.0,0.0,0.0,0.0,0.0,0.0,0.0,0.0,0.0,0.0,0.0,0.0,0.0,0.0,0.0,0.0,0.0,0.0,0.0,0.0,0.0,1.0,0.0,1.0,0.0,0.0,0.0,0.10000000000000003,0.20000000000000007,0.0
1.0,1.0,0.0,0.0,0.0,0.0,0.0,0.0,0.0,0.0,0.0,0.0,0.0,0.0,0.0,0.0,0.0,0.0,1.0,0.0,-0.25881904510252157,0.9659258262890681,97.97,100.76,-2.7900000000000063,0.6238657131758757,-0.02847810554251308,1.0,-1.0,-1.0,0,0.0,3.3527717379286566,0.5042832270583272,0.5236,0.4764,0.656374,0.00076892,1.65,0.0006648989417285419,157.037,60.0,109.0,0.5504587155963303,1.0,5.0,156.9325,157.246,2.0,156.9325,10.45000000000016,0.0,0.0,0.0,0.0,0.0,0.0,155.74900000000002,128.79999999999825,155.7725,126.44999999999982,156.811,22.59999999999991,0.0,0.0,0.0,0.0,0.0,0.0,156.841,19.599999999999795,154.7135,232.34999999999957,-1.0,1.0,-1.0,1.0,0.0,1.0,0.0,0.0,0.0,0.0,0.0,0.0,0.0,0.0,0.0,0.0,0.0,0.0,0.0,0.0,0.0,0.0,0.0,0.0,0.0,0.0,0.0,158.314,0.0,0.0,0.0,0.0,0.0,0.0,0.0,0.0,0.0,0.0,0.0,0.0,0.0,0.0,1.0,0.0,1.0,0.0,0.0,1.0,0.0,1.0,0.10000000000000003,0.20000000000000007,0.0
1.0,0.0,0.0,0.0,0.0,0.0,0.0,0.0,0.0,0.0,0.0,0.0,0.0,0.0,0.0,0.0,0.0,0.0,1.0,0.0,-0.25881904510252157,0.9659258262890681,97.97,100.76,-2.7900000000000063,141.40758061256892,-0.02847810554251308,0.0,-1.0,-0.0,0,0.0,62.68656415298174,0.5634847843550571,0.0,0.0,0.477596,0.00185736,0.94,0.0018657761854521165,0.69282,0.0,109.0,0.0,0.0,0.0,0.0,0.0,0.0,0.6967350000000001,-39.15000000000113,0.0,0.0,0.0,0.0,0.0,0.0,0.697925,-51.05000000000026,0.68767,51.49999999999988,0.6954899999999999,-26.699999999999502,0.0,0.0,0.0,0.0,0.0,0.0,0.698165,-53.45000000000044,0.6997599999999999,-69.39999999999947,-1.0,1.0,1.0,1.0,0.0,-1.0,0.0,0.0,0.0,0.0,0.0,0.0,0.0,0.0,0.0,0.0,0.0,0.0,0.0,0.0,0.0,0.0,0.0,0.0,1.0,0.0,0.0,0.0,0.0,0.0,0.0,0.0,0.0,0.0,0.0,0.0,0.0,0.0,0.0,0.0,0.0,0.0,0.0,0.0,0.0,1.0,1.0,0.0,0.0,0.0,0.0,0.0,-1.0
1.0,0.0,0.0,0.0,0.0,0.0,0.0,0.0,0.0,0.0,0.0,0.0,0.0,0.0,0.0,0.0,0.0,0.0,1.0,0.0,-0.25881904510252157,0.9659258262890681,97.97,100.76,-2.7900000000000063,71.46191664113674,-0.02847810554251308,0.0,-1.0,-1.0,0,0.0,67.59982796630597,0.3952607626548497,0.5514,0.4486,0.479332,0.00075068,0.94,0.0007572499621394909,1.37094,60.0,109.0,0.5504587155963303,1.0,5.0,1.37051,1.37181,2.0,1.3680949999999998,28.450000000002085,0.0,0.0,0.0,0.0,0.0,0.0,1.36107,98.70000000000046,1.370505,4.349999999999632,1.3680949999999998,28.450000000002085,0.0,0.0,0.0,0.0,0.0,0.0,1.367705,32.35000000000099,1.36103,99.10000000000085,0.0,1.0,-1.0,-1.0,0.0,1.0,0.0,0.0,0.0,0.0,0.0,0.0,0.0,0.0,0.0,0.0,0.0,0.0,0.0,0.0,0.0,0.0,0.0,0.0,0.0,0.0,0.0,0.0,0.0,0.0,0.0,0.0,0.0,0.0,0.0,0.0,0.0,0.0,0.0,0.0,0.0,0.0,0.0,0.0,0.0,1.0,0.0,1.0,0.0,0.0,0.10000000000000003,0.20000000000000007,0.0
1.0,0.0,0.0,0.0,0.0,0.0,0.0,0.0,0.0,0.0,0.0,0.0,0.0,0.0,0.0,0.0,0.0,0.0,1.0,0.0,-0.25881904510252157,0.9659258262890681,97.97,100.76,-2.7900000000000063,125.88823355563265,-0.02847810554251308,0.0,-1.0,-0.0,0,0.0,25.407332383903015,0.43797479183933014,0.0,0.0,0.623141,0.00094603,1.47,0.0008435040506487835,0.77823,0.0,109.0,0.0,0.0,0.0,0.0,0.0,0.0,0.776445,17.849999999999255,0.0,0.0,0.0,0.0,0.0,0.0,0.7748550000000001,33.74999999999906,0.78226,-40.299999999999784,0.77628,19.50000000000007,0.0,0.0,0.0,0.0,0.0,0.0,0.776445,17.849999999999255,0.7710950000000001,71.34999999999891,-1.0,1.0,-1.0,-1.0,0.0,1.0,0.0,0.0,0.0,0.0,0.0,0.0,0.0,0.0,0.0,0.0,0.0,0.0,0.0,0.0,0.0,0.0,0.0,0.0,0.0,0.0,0.0,0.79093,0.0,0.0,0.0,0.0,0.0,0.0,0.0,0.0,0.0,0.0,0.0,0.0,0.0,0.0,1.0,0.0,0.0,0.0,0.0,1.0,0.0,0.0,0.0,0.0,-1.0
1.0,0.0,0.0,0.0,0.0,0.0,0.0,0.0,0.0,0.0,0.0,0.0,0.0,0.0,0.0,0.0,0.0,0.0,0.0,1.0,-0.25881904510252157,0.9659258262890681,97.656,100.76,-3.103999999999999,82.66474795784484,-0.0317850413697059,0.0,-1.0,-1.0,0,0.0,16.28373812803476,0.5053380858882305,0.6126,0.3734,0.455,0.00063876,0.88,0.0006382169399520921,1.1813500000000001,60.0,109.0,0.5504587155963303,1.0,5.0,1.18017,1.1837,2.0,1.1795849999999999,17.650000000002386,0.0,0.0,0.0,0.0,0.0,0.0,1.180175,11.750000000001481,1.183005,-16.54999999999962,1.180925,4.250000000001197,0.0,0.0,0.0,0.0,0.0,0.0,1.1795849999999999,17.650000000002386,1.192425,-110.74999999999946,1.0,-1.0,1.0,1.0,0.0,1.0,0.0,0.0,0.0,0.0,0.0,0.0,0.0,0.0,0.0,0.0,0.0,0.0,0.0,0.0,0.0,0.0,0.0,0.0,0.0,0.0,0.0,1.19711,0.0,0.0,0.0,0.0,0.0,0.0,0.0,0.0,0.0,0.0,0.0,0.0,0.0,0.0,0.0,0.0,0.0,1.0,1.0,0.0,0.0,0.0,0.10000000000000003,0.20000000000000007,1.0
1.0,0.0,0.0,0.0,0.0,0.0,0.0,0.0,0.0,0.0,0.0,0.0,0.0,0.0,0.0,0.0,0.0,0.0,0.0,1.0,-0.25881904510252157,0.9659258262890681,97.656,100.76,-3.103999999999999,71.76261371819933,-0.0317850413697059,0.0,-1.0,-0.0,0,0.0,6.043730430128379,0.6696199205894506,0.0,0.0,0.73358,0.00098118,2.24,0.0008194232093167639,1.36082,0.0,109.0,0.0,0.0,0.0,0.0,0.0,0.0,1.3565749999999999,42.45000000000054,0.0,0.0,0.0,0.0,0.0,0.0,1.3620700000000001,-12.500000000001954,1.360385,4.349999999999632,1.3602400000000001,5.799999999998029,0.0,0.0,0.0,0.0,0.0,0.0,1.3565749999999999,42.45000000000054,1.36884,-80.20000000000138,1.0,-1.0,1.0,1.0,0.0,0.0,0.0,0.0,0.0,0.0,0.0,0.0,0.0,0.0,0.0,0.0,0.0,0.0,0.0,0.0,0.0,0.0,0.0,0.0,1.0,0.0,0.0,0.0,0.0,0.0,0.0,0.0,0.0,0.0,0.0,0.0,0.0,0.0,0.0,0.0,0.0,0.0,0.0,1.0,0.0,0.0,0.0,0.0,0.0,0.0,0.0,0.0,-1.0
1.0,1.0,0.0,0.0,0.0,0.0,0.0,0.0,0.0,0.0,0.0,0.0,0.0,0.0,0.0,0.0,0.0,0.0,0.0,1.0,-0.25881904510252157,0.9659258262890681,97.656,100.76,-3.103999999999999,0.6211344468331405,-0.0317850413697059,1.0,-1.0,-1.0,0,0.0,18.5785166912571,0.579079034394872,0.535,0.465,0.596091,0.00073915,1.34,0.0006946635892934745,157.222,72.0,109.0,0.6605504587155964,1.0,6.0,156.8785,157.909,2.0,156.8785,34.35000000000059,0.0,0.0,0.0,0.0,0.0,0.0,156.238,98.40000000000089,155.7725,144.95000000000005,157.0135,20.8500000000015,0.0,0.0,0.0,0.0,0.0,0.0,156.9205,30.150000000000432,154.7135,250.8499999999998,1.0,1.0,-1.0,1.0,0.0,1.0,0.0,0.0,0.0,0.0,0.0,0.0,0.0,0.0,0.0,0.0,0.0,0.0,0.0,0.0,0.0,0.0,0.0,0.0,0.0,0.0,0.0,0.0,152.092,0.0,0.0,0.0,0.0,0.0,0.0,0.0,0.0,0.0,0.0,0.0,0.0,0.0,1.0,0.0,0.0,0.0,0.0,1.0,0.0,0.0,0.10000000000000003,0.20000000000000007,0.0
1.0,0.0,0.0,0.0,0.0,0.0,0.0,0.0,0.0,0.0,0.0,0.0,0.0,0.0,0.0,0.0,0.0,0.0,0.0,1.0,-0.25881904510252157,0.9659258262890681,97.656,100.76,-3.103999999999999,139.17653597845143,-0.0317850413697059,0.0,-1.0,-1.0,0,0.0,21.445714262740694,0.7188821213538351,0.151,0.0064,0.455,0.00139202,0.88,0.0013860534941883065,0.70167,72.0,109.0,0.6605504587155964,1.0,6.0,0.69735,0.7103,2.0,0.696075,55.950000000000166,0.0,0.0,0.0,0.0,0.0,0.0,0.697355,43.15000000000069,0.687835,138.35000000000042,0.70036,13.100000000000334,0.0,0.0,0.0,0.0,0.0,0.0,0.696075,55.950000000000166,0.69954,21.299999999999653,1.0,-1.0,1.0,1.0,0.0,1.0,0.0,0.0,0.0,0.0,0.0,0.0,0.0,0.0,0.0,0.0,0.0,0.0,0.0,0.0,0.0,0.0,0.0,0.0,1.0,0.0,0.0,0.0,0.0,0.0,0.0,0.0,0.0,0.0,0.0,0.0,0.0,0.0,0.0,0.0,0.0,0.0,0.0,1.0,0.0,1.0,1.0,0.0,0.0,0.0,0.10000000000000003,0.20000000000000007,1.0
1.0,0.0,0.0,0.0,0.0,0.0,0.0,0.0,0.0,0.0,0.0,0.0,0.0,0.0,0.0,0.0,0.0,0.0,0.0,1.0,-0.25881904510252157,0.9659258262890681,97.656,100.76,-3.103999999999999,71.49885784572132,-0.0317850413697059,1.0,-1.0,1.0,0,0.0,11.949472579306681,0.5821788185480589,0.6352,0.3504,0.556156,0.00064055,1.18,0.0005924198076290578,1.36584,72.0,109.0,0.6605504587155964,-1.0,6.0,1.36744,1.36264,2.0,1.36744,-16.00000000000046,0.0,0.0,0.0,0.0,0.0,0.0,1.36744,-16.00000000000046,1.370505,-46.65000000000141,1.364805,10.349999999998971,0.0,0.0,0.0,0.0,0.0,0.0,1.36744,-16.00000000000046,1.36103,48.09999999999981,-1.0,0.0,-1.0,-1.0,0.0,-1.0,0.0,0.0,0.0,0.0,0.0,0.0,0.0,0.0,0.0,0.0,0.0,0.0,0.0,0.0,0.0,0.0,0.0,0.0,1.0,0.0,0.0,0.0,0.0,0.0,0.0,0.0,0.0,0.0,0.0,0.0,0.0,0.0,0.0,0.0,0.0,0.0,0.0,1.0,1.0,0.0,0.0,1.0,0.0,0.0,0.10000000000000003,0.20000000000000007,1.0
1.0,0.0,0.0,0.0,0.0,0.0,0.0,0.0,0.0,0.0,0.0,0.0,0.0,0.0,0.0,0.0,0.0,0.0,0.0,1.0,-0.25881904510252157,0.9659258262890681,97.656,100.76,-3.103999999999999,125.88916246632205,-0.0317850413697059,1.0,-1.0,1.0,0,0.0,25.06929442682269,0.4420342803707017,0.56,0.2676,0.634152,0.00082708,1.52,0.0007165796098348327,0.77573,84.0,109.0,0.7706422018348624,-1.0,7.0,0.77682,0.77354,2.0,0.776825,-10.949999999999571,0.0,0.0,0.0,0.0,0.0,0.0,0.77779,-20.599999999999508,0.78226,-65.29999999999924,0.77661,-8.799999999999919,0.0,0.0,0.0,0.0,0.0,0.0,0.776395,-6.649999999999157,0.7710950000000001,46.34999999999945,-1.0,-1.0,-1.0,-1.0,0.0,-1.0,0.0,0.0,0.0,0.0,0.0,0.0,0.0,0.0,0.0,0.0,0.0,0.0,0.0,0.0,0.0,0.0,0.0,0.0,0.0,0.0,0.0,0.0,0.76395,0.0,0.0,0.0,0.0,0.0,0.0,0.0,0.0,0.0,0.0,0.0,0.0,0.0,0.0,0.0,0.0,0.0,0.0,1.0,0.0,0.0,0.10000000000000003,0.20000000000000007,0.0
1.0,0.0,0.0,0.0,0.0,0.0,0.0,0.0,0.0,0.0,0.0,0.0,0.0,0.0,0.0,1.0,0.0,0.0,0.0,0.0,-0.25881904510252157,0.9659258262890681,96.848,100.76,-3.912000000000006,81.29333355717091,-0.04039319345778959,0.0,-1.0,-1.0,0,0.0,0.0,0.49621128858351765,0.0,0.0,0.455,0.00068856,0.88,0.0006865413602175013,1.19134,84.0,109.0,0.7706422018348624,1.0,7.0,1.18681,1.20039,2.0,1.186815,45.25000000000112,0.0,0.0,0.0,0.0,0.0,0.0,1.1846,67.39999999999968,1.183005,83.34999999999981,1.1904,9.40000000000163,0.0,0.0,0.0,0.0,0.0,0.0,1.18561,57.300000000000125,1.1904949999999999,8.450000000002067,1.0,1.0,1.0,1.0,0.0,1.0,0.0,0.0,0.0,0.0,0.0,0.0,0.0,0.0,0.0,0.0,0.0,0.0,0.0,0.0,0.0,0.0,0.0,0.0,1.0,0.0,0.0,1.2083,0.0,0.0,0.0,0.0,0.0,0.0,0.0,0.0,0.0,0.0,0.0,0.0,0.0,0.0,0.0,0.0,0.0,1.0,1.0,0.0,0.0,0.0,0.10000000000000003,0.20000000000000007,0.0
1.0,0.0,0.0,0.0,0.0,0.0,0.0,0.0,0.0,0.0,0.0,0.0,0.0,0.0,0.0,1.0,0.0,0.0,0.0,0.0,-0.25881904510252157,0.9659258262890681,96.848,100.76,-3.912000000000006,70.70022776382643,-0.04039319345778959,0.0,-1.0,-1.0,0,0.0,62.10471620469984,0.5707118838398703,0.4658,0.1836,0.769954,0.00098928,2.65,0.0008136413954913094,1.36984,84.0,109.0,0.7706422018348624,1.0,7.0,1.36432,1.38088,2.0,1.36432,55.19999999999969,0.0,0.0,0.0,0.0,0.0,0.0,1.3620700000000001,77.69999999999833,1.360385,94.54999999999991,1.36606,37.799999999998946,0.0,0.0,0.0,0.0,0.0,0.0,1.36358,62.599999999999326,1.3677899999999998,20.500000000001073,1.0,1.0,1.0,1.0,0.0,1.0,0.0,0.0,0.0,0.0,0.0,0.0,0.0,0.0,0.0,0.0,0.0,0.0,0.0,0.0,0.0,0.0,0.0,0.0,0.0,0.0,0.0,0.0,0.0,0.0,0.0,0.0,0.0,0.0,0.0,0.0,0.0,0.0,0.0,0.0,0.0,0.0,0.0,0.0,0.0,0.0,0.0,0.0,0.0,0.0,0.10000000000000003,0.20000000000000007,0.0
1.0,1.0,0.0,0.0,0.0,0.0,0.0,0.0,0.0,0.0,0.0,0.0,0.0,0.0,0.0,1.0,0.0,0.0,0.0,0.0,-0.25881904510252157,0.9659258262890681,96.848,100.76,-3.912000000000006,0.6213263361839446,-0.04039319345778959,0.0,-1.0,1.0,0,0.0,52.88171979868482,0.5820446603563136,0.4738,0.5262,0.634152,0.00094542,1.52,0.0008806637964478268,155.873,60.0,109.0,0.5504587155963303,-1.0,5.0,156.587,154.445,2.0,156.587,-71.39999999999986,0.0,0.0,0.0,0.0,0.0,0.0,156.587,-71.39999999999986,155.7725,10.04999999999825,155.95350000000002,-8.05000000000291,0.0,0.0,0.0,0.0,0.0,0.0,156.587,-71.39999999999986,154.91,96.29999999999939,-1.0,0.0,-1.0,1.0,0.0,-1.0,0.0,0.0,0.0,0.0,0.0,0.0,0.0,0.0,0.0,0.0,0.0,0.0,0.0,0.0,0.0,0.0,0.0,0.0,1.0,0.0,0.0,0.0,0.0,0.0,0.0,0.0,0.0,0.0,0.0,0.0,0.0,0.0,0.0,0.0,0.0,0.0,1.0,0.0,0.0,0.0,0.0,1.0,0.0,0.0,0.10000000000000003,0.20000000000000007,1.0
1.0,0.0,0.0,0.0,0.0,0.0,0.0,0.0,0.0,0.0,0.0,0.0,0.0,0.0,0.0,1.0,0.0,0.0,0.0,0.0,-0.25881904510252157,0.9659258262890681,96.848,100.76,-3.912000000000006,136.5364010601703,-0.04039319345778959,0.0,-1.0,-1.0,0,0.0,0.0,0.6635678031511649,0.0,0.0,0.455,0.00138852,0.88,0.0013827299477509043,0.70932,84.0,109.0,0.7706422018348624,1.0,7.0,0.70522,0.71751,2.0,0.705225,40.9499999999996,0.0,0.0,0.0,0.0,0.0,0.0,0.69977,95.49999999999947,0.6880649999999999,212.55000000000024,0.707375,19.449999999999747,0.0,0.0,0.0,0.0,0.0,0.0,0.703265,60.549999999999216,0.69977,95.49999999999947,1.0,1.0,1.0,1.0,0.0,1.0,0.0,0.0,0.0,0.0,0.0,0.0,0.0,0.0,0.0,0.0,0.0,0.0,0.0,0.0,0.0,0.0,0.0,0.0,1.0,0.0,0.0,0.0,0.0,0.0,0.0,0.0,0.0,0.0,0.0,0.0,0.0,0.0,0.0,0.0,0.0,0.0,1.0,0.0,0.0,0.0,1.0,0.0,0.0,0.0,0.10000000000000003,0.20000000000000007,0.0
1.0,0.0,0.0,0.0,0.0,0.0,0.0,0.0,0.0,0.0,0.0,0.0,0.0,0.0,0.0,1.0,0.0,0.0,0.0,0.0,-0.25881904510252157,0.9659258262890681,96.848,100.76,-3.912000000000006,71.43974152811178,-0.04039319345778959,1.0,-1.0,1.0,0,0.0,0.0,0.6994193900427802,0.0,0.0,0.747373,0.00064029,2.38,0.00044756966757018407,1.3556599999999999,84.0,109.0,0.7706422018348624,-1.0,7.0,1.3613,1.34438,2.0,1.3613,-56.400000000000894,0.0,0.0,0.0,0.0,0.0,0.0,1.36385,-81.90000000000141,1.370505,-148.4500000000022,1.358305,-26.450000000002305,0.0,0.0,0.0,0.0,0.0,0.0,1.36216,-65.00000000000172,1.3602949999999998,-46.34999999999945,-1.0,-1.0,-1.0,-1.0,0.0,-1.0,0.0,0.0,0.0,0.0,0.0,0.0,0.0,0.0,0.0,0.0,0.0,0.0,0.0,0.0,0.0,0.0,0.0,0.0,1.0,0.0,0.0,1.37142,0.0,0.0,0.0,0.0,0.0,0.0,0.0,0.0,0.0,0.0,0.0,0.0,0.0,0.0,0.0,0.0,0.0,1.0,0.0,1.0,0.0,0.0,0.10000000000000003,0.20000000000000007,0.0
1.0,0.0,0.0,0.0,0.0,0.0,0.0,0.0,0.0,0.0,0.0,0.0,0.0,0.0,0.0,1.0,0.0,0.0,0.0,0.0,-0.25881904510252157,0.9659258262890681,96.848,100.76,-3.912000000000006,126.41031665230896,-0.04039319345778959,1.0,-1.0,1.0,0,0.0,0.0,0.6240970093404308,0.0,0.0,0.667485,0.00090588,1.71,0.0007964778135614008,0.76614,84.0,109.0,0.7706422018348624,-1.0,7.0,0.77146,0.75551,2.0,0.771455,-53.14999999999959,0.0,0.0,0.0,0.0,0.0,0.0,0.772275,-61.350000000000016,0.78226,-161.19999999999914,0.768025,-18.849999999999145,0.0,0.0,0.0,0.0,0.0,0.0,0.7721100000000001,-59.70000000000031,0.77117,-50.29999999999979,-1.0,-1.0,-1.0,-1.0,0.0,-1.0,0.0,0.0,0.0,0.0,0.0,0.0,0.0,0.0,0.0,0.0,0.0,0.0,0.0,0.0,0.0,0.0,0.0,0.0,1.0,0.0,0.0,0.77135,0.76046,0.0,0.0,0.0,0.0,0.0,0.0,0.0,0.0,0.0,0.0,0.0,0.0,0.0,0.0,1.0,0.0,0.0,0.0,1.0,0.0,0.0,0.10000000000000003,0.20000000000000007,0.0
1.0,0.0,0.0,0.0,0.0,0.0,0.0,0.0,0.0,0.0,0.0,0.0,0.0,0.0,0.0,0.0,1.0,0.0,0.0,0.0,-0.25881904510252157,0.9659258262890681,96.849,100.76,-3.9110000000000014,81.4171864754443,-0.04038245103201893,0.0,-1.0,-1.0,0,0.0,35.83259984864791,0.6777196359542004,0.2328,0.0204,0.596091,0.00063273,1.34,0.0006001730231344964,1.18954,60.0,109.0,0.5504587155963303,1.0,5.0,1.18471,1.19921,2.0,1.19077,-12.300000000000644,0.0,0.0,0.0,0.0,0.0,0.0,1.1847050000000001,48.34999999999923,1.183005,65.34999999999957,1.19077,-12.300000000000644,0.0,0.0,0.0,0.0,0.0,0.0,1.18919,3.5000000000007248,1.1880950000000001,14.449999999999186,0.0,1.0,1.0,1.0,0.0,1.0,0.0,0.0,0.0,0.0,0.0,0.0,0.0,0.0,0.0,0.0,0.0,0.0,0.0,0.0,0.0,0.0,0.0,0.0,0.0,0.0,0.0,1.19711,0.0,0.0,0.0,0.0,0.0,0.0,0.0,0.0,0.0,0.0,0.0,0.0,0.0,0.0,0.0,0.0,0.0,0.0,0.0,0.0,0.0,0.0,0.10000000000000003,0.20000000000000007,0.0
1.0,0.0,0.0,0.0,0.0,0.0,0.0,0.0,0.0,0.0,0.0,0.0,0.0,0.0,0.0,0.0,1.0,0.0,0.0,0.0,-0.25881904510252157,0.9659258262890681,96.849,100.76,-3.9110000000000014,71.00730975929851,-0.04038245103201893,0.0,-1.0,-0.0,0,0.0,16.473412340079058,0.7769600060343993,0.0,0.0,0.736765,0.00073537,2.27,0.0007419698983570065,1.3639299999999999,0.0,109.0,0.0,0.0,0.0,0.0,0.0,0.0,1.36687,-29.400000000001647,0.0,0.0,0.0,0.0,0.0,0.0,1.361275,26.54999999999852,1.360385,35.44999999999909,1.366725,-27.95000000000103,0.0,0.0,0.0,0.0,0.0,0.0,1.36466,-7.300000000001194,1.3677899999999998,-38.599999999999746,-1.0,1.0,1.0,1.0,0.0,0.0,0.0,0.0,0.0,0.0,0.0,0.0,0.0,0.0,0.0,0.0,0.0,0.0,0.0,0.0,0.0,0.0,0.0,0.0,0.0,0.0,0.0,0.0,0.0,0.0,0.0,0.0,0.0,0.0,0.0,0.0,0.0,0.0,0.0,0.0,0.0,0.0,1.0,0.0,1.0,0.0,0.0,1.0,0.0,0.0,0.0,0.0,-1.0
1.0,1.0,0.0,0.0,0.0,0.0,0.0,0.0,0.0,0.0,0.0,0.0,0.0,0.0,0.0,0.0,1.0,0.0,0.0,0.0,-0.25881904510252157,0.9659258262890681,96.849,100.76,-3.9110000000000014,0.627235988238799,-0.04038245103201893,0.0,-1.0,1.0,0,0.0,0.0,0.43374955746212907,0.0,0.0,0.562758,0.00102254,1.21,0.000962732186597945,154.406,84.0,109.0,0.7706422018348624,-1.0,7.0,155.171,152.876,2.0,155.171,-76.49999999999864,0.0,0.0,0.0,0.0,0.0,0.0,155.85399999999998,-144.7999999999979,155.7725,-136.6500000000002,154.639,-23.30000000000041,0.0,0.0,0.0,0.0,0.0,0.0,155.3995,-99.34999999999832,155.166,-75.99999999999909,-1.0,-1.0,-1.0,1.0,0.0,-1.0,0.0,0.0,0.0,0.0,0.0,0.0,0.0,0.0,0.0,0.0,0.0,0.0,0.0,0.0,0.0,0.0,0.0,0.0,1.0,0.0,0.0,0.0,0.0,0.0,0.0,0.0,0.0,0.0,0.0,0.0,0.0,0.0,0.0,0.0,0.0,0.0,0.0,0.0,0.0,1.0,0.0,1.0,0.0,0.0,0.10000000000000003,0.20000000000000007,1.0
1.0,0.0,0.0,0.0,0.0,0.0,0.0,0.0,0.0,0.0,0.0,0.0,0.0,0.0,0.0,0.0,1.0,0.0,0.0,0.0,-0.25881904510252157,0.9659258262890681,96.849,100.76,-3.9110000000000014,136.89485066504585,-0.04038245103201893,0.0,-1.0,-1.0,0,0.0,30.859692143633588,0.8946828842075709,0.0054,0.0,0.70386,0.00118284,1.97,0.0010509573557053874,0.70747,60.0,109.0,0.5504587155963303,1.0,5.0,0.69977,0.72287,2.0,0.7080500000000001,-5.800000000000249,0.0,0.0,0.0,0.0,0.0,0.0,0.69977,77.0000000000004,0.6880999999999999,193.7000000000011,0.7078249999999999,-3.549999999998832,0.0,0.0,0.0,0.0,0.0,0.0,0.7056,18.700000000000383,0.69977,77.0000000000004,-1.0,1.0,1.0,1.0,0.0,1.0,0.0,0.0,0.0,0.0,0.0,0.0,0.0,0.0,0.0,0.0,0.0,0.0,0.0,0.0,0.0,0.0,0.0,0.0,1.0,0.0,0.0,0.0,0.70212,0.0,0.0,0.0,0.0,0.0,0.0,0.0,0.0,0.0,0.0,0.0,0.0,0.0,1.0,0.0,1.0,0.0,0.0,0.0,0.0,1.0,0.10000000000000003,0.20000000000000007,-1.0
1.0,0.0,0.0,0.0,0.0,0.0,0.0,0.0,0.0,0.0,0.0,0.0,0.0,0.0,0.0,0.0,1.0,0.0,0.0,0.0,-0.25881904510252157,0.9659258262890681,96.849,100.76,-3.9110000000000014,71.47633175397422,-0.04038245103201893,1.0,-1.0,1.0,0,0.0,94.30598534599767,0.8235294586993269,0.1644,0.0092,0.873626,0.00064535,5.13,0.0006469872239310315,1.35498,72.0,109.0,0.6605504587155964,-1.0,6.0,1.36238,1.34018,2.0,1.354975,0.05000000000032756,0.0,0.0,0.0,0.0,0.0,0.0,1.36238,-73.99999999999851,1.370505,-155.2500000000001,1.354815,1.6499999999997073,0.0,0.0,0.0,0.0,0.0,0.0,1.358935,-39.54999999999931,1.3602949999999998,-53.14999999999736,-1.0,-1.0,-1.0,-1.0,0.0,-1.0,0.0,0.0,0.0,0.0,0.0,0.0,0.0,0.0,0.0,0.0,0.0,0.0,0.0,0.0,0.0,0.0,0.0,0.0,0.0,0.0,0.0,0.0,0.0,0.0,0.0,0.0,0.0,0.0,0.0,0.0,0.0,0.0,0.0,0.0,0.0,0.0,0.0,1.0,0.0,1.0,0.0,0.0,0.0,0.0,0.10000000000000003,0.20000000000000007,0.0
1.0,0.0,0.0,0.0,0.0,0.0,0.0,0.0,0.0,0.0,0.0,0.0,0.0,0.0,0.0,0.0,1.0,0.0,0.0,0.0,-0.25881904510252157,0.9659258262890681,96.849,100.76,-3.9110000000000014,126.13667443768641,-0.04038245103201893,1.0,-1.0,1.0,0,0.0,38.489749956568716,0.6995127987014103,0.2276,0.0168,0.72515,0.00092861,2.16,0.0008403523498285998,0.76781,60.0,109.0,0.5504587155963303,-1.0,5.0,0.7708,0.76182,2.0,0.765835,19.74999999999949,0.0,0.0,0.0,0.0,0.0,0.0,0.770805,-29.949999999999697,0.78226,-144.49999999999963,0.765835,19.74999999999949,0.0,0.0,0.0,0.0,0.0,0.0,0.7679,-0.900000000000345,0.7723150000000001,-45.05000000000092,0.0,-1.0,-1.0,-1.0,0.0,-1.0,0.0,0.0,0.0,0.0,0.0,0.0,0.0,0.0,0.0,0.0,0.0,0.0,0.0,0.0,0.0,0.0,0.0,0.0,0.0,0.0,0.0,0.0,0.0,0.0,0.0,0.0,0.0,0.0,0.0,0.0,0.0,0.0,0.0,0.0,0.0,0.0,0.0,1.0,0.0,0.0,0.0,1.0,0.0,0.0,0.10000000000000003,0.20000000000000007,0.0
1.0,0.0,0.0,0.0,0.0,0.0,0.0,0.0,0.0,0.0,0.0,0.0,0.0,0.0,0.0,0.0,0.0,1.0,0.0,0.0,-0.25881904510252157,0.9659258262890681,96.918,100.76,-3.8419999999999987,81.6460974685144,-0.03964175901277367,0.0,-1.0,-0.0,0,0.0,29.10775956820165,0.712715660615158,0.0,0.0,0.719428,0.00074952,2.1,0.0006338093376298379,1.18705,0.0,109.0,0.0,0.0,0.0,0.0,0.0,0.0,1.188005,-9.550000000000392,0.0,0.0,0.0,0.0,0.0,0.0,1.1847050000000001,23.449999999998195,1.183005,40.44999999999854,1.18686,1.8999999999991246,0.0,0.0,0.0,0.0,0.0,0.0,1.188075,-10.250000000000536,1.186995,0.5499999999991623,-1.0,1.0,1.0,1.0,0.0,0.0,0.0,0.0,0.0,0.0,0.0,0.0,0.0,0.0,0.0,0.0,0.0,0.0,0.0,0.0,0.0,0.0,0.0,0.0,1.0,0.0,0.0,0.0,0.0,0.0,0.0,0.0,0.0,0.0,0.0,0.0,0.0,0.0,0.0,0.0,0.0,0.0,0.0,1.0,0.0,1.0,0.0,0.0,0.0,0.0,0.0,0.0,-1.0
1.0,0.0,0.0,0.0,0.0,0.0,0.0,0.0,0.0,0.0,0.0,0.0,0.0,0.0,0.0,0.0,0.0,1.0,0.0,0.0,-0.25881904510252157,0.9659258262890681,96.918,100.76,-3.8419999999999987,71.12099330750264,-0.03964175901277367,0.0,-1.0,-0.0,0,0.0,30.48980727919581,0.7097870037930903,0.0,0.0,0.754386,0.00083801,2.46,0.0008087687491829351,1.36272,0.0,109.0,0.0,0.0,0.0,0.0,0.0,0.0,1.36606,-33.40000000000121,0.0,0.0,0.0,0.0,0.0,0.0,1.3610099999999998,17.100000000001003,1.360385,23.34999999999976,1.364965,-22.450000000000525,0.0,0.0,0.0,0.0,0.0,0.0,1.36606,-33.40000000000121,1.36613,-34.10000000000135,-1.0,1.0,1.0,1.0,0.0,-1.0,0.0,0.0,0.0,0.0,0.0,0.0,0.0,0.0,0.0,0.0,0.0,0.0,0.0,0.0,0.0,0.0,0.0,0.0,1.0,0.0,0.0,0.0,0.0,0.0,0.0,0.0,0.0,0.0,0.0,0.0,0.0,0.0,0.0,0.0,0.0,0.0,0.0,1.0,0.0,0.0,0.0,1.0,0.0,0.0,0.0,0.0,-1.0
1.0,1.0,0.0,0.0,0.0,0.0,0.0,0.0,0.0,0.0,0.0,0.0,0.0,0.0,0.0,0.0,0.0,1.0,0.0,0.0,-0.25881904510252157,0.9659258262890681,96.918,100.76,-3.8419999999999987,0.6322525931241438,-0.03964175901277367,0.0,-1.0,1.0,0,0.0,80.13275219935781,0.4722325890962937,0.4618,0.5382,0.596297,0.0012884,1.34,0.0013234870201345237,153.29,72.0,109.0,0.6605504587155964,-1.0,6.0,153.6005,152.669,2.0,153.6005,-31.050000000001887,0.0,0.0,0.0,0.0,0.0,0.0,155.1035,-181.35000000000048,155.7725,-248.2500000000016,153.6005,-31.050000000001887,0.0,0.0,0.0,0.0,0.0,0.0,153.9275,-63.750000000001705,155.1035,-181.35000000000048,0.0,-1.0,-1.0,1.0,0.0,-1.0,0.0,0.0,0.0,0.0,0.0,0.0,0.0,0.0,0.0,0.0,0.0,0.0,0.0,0.0,0.0,0.0,0.0,0.0,0.0,0.0,0.0,0.0,0.0,0.0,0.0,0.0,0.0,0.0,0.0,0.0,0.0,0.0,0.0,0.0,0.0,0.0,0.0,0.0,0.0,1.0,0.0,1.0,0.0,0.0,0.10000000000000003,0.20000000000000007,1.0
1.0,0.0,0.0,0.0,0.0,0.0,0.0,0.0,0.0,0.0,0.0,0.0,0.0,0.0,0.0,0.0,0.0,1.0,0.0,0.0,-0.25881904510252157,0.9659258262890681,96.918,100.76,-3.8419999999999987,135.99472399180536,-0.03964175901277367,0.0,-1.0,-1.0,0,0.0,7.97808651548648,0.6581729054701358,0.3638,0.0924,0.656374,0.00115943,1.65,0.0010162935093742463,0.71266,84.0,109.0,0.7706422018348624,1.0,7.0,0.71037,0.71725,2.0,0.710365,22.94999999999936,0.0,0.0,0.0,0.0,0.0,0.0,0.701995,106.64999999999924,0.6903250000000001,223.34999999999883,0.71074,19.199999999999218,0.0,0.0,0.0,0.0,0.0,0.0,0.710365,22.94999999999936,0.701995,106.64999999999924,1.0,1.0,1.0,1.0,0.0,1.0,0.0,0.0,0.0,0.0,0.0,0.0,0.0,0.0,0.0,0.0,0.0,0.0,0.0,0.0,0.0,0.0,0.0,0.0,0.0,0.0,0.0,0.0,0.0,0.0,0.0,0.0,0.0,0.0,0.0,0.0,0.0,0.0,0.0,0.0,0.0,0.0,0.0,1.0,1.0,0.0,0.0,0.0,0.0,0.0,0.10000000000000003,0.20000000000000007,0.0
1.0,0.0,0.0,0.0,0.0,0.0,0.0,0.0,0.0,0.0,0.0,0.0,0.0,0.0,0.0,0.0,0.0,1.0,0.0,0.0,-0.25881904510252157,0.9659258262890681,96.918,100.76,-3.8419999999999987,71.39763083451203,-0.03964175901277367,0.0,-1.0,-0.0,0,0.0,13.019290069169129,0.6730605687874661,0.0,0.0,0.797898,0.00076234,3.07,0.0006278358763809062,1.35744,0.0,109.0,0.0,0.0,0.0,0.0,0.0,0.0,1.3561450000000002,12.94999999999824,0.0,0.0,0.0,0.0,0.0,0.0,1.36143,-39.89999999999938,1.370505,-130.65000000000106,1.35846,-10.200000000000209,0.0,0.0,0.0,0.0,0.0,0.0,1.3561450000000002,12.94999999999824,1.3602949999999998,-28.5499999999983,1.0,-1.0,-1.0,-1.0,0.0,0.0,0.0,0.0,0.0,0.0,0.0,0.0,0.0,0.0,0.0,0.0,0.0,0.0,0.0,0.0,0.0,0.0,0.0,0.0,0.0,0.0,0.0,0.0,0.0,0.0,0.0,0.0,0.0,0.0,0.0,0.0,0.0,0.0,0.0,0.0,0.0,0.0,0.0,0.0,0.0,1.0,0.0,0.0,0.0,0.0,0.0,0.0,-1.0
1.0,0.0,0.0,0.0,0.0,0.0,0.0,0.0,0.0,0.0,0.0,0.0,0.0,0.0,0.0,0.0,0.0,1.0,0.0,0.0,-0.25881904510252157,0.9659258262890681,96.918,100.76,-3.8419999999999987,125.59839305384567,-0.03964175901277367,0.0,-1.0,-0.0,0,0.0,39.20916836489805,0.8428782947131511,0.0,0.0,0.786787,0.00110174,2.89,0.0009149537379064854,0.77165,0.0,109.0,0.0,0.0,0.0,0.0,0.0,0.0,0.768885,27.649999999999064,0.0,0.0,0.0,0.0,0.0,0.0,0.770745,9.049999999999336,0.78226,-106.10000000000008,0.7700899999999999,15.600000000000058,0.0,0.0,0.0,0.0,0.0,0.0,0.767965,36.84999999999938,0.7723150000000001,-6.650000000001377,1.0,-1.0,-1.0,-1.0,0.0,1.0,0.0,0.0,0.0,0.0,0.0,0.0,0.0,0.0,0.0,0.0,0.0,0.0,0.0,0.0,0.0,0.0,0.0,0.0,1.0,0.0,0.0,0.0,0.0,0.0,0.0,0.0,0.0,0.0,0.0,0.0,0.0,0.0,0.0,0.0,0.0,0.0,1.0,0.0,0.0,1.0,0.0,1.0,0.0,0.0,0.0,0.0,-1.0
1.0,0.0,0.0,0.0,0.0,0.0,0.0,0.0,0.0,0.0,0.0,0.0,0.0,0.0,0.0,0.0,0.0,0.0,1.0,0.0,-0.25881904510252157,0.9659258262890681,96.916,100.76,-3.8440000000000083,81.64510041784607,-0.03966321350447819,0.0,-1.0,-1.0,0,0.0,32.07199564072865,0.4306115437533847,0.5528,0.4472,0.730539,0.00070413,2.21,0.000563721201405598,1.18704,60.0,109.0,0.5504587155963303,1.0,5.0,1.18669,1.18774,2.0,1.18711,-0.700000000000145,0.0,0.0,0.0,0.0,0.0,0.0,1.18669,3.5000000000007248,1.183005,40.35000000000011,1.1873,-2.5999999999992696,0.0,0.0,0.0,0.0,0.0,0.0,1.188005,-9.649999999998826,1.1847050000000001,23.34999999999976,1.0,1.0,1.0,1.0,0.0,-1.0,0.0,0.0,0.0,0.0,0.0,0.0,0.0,0.0,0.0,0.0,0.0,0.0,0.0,0.0,0.0,0.0,0.0,0.0,0.0,0.0,0.0,0.0,0.0,0.0,0.0,0.0,0.0,0.0,0.0,0.0,0.0,0.0,0.0,0.0,0.0,0.0,0.0,1.0,0.0,0.0,0.0,1.0,0.0,0.0,0.10000000000000003,0.20000000000000007,0.0
1.0,0.0,0.0,0.0,0.0,0.0,0.0,0.0,0.0,0.0,0.0,0.0,0.0,0.0,0.0,0.0,0.0,0.0,1.0,0.0,-0.25881904510252157,0.9659258262890681,96.916,100.76,-3.8440000000000083,71.14719679339886,-0.03966321350447819,0.0,-1.0,-0.0,0,0.0,42.37828009055613,0.7070592299906161,0.0,0.0,0.719428,0.00084164,2.1,0.0006441519594638202,1.36219,0.0,109.0,0.0,0.0,0.0,0.0,0.0,0.0,1.363785,-15.95000000000013,0.0,0.0,0.0,0.0,0.0,0.0,1.36491,-27.200000000000557,1.360385,18.050000000000566,1.3637899999999998,-15.999999999998238,0.0,0.0,0.0,0.0,0.0,0.0,1.365815,-36.24999999999989,1.3620700000000001,1.1999999999989797,1.0,1.0,1.0,1.0,0.0,-1.0,0.0,0.0,0.0,0.0,0.0,0.0,0.0,0.0,0.0,0.0,0.0,0.0,0.0,0.0,0.0,0.0,0.0,0.0,0.0,0.0,0.0,0.0,0.0,0.0,0.0,0.0,0.0,0.0,0.0,0.0,0.0,0.0,0.0,0.0,0.0,0.0,0.0,0.0,0.0,0.0,0.0,1.0,0.0,0.0,0.0,0.0,-1.0
1.0,1.0,0.0,0.0,0.0,0.0,0.0,0.0,0.0,0.0,0.0,0.0,0.0,0.0,0.0,0.0,0.0,0.0,1.0,0.0,-0.25881904510252157,0.9659258262890681,96.916,100.76,-3.8440000000000083,0.6344995548106636,-0.03966321350447819,0.0,-1.0,1.0,0,0.0,11.551114505285998,0.3946681700865435,0.4608,0.5392,0.551853,0.0013881,1.17,0.0013010337931646132,152.744,72.0,109.0,0.6605504587155964,-1.0,6.0,153.012,152.208,2.0,153.012,-26.800000000000068,0.0,0.0,0.0,0.0,0.0,0.0,154.9615,-221.7500000000001,155.7725,-302.8500000000008,153.042,-29.800000000000182,0.0,0.0,0.0,0.0,0.0,0.0,153.45850000000002,-71.45000000000152,154.9615,-221.7500000000001,1.0,-1.0,-1.0,1.0,0.0,-1.0,0.0,0.0,0.0,0.0,0.0,0.0,0.0,0.0,0.0,0.0,0.0,0.0,0.0,0.0,0.0,0.0,0.0,0.0,1.0,153.684,0.0,0.0,0.0,0.0,0.0,0.0,0.0,0.0,0.0,0.0,0.0,0.0,0.0,0.0,0.0,0.0,0.0,1.0,0.0,1.0,0.0,1.0,0.0,1.0,0.10000000000000003,0.20000000000000007,0.0
1.0,0.0,0.0,0.0,0.0,0.0,0.0,0.0,0.0,0.0,0.0,0.0,0.0,0.0,0.0,0.0,0.0,0.0,1.0,0.0,-0.25881904510252157,0.9659258262890681,96.916,100.76,-3.8440000000000083,136.68622362631163,-0.03966321350447819,0.0,-1.0,-0.0,0,0.0,18.480628838139936,0.4889865145067032,0.0,0.0,0.831231,0.00128803,3.75,0.0010791064494757626,0.70904,0.0,109.0,0.0,0.0,0.0,0.0,0.0,0.0,0.711125,-20.850000000000037,0.0,0.0,0.0,0.0,0.0,0.0,0.70687,21.700000000000053,0.690525,185.1499999999995,0.711005,-19.649999999999945,0.0,0.0,0.0,0.0,0.0,0.0,0.71094,-19.000000000000128,0.702195,68.4499999999999,-1.0,1.0,1.0,1.0,0.0,-1.0,0.0,0.0,0.0,0.0,0.0,0.0,0.0,0.0,0.0,0.0,0.0,0.0,0.0,0.0,0.0,0.0,0.0,0.0,0.0,0.71334,0.0,0.0,0.0,0.0,0.0,0.0,0.0,0.0,0.0,0.0,0.0,0.0,0.0,0.0,0.0,0.0,0.0,0.0,1.0,0.0,0.0,0.0,0.0,0.0,0.0,0.0,-1.0
1.0,0.0,0.0,0.0,0.0,0.0,0.0,0.0,0.0,0.0,0.0,0.0,0.0,0.0,0.0,0.0,0.0,0.0,1.0,0.0,-0.25881904510252157,0.9659258262890681,96.916,100.76,-3.8440000000000083,71.22091741501197,-0.03966321350447819,0.0,-1.0,-0.0,0,0.0,50.43774815657235,0.567928767345163,0.0,0.0,0.797898,0.00078627,3.07,0.0006195035045416312,1.36078,0.0,109.0,0.0,0.0,0.0,0.0,0.0,0.0,1.35955,12.300000000000644,0.0,0.0,0.0,0.0,0.0,0.0,1.35888,19.000000000000128,1.370505,-97.24999999999983,1.359745,10.350000000001192,0.0,0.0,0.0,0.0,0.0,0.0,1.3569900000000001,37.8999999999996,1.36143,-6.499999999998174,1.0,-1.0,-1.0,-1.0,0.0,1.0,0.0,0.0,0.0,0.0,0.0,0.0,0.0,0.0,0.0,0.0,0.0,0.0,0.0,0.0,0.0,0.0,0.0,0.0,0.0,0.0,0.0,0.0,0.0,0.0,0.0,0.0,0.0,0.0,0.0,0.0,0.0,0.0,0.0,0.0,0.0,0.0,0.0,0.0,1.0,0.0,0.0,0.0,0.0,0.0,0.0,0.0,-1.0
1.0,0.0,0.0,0.0,0.0,0.0,0.0,0.0,0.0,0.0,0.0,0.0,0.0,0.0,0.0,0.0,0.0,0.0,1.0,0.0,-0.25881904510252157,0.9659258262890681,96.916,100.76,-3.8440000000000083,125.97454928314248,-0.03966321350447819,1.0,-1.0,1.0,0,0.0,16.49087143119643,0.5878468200566258,0.587,0.413,0.797898,0.00119674,3.07,0.000772168066895147,0.76933,72.0,109.0,0.6605504587155964,-1.0,6.0,0.76958,0.76882,2.0,0.769585,-2.5500000000000522,0.0,0.0,0.0,0.0,0.0,0.0,0.770025,-6.950000000000012,0.78226,-129.29999999999998,0.768715,6.149999999999212,0.0,0.0,0.0,0.0,0.0,0.0,0.769225,1.0499999999991072,0.7723150000000001,-29.850000000001266,-1.0,-1.0,-1.0,-1.0,0.0,1.0,0.0,0.0,0.0,0.0,0.0,0.0,0.0,0.0,0.0,0.0,0.0,0.0,0.0,0.0,0.0,0.0,0.0,0.0,0.0,0.0,0.0,0.0,0.0,0.0,0.0,0.0,0.0,0.0,0.0,0.0,0.0,0.0,0.0,0.0,0.0,0.0,0.0,1.0,0.0,0.0,0.0,0.0,0.0,0.0,0.10000000000000003,0.20000000000000007,1.0
1.0,0.0,0.0,0.0,0.0,0.0,0.0,0.0,0.0,0.0,0.0,0.0,0.0,0.0,0.0,0.0,0.0,0.0,0.0,1.0,-0.25881904510252157,0.9659258262890681,96.864,100.76,-3.896000000000001,81.62123446387193,-0.04022134126197556,0.0,-1.0,-0.0,0,0.0,15.9995745700361,0.5008604814100062,0.0,0.0,0.805969,0.00071161,3.21,0.0006540936382584894,1.18675,0.0,109.0,0.0,0.0,0.0,0.0,0.0,0.0,1.18659,1.5999999999993797,0.0,0.0,0.0,0.0,0.0,0.0,1.188075,-13.250000000000206,1.183005,37.44999999999887,1.186615,1.3499999999999623,0.0,0.0,0.0,0.0,0.0,0.0,1.186855,-1.0500000000002174,1.1847050000000001,20.449999999998525,1.0,-1.0,1.0,1.0,0.0,-1.0,0.0,0.0,0.0,0.0,0.0,0.0,0.0,0.0,0.0,0.0,0.0,0.0,0.0,0.0,0.0,0.0,0.0,0.0,1.0,0.0,0.0,0.0,0.0,0.0,0.0,0.0,0.0,0.0,0.0,0.0,0.0,0.0,0.0,0.0,0.0,0.0,0.0,0.0,0.0,1.0,0.0,1.0,0.0,0.0,0.0,0.0,-1.0
1.0,0.0,0.0,0.0,0.0,0.0,0.0,0.0,0.0,0.0,0.0,0.0,0.0,0.0,0.0,0.0,0.0,0.0,0.0,1.0,-0.25881904510252157,0.9659258262890681,96.864,100.76,-3.896000000000001,70.96159763226913,-0.04022134126197556,0.0,-1.0,-0.0,0,0.0,20.668023734603988,0.7036540603192308,0.0,0.0,0.780706,0.00085199,2.8,0.0007698803086398627,1.36502,0.0,109.0,0.0,0.0,0.0,0.0,0.0,0.0,1.362465,25.54999999999863,0.0,0.0,0.0,0.0,0.0,0.0,1.365105,-0.8500000000011276,1.360385,46.34999999999945,1.3632,18.199999999999328,0.0,0.0,0.0,0.0,0.0,0.0,1.363075,19.449999999998635,1.3620700000000001,29.49999999999786,1.0,-1.0,1.0,1.0,0.0,0.0,0.0,0.0,0.0,0.0,0.0,0.0,0.0,0.0,0.0,0.0,0.0,0.0,0.0,0.0,0.0,0.0,0.0,0.0,0.0,0.0,0.0,0.0,0.0,0.0,0.0,0.0,0.0,0.0,0.0,0.0,0.0,0.0,0.0,0.0,0.0,0.0,0.0,0.0,0.0,1.0,0.0,1.0,0.0,0.0,0.0,0.0,-1.0
1.0,1.0,0.0,0.0,0.0,0.0,0.0,0.0,0.0,0.0,0.0,0.0,0.0,0.0,0.0,0.0,0.0,0.0,0.0,1.0,-0.25881904510252157,0.9659258262890681,96.864,100.76,-3.896000000000001,0.6343667727612088,-0.04022134126197556,0.0,-1.0,1.0,0,0.0,27.950485487042627,0.39444737885912146,0.4474,0.5526,0.607202,0.00134294,1.39,0.0011946582606030677,152.694,84.0,109.0,0.7706422018348624,-1.0,7.0,153.128,151.826,2.0,153.128,-43.39999999999975,0.0,0.0,0.0,0.0,0.0,0.0,154.2785,-158.45000000000198,155.7725,-307.85000000000196,152.9625,-26.850000000001728,0.0,0.0,0.0,0.0,0.0,0.0,153.06,-36.60000000000139,154.9615,-226.75000000000125,-1.0,-1.0,-1.0,1.0,0.0,-1.0,0.0,0.0,0.0,0.0,0.0,0.0,0.0,0.0,0.0,0.0,0.0,0.0,0.0,0.0,0.0,0.0,0.0,0.0,1.0,153.684,0.0,0.0,0.0,0.0,0.0,0.0,0.0,0.0,0.0,0.0,0.0,0.0,0.0,0.0,0.0,0.0,0.0,0.0,0.0,0.0,0.0,1.0,0.0,0.0,0.10000000000000003,0.20000000000000007,0.0
1.0,0.0,0.0,0.0,0.0,0.0,0.0,0.0,0.0,0.0,0.0,0.0,0.0,0.0,0.0,0.0,0.0,0.0,0.0,1.0,-0.25881904510252157,0.9659258262890681,96.864,100.76,-3.896000000000001,137.00319651495008,-0.04022134126197556,1.0,-1.0,1.0,0,0.0,32.70701336289523,0.49989957678699604,0.5188,0.4812,0.747373,0.00142863,2.38,0.0011026350720936822,0.70702,60.0,109.0,0.5504587155963303,-1.0,5.0,0.70708,0.70691,2.0,0.707075,-0.5500000000002725,0.0,0.0,0.0,0.0,0.0,0.0,0.7095199999999999,-24.999999999999467,0.690525,164.94999999999925,0.70658,4.3999999999999595,0.0,0.0,0.0,0.0,0.0,0.0,0.7094,-23.800000000000487,0.702195,48.24999999999968,-1.0,-1.0,1.0,1.0,0.0,-1.0,0.0,0.0,0.0,0.0,0.0,0.0,0.0,0.0,0.0,0.0,0.0,0.0,0.0,0.0,0.0,0.0,0.0,0.0,0.0,0.71334,0.0,0.0,0.0,0.0,0.0,0.0,0.0,0.0,0.0,0.0,0.0,0.0,0.0,0.0,0.0,0.0,0.0,1.0,0.0,1.0,0.0,0.0,0.0,0.0,0.10000000000000003,0.20000000000000007,1.0
1.0,0.0,0.0,0.0,0.0,0.0,0.0,0.0,0.0,0.0,0.0,0.0,0.0,0.0,0.0,0.0,0.0,0.0,0.0,1.0,-0.25881904510252157,0.9659258262890681,96.864,100.76,-3.896000000000001,71.13670079168074,-0.04022134126197556,0.0,-1.0,-0.0,0,0.0,19.355277980154437,0.6311530561264141,0.0,0.0,0.708317,0.00083972,2.01,0.0006955999015197445,1.36166,0.0,109.0,0.0,0.0,0.0,0.0,0.0,0.0,1.36154,1.2000000000012,0.0,0.0,0.0,0.0,0.0,0.0,1.35708,45.80000000000028,1.370505,-88.44999999999992,1.361475,1.8500000000010175,0.0,0.0,0.0,0.0,0.0,0.0,1.35964,20.200000000001328,1.36143,2.300000000001745,-1.0,1.0,-1.0,-1.0,0.0,1.0,0.0,0.0,0.0,0.0,0.0,0.0,0.0,0.0,0.0,0.0,0.0,0.0,0.0,0.0,0.0,0.0,0.0,0.0,1.0,0.0,0.0,0.0,1.35089,0.0,0.0,0.0,0.0,0.0,0.0,0.0,0.0,0.0,0.0,0.0,0.0,0.0,1.0,0.0,1.0,0.0,1.0,0.0,0.0,0.0,0.0,0.0,-1.0
1.0,0.0,0.0,0.0,0.0,0.0,0.0,0.0,0.0,0.0,0.0,0.0,0.0,0.0,0.0,0.0,0.0,0.0,0.0,1.0,-0.25881904510252157,0.9659258262890681,96.864,100.76,-3.896000000000001,126.19730053676585,-0.04022134126197556,1.0,-1.0,1.0,0,0.0,35.994218225096276,0.5345271238945819,0.6032,0.3968,0.758484,0.00120287,2.51,0.0008986481161171242,0.76756,72.0,109.0,0.6605504587155964,-1.0,6.0,0.76797,0.76675,2.0,0.769395,-18.35000000000031,0.0,0.0,0.0,0.0,0.0,0.0,0.767965,-4.049999999999887,0.78226,-146.99999999999935,0.76867,-11.099999999999444,0.0,0.0,0.0,0.0,0.0,0.0,0.76923,-16.69999999999949,0.771525,-39.64999999999996,-1.0,1.0,-1.0,-1.0,0.0,-1.0,0.0,0.0,0.0,0.0,0.0,0.0,0.0,0.0,0.0,0.0,0.0,0.0,0.0,0.0,0.0,0.0,0.0,0.0,0.0,0.77303,0.0,0.0,0.0,0.77938,0.0,0.0,0.0,0.0,0.0,0.0,0.0,0.0,0.0,0.0,0.0,0.0,0.0,0.0,0.0,0.0,0.0,0.0,0.0,0.0,0.10000000000000003,0.20000000000000007,0.0
1.0,0.0,0.0,0.0,0.0,0.0,0.0,0.0,0.0,0.0,0.0,0.0,0.0,0.0,0.0,1.0,0.0,0.0,0.0,0.0,-0.25881904510252157,0.9659258262890681,97.083,100.76,-3.6770000000000067,81.9224343071237,-0.037874808153847805,1.0,-1.0,1.0,0,0.0,57.78960197320168,0.25819025129554535,0.6184,0.3596,0.845384,0.00055274,4.13,0.00038851778851729004,1.18506,60.0,109.0,0.5504587155963303,-1.0,5.0,1.18613,1.18292,2.0,1.18613,-10.699999999999044,0.0,0.0,0.0,0.0,0.0,0.0,1.188075,-30.1499999999999,1.183005,20.54999999999918,1.185485,-4.249999999998977,0.0,0.0,0.0,0.0,0.0,0.0,1.18654,-14.799999999999258,1.1847050000000001,3.549999999998832,-1.0,-1.0,1.0,1.0,0.0,-1.0,0.0,0.0,0.0,0.0,0.0,0.0,0.0,0.0,0.0,0.0,0.0,0.0,0.0,0.0,0.0,0.0,0.0,0.0,1.0,0.0,0.0,1.19257,0.0,0.0,0.0,0.0,0.0,0.0,0.0,0.0,0.0,0.0,0.0,0.0,0.0,0.0,0.0,0.0,0.0,1.0,0.0,1.0,0.0,0.0,0.10000000000000003,0.20000000000000007,1.0
1.0,0.0,0.0,0.0,0.0,0.0,0.0,0.0,0.0,0.0,0.0,0.0,0.0,0.0,0.0,1.0,0.0,0.0,0.0,0.0,-0.25881904510252157,0.9659258262890681,97.083,100.76,-3.6770000000000067,71.24207467418105,-0.037874808153847805,0.0,-1.0,-0.0,0,0.0,10.311806449168726,0.5453017355737916,0.0,0.0,0.906959,0.00071888,7.1,0.00035394154014935225,1.36272,0.0,109.0,0.0,0.0,0.0,0.0,0.0,0.0,1.36432,-16.00000000000046,0.0,0.0,0.0,0.0,0.0,0.0,1.365105,-23.850000000000815,1.360385,23.34999999999976,1.363585,-8.650000000001157,0.0,0.0,0.0,0.0,0.0,0.0,1.36303,-3.1000000000003247,1.3620700000000001,6.499999999998174,-1.0,-1.0,1.0,1.0,0.0,0.0,0.0,0.0,0.0,0.0,0.0,0.0,0.0,0.0,0.0,0.0,0.0,0.0,0.0,0.0,0.0,0.0,0.0,0.0,0.0,0.0,0.0,1.36987,0.0,0.0,0.0,0.0,0.0,0.0,0.0,0.0,0.0,0.0,0.0,0.0,0.0,0.0,0.0,0.0,0.0,0.0,0.0,1.0,0.0,0.0,0.0,0.0,-1.0
1.0,1.0,0.0,0.0,0.0,0.0,0.0,0.0,0.0,0.0,0.0,0.0,0.0,0.0,0.0,1.0,0.0,0.0,0.0,0.0,-0.25881904510252157,0.9659258262890681,97.083,100.76,-3.6770000000000067,0.6324007425984431,-0.037874808153847805,0.0,-1.0,-0.0,0,0.0,47.152926224328176,0.7016822374752483,0.0,0.0,0.997261,0.00123198,252.72,0.0005915750008493355,153.515,0.0,109.0,0.0,0.0,0.0,0.0,0.0,0.0,153.09449999999998,42.05000000000041,0.0,0.0,0.0,0.0,0.0,0.0,153.53,-1.500000000001478,155.7725,-225.75000000000216,153.4115,10.349999999999682,0.0,0.0,0.0,0.0,0.0,0.0,153.09449999999998,42.05000000000041,154.9615,-144.65000000000146,1.0,-1.0,-1.0,1.0,0.0,1.0,0.0,0.0,0.0,0.0,0.0,0.0,0.0,0.0,0.0,0.0,0.0,0.0,0.0,0.0,0.0,0.0,0.0,0.0,0.0,0.0,152.73,154.65,0.0,0.0,0.0,0.0,0.0,0.0,0.0,0.0,0.0,0.0,0.0,0.0,0.0,0.0,0.0,1.0,0.0,0.0,0.0,0.0,0.0,0.0,0.0,0.0,-1.0
1.0,0.0,0.0,0.0,0.0,0.0,0.0,0.0,0.0,0.0,0.0,0.0,0.0,0.0,0.0,1.0,0.0,0.0,0.0,0.0,-0.25881904510252157,0.9659258262890681,97.083,100.76,-3.6770000000000067,137.2877041646044,-0.037874808153847805,0.0,-1.0,-0.0,0,0.0,17.578845932138698,0.44170990823889306,0.0,0.0,0.831231,0.001306,3.75,0.0007900108670560011,0.70715,0.0,109.0,0.0,0.0,0.0,0.0,0.0,0.0,0.7075,-3.5000000000007248,0.0,0.0,0.0,0.0,0.0,0.0,0.7095199999999999,-23.699999999999832,0.690705,164.4499999999993,0.707755,-6.050000000000777,0.0,0.0,0.0,0.0,0.0,0.0,0.707055,0.9499999999995623,0.702195,49.549999999999315,1.0,-1.0,1.0,1.0,0.0,0.0,0.0,0.0,0.0,0.0,0.0,0.0,0.0,0.0,0.0,0.0,0.0,0.0,0.0,0.0,0.0,0.0,0.0,0.0,1.0,0.71334,0.0,0.71411,0.0,0.0,0.0,0.0,0.0,0.0,0.0,0.0,0.0,0.0,0.0,0.0,0.0,0.0,1.0,0.0,0.0,1.0,0.0,0.0,0.0,0.0,0.0,0.0,-1.0
1.0,0.0,0.0,0.0,0.0,0.0,0.0,0.0,0.0,0.0,0.0,0.0,0.0,0.0,0.0,1.0,0.0,0.0,0.0,0.0,-0.25881904510252157,0.9659258262890681,97.083,100.76,-3.6770000000000067,71.1872236520821,-0.037874808153847805,0.0,-1.0,-1.0,0,0.0,35.052158302264225,0.3207309125741259,0.616,0.3678,0.862514,0.00071896,4.69,0.00038377612181057823,1.36377,60.0,109.0,0.5504587155963303,1.0,5.0,1.36198,1.36735,2.0,1.36198,17.899999999999583,0.0,0.0,0.0,0.0,0.0,0.0,1.357135,66.34999999999947,1.370505,-67.35000000000157,1.36287,8.999999999999009,0.0,0.0,0.0,0.0,0.0,0.0,1.3615949999999999,21.75000000000038,1.36143,23.400000000000087,1.0,1.0,-1.0,-1.0,0.0,1.0,0.0,0.0,0.0,0.0,0.0,0.0,0.0,0.0,0.0,0.0,0.0,0.0,0.0,0.0,0.0,0.0,0.0,0.0,0.0,0.0,0.0,0.0,1.35553,0.0,0.0,0.0,0.0,0.0,0.0,0.0,0.0,0.0,0.0,0.0,0.0,0.0,0.0,0.0,1.0,0.0,1.0,0.0,0.0,0.0,0.10000000000000003,0.20000000000000007,1.0
1.0,0.0,0.0,0.0,0.0,0.0,0.0,0.0,0.0,0.0,0.0,0.0,0.0,0.0,0.0,1.0,0.0,0.0,0.0,0.0,-0.25881904510252157,0.9659258262890681,97.083,100.76,-3.6770000000000067,126.16046366566171,-0.037874808153847805,0.0,-1.0,-0.0,0,0.0,5.12072542011491,0.44022933279754806,0.0,0.0,0.946437,0.0010004,12.59,0.0004913268467478027,0.76952,0.0,109.0,0.0,0.0,0.0,0.0,0.0,0.0,0.7686949999999999,8.250000000000757,0.0,0.0,0.0,0.0,0.0,0.0,0.767965,15.54999999999973,0.78226,-127.39999999999974,0.7697099999999999,-1.8999999999991246,0.0,0.0,0.0,0.0,0.0,0.0,0.7686949999999999,8.250000000000757,0.770805,-12.849999999999806,1.0,1.0,-1.0,-1.0,0.0,0.0,0.0,0.0,0.0,0.0,0.0,0.0,0.0,0.0,0.0,0.0,0.0,0.0,0.0,0.0,0.0,0.0,0.0,0.0,0.0,0.0,0.0,0.77494,0.76481,0.77938,0.0,0.0,0.0,0.0,0.0,0.0,0.0,0.0,0.0,0.0,0.0,0.0,0.0,1.0,0.0,1.0,0.0,0.0,0.0,0.0,0.0,0.0,-1.0
1.0,0.0,0.0,0.0,0.0,0.0,0.0,0.0,0.0,0.0,0.0,0.0,0.0,0.0,0.0,0.0,1.0,0.0,0.0,0.0,-0.25881904510252157,0.9659258262890681,97.115,100.76,-3.6450000000000102,81.93491778244619,-0.037532821912166094,0.0,-1.0,-0.0,0,0.0,1.3939955341043122,0.3792998421647286,0.0,0.0,0.82012,0.00052369,3.5,0.00041079107491241474,1.18527,0.0,109.0,0.0,0.0,0.0,0.0,0.0,0.0,1.182995,22.75000000000027,0.0,0.0,0.0,0.0,0.0,0.0,1.184925,3.450000000000397,1.183005,22.649999999999615,1.1829749999999999,22.95000000000158,0.0,0.0,0.0,0.0,0.0,0.0,1.18363,16.40000000000086,1.1847050000000001,5.649999999999267,-1.0,-1.0,1.0,1.0,0.0,-1.0,0.0,0.0,0.0,0.0,0.0,0.0,0.0,0.0,0.0,0.0,0.0,0.0,0.0,0.0,0.0,0.0,0.0,0.0,1.0,0.0,0.0,1.19257,0.0,0.0,0.0,0.0,0.0,0.0,0.0,0.0,0.0,0.0,0.0,0.0,0.0,0.0,0.0,1.0,0.0,1.0,0.0,1.0,0.0,0.0,0.0,0.0,-1.0
1.0,0.0,0.0,0.0,0.0,0.0,0.0,0.0,0.0,0.0,0.0,0.0,0.0,0.0,0.0,0.0,1.0,0.0,0.0,0.0,-0.25881904510252157,0.9659258262890681,97.115,100.76,-3.6450000000000102,71.58494515862719,-0.037532821912166094,1.0,-1.0,1.0,0,0.0,29.289698381576784,0.5330693602130411,0.6282,0.3684,0.758843,0.00085884,2.51,0.0007577831838449877,1.35664,72.0,109.0,0.6605504587155964,-1.0,6.0,1.35834,1.35324,2.0,1.35639,2.500000000000835,0.0,0.0,0.0,0.0,0.0,0.0,1.35834,-17.000000000000348,1.360385,-37.44999999999887,1.3532000000000002,34.399999999998876,0.0,0.0,0.0,0.0,0.0,0.0,1.35736,-7.199999999998319,1.36037,-37.30000000000011,-1.0,-1.0,-1.0,1.0,0.0,-1.0,0.0,0.0,0.0,0.0,0.0,0.0,0.0,0.0,0.0,0.0,0.0,0.0,0.0,0.0,0.0,0.0,0.0,0.0,0.0,0.0,0.0,1.37286,0.0,0.0,0.0,0.0,0.0,0.0,0.0,0.0,0.0,0.0,0.0,0.0,0.0,0.0,0.0,1.0,0.0,0.0,0.0,1.0,0.0,0.0,0.10000000000000003,0.20000000000000007,1.0
1.0,1.0,0.0,0.0,0.0,0.0,0.0,0.0,0.0,0.0,0.0,0.0,0.0,0.0,0.0,0.0,1.0,0.0,0.0,0.0,-0.25881904510252157,0.9659258262890681,97.115,100.76,-3.6450000000000102,0.6335749375330275,-0.037532821912166094,0.0,-1.0,-0.0,0,0.0,12.425392287167346,0.7096630638730155,0.0,0.0,0.455,0.00100141,0.88,0.0009975471477767634,153.281,0.0,109.0,0.0,0.0,0.0,0.0,0.0,0.0,153.31,-2.899999999999636,0.0,0.0,0.0,0.0,0.0,0.0,153.114,16.70000000000016,155.7725,-249.1500000000002,153.471,-18.999999999999773,0.0,0.0,0.0,0.0,0.0,0.0,153.31,-2.899999999999636,154.9615,-168.0499999999995,1.0,1.0,-1.0,1.0,0.0,1.0,0.0,0.0,0.0,0.0,0.0,0.0,0.0,0.0,0.0,0.0,0.0,0.0,0.0,0.0,0.0,0.0,0.0,0.0,1.0,0.0,0.0,154.513,0.0,158.892,0.0,0.0,0.0,0.0,0.0,0.0,0.0,0.0,0.0,0.0,0.0,0.0,1.0,0.0,1.0,0.0,0.0,0.0,0.0,0.0,0.0,0.0,-1.0
1.0,0.0,0.0,0.0,0.0,0.0,0.0,0.0,0.0,0.0,0.0,0.0,0.0,0.0,0.0,0.0,1.0,0.0,0.0,0.0,-0.25881904510252157,0.9659258262890681,97.115,100.76,-3.6450000000000102,137.08288634182148,-0.037532821912166094,0.0,-1.0,-0.0,0,0.0,32.52381309605023,0.5936953909769194,0.0,0.0,0.831231,0.00120853,3.75,0.0009757191568026814,0.70844,0.0,109.0,0.0,0.0,0.0,0.0,0.0,0.0,0.70591,25.299999999999212,0.0,0.0,0.0,0.0,0.0,0.0,0.70875,-3.1000000000003247,0.690705,177.34999999999945,0.70591,25.299999999999212,0.0,0.0,0.0,0.0,0.0,0.0,0.70591,25.299999999999212,0.702195,62.44999999999945,0.0,-1.0,1.0,1.0,0.0,0.0,0.0,0.0,0.0,0.0,0.0,0.0,0.0,0.0,0.0,0.0,0.0,0.0,0.0,0.0,0.0,0.0,0.0,0.0,0.0,0.71334,0.0,0.71411,0.0,0.0,0.0,0.0,0.0,0.0,0.0,0.0,0.0,0.0,0.0,0.0,0.0,0.0,0.0,1.0,0.0,1.0,0.0,0.0,0.0,0.0,0.0,0.0,-1.0
1.0,0.0,0.0,0.0,0.0,0.0,0.0,0.0,0.0,0.0,0.0,0.0,0.0,0.0,0.0,0.0,1.0,0.0,0.0,0.0,-0.25881904510252157,0.9659258262890681,97.115,100.76,-3.6450000000000102,71.21382112032617,-0.037532821912166094,0.0,-1.0,-0.0,0,0.0,14.331309438891498,0.5178386850467158,0.0,0.0,0.820121,0.00062495,3.5,0.0005084726617038149,1.36371,0.0,109.0,0.0,0.0,0.0,0.0,0.0,0.0,1.36604,-23.299999999999432,0.0,0.0,0.0,0.0,0.0,0.0,1.36216,15.499999999999403,1.370505,-67.95000000000107,1.366285,-25.74999999999994,0.0,0.0,0.0,0.0,0.0,0.0,1.3651149999999999,-14.049999999998786,1.36143,22.800000000000598,1.0,1.0,-1.0,-1.0,0.0,1.0,0.0,0.0,0.0,0.0,0.0,0.0,0.0,0.0,0.0,0.0,0.0,0.0,0.0,0.0,0.0,0.0,0.0,0.0,0.0,0.0,0.0,0.0,1.35553,0.0,0.0,0.0,0.0,0.0,0.0,0.0,0.0,0.0,0.0,0.0,0.0,0.0,1.0,0.0,1.0,0.0,1.0,0.0,0.0,0.0,0.0,0.0,-1.0
1.0,0.0,0.0,0.0,0.0,0.0,0.0,0.0,0.0,0.0,0.0,0.0,0.0,0.0,0.0,0.0,1.0,0.0,0.0,0.0,-0.25881904510252157,0.9659258262890681,97.115,100.76,-3.6450000000000102,126.12665264032832,-0.037532821912166094,0.0,-1.0,-0.0,0,0.0,16.397262184459503,0.474924789637658,0.0,0.0,0.708317,0.00088138,2.01,0.0007175561272136791,0.76998,0.0,109.0,0.0,0.0,0.0,0.0,0.0,0.0,0.77105,-10.700000000000154,0.0,0.0,0.0,0.0,0.0,0.0,0.77033,-3.4999999999996145,0.78226,-122.79999999999957,0.771975,-19.94999999999969,0.0,0.0,0.0,0.0,0.0,0.0,0.77105,-10.700000000000154,0.770805,-8.249999999999647,1.0,1.0,-1.0,-1.0,0.0,1.0,0.0,0.0,0.0,0.0,0.0,0.0,0.0,0.0,0.0,0.0,0.0,0.0,0.0,0.0,0.0,0.0,0.0,0.0,1.0,0.0,0.0,0.77494,0.76481,0.77938,0.0,0.0,0.0,0.0,0.0,0.0,0.0,0.0,0.0,0.0,0.0,0.0,0.0,1.0,0.0,0.0,0.0,0.0,0.0,0.0,0.0,0.0,-1.0
1.0,0.0,0.0,0.0,0.0,0.0,0.0,0.0,0.0,0.0,0.0,0.0,0.0,0.0,0.0,0.0,0.0,1.0,0.0,0.0,-0.25881904510252157,0.9659258262890681,97.711,100.76,-3.0490000000000066,82.92328974056504,-0.03120426564051137,1.0,-1.0,1.0,0,0.0,0.0,0.6037224880672188,0.0,0.0,0.873626,0.00053835,5.13,0.0003898105179246964,1.1783299999999999,72.0,109.0,0.6605504587155964,-1.0,6.0,1.18198,1.17103,2.0,1.18198,-36.500000000001535,0.0,0.0,0.0,0.0,0.0,0.0,1.183605,-52.75000000000141,1.183005,-46.75000000000207,1.181535,-32.05000000000125,0.0,0.0,0.0,0.0,0.0,0.0,1.18198,-36.500000000001535,1.1847050000000001,-63.750000000002416,-1.0,-1.0,1.0,1.0,0.0,-1.0,0.0,0.0,0.0,0.0,0.0,0.0,0.0,0.0,0.0,0.0,0.0,0.0,0.0,0.0,0.0,0.0,0.0,0.0,1.0,0.0,0.0,1.19257,0.0,0.0,0.0,0.0,0.0,0.0,0.0,0.0,0.0,0.0,0.0,0.0,0.0,0.0,0.0,0.0,0.0,1.0,0.0,1.0,0.0,0.0,0.10000000000000003,0.20000000000000007,0.0
1.0,0.0,0.0,0.0,0.0,0.0,0.0,0.0,0.0,0.0,0.0,0.0,0.0,0.0,0.0,0.0,0.0,1.0,0.0,0.0,-0.25881904510252157,0.9659258262890681,97.711,100.76,-3.0490000000000066,72.4042622562096,-0.03120426564051137,1.0,-1.0,1.0,0,0.0,80.8863532240761,0.644586084963837,0.5002,0.1982,0.769595,0.00082825,2.65,0.0006066488023885707,1.34952,84.0,109.0,0.7706422018348624,-1.0,7.0,1.35377,1.34103,2.0,1.353765,-42.45000000000054,0.0,0.0,0.0,0.0,0.0,0.0,1.3582299999999998,-87.09999999999773,1.360385,-108.64999999999903,1.35372,-41.999999999999815,0.0,0.0,0.0,0.0,0.0,0.0,1.35496,-54.3999999999989,1.3602599999999998,-107.3999999999975,-1.0,-1.0,-1.0,1.0,0.0,-1.0,0.0,0.0,0.0,0.0,0.0,0.0,0.0,0.0,0.0,0.0,0.0,0.0,0.0,0.0,0.0,0.0,0.0,0.0,0.0,1.36147,0.0,1.36147,0.0,0.0,0.0,0.0,0.0,0.0,0.0,0.0,0.0,0.0,0.0,0.0,0.0,0.0,0.0,0.0,0.0,1.0,0.0,1.0,0.0,0.0,0.10000000000000003,0.20000000000000007,-1.0
1.0,1.0,0.0,0.0,0.0,0.0,0.0,0.0,0.0,0.0,0.0,0.0,0.0,0.0,0.0,0.0,0.0,1.0,0.0,0.0,-0.25881904510252157,0.9659258262890681,97.711,100.76,-3.0490000000000066,0.6311386992384557,-0.03120426564051137,1.0,-1.0,-1.0,0,0.0,0.0,0.6898036901320438,0.0,0.0,0.455,0.00092999,0.88,0.0009266717228793216,154.817,60.0,109.0,0.5504587155963303,1.0,5.0,153.9665,156.518,2.0,153.9665,85.05000000000109,0.0,0.0,0.0,0.0,0.0,0.0,153.61599999999999,120.10000000000218,155.7725,-95.55000000000007,154.2415,57.55000000000052,0.0,0.0,0.0,0.0,0.0,0.0,153.8585,95.8500000000015,154.9615,-14.449999999999363,1.0,1.0,-1.0,1.0,0.0,1.0,0.0,0.0,0.0,0.0,0.0,0.0,0.0,0.0,0.0,0.0,0.0,0.0,0.0,0.0,0.0,0.0,0.0,0.0,0.0,0.0,0.0,0.0,0.0,0.0,0.0,0.0,0.0,0.0,0.0,0.0,0.0,0.0,0.0,0.0,0.0,0.0,0.0,0.0,1.0,0.0,0.0,0.0,0.0,0.0,0.10000000000000003,0.20000000000000007,-1.0
1.0,0.0,0.0,0.0,0.0,0.0,0.0,0.0,0.0,0.0,0.0,0.0,0.0,0.0,0.0,0.0,0.0,1.0,0.0,0.0,-0.25881904510252157,0.9659258262890681,97.711,100.76,-3.0490000000000066,138.75658558059615,-0.03120426564051137,1.0,-1.0,1.0,0,0.0,72.66033298775768,0.5949207983937499,0.3356,0.0592,0.740234,0.00092855,2.3,0.0009361607107018473,0.70419,60.0,109.0,0.5504587155963303,-1.0,5.0,0.70609,0.70038,2.0,0.7060949999999999,-19.049999999999343,0.0,0.0,0.0,0.0,0.0,0.0,0.70863,-44.39999999999999,0.690705,134.84999999999968,0.7056100000000001,-14.200000000000879,0.0,0.0,0.0,0.0,0.0,0.0,0.70591,-17.20000000000055,0.702195,19.94999999999969,-1.0,-1.0,1.0,1.0,0.0,-1.0,0.0,0.0,0.0,0.0,0.0,0.0,0.0,0.0,0.0,0.0,0.0,0.0,0.0,0.0,0.0,0.0,0.0,0.0,0.0,0.0,0.0,0.71411,0.0,0.0,0.0,0.0,0.0,0.0,0.0,0.0,0.0,0.0,0.0,0.0,0.0,0.0,0.0,1.0,0.0,1.0,0.0,0.0,0.0,0.0,0.10000000000000003,0.20000000000000007,0.0
1.0,0.0,0.0,0.0,0.0,0.0,0.0,0.0,0.0,0.0,0.0,0.0,0.0,0.0,0.0,0.0,0.0,1.0,0.0,0.0,-0.25881904510252157,0.9659258262890681,97.711,100.76,-3.0490000000000066,71.34064425688503,-0.03120426564051137,0.0,-1.0,-1.0,0,0.0,8.135243803600503,0.598281388926675,0.4646,0.1784,0.82012,0.00053477,3.5,0.0004051439465134775,1.36964,60.0,109.0,0.5504587155963303,1.0,5.0,1.3666,1.37572,2.0,1.3666,30.399999999999316,0.0,0.0,0.0,0.0,0.0,0.0,1.362965,66.74999999999986,1.370505,-8.650000000001157,1.367025,26.15000000000034,0.0,0.0,0.0,0.0,0.0,0.0,1.3666,30.399999999999316,1.36143,82.1000000000005,1.0,1.0,-1.0,-1.0,0.0,1.0,0.0,0.0,0.0,0.0,0.0,0.0,0.0,0.0,0.0,0.0,0.0,0.0,0.0,0.0,0.0,0.0,0.0,0.0,0.0,0.0,0.0,0.0,1.35553,0.0,0.0,0.0,0.0,0.0,0.0,0.0,0.0,0.0,0.0,0.0,0.0,0.0,0.0,0.0,1.0,0.0,1.0,0.0,0.0,0.0,0.10000000000000003,0.20000000000000007,0.0
1.0,0.0,0.0,0.0,0.0,0.0,0.0,0.0,0.0,0.0,0.0,0.0,0.0,0.0,0.0,0.0,0.0,1.0,0.0,0.0,-0.25881904510252157,0.9659258262890681,97.711,100.76,-3.0490000000000066,126.42290623503992,-0.03120426564051137,0.0,-1.0,-1.0,0,0.0,47.57429671303318,0.6136613254844262,0.4352,0.1376,0.769595,0.00080164,2.65,0.0005775143834364987,0.77289,60.0,109.0,0.5504587155963303,1.0,5.0,0.77131,0.77605,2.0,0.7713099999999999,15.800000000000258,0.0,0.0,0.0,0.0,0.0,0.0,0.770475,24.14999999999945,0.78226,-93.69999999999989,0.771595,12.949999999999351,0.0,0.0,0.0,0.0,0.0,0.0,0.7714099999999999,14.800000000000368,0.770745,21.449999999999527,1.0,1.0,-1.0,-1.0,0.0,1.0,0.0,0.0,0.0,0.0,0.0,0.0,0.0,0.0,0.0,0.0,0.0,0.0,0.0,0.0,0.0,0.0,0.0,0.0,0.0,0.0,0.0,0.77871,0.76481,0.77938,0.0,0.0,0.0,0.0,0.0,0.0,0.0,0.0,0.0,0.0,0.0,0.0,0.0,0.0,1.0,0.0,0.0,0.0,0.0,0.0,0.10000000000000003,0.20000000000000007,0.0
1.0,0.0,0.0,0.0,0.0,0.0,0.0,0.0,0.0,0.0,0.0,0.0,0.0,0.0,0.0,0.0,0.0,0.0,1.0,0.0,-0.25881904510252157,0.9659258262890681,97.794,100.76,-2.966000000000008,83.05081866974659,-0.030329059042477128,1.0,-1.0,1.0,0,0.0,13.37480702351164,0.6366338171624827,0.257,0.0286,0.786787,0.00053351,2.89,0.0005463529787643503,1.17752,60.0,109.0,0.5504587155963303,-1.0,5.0,1.18124,1.17009,2.0,1.1774749999999998,0.4500000000007276,0.0,0.0,0.0,0.0,0.0,0.0,1.181235,-37.15000000000135,1.183005,-54.85000000000184,1.17599,15.299999999998093,0.0,0.0,0.0,0.0,0.0,0.0,1.179525,-20.050000000000345,1.18353,-60.100000000000705,-1.0,-1.0,1.0,1.0,0.0,-1.0,0.0,0.0,0.0,0.0,0.0,0.0,0.0,0.0,0.0,0.0,0.0,0.0,0.0,0.0,0.0,0.0,0.0,0.0,0.0,0.0,0.0,1.19257,0.0,0.0,0.0,0.0,0.0,0.0,0.0,0.0,0.0,0.0,0.0,0.0,0.0,0.0,0.0,0.0,0.0,1.0,0.0,1.0,0.0,0.0,0.10000000000000003,0.20000000000000007,0.0
1.0,0.0,0.0,0.0,0.0,0.0,0.0,0.0,0.0,0.0,0.0,0.0,0.0,0.0,0.0,0.0,0.0,0.0,1.0,0.0,-0.25881904510252157,0.9659258262890681,97.794,100.76,-2.966000000000008,72.61535262931226,-0.030329059042477128,1.0,-1.0,1.0,0,0.0,2.152257008174824,0.5777536460277689,0.5948,0.4052,0.708317,0.00083602,2.01,0.0007867323201567045,1.34674,84.0,109.0,0.7706422018348624,-1.0,7.0,1.34753,1.34516,2.0,1.34753,-7.899999999998464,0.0,0.0,0.0,0.0,0.0,0.0,1.35479,-80.4999999999989,1.360385,-136.44999999999908,1.3453849999999998,13.550000000002171,0.0,0.0,0.0,0.0,0.0,0.0,1.350795,-40.5499999999992,1.3572899999999999,-105.49999999999838,-1.0,-1.0,-1.0,1.0,0.0,-1.0,0.0,0.0,0.0,0.0,0.0,0.0,0.0,0.0,0.0,0.0,0.0,0.0,0.0,0.0,0.0,0.0,0.0,0.0,1.0,1.36147,0.0,1.36147,0.0,0.0,0.0,0.0,0.0,0.0,0.0,0.0,0.0,0.0,0.0,0.0,0.0,0.0,0.0,1.0,0.0,1.0,0.0,1.0,0.0,0.0,0.10000000000000003,0.20000000000000007,1.0
1.0,1.0,0.0,0.0,0.0,0.0,0.0,0.0,0.0,0.0,0.0,0.0,0.0,0.0,0.0,0.0,0.0,0.0,1.0,0.0,-0.25881904510252157,0.9659258262890681,97.794,100.76,-2.966000000000008,0.631095967320388,-0.030329059042477128,1.0,-1.0,-1.0,0,0.0,25.937407554867892,0.5970291719385882,0.5254,0.4746,0.467222,0.0009483,0.91,0.0009452651736775471,154.959,60.0,109.0,0.5504587155963303,1.0,5.0,154.941,154.995,2.0,154.941,1.8000000000000682,0.0,0.0,0.0,0.0,0.0,0.0,153.9475,101.15000000000123,155.65750000000003,-69.85000000000241,155.036,-7.699999999999818,0.0,0.0,0.0,0.0,0.0,0.0,154.4445,51.44999999999982,154.9615,-0.24999999999977263,1.0,1.0,-1.0,1.0,0.0,1.0,0.0,0.0,0.0,0.0,0.0,0.0,0.0,0.0,0.0,0.0,0.0,0.0,0.0,0.0,0.0,0.0,0.0,0.0,1.0,0.0,0.0,0.0,0.0,158.892,0.0,0.0,0.0,0.0,0.0,0.0,0.0,0.0,0.0,0.0,0.0,0.0,1.0,0.0,1.0,0.0,0.0,0.0,0.0,0.0,0.10000000000000003,0.20000000000000007,1.0
1.0,0.0,0.0,0.0,0.0,0.0,0.0,0.0,0.0,0.0,0.0,0.0,0.0,0.0,0.0,0.0,0.0,0.0,1.0,0.0,-0.25881904510252157,0.9659258262890681,97.794,100.76,-2.966000000000008,138.5458872864307,-0.030329059042477128,0.0,-1.0,-0.0,0,0.0,9.412094809314492,0.5289375883135172,0.0,0.0,0.58498,0.00110302,1.29,0.0010411809605188713,0.70586,0.0,109.0,0.0,0.0,0.0,0.0,0.0,0.0,0.7052,6.599999999999939,0.0,0.0,0.0,0.0,0.0,0.0,0.70602,-1.5999999999993797,0.690705,151.5500000000003,0.7045699999999999,12.900000000001244,0.0,0.0,0.0,0.0,0.0,0.0,0.70524,6.200000000000649,0.70765,-17.899999999999583,-1.0,-1.0,1.0,1.0,0.0,-1.0,0.0,0.0,0.0,0.0,0.0,0.0,0.0,0.0,0.0,0.0,0.0,0.0,0.0,0.0,0.0,0.0,0.0,0.0,0.0,0.0,0.0,0.71411,0.0,0.0,0.0,0.0,0.0,0.0,0.0,0.0,0.0,0.0,0.0,0.0,0.0,0.0,0.0,1.0,0.0,0.0,0.0,0.0,0.0,0.0,0.0,0.0,-1.0
1.0,0.0,0.0,0.0,0.0,0.0,0.0,0.0,0.0,0.0,0.0,0.0,0.0,0.0,0.0,0.0,0.0,0.0,1.0,0.0,-0.25881904510252157,0.9659258262890681,97.794,100.76,-2.966000000000008,71.4878872498136,-0.030329059042477128,0.0,-1.0,-0.0,0,0.0,10.99037375353826,0.5969650223713089,0.0,0.0,0.758484,0.00061483,2.51,0.000788807589041151,1.36798,0.0,109.0,0.0,0.0,0.0,0.0,0.0,0.0,1.36911,-11.300000000000754,0.0,0.0,0.0,0.0,0.0,0.0,1.365395,25.850000000000595,1.370505,-25.250000000001105,1.36951,-15.300000000000313,0.0,0.0,0.0,0.0,0.0,0.0,1.36758,3.9999999999995595,1.360935,70.44999999999968,1.0,1.0,-1.0,-1.0,0.0,1.0,0.0,0.0,0.0,0.0,0.0,0.0,0.0,0.0,0.0,0.0,0.0,0.0,0.0,0.0,0.0,0.0,0.0,0.0,0.0,0.0,0.0,0.0,1.35553,0.0,0.0,0.0,0.0,0.0,0.0,0.0,0.0,0.0,0.0,0.0,0.0,0.0,1.0,0.0,1.0,0.0,1.0,0.0,0.0,0.0,0.0,0.0,-1.0
1.0,0.0,0.0,0.0,0.0,0.0,0.0,0.0,0.0,0.0,0.0,0.0,0.0,0.0,0.0,0.0,0.0,0.0,1.0,0.0,-0.25881904510252157,0.9659258262890681,97.794,100.76,-2.966000000000008,126.22489545149465,-0.030329059042477128,0.0,-1.0,-1.0,0,0.0,21.099255872129852,0.5416145832449306,0.254,0.0326,0.697206,0.00075388,1.92,0.0007927186954809831,0.77476,60.0,109.0,0.5504587155963303,1.0,5.0,0.77249,0.77931,2.0,0.7724850000000001,22.74999999999916,0.0,0.0,0.0,0.0,0.0,0.0,0.7716149999999999,31.450000000000642,0.78226,-74.99999999999952,0.77532,-5.600000000000049,0.0,0.0,0.0,0.0,0.0,0.0,0.7724850000000001,22.74999999999916,0.770025,47.35000000000045,1.0,1.0,-1.0,-1.0,0.0,1.0,0.0,0.0,0.0,0.0,0.0,0.0,0.0,0.0,0.0,0.0,0.0,0.0,0.0,0.0,0.0,0.0,0.0,0.0,0.0,0.0,0.0,0.0,0.76481,0.77938,0.0,0.0,0.0,0.0,0.0,0.0,0.0,0.0,0.0,0.0,0.0,0.0,0.0,0.0,0.0,0.0,0.0,0.0,0.0,0.0,0.10000000000000003,0.20000000000000007,0.0
1.0,0.0,0.0,0.0,0.0,0.0,0.0,0.0,0.0,0.0,0.0,0.0,0.0,0.0,0.0,0.0,0.0,0.0,0.0,1.0,-0.25881904510252157,0.9659258262890681,97.734,100.76,-3.0260000000000105,82.92943692088382,-0.030961589620807608,0.0,-1.0,-0.0,0,0.0,7.945740127961605,0.6993957593870582,0.0,0.0,0.600918,0.00057569,1.36,0.0005214876280568586,1.17852,0.0,109.0,0.0,0.0,0.0,0.0,0.0,0.0,1.1775449999999998,9.750000000001702,0.0,0.0,0.0,0.0,0.0,0.0,1.180275,-17.54999999999951,1.183005,-44.85000000000072,1.17814,3.8000000000004697,0.0,0.0,0.0,0.0,0.0,0.0,1.1774749999999998,10.450000000001847,1.18353,-50.09999999999959,1.0,-1.0,1.0,1.0,0.0,0.0,0.0,0.0,0.0,0.0,0.0,0.0,0.0,0.0,0.0,0.0,0.0,0.0,0.0,0.0,0.0,0.0,0.0,0.0,1.0,0.0,0.0,1.19257,0.0,1.19964,0.0,0.0,0.0,0.0,0.0,0.0,0.0,0.0,0.0,0.0,0.0,0.0,0.0,0.0,0.0,0.0,0.0,1.0,0.0,0.0,0.0,0.0,-1.0
1.0,0.0,0.0,0.0,0.0,0.0,0.0,0.0,0.0,0.0,0.0,0.0,0.0,0.0,0.0,0.0,0.0,0.0,0.0,1.0,-0.25881904510252157,0.9659258262890681,97.734,100.76,-3.0260000000000105,72.48092197477028,-0.030961589620807608,0.0,-1.0,-0.0,0,0.0,0.5015900256169731,0.733617006627328,0.0,0.0,0.758484,0.00071083,2.51,0.0005689588774815434,1.3484099999999999,0.0,109.0,0.0,0.0,0.0,0.0,0.0,0.0,1.347495,9.149999999997771,0.0,0.0,0.0,0.0,0.0,0.0,1.353705,-52.9500000000005,1.360385,-119.75000000000068,1.348765,-3.5500000000010523,0.0,0.0,0.0,0.0,0.0,0.0,1.34744,9.699999999999154,1.3572899999999999,-88.79999999999998,1.0,-1.0,-1.0,1.0,0.0,0.0,0.0,0.0,0.0,0.0,0.0,0.0,0.0,0.0,0.0,0.0,0.0,0.0,0.0,0.0,0.0,0.0,0.0,0.0,2.0,0.0,0.0,1.36147,0.0,0.0,0.0,0.0,0.0,0.0,0.0,0.0,0.0,0.0,0.0,0.0,0.0,0.0,1.0,0.0,0.0,0.0,0.0,1.0,0.0,0.0,0.0,0.0,-1.0
1.0,1.0,0.0,0.0,0.0,0.0,0.0,0.0,0.0,0.0,0.0,0.0,0.0,0.0,0.0,0.0,0.0,0.0,0.0,1.0,-0.25881904510252157,0.9659258262890681,97.734,100.76,-3.0260000000000105,0.6304524519100515,-0.030961589620807608,0.0,-1.0,-0.0,0,0.0,5.311180217865942,0.5578116887603436,0.0,0.0,0.455,0.00100069,0.88,0.000997312622588567,155.022,0.0,109.0,0.0,0.0,0.0,0.0,0.0,0.0,155.17649999999998,-15.449999999998454,0.0,0.0,0.0,0.0,0.0,0.0,154.16899999999998,85.30000000000086,155.65750000000003,-63.55000000000359,155.1245,-10.250000000002046,0.0,0.0,0.0,0.0,0.0,0.0,155.0905,-6.850000000000023,154.2785,74.34999999999832,-1.0,1.0,-1.0,1.0,0.0,1.0,0.0,0.0,0.0,0.0,0.0,0.0,0.0,0.0,0.0,0.0,0.0,0.0,0.0,0.0,0.0,0.0,0.0,0.0,1.0,0.0,0.0,0.0,0.0,158.892,0.0,0.0,0.0,0.0,0.0,0.0,0.0,0.0,0.0,0.0,0.0,0.0,0.0,0.0,1.0,0.0,0.0,0.0,0.0,0.0,0.0,0.0,-1.0
1.0,0.0,0.0,0.0,0.0,0.0,0.0,0.0,0.0,0.0,0.0,0.0,0.0,0.0,0.0,0.0,0.0,0.0,0.0,1.0,-0.25881904510252157,0.9659258262890681,97.734,100.76,-3.0260000000000105,137.9585844755304,-0.030961589620807608,0.0,-1.0,-1.0,0,0.0,46.40398067347133,0.6251130169381846,0.2664,0.0408,0.455,0.00125983,0.88,0.0012556914263389411,0.70843,72.0,109.0,0.6605504587155964,1.0,6.0,0.70548,0.71433,2.0,0.70548,29.50000000000008,0.0,0.0,0.0,0.0,0.0,0.0,0.70548,29.50000000000008,0.6907300000000001,176.99999999999937,0.70672,17.099999999999895,0.0,0.0,0.0,0.0,0.0,0.0,0.70548,29.50000000000008,0.70811,3.1999999999998696,1.0,0.0,1.0,1.0,0.0,1.0,0.0,0.0,0.0,0.0,0.0,0.0,0.0,0.0,0.0,0.0,0.0,0.0,0.0,0.0,0.0,0.0,0.0,0.0,0.0,0.0,0.0,0.0,0.0,0.0,0.0,0.0,0.0,0.0,0.0,0.0,0.0,0.0,0.0,0.0,0.0,0.0,0.0,0.0,0.0,1.0,0.0,0.0,0.0,0.0,0.10000000000000003,0.20000000000000007,0.0
1.0,0.0,0.0,0.0,0.0,0.0,0.0,0.0,0.0,0.0,0.0,0.0,0.0,0.0,0.0,0.0,0.0,0.0,0.0,1.0,-0.25881904510252157,0.9659258262890681,97.734,100.76,-3.0260000000000105,71.44663835137763,-0.030961589620807608,0.0,-1.0,-0.0,0,0.0,2.3027376155580246,0.4865504037438985,0.0,0.0,0.612029,0.00066259,1.41,0.0006006162758265155,1.3679299999999999,0.0,109.0,0.0,0.0,0.0,0.0,0.0,0.0,1.369005,-10.750000000001592,0.0,0.0,0.0,0.0,0.0,0.0,1.36667,12.599999999998168,1.370505,-25.75000000000216,1.369005,-10.750000000001592,0.0,0.0,0.0,0.0,0.0,0.0,1.36911,-11.800000000001809,1.360935,69.94999999999862,0.0,1.0,-1.0,-1.0,0.0,0.0,0.0,0.0,0.0,0.0,0.0,0.0,0.0,0.0,0.0,0.0,0.0,0.0,0.0,0.0,0.0,0.0,0.0,0.0,0.0,0.0,0.0,0.0,1.35553,1.39771,0.0,0.0,0.0,0.0,0.0,0.0,0.0,0.0,0.0,0.0,0.0,0.0,0.0,0.0,1.0,0.0,1.0,0.0,0.0,0.0,0.0,0.0,-1.0
1.0,0.0,0.0,0.0,0.0,0.0,0.0,0.0,0.0,0.0,0.0,0.0,0.0,0.0,0.0,0.0,0.0,0.0,0.0,1.0,-0.25881904510252157,0.9659258262890681,97.734,100.76,-3.0260000000000105,126.09374395231522,-0.030961589620807608,0.0,-1.0,-0.0,0,0.0,12.174326426801779,0.6954636260200066,0.0,0.0,0.596091,0.00078316,1.34,0.0007006589590110261,0.77509,0.0,109.0,0.0,0.0,0.0,0.0,0.0,0.0,0.77513,-0.40000000000040004,0.0,0.0,0.0,0.0,0.0,0.0,0.7726599999999999,24.30000000000043,0.782195,-71.05000000000028,0.77513,-0.40000000000040004,0.0,0.0,0.0,0.0,0.0,0.0,0.7750349999999999,0.5500000000002725,0.7700549999999999,50.350000000000115,0.0,1.0,-1.0,-1.0,0.0,1.0,0.0,0.0,0.0,0.0,0.0,0.0,0.0,0.0,0.0,0.0,0.0,0.0,0.0,0.0,0.0,0.0,0.0,0.0,0.0,0.0,0.0,0.0,0.76481,0.77938,0.0,0.0,0.0,0.0,0.0,0.0,0.0,0.0,0.0,0.0,0.0,0.0,0.0,0.0,0.0,0.0,0.0,0.0,0.0,0.0,0.0,0.0,-1.0
1.0,0.0,0.0,0.0,0.0,0.0,0.0,0.0,0.0,0.0,0.0,0.0,0.0,0.0,0.0,1.0,0.0,0.0,0.0,0.0,-0.25881904510252157,0.9659258262890681,97.711,100.76,-3.0490000000000066,82.90499664853766,-0.03120426564051137,1.0,-1.0,1.0,0,0.0,5.985469199377299,0.5396808217195206,0.622,0.354,0.455,0.00068558,0.88,0.0006830494924277076,1.17859,60.0,109.0,0.5504587155963303,-1.0,5.0,1.17997,1.17583,2.0,1.1804549999999998,-18.649999999997835,0.0,0.0,0.0,0.0,0.0,0.0,1.17997,-13.799999999999368,1.183005,-44.150000000000574,1.17941,-8.20000000000043,0.0,0.0,0.0,0.0,0.0,0.0,1.179495,-9.049999999999336,1.18346,-48.6999999999993,-1.0,-1.0,1.0,1.0,0.0,1.0,0.0,0.0,0.0,0.0,0.0,0.0,0.0,0.0,0.0,0.0,0.0,0.0,0.0,0.0,0.0,0.0,0.0,0.0,0.0,0.0,0.0,1.19257,0.0,1.19964,0.0,0.0,0.0,0.0,0.0,0.0,0.0,0.0,0.0,0.0,0.0,0.0,0.0,0.0,1.0,0.0,0.0,1.0,0.0,0.0,0.10000000000000003,0.20000000000000007,0.0
1.0,0.0,0.0,0.0,0.0,0.0,0.0,0.0,0.0,0.0,0.0,0.0,0.0,0.0,0.0,1.0,0.0,0.0,0.0,0.0,-0.25881904510252157,0.9659258262890681,97.711,100.76,-3.0490000000000066,72.41660428818119,-0.03120426564051137,1.0,-1.0,1.0,0,0.0,14.888377524666568,0.43925098968798865,0.6154,0.3844,0.455,0.00077988,0.88,0.0007769443280044037,1.3492899999999999,72.0,109.0,0.6605504587155964,-1.0,6.0,1.35049,1.34689,2.0,1.35049,-12.000000000000899,0.0,0.0,0.0,0.0,0.0,0.0,1.350795,-15.050000000000896,1.360385,-110.95000000000077,1.350375,-10.850000000002247,0.0,0.0,0.0,0.0,0.0,0.0,1.34977,-4.8000000000003595,1.3572899999999999,-80.00000000000007,-1.0,-1.0,-1.0,1.0,0.0,0.0,0.0,0.0,0.0,0.0,0.0,0.0,0.0,0.0,0.0,0.0,0.0,0.0,0.0,0.0,0.0,0.0,0.0,0.0,0.0,0.0,0.0,0.0,0.0,0.0,0.0,0.0,0.0,0.0,0.0,0.0,0.0,0.0,0.0,0.0,0.0,0.0,1.0,0.0,1.0,0.0,0.0,1.0,0.0,0.0,0.10000000000000003,0.20000000000000007,0.0
1.0,1.0,0.0,0.0,0.0,0.0,0.0,0.0,0.0,0.0,0.0,0.0,0.0,0.0,0.0,1.0,0.0,0.0,0.0,0.0,-0.25881904510252157,0.9659258262890681,97.711,100.76,-3.0490000000000066,0.6315833699614758,-0.03120426564051137,0.0,-1.0,-0.0,0,0.0,19.32223789682044,0.5792166958174638,0.0,0.0,0.455,0.00101368,0.88,0.0010099174489420191,154.708,0.0,109.0,0.0,0.0,0.0,0.0,0.0,0.0,154.5795,12.85000000000025,0.0,0.0,0.0,0.0,0.0,0.0,154.35199999999998,35.6000000000023,155.65750000000003,-94.95000000000289,154.58350000000002,12.44999999999834,0.0,0.0,0.0,0.0,0.0,0.0,154.7665,-5.850000000000932,153.9535,75.45000000000073,1.0,1.0,-1.0,1.0,0.0,-1.0,0.0,0.0,0.0,0.0,0.0,0.0,0.0,0.0,0.0,0.0,0.0,0.0,0.0,0.0,0.0,0.0,0.0,0.0,0.0,155.536,0.0,0.0,0.0,158.892,0.0,0.0,0.0,0.0,0.0,0.0,0.0,0.0,0.0,0.0,0.0,0.0,0.0,1.0,0.0,1.0,0.0,0.0,0.0,0.0,0.0,0.0,-1.0
1.0,0.0,0.0,0.0,0.0,0.0,0.0,0.0,0.0,0.0,0.0,0.0,0.0,0.0,0.0,1.0,0.0,0.0,0.0,0.0,-0.25881904510252157,0.9659258262890681,97.711,100.76,-3.0490000000000066,138.48715913600546,-0.03120426564051137,0.0,-1.0,-0.0,0,0.0,9.623990076812879,0.48865577364173346,0.0,0.0,0.46773,0.00135075,0.91,0.0013300357553121453,0.70556,0.0,109.0,0.0,0.0,0.0,0.0,0.0,0.0,0.708,-24.399999999999977,0.0,0.0,0.0,0.0,0.0,0.0,0.706345,-7.850000000000357,0.6907300000000001,148.299999999999,0.706525,-9.649999999999936,0.0,0.0,0.0,0.0,0.0,0.0,0.7075849999999999,-20.249999999999435,0.70811,-25.500000000000522,-1.0,1.0,1.0,1.0,0.0,0.0,0.0,0.0,0.0,0.0,0.0,0.0,0.0,0.0,0.0,0.0,0.0,0.0,0.0,0.0,0.0,0.0,0.0,0.0,0.0,0.0,0.0,0.0,0.0,0.0,0.0,0.0,0.0,0.0,0.0,0.0,0.0,0.0,0.0,0.0,0.0,0.0,1.0,0.0,0.0,0.0,0.0,0.0,0.0,0.0,0.0,0.0,-1.0
1.0,0.0,0.0,0.0,0.0,0.0,0.0,0.0,0.0,0.0,0.0,0.0,0.0,0.0,0.0,1.0,0.0,0.0,0.0,0.0,-0.25881904510252157,0.9659258262890681,97.711,100.76,-3.0490000000000066,71.32970763222251,-0.03120426564051137,0.0,-1.0,-1.0,0,0.0,35.399307514622905,0.41472827580527505,0.5814,0.2938,0.645263,0.00062038,1.58,0.0005295710382600847,1.36985,60.0,109.0,0.5504587155963303,1.0,5.0,1.3676,1.37434,2.0,1.367605,22.450000000000525,0.0,0.0,0.0,0.0,0.0,0.0,1.367325,25.250000000001105,1.369915,-0.6499999999998174,1.36856,12.900000000000134,0.0,0.0,0.0,0.0,0.0,0.0,1.3679649999999999,18.850000000001366,1.360935,89.15000000000006,1.0,1.0,-1.0,-1.0,0.0,1.0,0.0,0.0,0.0,0.0,0.0,0.0,0.0,0.0,0.0,0.0,0.0,0.0,0.0,0.0,0.0,0.0,0.0,0.0,0.0,0.0,0.0,0.0,1.35553,0.0,0.0,0.0,0.0,0.0,0.0,0.0,0.0,0.0,0.0,0.0,0.0,0.0,0.0,0.0,0.0,1.0,0.0,0.0,0.0,0.0,0.10000000000000003,0.20000000000000007,0.0
1.0,0.0,0.0,0.0,0.0,0.0,0.0,0.0,0.0,0.0,0.0,0.0,0.0,0.0,0.0,1.0,0.0,0.0,0.0,0.0,-0.25881904510252157,0.9659258262890681,97.711,100.76,-3.0490000000000066,126.15847439025964,-0.03120426564051137,0.0,-1.0,-0.0,0,0.0,0.96502087047558,0.5926233347254002,0.0,0.0,0.562964,0.00082899,1.21,0.0007482671218504871,0.77451,0.0,109.0,0.0,0.0,0.0,0.0,0.0,0.0,0.773915,5.950000000000122,0.0,0.0,0.0,0.0,0.0,0.0,0.7729550000000001,15.54999999999973,0.781325,-68.15000000000015,0.77484,-3.2999999999994145,0.0,0.0,0.0,0.0,0.0,0.0,0.774115,3.950000000000342,0.770975,35.35000000000066,1.0,1.0,-1.0,-1.0,0.0,0.0,0.0,0.0,0.0,0.0,0.0,0.0,0.0,0.0,0.0,0.0,0.0,0.0,0.0,0.0,0.0,0.0,0.0,0.0,0.0,0.0,0.0,0.0,0.76481,0.77938,0.0,0.0,0.0,0.0,0.0,0.0,0.0,0.0,0.0,0.0,0.0,0.0,0.0,1.0,0.0,0.0,0.0,0.0,0.0,0.0,0.0,0.0,-1.0
1.0,0.0,0.0,0.0,0.0,0.0,0.0,0.0,0.0,0.0,0.0,0.0,0.0,0.0,0.0,0.0,1.0,0.0,0.0,0.0,-0.25881904510252157,0.9659258262890681,97.86,100.76,-2.9000000000000057,83.11886864568734,-0.02963417126507261,1.0,-1.0,1.0,0,0.0,23.778271278902576,0.5572982618697249,0.618,0.3818,0.455,0.00066123,0.88,0.0006587807135990888,1.1773500000000001,84.0,109.0,0.7706422018348624,-1.0,7.0,1.17812,1.17582,2.0,1.178115,-7.6499999999990465,0.0,0.0,0.0,0.0,0.0,0.0,1.17883,-14.799999999999258,1.18577,-84.19999999999872,1.17781,-4.599999999999049,0.0,0.0,0.0,0.0,0.0,0.0,1.178805,-14.54999999999984,1.181595,-42.449999999998326,-1.0,-1.0,-1.0,1.0,0.0,-1.0,0.0,0.0,0.0,0.0,0.0,0.0,0.0,0.0,0.0,0.0,0.0,0.0,0.0,0.0,0.0,0.0,0.0,0.0,0.0,0.0,0.0,1.19257,0.0,1.19964,0.0,0.0,0.0,0.0,0.0,0.0,0.0,0.0,0.0,0.0,0.0,0.0,0.0,1.0,1.0,0.0,0.0,1.0,0.0,0.0,0.10000000000000003,0.20000000000000007,0.0
1.0,0.0,0.0,0.0,0.0,0.0,0.0,0.0,0.0,0.0,0.0,0.0,0.0,0.0,0.0,0.0,1.0,0.0,0.0,0.0,-0.25881904510252157,0.9659258262890681,97.86,100.76,-2.9000000000000057,72.53079557077423,-0.02963417126507261,0.0,-1.0,-0.0,0,0.0,0.7262498850107659,0.45421201290199226,0.0,0.0,0.455,0.00075744,0.88,0.0007553997675277198,1.3492199999999999,0.0,109.0,0.0,0.0,0.0,0.0,0.0,0.0,1.350305,-10.850000000002247,0.0,0.0,0.0,0.0,0.0,0.0,1.349615,-3.9500000000014523,1.363475,-142.5500000000013,1.350645,-14.250000000002316,0.0,0.0,0.0,0.0,0.0,0.0,1.350305,-10.850000000002247,1.35526,-60.40000000000045,1.0,1.0,-1.0,1.0,0.0,0.0,0.0,0.0,0.0,0.0,0.0,0.0,0.0,0.0,0.0,0.0,0.0,0.0,0.0,0.0,0.0,0.0,0.0,0.0,1.0,0.0,0.0,0.0,0.0,0.0,0.0,0.0,0.0,0.0,0.0,0.0,0.0,0.0,0.0,0.0,0.0,0.0,0.0,1.0,0.0,0.0,0.0,1.0,0.0,0.0,0.0,0.0,-1.0
1.0,1.0,0.0,0.0,0.0,0.0,0.0,0.0,0.0,0.0,0.0,0.0,0.0,0.0,0.0,0.0,1.0,0.0,0.0,0.0,-0.25881904510252157,0.9659258262890681,97.86,100.76,-2.9000000000000057,0.62773825636815,-0.02963417126507261,1.0,-1.0,-1.0,0,0.0,41.28436925642529,0.5159501596876912,0.5468,0.4532,0.455,0.00127201,0.88,0.0012666603466103194,155.893,72.0,109.0,0.6605504587155964,1.0,6.0,155.6575,156.364,2.0,155.3985,49.449999999998795,0.0,0.0,0.0,0.0,0.0,0.0,155.095,79.80000000000018,155.65750000000003,23.54999999999734,155.8765,1.650000000000773,0.0,0.0,0.0,0.0,0.0,0.0,155.24650000000003,64.64999999999748,154.2715,162.14999999999975,1.0,1.0,-1.0,1.0,0.0,1.0,0.0,0.0,0.0,0.0,0.0,0.0,0.0,0.0,0.0,0.0,0.0,0.0,0.0,0.0,0.0,0.0,0.0,0.0,1.0,0.0,154.968,0.0,0.0,0.0,0.0,0.0,0.0,0.0,0.0,0.0,0.0,0.0,0.0,0.0,0.0,0.0,0.0,0.0,1.0,0.0,0.0,0.0,0.0,0.0,0.10000000000000003,0.20000000000000007,0.0
1.0,0.0,0.0,0.0,0.0,0.0,0.0,0.0,0.0,0.0,0.0,0.0,0.0,0.0,0.0,0.0,1.0,0.0,0.0,0.0,-0.25881904510252157,0.9659258262890681,97.86,100.76,-2.9000000000000057,138.65510499022358,-0.02963417126507261,0.0,-1.0,-0.0,0,0.0,11.807498500160046,0.5304143833014151,0.0,0.0,0.490287,0.00125863,0.97,0.0012155747583145618,0.70578,0.0,109.0,0.0,0.0,0.0,0.0,0.0,0.0,0.704995,7.8499999999992465,0.0,0.0,0.0,0.0,0.0,0.0,0.706345,-5.650000000000377,0.69268,131.0,0.704825,9.549999999999281,0.0,0.0,0.0,0.0,0.0,0.0,0.70552,2.5999999999992696,0.70811,-23.300000000000544,-1.0,-1.0,1.0,1.0,0.0,-1.0,0.0,0.0,0.0,0.0,0.0,0.0,0.0,0.0,0.0,0.0,0.0,0.0,0.0,0.0,0.0,0.0,0.0,0.0,0.0,0.0,0.0,0.71411,0.0,0.0,0.0,0.0,0.0,0.0,0.0,0.0,0.0,0.0,0.0,0.0,0.0,0.0,0.0,0.0,0.0,0.0,1.0,0.0,0.0,0.0,0.0,0.0,-1.0
1.0,0.0,0.0,0.0,0.0,0.0,0.0,0.0,0.0,0.0,0.0,0.0,0.0,0.0,0.0,0.0,1.0,0.0,0.0,0.0,-0.25881904510252157,0.9659258262890681,97.86,100.76,-2.9000000000000057,71.43326398773678,-0.02963417126507261,0.0,-1.0,-1.0,0,0.0,24.348223405886397,0.4713934413759054,0.614,0.3786,0.708317,0.00057472,2.01,0.00044042492299061186,1.36995,60.0,109.0,0.5504587155963303,1.0,5.0,1.36866,1.37253,2.0,1.3706049999999999,-6.5499999999985015,0.0,0.0,0.0,0.0,0.0,0.0,1.36866,12.900000000000134,1.368015,19.3500000000002,1.370965,-10.149999999999881,0.0,0.0,0.0,0.0,0.0,0.0,1.369615,3.349999999999742,1.36401,59.40000000000056,1.0,1.0,-1.0,-1.0,0.0,1.0,0.0,0.0,0.0,0.0,0.0,0.0,0.0,0.0,0.0,0.0,0.0,0.0,0.0,0.0,0.0,0.0,0.0,0.0,0.0,0.0,0.0,0.0,1.35553,1.39771,0.0,0.0,0.0,0.0,0.0,0.0,0.0,0.0,0.0,0.0,0.0,0.0,1.0,0.0,0.0,0.0,0.0,0.0,0.0,0.0,0.10000000000000003,0.20000000000000007,0.0
1.0,0.0,0.0,0.0,0.0,0.0,0.0,0.0,0.0,0.0,0.0,0.0,0.0,0.0,0.0,0.0,1.0,0.0,0.0,0.0,-0.25881904510252157,0.9659258262890681,97.86,100.76,-2.9000000000000057,126.42267495187772,-0.02963417126507261,1.0,-1.0,1.0,0,0.0,11.170409101379008,0.5622811739926971,0.6208,0.3518,0.53046,0.00083925,1.09,0.0007909454601236725,0.77407,60.0,109.0,0.5504587155963303,-1.0,5.0,0.7748,0.7726,2.0,0.774805,-7.3499999999993015,0.0,0.0,0.0,0.0,0.0,0.0,0.7729550000000001,11.149999999999771,0.7794449999999999,-53.749999999999076,0.77406,0.10000000000065512,0.0,0.0,0.0,0.0,0.0,0.0,0.77492,-8.500000000000174,0.77194,21.300000000000765,-1.0,1.0,-1.0,-1.0,0.0,-1.0,0.0,0.0,0.0,0.0,0.0,0.0,0.0,0.0,0.0,0.0,0.0,0.0,0.0,0.0,0.0,0.0,0.0,0.0,0.0,0.0,0.0,0.0,0.76481,0.77938,0.0,0.0,0.0,0.0,0.0,0.0,0.0,0.0,0.0,0.0,0.0,0.0,0.0,0.0,0.0,0.0,0.0,0.0,0.0,0.0,0.10000000000000003,0.20000000000000007,1.0
1.0,0.0,0.0,0.0,0.0,0.0,0.0,0.0,0.0,0.0,0.0,0.0,0.0,0.0,0.0,0.0,0.0,1.0,0.0,0.0,-0.25881904510252157,0.9659258262890681,97.661,100.76,-3.0990000000000038,82.6997823712222,-0.03173221654498729,0.0,-1.0,-1.0,0,0.0,30.715837833844567,0.5214591603794,0.6148,0.3298,0.455,0.000699,0.88,0.0006960899205547678,1.18091,60.0,109.0,0.5504587155963303,1.0,5.0,1.17927,1.1842,2.0,1.179265,16.449999999998965,0.0,0.0,0.0,0.0,0.0,0.0,1.17883,20.799999999998597,1.187655,-67.45000000000002,1.17936,15.499999999999403,0.0,0.0,0.0,0.0,0.0,0.0,1.1790150000000001,18.94999999999758,1.18133,-4.20000000000087,1.0,1.0,-1.0,1.0,0.0,1.0,0.0,0.0,0.0,0.0,0.0,0.0,0.0,0.0,0.0,0.0,0.0,0.0,0.0,0.0,0.0,0.0,0.0,0.0,0.0,0.0,0.0,0.0,0.0,1.19964,0.0,0.0,0.0,0.0,0.0,0.0,0.0,0.0,0.0,0.0,0.0,0.0,0.0,0.0,1.0,0.0,0.0,1.0,0.0,0.0,0.10000000000000003,0.20000000000000007,0.0
1.0,0.0,0.0,0.0,0.0,0.0,0.0,0.0,0.0,0.0,0.0,0.0,0.0,0.0,0.0,0.0,0.0,1.0,0.0,0.0,-0.25881904510252157,0.9659258262890681,97.661,100.76,-3.0990000000000038,72.03360451994071,-0.03173221654498729,0.0,-1.0,-1.0,0,0.0,69.06618731694616,0.442929973196939,0.5516,0.2724,0.455,0.00077244,0.88,0.0007693495780874309,1.35577,60.0,109.0,0.5504587155963303,1.0,5.0,1.35259,1.36213,2.0,1.3525900000000002,31.799999999997386,0.0,0.0,0.0,0.0,0.0,0.0,1.349985,57.84999999999929,1.363475,-77.05000000000072,1.353605,21.649999999999725,0.0,0.0,0.0,0.0,0.0,0.0,1.352115,36.54999999999964,1.35479,9.799999999999809,1.0,1.0,-1.0,1.0,0.0,1.0,0.0,0.0,0.0,0.0,0.0,0.0,0.0,0.0,0.0,0.0,0.0,0.0,0.0,0.0,0.0,0.0,0.0,0.0,0.0,0.0,1.34748,0.0,0.0,0.0,0.0,0.0,0.0,0.0,0.0,0.0,0.0,0.0,0.0,0.0,0.0,0.0,1.0,0.0,1.0,0.0,0.0,1.0,0.0,0.0,0.10000000000000003,0.20000000000000007,0.0
1.0,1.0,0.0,0.0,0.0,0.0,0.0,0.0,0.0,0.0,0.0,0.0,0.0,0.0,0.0,0.0,0.0,1.0,0.0,0.0,-0.25881904510252157,0.9659258262890681,97.661,100.76,-3.0990000000000038,0.6245148005806407,-0.03173221654498729,1.0,-1.0,-1.0,0,0.0,20.008668823116807,0.5709461454598523,0.5408,0.4592,0.455,0.00132491,0.88,0.0013193960164580064,156.379,72.0,109.0,0.6605504587155964,1.0,6.0,156.0815,156.974,2.0,156.0815,29.749999999998522,0.0,0.0,0.0,0.0,0.0,0.0,155.4085,97.0499999999987,155.65750000000003,72.14999999999634,156.49900000000002,-12.000000000003297,0.0,0.0,0.0,0.0,0.0,0.0,156.0815,29.749999999998522,154.687,169.19999999999789,1.0,1.0,-1.0,1.0,0.0,1.0,0.0,0.0,0.0,0.0,0.0,0.0,0.0,0.0,0.0,0.0,0.0,0.0,0.0,0.0,0.0,0.0,0.0,0.0,0.0,0.0,154.968,0.0,0.0,0.0,0.0,0.0,0.0,0.0,0.0,0.0,0.0,0.0,0.0,0.0,0.0,0.0,0.0,1.0,1.0,0.0,0.0,0.0,0.0,0.0,0.10000000000000003,0.20000000000000007,0.0
1.0,0.0,0.0,0.0,0.0,0.0,0.0,0.0,0.0,0.0,0.0,0.0,0.0,0.0,0.0,0.0,0.0,1.0,0.0,0.0,-0.25881904510252157,0.9659258262890681,97.661,100.76,-3.0990000000000038,137.09308365035025,-0.03173221654498729,0.0,-1.0,-1.0,0,0.0,44.98713726551309,0.6063352958338161,0.2246,0.0216,0.519349,0.00119491,1.06,0.001128428773483748,0.71237,84.0,109.0,0.7706422018348624,1.0,7.0,0.70908,0.71894,2.0,0.709085,32.849999999999824,0.0,0.0,0.0,0.0,0.0,0.0,0.707045,53.24999999999913,0.69372,186.49999999999943,0.7106600000000001,17.099999999998783,0.0,0.0,0.0,0.0,0.0,0.0,0.707605,47.64999999999908,0.707045,53.24999999999913,1.0,1.0,1.0,1.0,0.0,1.0,0.0,0.0,0.0,0.0,0.0,0.0,0.0,0.0,0.0,0.0,0.0,0.0,0.0,0.0,0.0,0.0,0.0,0.0,1.0,0.0,0.70695,0.0,0.0,0.0,0.0,0.0,0.0,0.0,0.0,0.0,0.0,0.0,0.0,0.0,0.0,0.0,0.0,0.0,0.0,0.0,1.0,0.0,0.0,0.0,0.10000000000000003,0.20000000000000007,0.0
1.0,0.0,0.0,0.0,0.0,0.0,0.0,0.0,0.0,0.0,0.0,0.0,0.0,0.0,0.0,0.0,0.0,1.0,0.0,0.0,-0.25881904510252157,0.9659258262890681,97.661,100.76,-3.0990000000000038,71.41885567191248,-0.03173221654498729,1.0,-1.0,1.0,0,0.0,28.768332257243795,0.6534625761481431,0.6246,0.3684,0.907316,0.00053092,7.13,0.0005118825034110878,1.36744,60.0,109.0,0.5504587155963303,-1.0,5.0,1.36866,1.365,2.0,1.368995,-15.54999999999973,0.0,0.0,0.0,0.0,0.0,0.0,1.36866,-12.199999999999989,1.3663049999999999,11.350000000001081,1.3689,-14.600000000000168,0.0,0.0,0.0,0.0,0.0,0.0,1.369915,-24.75000000000005,1.36591,15.300000000000313,-1.0,1.0,-1.0,-1.0,0.0,-1.0,0.0,0.0,0.0,0.0,0.0,0.0,0.0,0.0,0.0,0.0,0.0,0.0,0.0,0.0,0.0,0.0,0.0,0.0,0.0,0.0,0.0,0.0,1.35553,1.39771,1.34845,0.0,0.0,0.0,0.0,0.0,0.0,0.0,0.0,0.0,0.0,0.0,0.0,0.0,0.0,0.0,0.0,0.0,0.0,0.0,0.10000000000000003,0.20000000000000007,0.0
1.0,0.0,0.0,0.0,0.0,0.0,0.0,0.0,0.0,0.0,0.0,0.0,0.0,0.0,0.0,0.0,0.0,1.0,0.0,0.0,-0.25881904510252157,0.9659258262890681,97.661,100.76,-3.0990000000000038,126.36802401563087,-0.03173221654498729,1.0,-1.0,1.0,0,0.0,27.409992096852072,0.6175387464346367,0.5886,0.3084,0.600918,0.00087681,1.36,0.00075300805099519,0.77283,84.0,109.0,0.7706422018348624,-1.0,7.0,0.77381,0.77088,2.0,0.7738050000000001,-9.750000000000592,0.0,0.0,0.0,0.0,0.0,0.0,0.774115,-12.849999999999806,0.77866,-58.30000000000002,0.773485,-6.549999999999612,0.0,0.0,0.0,0.0,0.0,0.0,0.7738050000000001,-9.750000000000592,0.7720849999999999,7.450000000001067,-1.0,-1.0,-1.0,-1.0,0.0,-1.0,0.0,0.0,0.0,0.0,0.0,0.0,0.0,0.0,0.0,0.0,0.0,0.0,0.0,0.0,0.0,0.0,0.0,0.0,0.0,0.0,0.0,0.0,0.0,0.77938,0.0,0.0,0.0,0.0,0.0,0.0,0.0,0.0,0.0,0.0,0.0,0.0,0.0,0.0,0.0,0.0,0.0,0.0,0.0,0.0,0.10000000000000003,0.20000000000000007,1.0
1.0,0.0,0.0,0.0,0.0,0.0,0.0,0.0,0.0,0.0,0.0,0.0,0.0,0.0,0.0,0.0,0.0,0.0,1.0,0.0,-0.25881904510252157,0.9659258262890681,97.777,100.76,-2.983000000000004,82.86678023272567,-0.030508197224296145,0.0,-1.0,-0.0,0,0.0,16.574509468276787,0.5767091536867345,0.0,0.0,0.574075,0.00056994,1.25,0.0005559182860801457,1.17993,0.0,109.0,0.0,0.0,0.0,0.0,0.0,0.0,1.18014,-2.100000000000435,0.0,0.0,0.0,0.0,0.0,0.0,1.179495,4.349999999999632,1.187655,-77.24999999999982,1.179535,3.949999999999232,0.0,0.0,0.0,0.0,0.0,0.0,1.179995,-0.6499999999998174,1.18062,-6.900000000000794,-1.0,1.0,-1.0,1.0,0.0,1.0,0.0,0.0,0.0,0.0,0.0,0.0,0.0,0.0,0.0,0.0,0.0,0.0,0.0,0.0,0.0,0.0,0.0,0.0,0.0,0.0,0.0,0.0,0.0,1.19964,0.0,0.0,0.0,0.0,0.0,0.0,0.0,0.0,0.0,0.0,0.0,0.0,1.0,0.0,0.0,0.0,0.0,1.0,0.0,0.0,0.0,0.0,-1.0
1.0,0.0,0.0,0.0,0.0,0.0,0.0,0.0,0.0,0.0,0.0,0.0,0.0,0.0,0.0,0.0,0.0,0.0,1.0,0.0,-0.25881904510252157,0.9659258262890681,97.777,100.76,-2.983000000000004,72.51012265844,-0.030508197224296145,1.0,-1.0,1.0,0,0.0,30.04765490438885,0.5550443973277971,0.6052,0.3552,0.809009,0.0008699,3.27,0.0009223470114443063,1.34846,72.0,109.0,0.6605504587155964,-1.0,6.0,1.35101,1.34336,2.0,1.35101,-25.500000000000522,0.0,0.0,0.0,0.0,0.0,0.0,1.35101,-25.500000000000522,1.363495,-150.34999999999908,1.3500800000000002,-16.20000000000177,0.0,0.0,0.0,0.0,0.0,0.0,1.35101,-25.500000000000522,1.35479,-63.29999999999947,-1.0,0.0,-1.0,1.0,0.0,-1.0,0.0,0.0,0.0,0.0,0.0,0.0,0.0,0.0,0.0,0.0,0.0,0.0,0.0,0.0,0.0,0.0,0.0,0.0,0.0,0.0,0.0,1.35565,0.0,0.0,0.0,0.0,0.0,0.0,0.0,0.0,0.0,0.0,0.0,0.0,0.0,0.0,0.0,1.0,1.0,0.0,0.0,1.0,0.0,0.0,0.10000000000000003,0.20000000000000007,1.0
1.0,1.0,0.0,0.0,0.0,0.0,0.0,0.0,0.0,0.0,0.0,0.0,0.0,0.0,0.0,0.0,0.0,0.0,1.0,0.0,-0.25881904510252157,0.9659258262890681,97.777,100.76,-2.983000000000004,0.6264142481901467,-0.030508197224296145,0.0,-1.0,-0.0,0,0.0,1.9105960063894916,0.6831802836333547,0.0,0.0,0.769595,0.00119551,2.65,0.000941721362548018,156.09,0.0,109.0,0.0,0.0,0.0,0.0,0.0,0.0,156.0905,-0.04999999999881766,0.0,0.0,0.0,0.0,0.0,0.0,155.4085,68.14999999999998,155.65750000000003,43.24999999999761,156.12900000000002,-3.900000000001569,0.0,0.0,0.0,0.0,0.0,0.0,156.26049999999998,-17.049999999997567,154.687,140.29999999999916,1.0,1.0,-1.0,1.0,0.0,0.0,0.0,0.0,0.0,0.0,0.0,0.0,0.0,0.0,0.0,0.0,0.0,0.0,0.0,0.0,0.0,0.0,0.0,0.0,0.0,0.0,154.968,0.0,0.0,0.0,0.0,0.0,0.0,0.0,0.0,0.0,0.0,0.0,0.0,0.0,0.0,0.0,0.0,0.0,1.0,0.0,0.0,0.0,0.0,0.0,0.0,0.0,-1.0
1.0,0.0,0.0,0.0,0.0,0.0,0.0,0.0,0.0,0.0,0.0,0.0,0.0,0.0,0.0,0.0,0.0,0.0,1.0,0.0,-0.25881904510252157,0.9659258262890681,97.777,100.76,-2.983000000000004,137.59393205932847,-0.030508197224296145,0.0,-1.0,-1.0,0,0.0,9.684344417746972,0.5762962406089186,0.6206,0.3784,0.519349,0.00103612,1.06,0.0010358005194396954,0.71062,72.0,109.0,0.6605504587155964,1.0,6.0,0.71015,0.71155,2.0,0.710155,4.650000000000487,0.0,0.0,0.0,0.0,0.0,0.0,0.708135,24.850000000000705,0.69503,155.89999999999992,0.7095400000000001,10.799999999999699,0.0,0.0,0.0,0.0,0.0,0.0,0.710155,4.650000000000487,0.7075750000000001,30.449999999999644,-1.0,1.0,1.0,1.0,0.0,1.0,0.0,0.0,0.0,0.0,0.0,0.0,0.0,0.0,0.0,0.0,0.0,0.0,0.0,0.0,0.0,0.0,0.0,0.0,1.0,0.0,0.0,0.0,0.0,0.0,0.0,0.0,0.0,0.0,0.0,0.0,0.0,0.0,0.0,0.0,0.0,0.0,1.0,0.0,1.0,0.0,1.0,0.0,0.0,1.0,0.10000000000000003,0.20000000000000007,0.0
1.0,0.0,0.0,0.0,0.0,0.0,0.0,0.0,0.0,0.0,0.0,0.0,0.0,0.0,0.0,0.0,0.0,0.0,1.0,0.0,-0.25881904510252157,0.9659258262890681,97.777,100.76,-2.983000000000004,71.46710132004036,-0.030508197224296145,1.0,-1.0,1.0,0,0.0,24.74412761615842,0.6004462073684549,0.5936,0.4064,0.455,0.00046021,0.88,0.00045899946845078985,1.36814,60.0,109.0,0.5504587155963303,-1.0,5.0,1.36857,1.36728,2.0,1.36857,-4.300000000001525,0.0,0.0,0.0,0.0,0.0,0.0,1.36866,-5.20000000000076,1.3663049999999999,18.35000000000031,1.3692250000000001,-10.850000000002247,0.0,0.0,0.0,0.0,0.0,0.0,1.36857,-4.300000000001525,1.366295,18.449999999998745,1.0,-1.0,-1.0,-1.0,0.0,-1.0,0.0,0.0,0.0,0.0,0.0,0.0,0.0,0.0,0.0,0.0,0.0,0.0,0.0,0.0,0.0,0.0,0.0,0.0,0.0,0.0,0.0,0.0,0.0,1.39771,1.34845,0.0,0.0,0.0,0.0,0.0,0.0,0.0,0.0,0.0,0.0,0.0,0.0,0.0,0.0,1.0,1.0,0.0,0.0,1.0,0.10000000000000003,0.20000000000000007,1.0
1.0,0.0,0.0,0.0,0.0,0.0,0.0,0.0,0.0,0.0,0.0,0.0,0.0,0.0,0.0,0.0,0.0,0.0,1.0,0.0,-0.25881904510252157,0.9659258262890681,97.777,100.76,-2.983000000000004,126.3301377296571,-0.030508197224296145,0.0,-1.0,-0.0,0,0.0,6.491538100092852,0.709695846497287,0.0,0.0,0.455,0.00071303,0.88,0.0007109912409992867,0.77398,0.0,109.0,0.0,0.0,0.0,0.0,0.0,0.0,0.77278,11.999999999999789,0.0,0.0,0.0,0.0,0.0,0.0,0.773695,2.849999999999797,0.77849,-45.100000000000136,0.77417,-1.9000000000002348,0.0,0.0,0.0,0.0,0.0,0.0,0.772965,10.149999999999881,0.7720849999999999,18.950000000000912,1.0,-1.0,-1.0,-1.0,0.0,0.0,0.0,0.0,0.0,0.0,0.0,0.0,0.0,0.0,0.0,0.0,0.0,0.0,0.0,0.0,0.0,0.0,0.0,0.0,0.0,0.0,0.0,0.0,0.0,0.77938,0.0,0.0,0.0,0.0,0.0,0.0,0.0,0.0,0.0,0.0,0.0,0.0,0.0,1.0,0.0,1.0,0.0,0.0,0.0,0.0,0.0,0.0,-1.0
1.0,0.0,0.0,0.0,0.0,0.0,0.0,0.0,0.0,0.0,0.0,0.0,0.0,0.0,0.0,0.0,0.0,0.0,0.0,1.0,-0.25881904510252157,0.9659258262890681,97.666,100.76,-3.0940000000000083,82.68511149867082,-0.031679397128990726,0.0,-1.0,-1.0,0,0.0,24.23180466579709,0.546991595480189,0.574,0.426,0.556156,0.00060409,1.18,0.0005657279969622347,1.18118,60.0,109.0,0.5504587155963303,1.0,5.0,1.18079,1.18196,2.0,1.18079,3.8999999999989043,0.0,0.0,0.0,0.0,0.0,0.0,1.179745,14.34999999999853,1.1905649999999999,-93.84999999999977,1.18086,3.1999999999987594,0.0,0.0,0.0,0.0,0.0,0.0,1.180035,11.449999999999516,1.17997,12.099999999999334,1.0,1.0,-1.0,1.0,0.0,1.0,0.0,0.0,0.0,0.0,0.0,0.0,0.0,0.0,0.0,0.0,0.0,0.0,0.0,0.0,0.0,0.0,0.0,0.0,0.0,0.0,0.0,0.0,0.0,1.19964,0.0,0.0,0.0,0.0,0.0,0.0,0.0,0.0,0.0,0.0,0.0,0.0,0.0,0.0,0.0,0.0,0.0,1.0,0.0,0.0,0.10000000000000003,0.20000000000000007,0.0
1.0,0.0,0.0,0.0,0.0,0.0,0.0,0.0,0.0,0.0,0.0,0.0,0.0,0.0,0.0,0.0,0.0,0.0,0.0,1.0,-0.25881904510252157,0.9659258262890681,97.666,100.76,-3.0940000000000083,72.46649947319216,-0.031679397128990726,1.0,-1.0,1.0,0,0.0,27.74646390975904,0.5441915435796161,0.5962,0.3298,0.769595,0.0008984,2.65,0.0006629292391713138,1.34774,72.0,109.0,0.6605504587155964,-1.0,6.0,1.35072,1.34177,2.0,1.34738,3.5999999999991594,0.0,0.0,0.0,0.0,0.0,0.0,1.350725,-29.850000000000154,1.36512,-173.7999999999995,1.346495,12.449999999999406,0.0,0.0,0.0,0.0,0.0,0.0,1.3497949999999999,-20.54999999999918,1.35331,-55.70000000000075,-1.0,-1.0,-1.0,1.0,0.0,-1.0,0.0,0.0,0.0,0.0,0.0,0.0,0.0,0.0,0.0,0.0,0.0,0.0,0.0,0.0,0.0,0.0,0.0,0.0,0.0,0.0,0.0,1.35565,0.0,0.0,0.0,0.0,0.0,0.0,0.0,0.0,0.0,0.0,0.0,0.0,0.0,0.0,0.0,0.0,0.0,1.0,0.0,1.0,0.0,0.0,0.10000000000000003,0.20000000000000007,1.0
1.0,1.0,0.0,0.0,0.0,0.0,0.0,0.0,0.0,0.0,0.0,0.0,0.0,0.0,0.0,0.0,0.0,0.0,0.0,1.0,-0.25881904510252157,0.9659258262890681,97.666,100.76,-3.0940000000000083,0.6256229581705207,-0.031679397128990726,1.0,-1.0,-1.0,0,0.0,5.619312739421881,0.7165988863752493,0.5212,0.4788,0.746415,0.00090595,2.37,0.0008100719438329903,156.11,60.0,109.0,0.5504587155963303,1.0,5.0,155.8835,156.563,2.0,155.8835,22.65000000000157,0.0,0.0,0.0,0.0,0.0,0.0,155.51850000000002,59.149999999999636,155.65750000000003,45.249999999998636,156.051,5.900000000002592,0.0,0.0,0.0,0.0,0.0,0.0,155.98250000000002,12.749999999999773,154.75900000000001,135.0999999999999,1.0,1.0,-1.0,1.0,0.0,0.0,0.0,0.0,0.0,0.0,0.0,0.0,0.0,0.0,0.0,0.0,0.0,0.0,0.0,0.0,0.0,0.0,0.0,0.0,1.0,0.0,0.0,0.0,0.0,158.892,0.0,0.0,0.0,0.0,0.0,0.0,0.0,0.0,0.0,0.0,0.0,0.0,0.0,0.0,0.0,1.0,0.0,0.0,0.0,0.0,0.10000000000000003,0.20000000000000007,1.0
1.0,0.0,0.0,0.0,0.0,0.0,0.0,0.0,0.0,0.0,0.0,0.0,0.0,0.0,0.0,0.0,0.0,0.0,0.0,1.0,-0.25881904510252157,0.9659258262890681,97.666,100.76,-3.0940000000000083,137.2851098522652,-0.031679397128990726,0.0,-1.0,-1.0,0,0.0,5.882826163356062,0.5594714203220951,0.6168,0.3828,0.503478,0.00104975,1.01,0.0010103468281496704,0.71141,72.0,109.0,0.6605504587155964,1.0,6.0,0.71091,0.7124,2.0,0.710915,4.950000000000232,0.0,0.0,0.0,0.0,0.0,0.0,0.708135,32.75000000000028,0.699055,123.55000000000005,0.710915,4.950000000000232,0.0,0.0,0.0,0.0,0.0,0.0,0.70994,14.699999999999713,0.7075750000000001,38.34999999999922,0.0,1.0,1.0,1.0,0.0,1.0,0.0,0.0,0.0,0.0,0.0,0.0,0.0,0.0,0.0,0.0,0.0,0.0,0.0,0.0,0.0,0.0,0.0,0.0,0.0,0.0,0.0,0.0,0.0,0.0,0.0,0.0,0.0,0.0,0.0,0.0,0.0,0.0,0.0,0.0,0.0,0.0,0.0,1.0,0.0,0.0,1.0,0.0,0.0,0.0,0.10000000000000003,0.20000000000000007,0.0
1.0,0.0,0.0,0.0,0.0,0.0,0.0,0.0,0.0,0.0,0.0,0.0,0.0,0.0,0.0,0.0,0.0,0.0,0.0,1.0,-0.25881904510252157,0.9659258262890681,97.666,100.76,-3.0940000000000083,71.5617169067542,-0.031679397128990726,1.0,-1.0,1.0,0,0.0,39.77969838128656,0.6590439028267577,0.611,0.3886,0.455,0.00048546,0.88,0.00048646623124148995,1.36478,60.0,109.0,0.5504587155963303,-1.0,5.0,1.36553,1.36327,2.0,1.365535,-7.549999999998391,0.0,0.0,0.0,0.0,0.0,0.0,1.36749,-27.099999999999902,1.36405,7.300000000001194,1.36548,-6.999999999999229,0.0,0.0,0.0,0.0,0.0,0.0,1.36686,-20.799999999998597,1.36749,-27.099999999999902,-1.0,-1.0,1.0,-1.0,0.0,-1.0,0.0,0.0,0.0,0.0,0.0,0.0,0.0,0.0,0.0,0.0,0.0,0.0,0.0,0.0,0.0,0.0,0.0,0.0,0.0,0.0,0.0,0.0,0.0,1.37199,1.34845,0.0,0.0,0.0,0.0,0.0,0.0,0.0,0.0,0.0,0.0,0.0,0.0,0.0,0.0,1.0,1.0,0.0,0.0,0.0,0.10000000000000003,0.20000000000000007,1.0
1.0,0.0,0.0,0.0,0.0,0.0,0.0,0.0,0.0,0.0,0.0,0.0,0.0,0.0,0.0,0.0,0.0,0.0,0.0,1.0,-0.25881904510252157,0.9659258262890681,97.666,100.76,-3.0940000000000083,126.92137751786875,-0.031679397128990726,1.0,-1.0,1.0,0,0.0,30.730272366389965,0.686610109404437,0.4528,0.1624,0.487443,0.0007384,0.96,0.0007527754153955393,0.7695,84.0,109.0,0.7706422018348624,-1.0,7.0,0.77089,0.76673,2.0,0.770885,-13.850000000000806,0.0,0.0,0.0,0.0,0.0,0.0,0.771865,-23.650000000000617,0.77595,-64.50000000000067,0.76946,0.3999999999992898,0.0,0.0,0.0,0.0,0.0,0.0,0.771265,-17.650000000000166,0.77218,-26.800000000000157,-1.0,-1.0,-1.0,-1.0,0.0,-1.0,0.0,0.0,0.0,0.0,0.0,0.0,0.0,0.0,0.0,0.0,0.0,0.0,0.0,0.0,0.0,0.0,0.0,0.0,1.0,0.0,0.0,0.0,0.0,0.77938,0.0,0.0,0.0,0.0,0.0,0.0,0.0,0.0,0.0,0.0,0.0,0.0,0.0,0.0,0.0,1.0,0.0,0.0,0.0,0.0,0.10000000000000003,0.20000000000000007,0.0
1.0,0.0,0.0,0.0,0.0,0.0,0.0,0.0,0.0,0.0,0.0,0.0,0.0,0.0,0.0,1.0,0.0,0.0,0.0,0.0,-0.25881904510252157,0.9659258262890681,98.521,100.76,-2.2390000000000043,84.27513173201943,-0.022726119304513803,1.0,-1.0,1.0,0,0.0,19.394714304419544,0.6949134218886761,0.3264,0.0662,0.946214,0.00099207,12.54,0.0012846775254691364,1.16904,84.0,109.0,0.7706422018348624,-1.0,7.0,1.17488,1.15737,2.0,1.1748750000000001,-58.35000000000035,0.0,0.0,0.0,0.0,0.0,0.0,1.17503,-59.899999999999395,1.187735,-186.94999999999905,1.16978,-7.399999999999629,0.0,0.0,0.0,0.0,0.0,0.0,1.174925,-58.849999999999184,1.176455,-74.1499999999995,-1.0,-1.0,-1.0,1.0,0.0,-1.0,0.0,0.0,0.0,0.0,0.0,0.0,0.0,0.0,0.0,0.0,0.0,0.0,0.0,0.0,0.0,0.0,0.0,0.0,0.0,0.0,0.0,0.0,0.0,1.18268,0.0,0.0,0.0,0.0,0.0,0.0,0.0,0.0,0.0,0.0,0.0,0.0,0.0,1.0,0.0,0.0,0.0,1.0,0.0,0.0,0.10000000000000003,0.20000000000000007,1.0
1.0,0.0,0.0,0.0,0.0,0.0,0.0,0.0,0.0,0.0,0.0,0.0,0.0,0.0,0.0,1.0,0.0,0.0,0.0,0.0,-0.25881904510252157,0.9659258262890681,98.521,100.76,-2.2390000000000043,73.49571055576277,-0.022726119304513803,1.0,-1.0,1.0,0,0.0,18.22640926675565,0.5752860255379558,0.6166,0.3332,0.7837,0.00129937,2.84,0.0013525054077516971,1.3405,72.0,109.0,0.6605504587155964,-1.0,6.0,1.34445,1.3326,2.0,1.34022,2.80000000000058,0.0,0.0,0.0,0.0,0.0,0.0,1.3444500000000001,-39.5000000000012,1.3591199999999999,-186.1999999999986,1.33956,9.399999999999409,0.0,0.0,0.0,0.0,0.0,0.0,1.34022,2.80000000000058,1.344795,-42.94999999999938,-1.0,-1.0,-1.0,1.0,0.0,-1.0,0.0,0.0,0.0,0.0,0.0,0.0,0.0,0.0,0.0,0.0,0.0,0.0,0.0,0.0,0.0,0.0,0.0,0.0,0.0,0.0,0.0,0.0,0.0,0.0,0.0,0.0,0.0,0.0,0.0,0.0,0.0,0.0,0.0,0.0,0.0,0.0,0.0,0.0,0.0,1.0,0.0,1.0,0.0,0.0,0.10000000000000003,0.20000000000000007,1.0
1.0,1.0,0.0,0.0,0.0,0.0,0.0,0.0,0.0,0.0,0.0,0.0,0.0,0.0,0.0,1.0,0.0,0.0,0.0,0.0,-0.25881904510252157,0.9659258262890681,98.521,100.76,-2.2390000000000043,0.626221984923026,-0.022726119304513803,1.0,-1.0,-1.0,0,0.0,27.593880482781145,0.6625034046923819,0.54,0.46,0.455,0.00095984,0.88,0.0009586553848524116,157.326,84.0,109.0,0.7706422018348624,1.0,7.0,156.8545,158.269,2.0,156.8545,47.14999999999918,0.0,0.0,0.0,0.0,0.0,0.0,156.54649999999998,77.9500000000013,154.921,240.5000000000001,157.4315,-10.550000000000637,0.0,0.0,0.0,0.0,0.0,0.0,156.79149999999998,53.45000000000084,155.40699999999998,191.9000000000011,1.0,1.0,1.0,1.0,0.0,1.0,0.0,0.0,0.0,0.0,0.0,0.0,0.0,0.0,0.0,0.0,0.0,0.0,0.0,0.0,0.0,0.0,0.0,0.0,0.0,0.0,156.082,0.0,0.0,158.892,0.0,0.0,0.0,0.0,0.0,0.0,0.0,0.0,0.0,0.0,0.0,0.0,0.0,0.0,0.0,1.0,0.0,0.0,0.0,0.0,0.10000000000000003,0.20000000000000007,0.0
1.0,0.0,0.0,0.0,0.0,0.0,0.0,0.0,0.0,0.0,0.0,0.0,0.0,0.0,0.0,1.0,0.0,0.0,0.0,0.0,-0.25881904510252157,0.9659258262890681,98.521,100.76,-2.2390000000000043,138.89891442267023,-0.022726119304513803,0.0,-1.0,-1.0,0,0.0,17.176532702030613,0.6168685367801272,0.6148,0.366,0.831154,0.00173318,3.75,0.0017829637491914177,0.7093,60.0,109.0,0.5504587155963303,1.0,5.0,0.70813,0.71163,2.0,0.70801,12.900000000000134,0.0,0.0,0.0,0.0,0.0,0.0,0.708135,11.650000000000826,0.702195,71.05000000000028,0.7078800000000001,14.199999999999768,0.0,0.0,0.0,0.0,0.0,0.0,0.70851,7.900000000000684,0.7075750000000001,17.249999999999766,-1.0,1.0,1.0,1.0,0.0,-1.0,0.0,0.0,0.0,0.0,0.0,0.0,0.0,0.0,0.0,0.0,0.0,0.0,0.0,0.0,0.0,0.0,0.0,0.0,0.0,0.0,0.0,0.0,0.0,0.0,0.0,0.0,0.0,0.0,0.0,0.0,0.0,0.0,0.0,0.0,0.0,0.0,0.0,1.0,0.0,0.0,0.0,0.0,0.0,1.0,0.10000000000000003,0.20000000000000007,1.0
1.0,0.0,0.0,0.0,0.0,0.0,0.0,0.0,0.0,0.0,0.0,0.0,0.0,0.0,0.0,1.0,0.0,0.0,0.0,0.0,-0.25881904510252157,0.9659258262890681,98.521,100.76,-2.2390000000000043,72.0261724604306,-0.022726119304513803,0.0,-1.0,-1.0,0,0.0,21.793778716252348,0.6678251084091235,0.571,0.429,0.91036,0.00068491,7.38,0.0009900520326504418,1.36785,72.0,109.0,0.6605504587155964,1.0,6.0,1.36749,1.36857,2.0,1.367425,4.250000000001197,0.0,0.0,0.0,0.0,0.0,0.0,1.36749,3.5999999999991594,1.36103,68.20000000000049,1.368925,-10.749999999999371,0.0,0.0,0.0,0.0,0.0,0.0,1.367175,6.749999999999812,1.36749,3.5999999999991594,1.0,-1.0,1.0,-1.0,0.0,1.0,0.0,0.0,0.0,0.0,0.0,0.0,0.0,0.0,0.0,0.0,0.0,0.0,0.0,0.0,0.0,0.0,0.0,0.0,0.0,0.0,0.0,0.0,0.0,0.0,1.34845,0.0,0.0,0.0,0.0,0.0,0.0,0.0,0.0,0.0,0.0,0.0,0.0,0.0,0.0,0.0,1.0,0.0,0.0,0.0,0.10000000000000003,0.20000000000000007,0.0
1.0,0.0,0.0,0.0,0.0,0.0,0.0,0.0,0.0,0.0,0.0,0.0,0.0,0.0,0.0,1.0,0.0,0.0,0.0,0.0,-0.25881904510252157,0.9659258262890681,98.521,100.76,-2.2390000000000043,126.40783176586818,-0.022726119304513803,0.0,-1.0,-1.0,0,0.0,12.308373633731634,0.7532083170860248,0.1012,0.0028,0.797898,0.00115901,3.07,0.0011631301695133995,0.77939,72.0,109.0,0.6605504587155964,1.0,6.0,0.77417,0.78983,2.0,0.77417,52.200000000000024,0.0,0.0,0.0,0.0,0.0,0.0,0.77417,52.200000000000024,0.7710950000000001,82.94999999999942,0.779345,0.4500000000007276,0.0,0.0,0.0,0.0,0.0,0.0,0.77417,52.200000000000024,0.77417,52.200000000000024,1.0,0.0,1.0,-1.0,0.0,1.0,0.0,0.0,0.0,0.0,0.0,0.0,0.0,0.0,0.0,0.0,0.0,0.0,0.0,0.0,0.0,0.0,0.0,0.0,1.0,0.0,0.0,0.0,0.76878,0.0,0.0,0.0,0.0,0.0,0.0,0.0,0.0,0.0,0.0,0.0,0.0,0.0,0.0,1.0,0.0,1.0,0.0,0.0,0.0,0.0,0.10000000000000003,0.20000000000000007,-1.0
1.0,0.0,0.0,0.0,0.0,0.0,0.0,0.0,0.0,0.0,0.0,0.0,0.0,0.0,0.0,0.0,1.0,0.0,0.0,0.0,-0.25881904510252157,0.9659258262890681,99.071,100.76,-1.6890000000000072,85.32806228790932,-0.017048379445044535,1.0,-1.0,1.0,0,0.0,67.04604027670226,0.431961371183983,0.6108,0.3892,0.820625,0.00116477,3.51,0.0011857077843154457,1.16106,84.0,109.0,0.7706422018348624,-1.0,7.0,1.16217,1.15884,2.0,1.16217,-11.099999999999444,0.0,0.0,0.0,0.0,0.0,0.0,1.167955,-68.95000000000095,1.18066,-196.00000000000063,1.157805,32.55000000000008,0.0,0.0,0.0,0.0,0.0,0.0,1.163875,-28.15000000000012,1.16824,-71.79999999999964,-1.0,-1.0,-1.0,1.0,0.0,-1.0,0.0,0.0,0.0,0.0,0.0,0.0,0.0,0.0,0.0,0.0,0.0,0.0,0.0,0.0,0.0,0.0,0.0,0.0,0.0,0.0,0.0,0.0,0.0,0.0,0.0,0.0,0.0,0.0,0.0,0.0,0.0,0.0,0.0,0.0,0.0,0.0,0.0,0.0,0.0,1.0,0.0,1.0,0.0,0.0,0.10000000000000003,0.20000000000000007,1.0
1.0,0.0,0.0,0.0,0.0,0.0,0.0,0.0,0.0,0.0,0.0,0.0,0.0,0.0,0.0,0.0,1.0,0.0,0.0,0.0,-0.25881904510252157,0.9659258262890681,99.071,100.76,-1.6890000000000072,74.17603809466765,-0.017048379445044535,1.0,-1.0,1.0,0,0.0,16.3452884675267,0.5519419895166917,0.5466,0.2662,0.597456,0.0014019,1.35,0.0013970754130312858,1.33562,72.0,109.0,0.6605504587155964,-1.0,6.0,1.34141,1.32404,2.0,1.3341349999999998,14.850000000001806,0.0,0.0,0.0,0.0,0.0,0.0,1.34141,-57.89999999999962,1.35608,-204.59999999999923,1.33115,44.69999999999974,0.0,0.0,0.0,0.0,0.0,0.0,1.334235,13.849999999999696,1.34141,-57.89999999999962,-1.0,-1.0,-1.0,1.0,0.0,-1.0,0.0,0.0,0.0,0.0,0.0,0.0,0.0,0.0,0.0,0.0,0.0,0.0,0.0,0.0,0.0,0.0,0.0,0.0,0.0,1.34837,0.0,0.0,0.0,0.0,0.0,0.0,0.0,0.0,0.0,0.0,0.0,0.0,0.0,0.0,0.0,0.0,1.0,0.0,0.0,1.0,0.0,1.0,0.0,0.0,0.10000000000000003,0.20000000000000007,-1.0
1.0,1.0,0.0,0.0,0.0,0.0,0.0,0.0,0.0,0.0,0.0,0.0,0.0,0.0,0.0,0.0,1.0,0.0,0.0,0.0,-0.25881904510252157,0.9659258262890681,99.071,100.76,-1.6890000000000072,0.6280890613311017,-0.017048379445044535,1.0,-1.0,-1.0,0,0.0,5.573836145132535,0.6042166877404159,0.5338,0.4662,0.455,0.00098068,0.88,0.0009770549540311533,157.734,84.0,109.0,0.7706422018348624,1.0,7.0,157.5395,158.123,2.0,157.5395,19.4500000000005,0.0,0.0,0.0,0.0,0.0,0.0,156.7505,98.35000000000207,155.029,270.50000000000125,157.7105,2.3500000000012733,0.0,0.0,0.0,0.0,0.0,0.0,157.3775,35.650000000001114,155.9815,175.24999999999977,1.0,1.0,1.0,1.0,0.0,1.0,0.0,0.0,0.0,0.0,0.0,0.0,0.0,0.0,0.0,0.0,0.0,0.0,0.0,0.0,0.0,0.0,0.0,0.0,0.0,0.0,0.0,0.0,155.343,158.892,0.0,0.0,0.0,0.0,0.0,0.0,0.0,0.0,0.0,0.0,0.0,0.0,0.0,0.0,1.0,0.0,0.0,0.0,0.0,0.0,0.10000000000000003,0.20000000000000007,0.0
1.0,0.0,0.0,0.0,0.0,0.0,0.0,0.0,0.0,0.0,0.0,0.0,0.0,0.0,0.0,0.0,1.0,0.0,0.0,0.0,-0.25881904510252157,0.9659258262890681,99.071,100.76,-1.6890000000000072,140.78184505200932,-0.017048379445044535,0.0,-1.0,-0.0,0,0.0,35.85022662829675,0.5020039962426815,0.0,0.0,0.508846,0.00201542,1.03,0.0019372447308456694,0.70372,0.0,109.0,0.0,0.0,0.0,0.0,0.0,0.0,0.70333,3.9000000000000146,0.0,0.0,0.0,0.0,0.0,0.0,0.7040150000000001,-2.9500000000004523,0.702195,15.249999999999986,0.70006,36.599999999999966,0.0,0.0,0.0,0.0,0.0,0.0,0.70333,3.9000000000000146,0.7040150000000001,-2.9500000000004523,-1.0,-1.0,1.0,1.0,0.0,-1.0,0.0,0.0,0.0,0.0,0.0,0.0,0.0,0.0,0.0,0.0,0.0,0.0,0.0,0.0,0.0,0.0,0.0,0.0,0.0,0.71174,0.0,0.0,0.0,0.0,0.0,0.0,0.0,0.0,0.0,0.0,0.0,0.0,0.0,0.0,0.0,0.0,1.0,0.0,0.0,1.0,0.0,0.0,0.0,0.0,0.0,0.0,-1.0
1.0,0.0,0.0,0.0,0.0,0.0,0.0,0.0,0.0,0.0,0.0,0.0,0.0,0.0,0.0,0.0,1.0,0.0,0.0,0.0,-0.25881904510252157,0.9659258262890681,99.071,100.76,-1.6890000000000072,72.41344024325173,-0.017048379445044535,0.0,-1.0,-0.0,0,0.0,17.565366673806757,0.44749483092706005,0.0,0.0,0.831231,0.00084926,3.75,0.0007756837794170489,1.36813,0.0,109.0,0.0,0.0,0.0,0.0,0.0,0.0,1.3703,-21.700000000000053,0.0,0.0,0.0,0.0,0.0,0.0,1.3688850000000001,-7.550000000000612,1.36171,64.20000000000093,1.3703,-21.700000000000053,0.0,0.0,0.0,0.0,0.0,0.0,1.369665,-15.34999999999842,1.3688850000000001,-7.550000000000612,0.0,1.0,1.0,-1.0,0.0,1.0,0.0,0.0,0.0,0.0,0.0,0.0,0.0,0.0,0.0,0.0,0.0,0.0,0.0,0.0,0.0,0.0,0.0,0.0,1.0,0.0,0.0,0.0,0.0,0.0,1.34845,0.0,0.0,0.0,0.0,0.0,0.0,0.0,0.0,0.0,0.0,0.0,1.0,0.0,1.0,0.0,0.0,0.0,0.0,0.0,0.0,0.0,-1.0
1.0,0.0,0.0,0.0,0.0,0.0,0.0,0.0,0.0,0.0,0.0,0.0,0.0,0.0,0.0,0.0,1.0,0.0,0.0,0.0,-0.25881904510252157,0.9659258262890681,99.071,100.76,-1.6890000000000072,126.72653082108549,-0.017048379445044535,0.0,-1.0,-1.0,0,0.0,19.360561879772845,0.618351430883714,0.2174,0.018,0.783747,0.00129642,2.84,0.0010414354796832194,0.78177,72.0,109.0,0.6605504587155964,1.0,6.0,0.77742,0.79047,2.0,0.7828250000000001,-10.550000000001392,0.0,0.0,0.0,0.0,0.0,0.0,0.77742,43.49999999999965,0.774155,76.14999999999927,0.7839149999999999,-21.449999999999527,0.0,0.0,0.0,0.0,0.0,0.0,0.7794650000000001,23.049999999998903,0.77742,43.49999999999965,1.0,1.0,1.0,-1.0,0.0,1.0,0.0,0.0,0.0,0.0,0.0,0.0,0.0,0.0,0.0,0.0,0.0,0.0,0.0,0.0,0.0,0.0,0.0,0.0,1.0,0.0,0.0,0.0,0.0,0.0,0.0,0.0,0.0,0.0,0.0,0.0,0.0,0.0,0.0,0.0,0.0,0.0,0.0,1.0,0.0,0.0,0.0,0.0,0.0,0.0,0.10000000000000003,0.20000000000000007,0.0
1.0,0.0,0.0,0.0,0.0,0.0,0.0,0.0,0.0,0.0,0.0,0.0,0.0,0.0,0.0,0.0,0.0,1.0,0.0,0.0,-0.25881904510252157,0.9659258262890681,98.797,100.76,-1.963000000000008,84.90705489046827,-0.01986902436308803,0.0,-1.0,-0.0,0,0.0,11.814564208343642,0.6220563973658003,0.0,0.0,0.523776,0.00121472,1.07,0.001187413292425035,1.1635900000000001,0.0,109.0,0.0,0.0,0.0,0.0,0.0,0.0,1.161465,21.250000000001545,0.0,0.0,0.0,0.0,0.0,0.0,1.16785,-42.599999999999305,1.1787299999999998,-151.39999999999708,1.163435,1.5500000000012726,0.0,0.0,0.0,0.0,0.0,0.0,1.1592449999999999,43.45000000000265,1.16824,-46.49999999999821,1.0,-1.0,-1.0,1.0,0.0,0.0,0.0,0.0,0.0,0.0,0.0,0.0,0.0,0.0,0.0,0.0,0.0,0.0,0.0,0.0,0.0,0.0,0.0,0.0,1.0,0.0,0.0,0.0,0.0,0.0,0.0,0.0,0.0,0.0,0.0,0.0,0.0,0.0,0.0,0.0,0.0,0.0,0.0,1.0,0.0,0.0,0.0,1.0,0.0,0.0,0.0,0.0,-1.0
1.0,0.0,0.0,0.0,0.0,0.0,0.0,0.0,0.0,0.0,0.0,0.0,0.0,0.0,0.0,0.0,0.0,1.0,0.0,0.0,-0.25881904510252157,0.9659258262890681,98.797,100.76,-1.963000000000008,73.88183035079979,-0.01986902436308803,0.0,-1.0,-0.0,0,0.0,4.426667366945558,0.6056867365572557,0.0,0.0,0.455,0.00136724,0.88,0.0013625080518802537,1.33723,0.0,109.0,0.0,0.0,0.0,0.0,0.0,0.0,1.335335,18.9499999999998,0.0,0.0,0.0,0.0,0.0,0.0,1.340335,-31.050000000001354,1.35503,-178.00000000000037,1.3366,6.299999999999084,0.0,0.0,0.0,0.0,0.0,0.0,1.332825,44.049999999999926,1.34141,-41.80000000000072,1.0,-1.0,-1.0,1.0,0.0,1.0,0.0,0.0,0.0,0.0,0.0,0.0,0.0,0.0,0.0,0.0,0.0,0.0,0.0,0.0,0.0,0.0,0.0,0.0,2.0,1.34837,0.0,0.0,0.0,0.0,0.0,0.0,0.0,0.0,0.0,0.0,0.0,0.0,0.0,0.0,0.0,0.0,0.0,0.0,0.0,0.0,0.0,1.0,0.0,0.0,0.0,0.0,-1.0
1.0,1.0,0.0,0.0,0.0,0.0,0.0,0.0,0.0,0.0,0.0,0.0,0.0,0.0,0.0,0.0,0.0,1.0,0.0,0.0,-0.25881904510252157,0.9659258262890681,98.797,100.76,-1.963000000000008,0.6291480134748747,-0.01986902436308803,0.0,-1.0,-0.0,0,0.0,23.575999479656883,0.6469304573301055,0.0,0.0,0.455,0.00096237,0.88,0.0009597244172014844,157.033,0.0,109.0,0.0,0.0,0.0,0.0,0.0,0.0,157.3555,-32.25000000000193,0.0,0.0,0.0,0.0,0.0,0.0,156.7505,28.249999999999886,155.065,196.79999999999893,157.14350000000002,-11.050000000003024,0.0,0.0,0.0,0.0,0.0,0.0,157.4095,-37.65000000000214,155.9815,105.14999999999759,-1.0,1.0,1.0,1.0,0.0,0.0,0.0,0.0,0.0,0.0,0.0,0.0,0.0,0.0,0.0,0.0,0.0,0.0,0.0,0.0,0.0,0.0,0.0,0.0,0.0,0.0,156.082,0.0,155.343,158.892,0.0,0.0,0.0,0.0,0.0,0.0,0.0,0.0,0.0,0.0,0.0,0.0,0.0,1.0,0.0,0.0,0.0,0.0,0.0,0.0,0.0,0.0,-1.0
1.0,0.0,0.0,0.0,0.0,0.0,0.0,0.0,0.0,0.0,0.0,0.0,0.0,0.0,0.0,0.0,0.0,1.0,0.0,0.0,-0.25881904510252157,0.9659258262890681,98.797,100.76,-1.963000000000008,139.5792715662174,-0.01986902436308803,0.0,-1.0,-1.0,0,0.0,17.39241671724251,0.5958470337331468,0.3684,0.0952,0.477222,0.00213633,0.94,0.002127485132224328,0.70782,72.0,109.0,0.6605504587155964,1.0,6.0,0.7038,0.71586,2.0,0.7033849999999999,44.350000000000776,0.0,0.0,0.0,0.0,0.0,0.0,0.7038,40.20000000000024,0.702195,56.249999999999915,0.70581,20.09999999999956,0.0,0.0,0.0,0.0,0.0,0.0,0.70136,64.60000000000021,0.7040150000000001,38.04999999999947,1.0,-1.0,1.0,1.0,0.0,1.0,0.0,0.0,0.0,0.0,0.0,0.0,0.0,0.0,0.0,0.0,0.0,0.0,0.0,0.0,0.0,0.0,0.0,0.0,1.0,0.71174,0.0,0.0,0.0,0.0,0.0,0.0,0.0,0.0,0.0,0.0,0.0,0.0,0.0,0.0,0.0,0.0,0.0,1.0,0.0,0.0,0.0,0.0,0.0,0.0,0.10000000000000003,0.20000000000000007,0.0
1.0,0.0,0.0,0.0,0.0,0.0,0.0,0.0,0.0,0.0,0.0,0.0,0.0,0.0,0.0,0.0,0.0,1.0,0.0,0.0,-0.25881904510252157,0.9659258262890681,98.797,100.76,-1.963000000000008,72.42119923764844,-0.01986902436308803,0.0,-1.0,-0.0,0,0.0,43.76062787516321,0.5461146190925176,0.0,0.0,0.600918,0.0009422,1.36,0.0009310005421557967,1.3642,0.0,109.0,0.0,0.0,0.0,0.0,0.0,0.0,1.366325,-21.249999999999325,0.0,0.0,0.0,0.0,0.0,0.0,1.3688850000000001,-46.850000000000506,1.36171,24.900000000001032,1.365855,-16.54999999999962,0.0,0.0,0.0,0.0,0.0,0.0,1.368975,-47.74999999999974,1.3688850000000001,-46.850000000000506,-1.0,1.0,1.0,-1.0,0.0,-1.0,0.0,0.0,0.0,0.0,0.0,0.0,0.0,0.0,0.0,0.0,0.0,0.0,0.0,0.0,0.0,0.0,0.0,0.0,1.0,0.0,0.0,0.0,0.0,1.37199,1.34845,0.0,0.0,0.0,0.0,0.0,0.0,0.0,0.0,0.0,0.0,0.0,0.0,1.0,1.0,0.0,0.0,0.0,0.0,0.0,0.0,0.0,-1.0
1.0,0.0,0.0,0.0,0.0,0.0,0.0,0.0,0.0,0.0,0.0,0.0,0.0,0.0,0.0,0.0,0.0,1.0,0.0,0.0,-0.25881904510252157,0.9659258262890681,98.797,100.76,-1.963000000000008,126.81564962904012,-0.01986902436308803,0.0,-1.0,-0.0,0,0.0,21.835575366670483,0.8719258794156368,0.0,0.0,0.612029,0.00136662,1.41,0.00120280936628657,0.77906,0.0,109.0,0.0,0.0,0.0,0.0,0.0,0.0,0.78119,-21.300000000000765,0.0,0.0,0.0,0.0,0.0,0.0,0.77742,16.39999999999975,0.77423,48.30000000000001,0.7803199999999999,-12.599999999999278,0.0,0.0,0.0,0.0,0.0,0.0,0.7832749999999999,-42.149999999999686,0.77742,16.39999999999975,-1.0,1.0,1.0,-1.0,0.0,0.0,0.0,0.0,0.0,0.0,0.0,0.0,0.0,0.0,0.0,0.0,0.0,0.0,0.0,0.0,0.0,0.0,0.0,0.0,2.0,0.0,0.0,0.0,0.0,0.0,0.0,0.0,0.0,0.0,0.0,0.0,0.0,0.0,0.0,0.0,0.0,0.0,0.0,1.0,1.0,0.0,0.0,0.0,0.0,0.0,0.0,0.0,-1.0
1.0,0.0,0.0,0.0,0.0,0.0,0.0,0.0,0.0,0.0,0.0,0.0,0.0,0.0,0.0,0.0,0.0,0.0,1.0,0.0,-0.25881904510252157,0.9659258262890681,99.055,100.76,-1.7049999999999983,85.34000740925813,-0.017212659633536905,1.0,-1.0,1.0,0,0.0,7.732966366744377,0.5558797096474668,0.2812,0.0396,0.69384,0.0011497,1.9,0.0011952053683377943,1.16071,72.0,109.0,0.6605504587155964,-1.0,6.0,1.16785,1.14643,2.0,1.1603150000000002,3.9499999999970115,0.0,0.0,0.0,0.0,0.0,0.0,1.16785,-71.40000000000146,1.17633,-156.2000000000019,1.159165,15.449999999999076,0.0,0.0,0.0,0.0,0.0,0.0,1.1606800000000002,0.29999999999752447,1.16824,-75.30000000000037,-1.0,-1.0,-1.0,1.0,0.0,-1.0,0.0,0.0,0.0,0.0,0.0,0.0,0.0,0.0,0.0,0.0,0.0,0.0,0.0,0.0,0.0,0.0,0.0,0.0,0.0,0.0,0.0,0.0,0.0,0.0,0.0,0.0,0.0,0.0,0.0,0.0,0.0,0.0,0.0,0.0,0.0,0.0,0.0,0.0,0.0,1.0,0.0,1.0,0.0,0.0,0.10000000000000003,0.20000000000000007,-1.0
1.0,0.0,0.0,0.0,0.0,0.0,0.0,0.0,0.0,0.0,0.0,0.0,0.0,0.0,0.0,0.0,0.0,0.0,1.0,0.0,-0.25881904510252157,0.9659258262890681,99.055,100.76,-1.7049999999999983,74.1540649797874,-0.017212659633536905,1.0,-1.0,1.0,0,0.0,10.033670798482852,0.5165250571186185,0.6018,0.3982,0.636871,0.00122285,1.54,0.0012262317004031412,1.3357999999999999,60.0,109.0,0.5504587155963303,-1.0,5.0,1.33718,1.33304,2.0,1.334195,16.049999999998565,0.0,0.0,0.0,0.0,0.0,0.0,1.33718,-13.800000000001589,1.35503,-192.3000000000008,1.33337,24.299999999999322,0.0,0.0,0.0,0.0,0.0,0.0,1.335035,7.6499999999990465,1.34141,-56.100000000001145,-1.0,-1.0,-1.0,1.0,0.0,0.0,0.0,0.0,0.0,0.0,0.0,0.0,0.0,0.0,0.0,0.0,0.0,0.0,0.0,0.0,0.0,0.0,0.0,0.0,0.0,0.0,0.0,0.0,0.0,0.0,0.0,0.0,0.0,0.0,0.0,0.0,0.0,0.0,0.0,0.0,0.0,0.0,0.0,0.0,0.0,1.0,0.0,1.0,0.0,0.0,0.10000000000000003,0.20000000000000007,1.0
1.0,1.0,0.0,0.0,0.0,0.0,0.0,0.0,0.0,0.0,0.0,0.0,0.0,0.0,0.0,0.0,0.0,0.0,1.0,0.0,-0.25881904510252157,0.9659258262890681,99.055,100.76,-1.7049999999999983,0.6287370037957168,-0.017212659633536905,1.0,-1.0,-1.0,0,0.0,18.853952248516194,0.5652092318298185,0.5348,0.4652,0.455,0.00091946,0.88,0.0009187216735590278,157.546,84.0,109.0,0.7706422018348624,1.0,7.0,157.149,158.34,2.0,157.149,39.699999999999136,0.0,0.0,0.0,0.0,0.0,0.0,156.9235,62.25000000000023,155.1165,242.94999999999902,157.6185,-7.250000000001933,0.0,0.0,0.0,0.0,0.0,0.0,157.149,39.699999999999136,155.9815,156.4499999999981,1.0,1.0,1.0,1.0,0.0,1.0,0.0,0.0,0.0,0.0,0.0,0.0,0.0,0.0,0.0,0.0,0.0,0.0,0.0,0.0,0.0,0.0,0.0,0.0,0.0,0.0,0.0,0.0,155.343,158.892,0.0,0.0,0.0,0.0,0.0,0.0,0.0,0.0,0.0,0.0,0.0,0.0,0.0,0.0,0.0,0.0,1.0,0.0,0.0,0.0,0.10000000000000003,0.20000000000000007,1.0
1.0,0.0,0.0,0.0,0.0,0.0,0.0,0.0,0.0,0.0,0.0,0.0,0.0,0.0,0.0,0.0,0.0,0.0,1.0,0.0,-0.25881904510252157,0.9659258262890681,99.055,100.76,-1.7049999999999983,141.36174220801462,-0.017212659633536905,1.0,-1.0,1.0,0,0.0,28.51425458627375,0.8515716879859885,0.6106,0.3476,0.602449,0.00187994,1.37,0.0019342061994739397,0.70072,72.0,109.0,0.6605504587155964,-1.0,6.0,0.7022,0.69777,2.0,0.703155,-24.34999999999965,0.0,0.0,0.0,0.0,0.0,0.0,0.7038,-30.799999999999716,0.702195,-14.75000000000004,0.7012799999999999,-5.599999999998939,0.0,0.0,0.0,0.0,0.0,0.0,0.703155,-24.34999999999965,0.7040150000000001,-32.95000000000048,-1.0,-1.0,1.0,1.0,0.0,-1.0,0.0,0.0,0.0,0.0,0.0,0.0,0.0,0.0,0.0,0.0,0.0,0.0,0.0,0.0,0.0,0.0,0.0,0.0,1.0,0.0,0.0,0.0,0.0,0.0,0.0,0.0,0.0,0.0,0.0,0.0,0.0,0.0,0.0,0.0,0.0,0.0,1.0,0.0,1.0,0.0,0.0,1.0,0.0,0.0,0.10000000000000003,0.20000000000000007,0.0
1.0,0.0,0.0,0.0,0.0,0.0,0.0,0.0,0.0,0.0,0.0,0.0,0.0,0.0,0.0,0.0,0.0,0.0,1.0,0.0,-0.25881904510252157,0.9659258262890681,99.055,100.76,-1.7049999999999983,72.43880856789745,-0.017212659633536905,0.0,-1.0,-0.0,0,0.0,4.22827097260792,0.3740359611457362,0.0,0.0,0.634152,0.00099629,1.52,0.0009722135689266296,1.36743,0.0,109.0,0.0,0.0,0.0,0.0,0.0,0.0,1.366565,8.649999999998936,0.0,0.0,0.0,0.0,0.0,0.0,1.3684,-9.700000000001374,1.36171,57.19999999999948,1.366565,8.649999999998936,0.0,0.0,0.0,0.0,0.0,0.0,1.366565,8.649999999998936,1.3684,-9.700000000001374,0.0,-1.0,1.0,-1.0,0.0,0.0,0.0,0.0,0.0,0.0,0.0,0.0,0.0,0.0,0.0,0.0,0.0,0.0,0.0,0.0,0.0,0.0,0.0,0.0,1.0,0.0,0.0,0.0,0.0,0.0,1.34845,0.0,0.0,0.0,0.0,0.0,0.0,0.0,0.0,0.0,0.0,0.0,0.0,1.0,0.0,0.0,0.0,0.0,0.0,0.0,0.0,0.0,-1.0
1.0,0.0,0.0,0.0,0.0,0.0,0.0,0.0,0.0,0.0,0.0,0.0,0.0,0.0,0.0,0.0,0.0,0.0,1.0,0.0,-0.25881904510252157,0.9659258262890681,99.055,100.76,-1.7049999999999983,126.84235462845582,-0.017212659633536905,0.0,-1.0,-1.0,0,0.0,7.724087545434361,0.6684175198994171,0.2846,0.0442,0.672087,0.0012703,1.74,0.0013848245633772593,0.78093,60.0,109.0,0.5504587155963303,1.0,5.0,0.77742,0.78795,2.0,0.780985,-0.5500000000002725,0.0,0.0,0.0,0.0,0.0,0.0,0.77742,35.10000000000013,0.775375,55.54999999999977,0.7816799999999999,-7.499999999999174,0.0,0.0,0.0,0.0,0.0,0.0,0.780985,-0.5500000000002725,0.77742,35.10000000000013,1.0,1.0,1.0,-1.0,0.0,0.0,0.0,0.0,0.0,0.0,0.0,0.0,0.0,0.0,0.0,0.0,0.0,0.0,0.0,0.0,0.0,0.0,0.0,0.0,1.0,0.0,0.0,0.0,0.0,0.0,0.0,0.0,0.0,0.0,0.0,0.0,0.0,0.0,0.0,0.0,0.0,0.0,0.0,1.0,1.0,0.0,1.0,0.0,0.0,0.0,0.10000000000000003,0.20000000000000007,0.0
1.0,0.0,0.0,0.0,0.0,0.0,0.0,0.0,0.0,0.0,0.0,0.0,0.0,0.0,0.0,0.0,0.0,0.0,0.0,1.0,-0.25881904510252157,0.9659258262890681,98.912,100.76,-1.847999999999999,85.17644627387493,-0.0186832740213523,0.0,-1.0,-0.0,0,0.0,5.341956867661257,0.3881501902671698,0.0,0.0,0.455,0.00101823,0.88,0.0010147729605935755,1.16126,0.0,109.0,0.0,0.0,0.0,0.0,0.0,0.0,1.1583700000000001,28.89999999999837,0.0,0.0,0.0,0.0,0.0,0.0,1.1627049999999999,-14.449999999999186,1.17523,-139.7000000000004,1.1583700000000001,28.89999999999837,0.0,0.0,0.0,0.0,0.0,0.0,1.15888,23.800000000000487,1.167955,-66.95000000000118,0.0,-1.0,-1.0,1.0,0.0,1.0,0.0,0.0,0.0,0.0,0.0,0.0,0.0,0.0,0.0,0.0,0.0,0.0,0.0,0.0,0.0,0.0,0.0,0.0,0.0,0.0,0.0,0.0,0.0,0.0,0.0,0.0,0.0,0.0,0.0,0.0,0.0,0.0,0.0,0.0,0.0,0.0,0.0,0.0,0.0,0.0,0.0,1.0,0.0,0.0,0.0,0.0,-1.0
1.0,0.0,0.0,0.0,0.0,0.0,0.0,0.0,0.0,0.0,0.0,0.0,0.0,0.0,0.0,0.0,0.0,0.0,0.0,1.0,-0.25881904510252157,0.9659258262890681,98.912,100.76,-1.847999999999999,73.82484214297443,-0.0186832740213523,0.0,-1.0,-1.0,0,0.0,72.04459855389409,0.4069501763914588,0.5746,0.3128,0.455,0.00112459,0.88,0.00112036360466896,1.33982,60.0,109.0,0.5504587155963303,1.0,5.0,1.33603,1.3474,2.0,1.33603,37.8999999999996,0.0,0.0,0.0,0.0,0.0,0.0,1.334235,55.84999999999951,1.35337,-135.49999999999952,1.336745,30.74999999999939,0.0,0.0,0.0,0.0,0.0,0.0,1.33534,44.800000000000395,1.34141,-15.899999999999803,1.0,1.0,-1.0,1.0,0.0,1.0,0.0,0.0,0.0,0.0,0.0,0.0,0.0,0.0,0.0,0.0,0.0,0.0,0.0,0.0,0.0,0.0,0.0,0.0,0.0,0.0,0.0,0.0,0.0,0.0,0.0,0.0,0.0,0.0,0.0,0.0,0.0,0.0,0.0,0.0,0.0,0.0,0.0,1.0,0.0,0.0,0.0,1.0,0.0,0.0,0.10000000000000003,0.20000000000000007,0.0
1.0,1.0,0.0,0.0,0.0,0.0,0.0,0.0,0.0,0.0,0.0,0.0,0.0,0.0,0.0,0.0,0.0,0.0,0.0,1.0,-0.25881904510252157,0.9659258262890681,98.912,100.76,-1.847999999999999,0.6268147857111173,-0.0186832740213523,1.0,-1.0,-1.0,0,0.0,34.57431996888388,0.5486418286882483,0.5296,0.4704,0.455,0.00085396,0.88,0.0008516295378925737,157.801,72.0,109.0,0.6605504587155964,1.0,6.0,157.732,157.939,2.0,157.732,6.89999999999884,0.0,0.0,0.0,0.0,0.0,0.0,157.2695,53.14999999999941,155.178,262.29999999999905,157.732,6.89999999999884,0.0,0.0,0.0,0.0,0.0,0.0,157.59699999999998,20.400000000000773,156.305,149.5999999999981,0.0,1.0,1.0,1.0,0.0,1.0,0.0,0.0,0.0,0.0,0.0,0.0,0.0,0.0,0.0,0.0,0.0,0.0,0.0,0.0,0.0,0.0,0.0,0.0,0.0,0.0,0.0,0.0,155.343,158.892,0.0,0.0,0.0,0.0,0.0,0.0,0.0,0.0,0.0,0.0,0.0,0.0,0.0,0.0,0.0,0.0,1.0,0.0,0.0,0.0,0.10000000000000003,0.20000000000000007,1.0
1.0,0.0,0.0,0.0,0.0,0.0,0.0,0.0,0.0,0.0,0.0,0.0,0.0,0.0,0.0,0.0,0.0,0.0,0.0,1.0,-0.25881904510252157,0.9659258262890681,98.912,100.76,-1.847999999999999,140.76593564546658,-0.0186832740213523,0.0,-1.0,-0.0,0,0.0,12.36971878601914,0.6870941078662682,0.0,0.0,0.455,0.00180314,0.88,0.0017963081547606075,0.70267,0.0,109.0,0.0,0.0,0.0,0.0,0.0,0.0,0.701205,14.650000000000496,0.0,0.0,0.0,0.0,0.0,0.0,0.70333,-6.599999999999939,0.702195,4.750000000000032,0.70038,22.90000000000014,0.0,0.0,0.0,0.0,0.0,0.0,0.70161,10.600000000000609,0.7040150000000001,-13.450000000000406,-1.0,-1.0,1.0,1.0,0.0,0.0,0.0,0.0,0.0,0.0,0.0,0.0,0.0,0.0,0.0,0.0,0.0,0.0,0.0,0.0,0.0,0.0,0.0,0.0,1.0,0.0,0.0,0.0,0.0,0.0,0.0,0.0,0.0,0.0,0.0,0.0,0.0,0.0,0.0,0.0,0.0,0.0,0.0,1.0,0.0,1.0,0.0,1.0,0.0,0.0,0.0,0.0,-1.0
1.0,0.0,0.0,0.0,0.0,0.0,0.0,0.0,0.0,0.0,0.0,0.0,0.0,0.0,0.0,0.0,0.0,0.0,0.0,1.0,-0.25881904510252157,0.9659258262890681,98.912,100.76,-1.847999999999999,72.90524205436643,-0.0186832740213523,1.0,-1.0,1.0,0,0.0,79.83496948921723,0.6248562262790397,0.4714,0.1966,0.600918,0.00092917,1.36,0.0009310428308545071,1.35672,72.0,109.0,0.6605504587155964,-1.0,6.0,1.36171,1.34674,2.0,1.36301,-62.900000000001285,0.0,0.0,0.0,0.0,0.0,0.0,1.365885,-91.6500000000009,1.36171,-49.9000000000005,1.361965,-52.450000000001666,0.0,0.0,0.0,0.0,0.0,0.0,1.36405,-73.30000000000058,1.365885,-91.6500000000009,-1.0,-1.0,1.0,-1.0,0.0,-1.0,0.0,0.0,0.0,0.0,0.0,0.0,0.0,0.0,0.0,0.0,0.0,0.0,0.0,0.0,0.0,0.0,0.0,0.0,1.0,0.0,0.0,0.0,0.0,1.37199,0.0,0.0,0.0,0.0,0.0,0.0,0.0,0.0,0.0,0.0,0.0,0.0,1.0,0.0,0.0,1.0,0.0,0.0,0.0,0.0,0.10000000000000003,0.20000000000000007,-1.0
1.0,0.0,0.0,0.0,0.0,0.0,0.0,0.0,0.0,0.0,0.0,0.0,0.0,0.0,0.0,0.0,0.0,0.0,0.0,1.0,-0.25881904510252157,0.9659258262890681,98.912,100.76,-1.847999999999999,127.46556012319748,-0.0186832740213523,1.0,-1.0,1.0,0,0.0,85.6085146382403,0.46342604658453196,0.2032,0.0194,0.467222,0.00115298,0.91,0.0011447022123618174,0.77599,60.0,109.0,0.5504587155963303,-1.0,5.0,0.77979,0.76839,2.0,0.77979,-38.000000000000256,0.0,0.0,0.0,0.0,0.0,0.0,0.781895,-59.050000000000495,0.775375,6.149999999999212,0.7792049999999999,-32.14999999999968,0.0,0.0,0.0,0.0,0.0,0.0,0.7798449999999999,-38.549999999999415,0.77742,-14.300000000000423,-1.0,-1.0,1.0,-1.0,0.0,-1.0,0.0,0.0,0.0,0.0,0.0,0.0,0.0,0.0,0.0,0.0,0.0,0.0,0.0,0.0,0.0,0.0,0.0,0.0,1.0,0.0,0.0,0.0,0.76878,0.0,0.0,0.0,0.0,0.0,0.0,0.0,0.0,0.0,0.0,0.0,0.0,0.0,0.0,0.0,0.0,0.0,1.0,0.0,0.0,0.0,0.10000000000000003,0.20000000000000007,0.0
1.0,0.0,0.0,0.0,0.0,0.0,0.0,0.0,0.0,0.0,0.0,0.0,0.0,0.0,0.0,1.0,0.0,0.0,0.0,0.0,-0.25881904510252157,0.9659258262890681,98.759,100.76,-2.0010000000000048,84.92183603625294,-0.020261444526574843,0.0,-1.0,-0.0,0,0.0,37.658359619035124,0.5039747629260889,0.0,0.0,0.925877,0.00132849,9.0,0.0013469337490561516,1.16294,0.0,109.0,0.0,0.0,0.0,0.0,0.0,0.0,1.157025,59.15000000000114,0.0,0.0,0.0,0.0,0.0,0.0,1.15808,48.60000000000086,1.171775,-88.34999999999926,1.159055,38.85000000000139,0.0,0.0,0.0,0.0,0.0,0.0,1.157025,59.15000000000114,1.16679,-38.49999999999909,1.0,-1.0,-1.0,0.0,0.0,1.0,0.0,0.0,0.0,0.0,0.0,0.0,0.0,0.0,0.0,0.0,0.0,0.0,0.0,0.0,0.0,0.0,0.0,0.0,0.0,0.0,0.0,0.0,0.0,0.0,0.0,0.0,0.0,0.0,0.0,0.0,0.0,0.0,0.0,0.0,0.0,0.0,0.0,1.0,0.0,0.0,0.0,1.0,0.0,0.0,0.0,0.0,-1.0
1.0,0.0,0.0,0.0,0.0,0.0,0.0,0.0,0.0,0.0,0.0,0.0,0.0,0.0,0.0,1.0,0.0,0.0,0.0,0.0,-0.25881904510252157,0.9659258262890681,98.759,100.76,-2.0010000000000048,73.48358582100657,-0.020261444526574843,0.0,-1.0,-1.0,0,0.0,80.77952883911138,0.5066203267931679,0.4398,0.134,0.455,0.00129195,0.88,0.0012963334675029625,1.34396,60.0,109.0,0.5504587155963303,1.0,5.0,1.33642,1.35903,2.0,1.336425,75.35000000000069,0.0,0.0,0.0,0.0,0.0,0.0,1.33494,90.20000000000027,1.34931,-53.49999999999966,1.339555,44.049999999999926,0.0,0.0,0.0,0.0,0.0,0.0,1.336425,75.35000000000069,1.34141,25.500000000000522,1.0,1.0,-1.0,1.0,0.0,1.0,0.0,0.0,0.0,0.0,0.0,0.0,0.0,0.0,0.0,0.0,0.0,0.0,0.0,0.0,0.0,0.0,0.0,0.0,0.0,0.0,0.0,0.0,0.0,0.0,0.0,0.0,0.0,0.0,0.0,0.0,0.0,0.0,0.0,0.0,0.0,0.0,0.0,1.0,0.0,0.0,0.0,1.0,0.0,0.0,0.10000000000000003,0.20000000000000007,0.0
1.0,1.0,0.0,0.0,0.0,0.0,0.0,0.0,0.0,0.0,0.0,0.0,0.0,0.0,0.0,1.0,0.0,0.0,0.0,0.0,-0.25881904510252157,0.9659258262890681,98.759,100.76,-2.0010000000000048,0.6264088951471214,-0.020261444526574843,0.0,-1.0,-0.0,0,0.0,11.300633515263865,0.7062208312770819,0.0,0.0,0.928121,0.00103426,9.29,0.0011269683394022456,157.659,0.0,109.0,0.0,0.0,0.0,0.0,0.0,0.0,158.2715,-61.25000000000114,0.0,0.0,0.0,0.0,0.0,0.0,157.6745,-1.5500000000002956,155.583,207.59999999999934,158.11950000000002,-46.050000000002456,0.0,0.0,0.0,0.0,0.0,0.0,158.137,-47.800000000000864,157.12099999999998,53.80000000000109,-1.0,1.0,1.0,1.0,0.0,0.0,0.0,0.0,0.0,0.0,0.0,0.0,0.0,0.0,0.0,0.0,0.0,0.0,0.0,0.0,0.0,0.0,0.0,0.0,0.0,0.0,0.0,0.0,0.0,158.892,0.0,0.0,0.0,0.0,0.0,0.0,0.0,0.0,0.0,0.0,0.0,0.0,1.0,0.0,0.0,0.0,1.0,0.0,0.0,0.0,0.0,0.0,-1.0
1.0,0.0,0.0,0.0,0.0,0.0,0.0,0.0,0.0,0.0,0.0,0.0,0.0,0.0,0.0,1.0,0.0,0.0,0.0,0.0,-0.25881904510252157,0.9659258262890681,98.759,100.76,-2.0010000000000048,139.56896551724137,-0.020261444526574843,0.0,-1.0,-1.0,0,0.0,46.60190375151106,0.6532033531151766,0.2064,0.0168,0.455,0.00193299,0.88,0.0019348361554990408,0.7076,84.0,109.0,0.7706422018348624,1.0,7.0,0.7022,0.71841,2.0,0.70173,58.700000000000415,0.0,0.0,0.0,0.0,0.0,0.0,0.70166,59.40000000000056,0.702195,54.04999999999993,0.7042649999999999,33.350000000000875,0.0,0.0,0.0,0.0,0.0,0.0,0.70173,58.700000000000415,0.7040150000000001,35.8499999999995,1.0,1.0,1.0,1.0,0.0,1.0,0.0,0.0,0.0,0.0,0.0,0.0,0.0,0.0,0.0,0.0,0.0,0.0,0.0,0.0,0.0,0.0,0.0,0.0,2.0,0.0,0.0,0.0,0.0,0.0,0.0,0.0,0.0,0.0,0.0,0.0,0.0,0.0,0.0,0.0,0.0,0.0,0.0,0.0,0.0,1.0,0.0,1.0,0.0,0.0,0.10000000000000003,0.20000000000000007,1.0
1.0,0.0,0.0,0.0,0.0,0.0,0.0,0.0,0.0,0.0,0.0,0.0,0.0,0.0,0.0,1.0,0.0,0.0,0.0,0.0,-0.25881904510252157,0.9659258262890681,98.759,100.76,-2.0010000000000048,72.67408917309943,-0.020261444526574843,0.0,-1.0,-0.0,0,0.0,11.734127290221922,0.6083585150358308,0.0,0.0,0.455,0.00095957,0.88,0.0009566507080978322,1.35893,0.0,109.0,0.0,0.0,0.0,0.0,0.0,0.0,1.356595,23.34999999999976,0.0,0.0,0.0,0.0,0.0,0.0,1.3639100000000002,-49.800000000002065,1.362845,-39.15000000000113,1.3567749999999998,21.55000000000129,0.0,0.0,0.0,0.0,0.0,0.0,1.35999,-10.600000000000609,1.3639100000000002,-49.800000000002065,1.0,-1.0,1.0,-1.0,0.0,-1.0,0.0,0.0,0.0,0.0,0.0,0.0,0.0,0.0,0.0,0.0,0.0,0.0,0.0,0.0,0.0,0.0,0.0,0.0,0.0,0.0,0.0,0.0,0.0,1.37199,0.0,0.0,0.0,0.0,0.0,0.0,0.0,0.0,0.0,0.0,0.0,0.0,0.0,0.0,0.0,1.0,0.0,0.0,0.0,0.0,0.0,0.0,-1.0
1.0,0.0,0.0,0.0,0.0,0.0,0.0,0.0,0.0,0.0,0.0,0.0,0.0,0.0,0.0,1.0,0.0,0.0,0.0,0.0,-0.25881904510252157,0.9659258262890681,98.759,100.76,-2.0010000000000048,127.03265888890319,-0.020261444526574843,1.0,-1.0,1.0,0,0.0,57.436611852206774,0.5288207575780526,0.5444,0.2488,0.513174,0.00129157,1.04,0.0013192504805937734,0.77743,60.0,109.0,0.5504587155963303,-1.0,5.0,0.77924,0.77381,2.0,0.7792399999999999,-18.09999999999978,0.0,0.0,0.0,0.0,0.0,0.0,0.78145,-40.20000000000024,0.775375,20.54999999999918,0.77884,-14.100000000000223,0.0,0.0,0.0,0.0,0.0,0.0,0.7793399999999999,-19.099999999999675,0.77742,0.0999999999995449,-1.0,-1.0,1.0,-1.0,0.0,-1.0,0.0,0.0,0.0,0.0,0.0,0.0,0.0,0.0,0.0,0.0,0.0,0.0,0.0,0.0,0.0,0.0,0.0,0.0,0.0,0.0,0.0,0.0,0.76878,0.0,0.0,0.0,0.0,0.0,0.0,0.0,0.0,0.0,0.0,0.0,0.0,0.0,0.0,0.0,0.0,1.0,1.0,0.0,0.0,0.0,0.10000000000000003,0.20000000000000007,0.0
1.0,0.0,0.0,0.0,0.0,0.0,0.0,0.0,0.0,0.0,0.0,0.0,0.0,0.0,0.0,0.0,1.0,0.0,0.0,0.0,-0.25881904510252157,0.9659258262890681,98.924,100.76,-1.8359999999999985,85.20952668073562,-0.018559702397800314,0.0,-1.0,-0.0,0,0.0,12.970812687496542,0.4599431564948803,0.0,0.0,0.455,0.00132093,0.88,0.0013172257355053587,1.16095,0.0,109.0,0.0,0.0,0.0,0.0,0.0,0.0,1.1621299999999999,-11.799999999999589,0.0,0.0,0.0,0.0,0.0,0.0,1.158715,22.34999999999987,1.171775,-108.25000000000085,1.163735,-27.850000000000374,0.0,0.0,0.0,0.0,0.0,0.0,1.15992,10.299999999998644,1.16679,-58.400000000000674,1.0,1.0,-1.0,0.0,0.0,1.0,0.0,0.0,0.0,0.0,0.0,0.0,0.0,0.0,0.0,0.0,0.0,0.0,0.0,0.0,0.0,0.0,0.0,0.0,0.0,0.0,0.0,0.0,0.0,0.0,0.0,0.0,0.0,0.0,0.0,0.0,0.0,0.0,0.0,0.0,0.0,0.0,1.0,0.0,0.0,0.0,0.0,1.0,0.0,0.0,0.0,0.0,-1.0
1.0,0.0,0.0,0.0,0.0,0.0,0.0,0.0,0.0,0.0,0.0,0.0,0.0,0.0,0.0,0.0,1.0,0.0,0.0,0.0,-0.25881904510252157,0.9659258262890681,98.924,100.76,-1.8359999999999985,73.72979257812791,-0.018559702397800314,0.0,-1.0,-0.0,0,0.0,14.668720744259229,0.5480074225342723,0.0,0.0,0.455,0.00126876,0.88,0.0012663310667210392,1.34171,0.0,109.0,0.0,0.0,0.0,0.0,0.0,0.0,1.343315,-16.050000000000786,0.0,0.0,0.0,0.0,0.0,0.0,1.3382999999999998,34.10000000000135,1.34931,-76.00000000000051,1.34463,-29.200000000000337,0.0,0.0,0.0,0.0,0.0,0.0,1.3398400000000001,18.699999999998163,1.34141,2.9999999999996696,1.0,1.0,-1.0,1.0,0.0,1.0,0.0,0.0,0.0,0.0,0.0,0.0,0.0,0.0,0.0,0.0,0.0,0.0,0.0,0.0,0.0,0.0,0.0,0.0,0.0,0.0,0.0,0.0,0.0,0.0,0.0,0.0,0.0,0.0,0.0,0.0,0.0,0.0,0.0,0.0,0.0,0.0,1.0,0.0,0.0,0.0,0.0,1.0,0.0,0.0,0.0,0.0,-1.0
1.0,1.0,0.0,0.0,0.0,0.0,0.0,0.0,0.0,0.0,0.0,0.0,0.0,0.0,0.0,0.0,1.0,0.0,0.0,0.0,-0.25881904510252157,0.9659258262890681,98.924,100.76,-1.8359999999999985,0.6258833950207207,-0.018559702397800314,1.0,-1.0,-1.0,0,0.0,6.853565542575919,0.469826949617684,0.531,0.469,0.917776,0.0010094,8.08,0.001000994505798765,158.055,60.0,109.0,0.5504587155963303,1.0,5.0,157.8425,158.48,2.0,157.8425,21.25000000000057,0.0,0.0,0.0,0.0,0.0,0.0,157.6745,38.050000000001205,155.583,247.20000000000084,157.762,29.300000000000637,0.0,0.0,0.0,0.0,0.0,0.0,157.9595,9.550000000001546,157.21699999999998,83.80000000000223,-1.0,1.0,1.0,1.0,0.0,-1.0,0.0,0.0,0.0,0.0,0.0,0.0,0.0,0.0,0.0,0.0,0.0,0.0,0.0,0.0,0.0,0.0,0.0,0.0,0.0,0.0,0.0,0.0,0.0,158.892,155.279,0.0,0.0,0.0,0.0,0.0,0.0,0.0,0.0,0.0,0.0,0.0,0.0,1.0,0.0,0.0,1.0,0.0,0.0,1.0,0.10000000000000003,0.20000000000000007,1.0
1.0,0.0,0.0,0.0,0.0,0.0,0.0,0.0,0.0,0.0,0.0,0.0,0.0,0.0,0.0,0.0,1.0,0.0,0.0,0.0,-0.25881904510252157,0.9659258262890681,98.924,100.76,-1.8359999999999985,138.96747910374378,-0.018559702397800314,0.0,-1.0,-1.0,0,0.0,19.780788811089177,0.46969967112106475,0.6272,0.3542,0.455,0.00197299,0.88,0.001969620669024058,0.71185,84.0,109.0,0.7706422018348624,1.0,7.0,0.71043,0.71468,2.0,0.7104349999999999,14.150000000000551,0.0,0.0,0.0,0.0,0.0,0.0,0.70622,56.30000000000024,0.70326,85.89999999999986,0.71364,-17.900000000000695,0.0,0.0,0.0,0.0,0.0,0.0,0.707815,40.35000000000011,0.705615,62.34999999999991,1.0,1.0,1.0,1.0,0.0,1.0,0.0,0.0,0.0,0.0,0.0,0.0,0.0,0.0,0.0,0.0,0.0,0.0,0.0,0.0,0.0,0.0,0.0,0.0,1.0,0.0,0.0,0.0,0.0,0.0,0.0,0.0,0.0,0.0,0.0,0.0,0.0,0.0,0.0,0.0,0.0,0.0,1.0,0.0,0.0,1.0,0.0,1.0,0.0,0.0,0.10000000000000003,0.20000000000000007,1.0
1.0,0.0,0.0,0.0,0.0,0.0,0.0,0.0,0.0,0.0,0.0,0.0,0.0,0.0,0.0,0.0,1.0,0.0,0.0,0.0,-0.25881904510252157,0.9659258262890681,98.924,100.76,-1.8359999999999985,72.83624288564761,-0.018559702397800314,0.0,-1.0,-0.0,0,0.0,4.267919336588863,0.5798110552157941,0.0,0.0,0.600918,0.00092309,1.36,0.0008069952330649168,1.3581699999999999,0.0,109.0,0.0,0.0,0.0,0.0,0.0,0.0,1.357175,9.949999999998571,0.0,0.0,0.0,0.0,0.0,0.0,1.362075,-39.05000000000047,1.362845,-46.75000000000207,1.3563749999999999,17.94999999999991,0.0,0.0,0.0,0.0,0.0,0.0,1.3563450000000001,18.249999999997435,1.3639100000000002,-57.400000000003004,-1.0,-1.0,1.0,-1.0,0.0,0.0,0.0,0.0,0.0,0.0,0.0,0.0,0.0,0.0,0.0,0.0,0.0,0.0,0.0,0.0,0.0,0.0,0.0,0.0,1.0,0.0,0.0,0.0,0.0,1.37199,0.0,0.0,0.0,0.0,0.0,0.0,0.0,0.0,0.0,0.0,0.0,0.0,0.0,0.0,0.0,0.0,0.0,0.0,0.0,0.0,0.0,0.0,-1.0
1.0,0.0,0.0,0.0,0.0,0.0,0.0,0.0,0.0,0.0,0.0,0.0,0.0,0.0,0.0,0.0,1.0,0.0,0.0,0.0,-0.25881904510252157,0.9659258262890681,98.924,100.76,-1.8359999999999985,127.06510988658113,-0.018559702397800314,0.0,-1.0,-0.0,0,0.0,5.7354941569617255,0.4975855884388069,0.0,0.0,0.545045,0.00123507,1.14,0.0011669961783824048,0.77853,0.0,109.0,0.0,0.0,0.0,0.0,0.0,0.0,0.777575,9.550000000000392,0.0,0.0,0.0,0.0,0.0,0.0,0.7792749999999999,-7.449999999998846,0.775375,31.55000000000019,0.777005,15.250000000001096,0.0,0.0,0.0,0.0,0.0,0.0,0.7777750000000001,7.5499999999995016,0.77742,11.100000000000554,-1.0,-1.0,1.0,-1.0,0.0,-1.0,0.0,0.0,0.0,0.0,0.0,0.0,0.0,0.0,0.0,0.0,0.0,0.0,0.0,0.0,0.0,0.0,0.0,0.0,0.0,0.0,0.0,0.0,0.76878,0.0,0.0,0.0,0.0,0.0,0.0,0.0,0.0,0.0,0.0,0.0,0.0,0.0,0.0,0.0,0.0,1.0,1.0,0.0,0.0,0.0,0.0,0.0,-1.0
1.0,0.0,0.0,0.0,0.0,0.0,0.0,0.0,0.0,0.0,0.0,0.0,0.0,0.0,0.0,0.0,0.0,1.0,0.0,0.0,-0.25881904510252157,0.9659258262890681,99.261,100.76,-1.4990000000000094,85.82656740421778,-0.01510160083013479,1.0,-1.0,1.0,0,0.0,27.24935767046044,0.49446056519334775,0.6244,0.367,0.96387,0.00127037,18.84,0.0010844398219119528,1.15653,72.0,109.0,0.6605504587155964,-1.0,6.0,1.15871,1.15216,2.0,1.1602999999999999,-37.69999999999829,0.0,0.0,0.0,0.0,0.0,0.0,1.158715,-21.849999999998815,1.171775,-152.44999999999953,1.1586699999999999,-21.399999999998087,0.0,0.0,0.0,0.0,0.0,0.0,1.1614049999999998,-48.74999999999741,1.166685,-101.54999999999914,-1.0,1.0,-1.0,0.0,0.0,-1.0,0.0,0.0,0.0,0.0,0.0,0.0,0.0,0.0,0.0,0.0,0.0,0.0,0.0,0.0,0.0,0.0,0.0,0.0,1.0,0.0,0.0,0.0,0.0,0.0,0.0,0.0,0.0,0.0,0.0,0.0,0.0,0.0,0.0,0.0,0.0,0.0,0.0,0.0,0.0,0.0,0.0,1.0,0.0,0.0,0.10000000000000003,0.20000000000000007,1.0
1.0,0.0,0.0,0.0,0.0,0.0,0.0,0.0,0.0,0.0,0.0,0.0,0.0,0.0,0.0,0.0,0.0,1.0,0.0,0.0,-0.25881904510252157,0.9659258262890681,99.261,100.76,-1.4990000000000094,74.01571867450114,-0.01510160083013479,0.0,-1.0,-0.0,0,0.0,3.207587572217797,0.607419049266135,0.0,0.0,0.928918,0.00124042,9.4,0.0012287301359493927,1.34108,0.0,109.0,0.0,0.0,0.0,0.0,0.0,0.0,1.34252,-14.399999999998858,0.0,0.0,0.0,0.0,0.0,0.0,1.3382999999999998,27.800000000002267,1.34931,-82.2999999999996,1.341825,-7.449999999999957,0.0,0.0,0.0,0.0,0.0,0.0,1.3437000000000001,-26.200000000000667,1.338065,30.1499999999999,-1.0,1.0,-1.0,1.0,0.0,0.0,0.0,0.0,0.0,0.0,0.0,0.0,0.0,0.0,0.0,0.0,0.0,0.0,0.0,0.0,0.0,0.0,0.0,0.0,1.0,0.0,0.0,0.0,0.0,0.0,0.0,0.0,0.0,0.0,0.0,0.0,0.0,0.0,0.0,0.0,0.0,0.0,0.0,1.0,0.0,1.0,0.0,0.0,0.0,0.0,0.0,0.0,-1.0
1.0,1.0,0.0,0.0,0.0,0.0,0.0,0.0,0.0,0.0,0.0,0.0,0.0,0.0,0.0,0.0,0.0,1.0,0.0,0.0,-0.25881904510252157,0.9659258262890681,99.261,100.76,-1.4990000000000094,0.62447546728237,-0.01510160083013479,1.0,-1.0,-1.0,0,0.0,39.38450487152758,0.6128946290717076,0.5354,0.4646,0.921208,0.0010075,8.45,0.0009085251220947839,158.951,84.0,109.0,0.7706422018348624,1.0,7.0,158.409,160.035,2.0,158.409,54.20000000000016,0.0,0.0,0.0,0.0,0.0,0.0,158.1215,82.94999999999959,155.619,333.19999999999936,158.614,33.69999999999891,0.0,0.0,0.0,0.0,0.0,0.0,158.184,76.69999999999959,157.253,169.80000000000075,1.0,1.0,1.0,1.0,0.0,1.0,0.0,0.0,0.0,0.0,0.0,0.0,0.0,0.0,0.0,0.0,0.0,0.0,0.0,0.0,0.0,0.0,0.0,0.0,0.0,0.0,157.272,0.0,0.0,0.0,0.0,0.0,0.0,0.0,0.0,0.0,0.0,0.0,0.0,0.0,0.0,0.0,1.0,0.0,1.0,0.0,1.0,0.0,0.0,0.0,0.10000000000000003,0.20000000000000007,-1.0
1.0,0.0,0.0,0.0,0.0,0.0,0.0,0.0,0.0,0.0,0.0,0.0,0.0,0.0,0.0,0.0,0.0,1.0,0.0,0.0,-0.25881904510252157,0.9659258262890681,99.261,100.76,-1.4990000000000094,138.7916328756397,-0.01510160083013479,0.0,-1.0,-1.0,0,0.0,5.7504219759124915,0.44406092429902094,0.5444,0.4556,0.455,0.00184124,0.88,0.0018350188542662275,0.71518,84.0,109.0,0.7706422018348624,1.0,7.0,0.71498,0.71558,2.0,0.71498,2.00000000000089,0.0,0.0,0.0,0.0,0.0,0.0,0.707165,80.14999999999995,0.704205,109.75000000000068,0.716175,-9.949999999999681,0.0,0.0,0.0,0.0,0.0,0.0,0.71408,10.999999999999899,0.7065600000000001,86.1999999999996,1.0,1.0,1.0,1.0,0.0,1.0,0.0,0.0,0.0,0.0,0.0,0.0,0.0,0.0,0.0,0.0,0.0,0.0,0.0,0.0,0.0,0.0,0.0,0.0,0.0,0.0,0.0,0.0,0.0,0.0,0.0,0.0,0.0,0.0,0.0,0.0,0.0,0.0,0.0,0.0,0.0,0.0,1.0,0.0,0.0,0.0,0.0,0.0,0.0,0.0,0.10000000000000003,0.20000000000000007,0.0
1.0,0.0,0.0,0.0,0.0,0.0,0.0,0.0,0.0,0.0,0.0,0.0,0.0,0.0,0.0,0.0,0.0,1.0,0.0,0.0,-0.25881904510252157,0.9659258262890681,99.261,100.76,-1.4990000000000094,73.02845034983557,-0.01510160083013479,0.0,-1.0,-0.0,0,0.0,42.689959334044694,0.48947465980837185,0.0,0.0,0.634152,0.00087468,1.52,0.0007912433426641695,1.35921,0.0,109.0,0.0,0.0,0.0,0.0,0.0,0.0,1.35798,12.300000000000644,0.0,0.0,0.0,0.0,0.0,0.0,1.362075,-28.649999999998954,1.362845,-36.35000000000055,1.358235,9.749999999999481,0.0,0.0,0.0,0.0,0.0,0.0,1.357345,18.650000000000055,1.3639100000000002,-47.000000000001485,1.0,-1.0,1.0,-1.0,0.0,1.0,0.0,0.0,0.0,0.0,0.0,0.0,0.0,0.0,0.0,0.0,0.0,0.0,0.0,0.0,0.0,0.0,0.0,0.0,1.0,0.0,0.0,0.0,0.0,1.37199,0.0,0.0,0.0,0.0,0.0,0.0,0.0,0.0,0.0,0.0,0.0,0.0,1.0,0.0,0.0,0.0,0.0,0.0,0.0,0.0,0.0,0.0,-1.0
1.0,0.0,0.0,0.0,0.0,0.0,0.0,0.0,0.0,0.0,0.0,0.0,0.0,0.0,0.0,0.0,0.0,1.0,0.0,0.0,-0.25881904510252157,0.9659258262890681,99.261,100.76,-1.4990000000000094,127.16965177953723,-0.01510160083013479,0.0,-1.0,-1.0,0,0.0,45.323705880225944,0.5339563750640751,0.5942,0.3212,0.968004,0.00112149,21.32,0.0009147183441766221,0.78054,72.0,109.0,0.6605504587155964,1.0,6.0,0.77927,0.78307,2.0,0.778675,18.650000000000055,0.0,0.0,0.0,0.0,0.0,0.0,0.7792749999999999,12.650000000000716,0.775375,51.64999999999975,0.7789349999999999,16.050000000000786,0.0,0.0,0.0,0.0,0.0,0.0,0.777815,27.249999999999773,0.77742,31.200000000000117,1.0,-1.0,1.0,-1.0,0.0,1.0,0.0,0.0,0.0,0.0,0.0,0.0,0.0,0.0,0.0,0.0,0.0,0.0,0.0,0.0,0.0,0.0,0.0,0.0,0.0,0.0,0.77594,0.0,0.77594,0.0,0.0,0.0,0.0,0.0,0.0,0.0,0.0,0.0,0.0,0.0,0.0,0.0,1.0,0.0,0.0,0.0,1.0,0.0,0.0,0.0,0.10000000000000003,0.20000000000000007,0.0
1.0,0.0,0.0,0.0,0.0,0.0,0.0,0.0,0.0,0.0,0.0,0.0,0.0,0.0,0.0,0.0,0.0,0.0,1.0,0.0,-0.25881904510252157,0.9659258262890681,99.724,100.76,-1.0360000000000014,86.62387185879452,-0.010388672736753453,1.0,-1.0,1.0,0,0.0,2.859106471282398,0.46936984088943906,0.52,0.2322,0.490287,0.00088741,0.97,0.0008596893187801094,1.15123,84.0,109.0,0.7706422018348624,-1.0,7.0,1.15433,1.14504,2.0,1.154325,-30.9500000000007,0.0,0.0,0.0,0.0,0.0,0.0,1.158715,-74.84999999999964,1.171775,-205.45000000000036,1.15337,-21.400000000000308,0.0,0.0,0.0,0.0,0.0,0.0,1.1562000000000001,-49.70000000000141,1.16514,-139.10000000000088,-1.0,-1.0,-1.0,0.0,0.0,-1.0,0.0,0.0,0.0,0.0,0.0,0.0,0.0,0.0,0.0,0.0,0.0,0.0,0.0,0.0,0.0,0.0,0.0,0.0,0.0,0.0,0.0,1.16214,0.0,0.0,0.0,0.0,0.0,0.0,0.0,0.0,0.0,0.0,0.0,0.0,0.0,0.0,0.0,1.0,0.0,1.0,0.0,1.0,0.0,0.0,0.10000000000000003,0.20000000000000007,1.0
1.0,0.0,0.0,0.0,0.0,0.0,0.0,0.0,0.0,0.0,0.0,0.0,0.0,0.0,0.0,0.0,0.0,0.0,1.0,0.0,-0.25881904510252157,0.9659258262890681,99.724,100.76,-1.0360000000000014,74.70913899148206,-0.010388672736753453,1.0,-1.0,1.0,0,0.0,53.344338902635,0.41474999575218485,0.591,0.3242,0.455,0.00094934,0.88,0.0009459828890034874,1.33483,72.0,109.0,0.6605504587155964,-1.0,6.0,1.338,1.3285,2.0,1.337995,-31.650000000000844,0.0,0.0,0.0,0.0,0.0,0.0,1.3382999999999998,-34.699999999998624,1.34825,-134.19999999999987,1.336805,-19.7500000000006,0.0,0.0,0.0,0.0,0.0,0.0,1.33935,-45.2000000000008,1.336815,-19.850000000001256,-1.0,1.0,-1.0,1.0,0.0,-1.0,0.0,0.0,0.0,0.0,0.0,0.0,0.0,0.0,0.0,0.0,0.0,0.0,0.0,0.0,0.0,0.0,0.0,0.0,0.0,0.0,0.0,0.0,0.0,0.0,0.0,0.0,0.0,0.0,0.0,0.0,0.0,0.0,0.0,0.0,0.0,0.0,0.0,1.0,0.0,0.0,0.0,0.0,0.0,0.0,0.10000000000000003,0.20000000000000007,1.0
1.0,1.0,0.0,0.0,0.0,0.0,0.0,0.0,0.0,0.0,0.0,0.0,0.0,0.0,0.0,0.0,0.0,0.0,1.0,0.0,-0.25881904510252157,0.9659258262890681,99.724,100.76,-1.0360000000000014,0.6259312959371333,-0.010388672736753453,1.0,-1.0,-1.0,0,0.0,6.889738421764015,0.5451121823136795,0.5216,0.4784,0.953852,0.00092348,14.67,0.0007551192596296984,159.321,84.0,109.0,0.7706422018348624,1.0,7.0,158.997,159.969,2.0,158.997,32.399999999998386,0.0,0.0,0.0,0.0,0.0,0.0,158.3505,97.0499999999987,155.848,347.2999999999985,159.05349999999999,26.75000000000125,0.0,0.0,0.0,0.0,0.0,0.0,158.839,48.19999999999993,157.75549999999998,156.55000000000143,1.0,1.0,1.0,1.0,0.0,1.0,0.0,0.0,0.0,0.0,0.0,0.0,0.0,0.0,0.0,0.0,0.0,0.0,0.0,0.0,0.0,0.0,0.0,0.0,0.0,0.0,157.272,0.0,157.614,0.0,155.279,0.0,0.0,0.0,0.0,0.0,0.0,0.0,0.0,0.0,0.0,0.0,1.0,0.0,1.0,0.0,1.0,0.0,0.0,0.0,0.10000000000000003,0.20000000000000007,0.0
1.0,0.0,0.0,0.0,0.0,0.0,0.0,0.0,0.0,0.0,0.0,0.0,0.0,0.0,0.0,0.0,0.0,0.0,1.0,0.0,-0.25881904510252157,0.9659258262890681,99.724,100.76,-1.0360000000000014,140.92078116609673,-0.010388672736753453,0.0,-1.0,-0.0,0,0.0,54.94271042945444,0.3819212636655882,0.0,0.0,0.455,0.00162619,0.88,0.0016193318319832105,0.70766,0.0,109.0,0.0,0.0,0.0,0.0,0.0,0.0,0.71164,-39.80000000000095,0.0,0.0,0.0,0.0,0.0,0.0,0.707165,4.949999999999122,0.704205,34.549999999999855,0.71048,-28.200000000000447,0.0,0.0,0.0,0.0,0.0,0.0,0.7129650000000001,-53.05000000000115,0.7065600000000001,10.999999999998789,-1.0,1.0,1.0,1.0,0.0,-1.0,0.0,0.0,0.0,0.0,0.0,0.0,0.0,0.0,0.0,0.0,0.0,0.0,0.0,0.0,0.0,0.0,0.0,0.0,0.0,0.0,0.0,0.0,0.0,0.0,0.0,0.0,0.0,0.0,0.0,0.0,0.0,0.0,0.0,0.0,0.0,0.0,0.0,1.0,0.0,1.0,0.0,0.0,0.0,0.0,0.0,0.0,-1.0
1.0,0.0,0.0,0.0,0.0,0.0,0.0,0.0,0.0,0.0,0.0,0.0,0.0,0.0,0.0,0.0,0.0,0.0,1.0,0.0,-0.25881904510252157,0.9659258262890681,99.724,100.76,-1.0360000000000014,73.14468453402573,-0.010388672736753453,0.0,-1.0,-1.0,0,0.0,66.07268188868119,0.47797490804591236,0.5812,0.4188,0.719428,0.0006488,2.1,0.0005173353068632402,1.36338,84.0,109.0,0.7706422018348624,1.0,7.0,1.36285,1.36445,2.0,1.3609499999999999,24.300000000001543,0.0,0.0,0.0,0.0,0.0,0.0,1.35999,33.90000000000004,1.362845,5.349999999999522,1.361695,16.849999999999365,0.0,0.0,0.0,0.0,0.0,0.0,1.360115,32.65000000000073,1.3639100000000002,-5.300000000001415,1.0,1.0,1.0,-1.0,0.0,1.0,0.0,0.0,0.0,0.0,0.0,0.0,0.0,0.0,0.0,0.0,0.0,0.0,0.0,0.0,0.0,0.0,0.0,0.0,0.0,0.0,1.3542,0.0,0.0,0.0,0.0,0.0,0.0,0.0,0.0,0.0,0.0,0.0,0.0,0.0,0.0,0.0,0.0,0.0,1.0,0.0,0.0,0.0,0.0,0.0,0.10000000000000003,0.20000000000000007,1.0
1.0,0.0,0.0,0.0,0.0,0.0,0.0,0.0,0.0,0.0,0.0,0.0,0.0,0.0,0.0,0.0,0.0,0.0,1.0,0.0,-0.25881904510252157,0.9659258262890681,99.724,100.76,-1.0360000000000014,126.89307663922433,-0.010388672736753453,0.0,-1.0,-1.0,0,0.0,0.0,0.444442721311137,0.0,0.0,0.455,0.00090006,0.88,0.0008969908266522124,0.78589,84.0,109.0,0.7706422018348624,1.0,7.0,0.78234,0.79299,2.0,0.78234,35.49999999999942,0.0,0.0,0.0,0.0,0.0,0.0,0.780565,53.25000000000024,0.775375,105.14999999999941,0.78367,22.199999999999996,0.0,0.0,0.0,0.0,0.0,0.0,0.781425,44.64999999999941,0.77742,84.69999999999978,1.0,1.0,1.0,-1.0,0.0,1.0,0.0,0.0,0.0,0.0,0.0,0.0,0.0,0.0,0.0,0.0,0.0,0.0,0.0,0.0,0.0,0.0,0.0,0.0,0.0,0.0,0.0,0.0,0.77594,0.0,0.0,0.0,0.0,0.0,0.0,0.0,0.0,0.0,0.0,0.0,0.0,0.0,1.0,0.0,0.0,0.0,1.0,0.0,0.0,0.0,0.10000000000000003,0.20000000000000007,-1.0
1.0,0.0,0.0,0.0,0.0,0.0,0.0,0.0,0.0,0.0,0.0,0.0,0.0,0.0,0.0,0.0,0.0,0.0,0.0,1.0,-0.25881904510252157,0.9659258262890681,100.483,100.76,-0.277000000000001,88.0364120625909,-0.002756685210433616,1.0,-1.0,1.0,0,0.0,0.0,0.3711141083303086,0.0,0.0,0.519349,0.00079173,1.06,0.0007736285726603336,1.14138,84.0,109.0,0.7706422018348624,-1.0,7.0,1.14701,1.13012,2.0,1.1470099999999999,-56.29999999999802,0.0,0.0,0.0,0.0,0.0,0.0,1.153895,-125.14999999999831,1.166955,-255.74999999999903,1.14503,-36.49999999999931,0.0,0.0,0.0,0.0,0.0,0.0,1.1488399999999999,-74.599999999998,1.15587,-144.89999999999893,-1.0,-1.0,-1.0,0.0,0.0,-1.0,0.0,0.0,0.0,0.0,0.0,0.0,0.0,0.0,0.0,0.0,0.0,0.0,0.0,0.0,0.0,0.0,0.0,0.0,1.0,0.0,0.0,1.16214,0.0,0.0,0.0,0.0,0.0,0.0,0.0,0.0,0.0,0.0,0.0,0.0,0.0,0.0,0.0,0.0,0.0,1.0,0.0,1.0,0.0,0.0,0.10000000000000003,0.20000000000000007,0.0
1.0,0.0,0.0,0.0,0.0,0.0,0.0,0.0,0.0,0.0,0.0,0.0,0.0,0.0,0.0,0.0,0.0,0.0,0.0,1.0,-0.25881904510252157,0.9659258262890681,100.483,100.76,-0.277000000000001,76.0048711858766,-0.002756685210433616,1.0,-1.0,1.0,0,0.0,0.0,0.3865996884639392,0.0,0.0,0.519349,0.00092403,1.06,0.0008880424833765053,1.32206,84.0,109.0,0.7706422018348624,-1.0,7.0,1.32937,1.30744,2.0,1.32937,-73.09999999999928,0.0,0.0,0.0,0.0,0.0,0.0,1.335055,-129.9500000000009,1.34649,-244.29999999999953,1.3253650000000001,-33.050000000001134,0.0,0.0,0.0,0.0,0.0,0.0,1.331375,-93.14999999999962,1.335055,-129.9500000000009,-1.0,-1.0,-1.0,1.0,0.0,-1.0,0.0,0.0,0.0,0.0,0.0,0.0,0.0,0.0,0.0,0.0,0.0,0.0,0.0,0.0,0.0,0.0,0.0,0.0,1.0,0.0,0.0,1.34062,0.0,0.0,0.0,0.0,0.0,0.0,0.0,0.0,0.0,0.0,0.0,0.0,0.0,0.0,0.0,0.0,0.0,0.0,0.0,0.0,0.0,0.0,0.10000000000000003,0.20000000000000007,0.0
1.0,1.0,0.0,0.0,0.0,0.0,0.0,0.0,0.0,0.0,0.0,0.0,0.0,0.0,0.0,0.0,0.0,0.0,0.0,1.0,-0.25881904510252157,0.9659258262890681,100.483,100.76,-0.277000000000001,0.6290842614678611,-0.002756685210433616,1.0,-1.0,-1.0,0,0.0,0.9786463831861443,0.3840912008823897,0.5348,0.4652,0.551853,0.00073443,1.17,0.0006722326114717687,159.729,72.0,109.0,0.6605504587155964,1.0,6.0,159.3715,160.444,2.0,159.3715,35.75000000000159,0.0,0.0,0.0,0.0,0.0,0.0,158.506,122.30000000000132,156.0035,372.5500000000011,159.3715,35.75000000000159,0.0,0.0,0.0,0.0,0.0,0.0,159.1525,57.650000000001,158.095,163.40000000000146,0.0,1.0,1.0,1.0,0.0,1.0,0.0,0.0,0.0,0.0,0.0,0.0,0.0,0.0,0.0,0.0,0.0,0.0,0.0,0.0,0.0,0.0,0.0,0.0,0.0,0.0,0.0,0.0,157.614,0.0,0.0,0.0,0.0,0.0,0.0,0.0,0.0,0.0,0.0,0.0,0.0,0.0,0.0,0.0,1.0,0.0,1.0,0.0,0.0,0.0,0.10000000000000003,0.20000000000000007,0.0
1.0,0.0,0.0,0.0,0.0,0.0,0.0,0.0,0.0,0.0,0.0,0.0,0.0,0.0,0.0,0.0,0.0,0.0,0.0,1.0,-0.25881904510252157,0.9659258262890681,100.483,100.76,-0.277000000000001,143.95432795621903,-0.002756685210433616,1.0,-1.0,1.0,0,0.0,0.0,0.3257952292960625,0.0,0.0,0.455,0.00158322,0.88,0.0015809385753688208,0.69802,72.0,109.0,0.6605504587155964,-1.0,6.0,0.70357,0.68692,2.0,0.70357,-55.50000000000055,0.0,0.0,0.0,0.0,0.0,0.0,0.7083250000000001,-103.05000000000119,0.704205,-61.84999999999996,0.702095,-40.75000000000051,0.0,0.0,0.0,0.0,0.0,0.0,0.706365,-83.45000000000047,0.7065600000000001,-85.40000000000103,-1.0,-1.0,1.0,1.0,0.0,-1.0,0.0,0.0,0.0,0.0,0.0,0.0,0.0,0.0,0.0,0.0,0.0,0.0,0.0,0.0,0.0,0.0,0.0,0.0,0.0,0.0,0.0,0.0,0.0,0.0,0.0,0.0,0.0,0.0,0.0,0.0,0.0,0.0,0.0,0.0,0.0,0.0,0.0,0.0,0.0,1.0,1.0,0.0,0.0,0.0,0.10000000000000003,0.20000000000000007,0.0
1.0,0.0,0.0,0.0,0.0,0.0,0.0,0.0,0.0,0.0,0.0,0.0,0.0,0.0,0.0,0.0,0.0,0.0,0.0,1.0,-0.25881904510252157,0.9659258262890681,100.483,100.76,-0.277000000000001,73.1908601563126,-0.002756685210433616,0.0,-1.0,-1.0,0,0.0,0.0,0.38460718708742064,0.0,0.0,0.831231,0.00070424,3.75,0.0005226918597090346,1.37289,84.0,109.0,0.7706422018348624,1.0,7.0,1.3681,1.38246,2.0,1.368105,47.85000000000039,0.0,0.0,0.0,0.0,0.0,0.0,1.36417,87.1999999999984,1.362845,100.4499999999986,1.36981,30.799999999999716,0.0,0.0,0.0,0.0,0.0,0.0,1.36626,66.29999999999913,1.3639100000000002,89.79999999999765,1.0,1.0,1.0,-1.0,0.0,1.0,0.0,0.0,0.0,0.0,0.0,0.0,0.0,0.0,0.0,0.0,0.0,0.0,0.0,0.0,0.0,0.0,0.0,0.0,1.0,0.0,0.0,0.0,0.0,0.0,0.0,0.0,0.0,0.0,0.0,0.0,0.0,0.0,0.0,0.0,0.0,0.0,0.0,0.0,1.0,0.0,0.0,0.0,0.0,0.0,0.10000000000000003,0.20000000000000007,0.0
1.0,0.0,0.0,0.0,0.0,0.0,0.0,0.0,0.0,0.0,0.0,0.0,0.0,0.0,0.0,0.0,0.0,0.0,0.0,1.0,-0.25881904510252157,0.9659258262890681,100.483,100.76,-0.277000000000001,126.96705879379843,-0.002756685210433616,0.0,-1.0,-1.0,0,0.0,0.0,0.41293257082292945,0.0,0.0,0.461111,0.00085345,0.9,0.000847233963452861,0.79141,84.0,109.0,0.7706422018348624,1.0,7.0,0.78818,0.79788,2.0,0.7881750000000001,32.34999999999877,0.0,0.0,0.0,0.0,0.0,0.0,0.783235,81.74999999999932,0.777285,141.24999999999943,0.78889,25.19999999999967,0.0,0.0,0.0,0.0,0.0,0.0,0.78589,55.19999999999969,0.783235,81.74999999999932,1.0,1.0,1.0,-1.0,0.0,1.0,0.0,0.0,0.0,0.0,0.0,0.0,0.0,0.0,0.0,0.0,0.0,0.0,0.0,0.0,0.0,0.0,0.0,0.0,0.0,0.0,0.0,0.0,0.77594,0.0,0.0,0.0,0.0,0.0,0.0,0.0,0.0,0.0,0.0,0.0,0.0,0.0,1.0,0.0,0.0,0.0,1.0,0.0,0.0,0.0,0.10000000000000003,0.20000000000000007,0.0
1.0,0.0,0.0,0.0,0.0,0.0,0.0,0.0,0.0,0.0,0.0,0.0,0.0,0.0,0.0,1.0,0.0,0.0,0.0,0.0,-0.25881904510252157,0.9659258262890681,99.822,100.76,-0.9380000000000024,86.75496688741723,-0.009396726172587229,0.0,-1.0,-0.0,0,0.0,29.15705064557987,0.42745482075292657,0.0,0.0,0.928887,0.00088688,9.4,0.0009433740138425381,1.15062,0.0,109.0,0.0,0.0,0.0,0.0,0.0,0.0,1.1467649999999998,38.55000000000164,0.0,0.0,0.0,0.0,0.0,0.0,1.153895,-32.74999999999917,1.166955,-163.34999999999988,1.1498249999999999,7.950000000001012,0.0,0.0,0.0,0.0,0.0,0.0,1.1467649999999998,38.55000000000164,1.153895,-32.74999999999917,1.0,-1.0,-1.0,0.0,0.0,0.0,0.0,0.0,0.0,0.0,0.0,0.0,0.0,0.0,0.0,0.0,0.0,0.0,0.0,0.0,0.0,0.0,0.0,0.0,2.0,0.0,0.0,1.16214,0.0,0.0,0.0,0.0,0.0,0.0,0.0,0.0,0.0,0.0,0.0,0.0,0.0,0.0,0.0,1.0,0.0,0.0,0.0,1.0,0.0,0.0,0.0,0.0,-1.0
1.0,0.0,0.0,0.0,0.0,0.0,0.0,0.0,0.0,0.0,0.0,0.0,0.0,0.0,0.0,1.0,0.0,0.0,0.0,0.0,-0.25881904510252157,0.9659258262890681,99.822,100.76,-0.9380000000000024,74.93694072428083,-0.009396726172587229,0.0,-1.0,-0.0,0,0.0,25.025637085522373,0.5193444424254536,0.0,0.0,0.455,0.00088991,0.88,0.000889576350345506,1.33208,0.0,109.0,0.0,0.0,0.0,0.0,0.0,0.0,1.3278699999999999,42.10000000000047,0.0,0.0,0.0,0.0,0.0,0.0,1.334935,-28.55000000000052,1.34649,-144.10000000000034,1.3308149999999999,12.650000000000716,0.0,0.0,0.0,0.0,0.0,0.0,1.3278699999999999,42.10000000000047,1.335055,-29.75000000000172,1.0,-1.0,-1.0,1.0,0.0,0.0,0.0,0.0,0.0,0.0,0.0,0.0,0.0,0.0,0.0,0.0,0.0,0.0,0.0,0.0,0.0,0.0,0.0,0.0,1.0,0.0,0.0,1.34062,0.0,0.0,0.0,0.0,0.0,0.0,0.0,0.0,0.0,0.0,0.0,0.0,0.0,0.0,0.0,1.0,0.0,1.0,0.0,0.0,0.0,0.0,0.0,0.0,-1.0
1.0,1.0,0.0,0.0,0.0,0.0,0.0,0.0,0.0,0.0,0.0,0.0,0.0,0.0,0.0,1.0,0.0,0.0,0.0,0.0,-0.25881904510252157,0.9659258262890681,99.822,100.76,-0.9380000000000024,0.6276692069720063,-0.009396726172587229,0.0,-1.0,-0.0,0,0.0,32.88088733225255,0.5172508467540957,0.0,0.0,0.469121,0.00076766,0.92,0.0007785374521562232,159.036,0.0,109.0,0.0,0.0,0.0,0.0,0.0,0.0,159.2955,-25.950000000000273,0.0,0.0,0.0,0.0,0.0,0.0,158.57,46.60000000000082,156.005,303.1000000000006,159.101,-6.499999999999773,0.0,0.0,0.0,0.0,0.0,0.0,159.2955,-25.950000000000273,158.0965,93.95000000000095,-1.0,1.0,1.0,1.0,0.0,-1.0,0.0,0.0,0.0,0.0,0.0,0.0,0.0,0.0,0.0,0.0,0.0,0.0,0.0,0.0,0.0,0.0,0.0,0.0,0.0,0.0,0.0,0.0,157.614,0.0,0.0,0.0,0.0,0.0,0.0,0.0,0.0,0.0,0.0,0.0,0.0,0.0,1.0,0.0,1.0,0.0,1.0,0.0,0.0,0.0,0.0,0.0,-1.0
1.0,0.0,0.0,0.0,0.0,0.0,0.0,0.0,0.0,0.0,0.0,0.0,0.0,0.0,0.0,1.0,0.0,0.0,0.0,0.0,-0.25881904510252157,0.9659258262890681,99.822,100.76,-0.9380000000000024,141.16299459795798,-0.009396726172587229,0.0,-1.0,-0.0,0,0.0,25.673670580655877,0.48905786307609667,0.0,0.0,0.455,0.00147672,0.88,0.001473342472501343,0.70714,0.0,109.0,0.0,0.0,0.0,0.0,0.0,0.0,0.703085,40.55000000000031,0.0,0.0,0.0,0.0,0.0,0.0,0.7083250000000001,-11.850000000001026,0.7065600000000001,5.799999999999139,0.706345,7.949999999999902,0.0,0.0,0.0,0.0,0.0,0.0,0.703085,40.55000000000031,0.707165,-0.2500000000005276,1.0,-1.0,1.0,1.0,0.0,0.0,0.0,0.0,0.0,0.0,0.0,0.0,0.0,0.0,0.0,0.0,0.0,0.0,0.0,0.0,0.0,0.0,0.0,0.0,2.0,0.71375,0.0,0.0,0.0,0.0,0.0,0.0,0.0,0.0,0.0,0.0,0.0,0.0,0.0,0.0,0.0,0.0,0.0,1.0,0.0,0.0,1.0,0.0,0.0,0.0,0.0,0.0,-1.0
1.0,0.0,0.0,0.0,0.0,0.0,0.0,0.0,0.0,0.0,0.0,0.0,0.0,0.0,0.0,1.0,0.0,0.0,0.0,0.0,-0.25881904510252157,0.9659258262890681,99.822,100.76,-0.9380000000000024,72.94850152368842,-0.009396726172587229,0.0,-1.0,-0.0,0,0.0,10.402248413842397,0.5983841601378574,0.0,0.0,0.862514,0.00071706,4.69,0.00045308771543081634,1.36839,0.0,109.0,0.0,0.0,0.0,0.0,0.0,0.0,1.36931,-9.200000000000319,0.0,0.0,0.0,0.0,0.0,0.0,1.36438,40.10000000000069,1.362845,55.44999999999911,1.367365,10.250000000000536,0.0,0.0,0.0,0.0,0.0,0.0,1.36972,-13.300000000000534,1.36334,50.499999999999986,-1.0,1.0,1.0,-1.0,0.0,0.0,0.0,0.0,0.0,0.0,0.0,0.0,0.0,0.0,0.0,0.0,0.0,0.0,0.0,0.0,0.0,0.0,0.0,0.0,2.0,0.0,0.0,0.0,0.0,0.0,0.0,0.0,0.0,0.0,0.0,0.0,0.0,0.0,0.0,0.0,0.0,0.0,1.0,0.0,1.0,0.0,0.0,0.0,0.0,0.0,0.0,0.0,-1.0
1.0,0.0,0.0,0.0,0.0,0.0,0.0,0.0,0.0,0.0,0.0,0.0,0.0,0.0,0.0,1.0,0.0,0.0,0.0,0.0,-0.25881904510252157,0.9659258262890681,99.822,100.76,-0.9380000000000024,126.7436102540662,-0.009396726172587229,0.0,-1.0,-0.0,0,0.0,10.132752346946344,0.4205463315001183,0.0,0.0,0.455,0.00095983,0.88,0.000957888933653115,0.78759,0.0,109.0,0.0,0.0,0.0,0.0,0.0,0.0,0.78935,-17.599999999999838,0.0,0.0,0.0,0.0,0.0,0.0,0.78354,40.49999999999998,0.77759,100.00000000000009,0.78789,-2.9999999999996696,0.0,0.0,0.0,0.0,0.0,0.0,0.789195,-16.049999999999677,0.78354,40.49999999999998,-1.0,1.0,1.0,-1.0,0.0,0.0,0.0,0.0,0.0,0.0,0.0,0.0,0.0,0.0,0.0,0.0,0.0,0.0,0.0,0.0,0.0,0.0,0.0,0.0,1.0,0.0,0.0,0.0,0.77594,0.0,0.0,0.0,0.0,0.0,0.0,0.0,0.0,0.0,0.0,0.0,0.0,0.0,1.0,0.0,1.0,0.0,1.0,0.0,0.0,0.0,0.0,0.0,-1.0
1.0,0.0,0.0,0.0,0.0,0.0,0.0,0.0,0.0,0.0,0.0,0.0,0.0,0.0,0.0,0.0,1.0,0.0,0.0,0.0,-0.25881904510252157,0.9659258262890681,99.557,100.76,-1.203000000000003,86.26749274294875,-0.012083530038068674,0.0,-1.0,-0.0,0,0.0,43.62159926214222,0.5706316570627538,0.0,0.0,0.691937,0.00086534,1.88,0.0008521172219034339,1.15405,0.0,109.0,0.0,0.0,0.0,0.0,0.0,0.0,1.150655,33.95000000000037,0.0,0.0,0.0,0.0,0.0,0.0,1.15116,28.900000000000592,1.166955,-129.04999999999944,1.15258,14.700000000000824,0.0,0.0,0.0,0.0,0.0,0.0,1.149405,46.4500000000001,1.153895,1.5500000000012726,1.0,-1.0,-1.0,0.0,0.0,1.0,0.0,0.0,0.0,0.0,0.0,0.0,0.0,0.0,0.0,0.0,0.0,0.0,0.0,0.0,0.0,0.0,0.0,0.0,0.0,0.0,0.0,1.16214,0.0,0.0,0.0,0.0,0.0,0.0,0.0,0.0,0.0,0.0,0.0,0.0,0.0,0.0,1.0,0.0,0.0,0.0,0.0,1.0,0.0,0.0,0.0,0.0,-1.0
1.0,0.0,0.0,0.0,0.0,0.0,0.0,0.0,0.0,0.0,0.0,0.0,0.0,0.0,0.0,0.0,1.0,0.0,0.0,0.0,-0.25881904510252157,0.9659258262890681,99.557,100.76,-1.203000000000003,74.5454953875644,-0.012083530038068674,0.0,-1.0,-0.0,0,0.0,49.13324754459522,0.5923160018030981,0.0,0.0,0.455,0.0008775,0.88,0.0008738972726296918,1.33552,0.0,109.0,0.0,0.0,0.0,0.0,0.0,0.0,1.331885,36.35000000000055,0.0,0.0,0.0,0.0,0.0,0.0,1.3330600000000001,24.599999999999067,1.34649,-109.69999999999925,1.33379,17.300000000000093,0.0,0.0,0.0,0.0,0.0,0.0,1.330275,52.44999999999944,1.335055,4.649999999999377,1.0,-1.0,-1.0,1.0,0.0,1.0,0.0,0.0,0.0,0.0,0.0,0.0,0.0,0.0,0.0,0.0,0.0,0.0,0.0,0.0,0.0,0.0,0.0,0.0,0.0,0.0,0.0,0.0,0.0,0.0,0.0,0.0,0.0,0.0,0.0,0.0,0.0,0.0,0.0,0.0,0.0,0.0,1.0,0.0,0.0,0.0,0.0,1.0,0.0,0.0,0.0,0.0,-1.0
1.0,1.0,0.0,0.0,0.0,0.0,0.0,0.0,0.0,0.0,0.0,0.0,0.0,0.0,0.0,0.0,1.0,0.0,0.0,0.0,-0.25881904510252157,0.9659258262890681,99.557,100.76,-1.203000000000003,0.626152530220506,-0.012083530038068674,0.0,-1.0,-0.0,0,0.0,49.64717103514756,0.47053791716878274,0.0,0.0,0.508846,0.00072674,1.03,0.0006928886257594948,158.998,0.0,109.0,0.0,0.0,0.0,0.0,0.0,0.0,159.1055,-10.750000000001592,0.0,0.0,0.0,0.0,0.0,0.0,159.0235,-2.5500000000022283,156.005,299.2999999999995,158.934,6.399999999999295,0.0,0.0,0.0,0.0,0.0,0.0,159.1055,-10.750000000001592,158.0965,90.14999999999986,-1.0,1.0,1.0,1.0,0.0,-1.0,0.0,0.0,0.0,0.0,0.0,0.0,0.0,0.0,0.0,0.0,0.0,0.0,0.0,0.0,0.0,0.0,0.0,0.0,1.0,0.0,0.0,0.0,157.614,0.0,0.0,0.0,0.0,0.0,0.0,0.0,0.0,0.0,0.0,0.0,0.0,0.0,0.0,0.0,0.0,1.0,1.0,0.0,0.0,0.0,0.0,0.0,-1.0
1.0,0.0,0.0,0.0,0.0,0.0,0.0,0.0,0.0,0.0,0.0,0.0,0.0,0.0,0.0,0.0,1.0,0.0,0.0,0.0,-0.25881904510252157,0.9659258262890681,99.557,100.76,-1.203000000000003,140.13428297956196,-0.012083530038068674,0.0,-1.0,-1.0,0,0.0,42.85005658267054,0.5064159107526273,0.457,0.1644,0.455,0.00133233,0.88,0.0013270620286690252,0.71044,72.0,109.0,0.6605504587155964,1.0,6.0,0.70836,0.71461,2.0,0.7083550000000001,20.849999999998925,0.0,0.0,0.0,0.0,0.0,0.0,0.7083250000000001,21.14999999999867,0.7065600000000001,38.79999999999883,0.709755,6.849999999999357,0.0,0.0,0.0,0.0,0.0,0.0,0.70671,37.30000000000011,0.707165,32.74999999999917,1.0,-1.0,1.0,1.0,0.0,1.0,0.0,0.0,0.0,0.0,0.0,0.0,0.0,0.0,0.0,0.0,0.0,0.0,0.0,0.0,0.0,0.0,0.0,0.0,1.0,0.0,0.0,0.0,0.0,0.0,0.0,0.0,0.0,0.0,0.0,0.0,0.0,0.0,0.0,0.0,0.0,0.0,1.0,0.0,0.0,0.0,1.0,0.0,0.0,0.0,0.10000000000000003,0.20000000000000007,0.0
1.0,0.0,0.0,0.0,0.0,0.0,0.0,0.0,0.0,0.0,0.0,0.0,0.0,0.0,0.0,0.0,1.0,0.0,0.0,0.0,-0.25881904510252157,0.9659258262890681,99.557,100.76,-1.203000000000003,72.72561251771444,-0.012083530038068674,0.0,-1.0,-1.0,0,0.0,8.603104644275323,0.6385804654961363,0.5028,0.233,0.831231,0.0006731,3.75,0.0005808203704409182,1.36894,72.0,109.0,0.6605504587155964,1.0,6.0,1.36574,1.37534,2.0,1.369675,-7.3499999999993015,0.0,0.0,0.0,0.0,0.0,0.0,1.36574,32.00000000000092,1.362845,60.94999999999962,1.37012,-11.799999999999589,0.0,0.0,0.0,0.0,0.0,0.0,1.368755,1.8500000000010175,1.36334,56.0000000000005,1.0,1.0,1.0,-1.0,0.0,1.0,0.0,0.0,0.0,0.0,0.0,0.0,0.0,0.0,0.0,0.0,0.0,0.0,0.0,0.0,0.0,0.0,0.0,0.0,0.0,0.0,0.0,0.0,1.36152,0.0,0.0,0.0,0.0,0.0,0.0,0.0,0.0,0.0,0.0,0.0,0.0,0.0,0.0,0.0,1.0,0.0,0.0,1.0,0.0,0.0,0.10000000000000003,0.20000000000000007,-1.0
1.0,0.0,0.0,0.0,0.0,0.0,0.0,0.0,0.0,0.0,0.0,0.0,0.0,0.0,0.0,0.0,1.0,0.0,0.0,0.0,-0.25881904510252157,0.9659258262890681,99.557,100.76,-1.203000000000003,126.86783989397627,-0.012083530038068674,0.0,-1.0,-0.0,0,0.0,67.90407650212154,0.4467867910855531,0.0,0.0,0.824825,0.00087711,3.6,0.0008701058590673455,0.78473,0.0,109.0,0.0,0.0,0.0,0.0,0.0,0.0,0.787185,-24.549999999999848,0.0,0.0,0.0,0.0,0.0,0.0,0.785065,-3.349999999999742,0.77759,71.40000000000035,0.785995,-12.649999999999606,0.0,0.0,0.0,0.0,0.0,0.0,0.787185,-24.549999999999848,0.78354,11.900000000000244,-1.0,1.0,1.0,-1.0,0.0,-1.0,0.0,0.0,0.0,0.0,0.0,0.0,0.0,0.0,0.0,0.0,0.0,0.0,0.0,0.0,0.0,0.0,0.0,0.0,1.0,0.0,0.0,0.0,0.77594,0.0,0.0,0.0,0.0,0.0,0.0,0.0,0.0,0.0,0.0,0.0,0.0,0.0,0.0,1.0,0.0,0.0,1.0,0.0,0.0,0.0,0.0,0.0,-1.0
1.0,0.0,0.0,0.0,0.0,0.0,0.0,0.0,0.0,0.0,0.0,0.0,0.0,0.0,0.0,0.0,0.0,1.0,0.0,0.0,-0.25881904510252157,0.9659258262890681,100.275,100.76,-0.48499999999999943,87.57030076501205,-0.004836699077536768,1.0,-1.0,1.0,0,0.0,27.153957813174156,0.71042289293181,0.5352,0.243,0.827865,0.00098346,3.67,0.0010032999894668778,1.14508,72.0,109.0,0.6605504587155964,-1.0,6.0,1.14829,1.13867,2.0,1.15025,-51.699999999998965,0.0,0.0,0.0,0.0,0.0,0.0,1.148285,-32.049999999999024,1.166885,-218.04999999999853,1.149895,-48.14999999999792,0.0,0.0,0.0,0.0,0.0,0.0,1.15025,-51.699999999998965,1.153895,-88.14999999999796,-1.0,1.0,-1.0,0.0,0.0,-1.0,0.0,0.0,0.0,0.0,0.0,0.0,0.0,0.0,0.0,0.0,0.0,0.0,0.0,0.0,0.0,0.0,0.0,0.0,0.0,0.0,0.0,1.16214,0.0,0.0,0.0,0.0,0.0,0.0,0.0,0.0,0.0,0.0,0.0,0.0,0.0,0.0,1.0,0.0,1.0,0.0,0.0,1.0,0.0,0.0,0.10000000000000003,0.20000000000000007,0.0
1.0,0.0,0.0,0.0,0.0,0.0,0.0,0.0,0.0,0.0,0.0,0.0,0.0,0.0,0.0,0.0,0.0,1.0,0.0,0.0,-0.25881904510252157,0.9659258262890681,100.275,100.76,-0.48499999999999943,75.6586889599807,-0.004836699077536768,1.0,-1.0,1.0,0,0.0,31.640010063309187,0.6960818492523588,0.482,0.1744,0.840707,0.00097584,3.99,0.0010439579062535421,1.3253599999999999,72.0,109.0,0.6605504587155964,-1.0,6.0,1.33048,1.31513,2.0,1.331325,-59.6500000000022,0.0,0.0,0.0,0.0,0.0,0.0,1.330475,-51.150000000002024,1.34649,-211.30000000000092,1.33075,-53.90000000000228,0.0,0.0,0.0,0.0,0.0,0.0,1.331325,-59.6500000000022,1.335055,-96.95000000000232,-1.0,1.0,-1.0,1.0,0.0,-1.0,0.0,0.0,0.0,0.0,0.0,0.0,0.0,0.0,0.0,0.0,0.0,0.0,0.0,0.0,0.0,0.0,0.0,0.0,0.0,0.0,0.0,1.3336999999999999,0.0,0.0,0.0,0.0,0.0,0.0,0.0,0.0,0.0,0.0,0.0,0.0,0.0,0.0,1.0,0.0,1.0,0.0,0.0,1.0,0.0,0.0,0.10000000000000003,0.20000000000000007,0.0
1.0,1.0,0.0,0.0,0.0,0.0,0.0,0.0,0.0,0.0,0.0,0.0,0.0,0.0,0.0,0.0,0.0,1.0,0.0,0.0,-0.25881904510252157,0.9659258262890681,100.275,100.76,-0.48499999999999943,0.6271930647552212,-0.004836699077536768,1.0,-1.0,-1.0,0,0.0,56.932998886170125,0.6515438492823742,0.52,0.48,0.455,0.00080333,0.88,0.0008033966321341154,159.879,72.0,109.0,0.6605504587155964,1.0,6.0,159.2305,161.176,2.0,159.2305,64.84999999999843,0.0,0.0,0.0,0.0,0.0,0.0,159.2305,64.84999999999843,156.0815,379.7499999999985,159.4275,45.14999999999816,0.0,0.0,0.0,0.0,0.0,0.0,159.2305,64.84999999999843,158.584,129.49999999999875,1.0,0.0,1.0,1.0,0.0,1.0,0.0,0.0,0.0,0.0,0.0,0.0,0.0,0.0,0.0,0.0,0.0,0.0,0.0,0.0,0.0,0.0,0.0,0.0,1.0,0.0,158.898,0.0,157.614,0.0,0.0,0.0,0.0,0.0,0.0,0.0,0.0,0.0,0.0,0.0,0.0,0.0,0.0,0.0,0.0,1.0,1.0,0.0,0.0,0.0,0.10000000000000003,0.20000000000000007,0.0
1.0,0.0,0.0,0.0,0.0,0.0,0.0,0.0,0.0,0.0,0.0,0.0,0.0,0.0,0.0,0.0,0.0,1.0,0.0,0.0,-0.25881904510252157,0.9659258262890681,100.275,100.76,-0.48499999999999943,142.81543303946563,-0.004836699077536768,1.0,-1.0,1.0,0,0.0,24.871867446776083,0.7089658688500622,0.287,0.0426,0.455,0.00153978,0.88,0.0015484905304264914,0.70213,60.0,109.0,0.5504587155963303,-1.0,5.0,0.70573,0.69494,2.0,0.707065,-49.35000000000023,0.0,0.0,0.0,0.0,0.0,0.0,0.705725,-35.950000000000145,0.7065600000000001,-44.30000000000045,0.7059249999999999,-37.949999999998816,0.0,0.0,0.0,0.0,0.0,0.0,0.707065,-49.35000000000023,0.707165,-50.350000000000115,-1.0,1.0,1.0,1.0,0.0,-1.0,0.0,0.0,0.0,0.0,0.0,0.0,0.0,0.0,0.0,0.0,0.0,0.0,0.0,0.0,0.0,0.0,0.0,0.0,1.0,0.711,0.0,0.0,0.0,0.0,0.0,0.0,0.0,0.0,0.0,0.0,0.0,0.0,0.0,0.0,0.0,0.0,0.0,0.0,1.0,0.0,1.0,0.0,0.0,0.0,0.10000000000000003,0.20000000000000007,0.0
1.0,0.0,0.0,0.0,0.0,0.0,0.0,0.0,0.0,0.0,0.0,0.0,0.0,0.0,0.0,0.0,0.0,1.0,0.0,0.0,-0.25881904510252157,0.9659258262890681,100.275,100.76,-0.48499999999999943,73.01648559694755,-0.004836699077536768,0.0,-1.0,-1.0,0,0.0,61.88623671999676,0.5702014004983657,0.5986,0.3346,0.697206,0.00063678,1.92,0.0006606322233269064,1.37332,84.0,109.0,0.7706422018348624,1.0,7.0,1.37122,1.37753,2.0,1.371215,21.050000000000235,0.0,0.0,0.0,0.0,0.0,0.0,1.36679,65.30000000000146,1.362845,104.75000000000011,1.371245,20.75000000000049,0.0,0.0,0.0,0.0,0.0,0.0,1.370875,24.450000000000305,1.36334,99.800000000001,1.0,1.0,1.0,-1.0,0.0,1.0,0.0,0.0,0.0,0.0,0.0,0.0,0.0,0.0,0.0,0.0,0.0,0.0,0.0,0.0,0.0,0.0,0.0,0.0,0.0,0.0,0.0,0.0,1.36152,0.0,0.0,0.0,0.0,0.0,0.0,0.0,0.0,0.0,0.0,0.0,0.0,0.0,0.0,0.0,0.0,0.0,0.0,1.0,0.0,0.0,0.10000000000000003,0.20000000000000007,0.0
1.0,0.0,0.0,0.0,0.0,0.0,0.0,0.0,0.0,0.0,0.0,0.0,0.0,0.0,0.0,0.0,0.0,1.0,0.0,0.0,-0.25881904510252157,0.9659258262890681,100.275,100.76,-0.48499999999999943,126.39440347891852,-0.004836699077536768,0.0,-1.0,-1.0,0,0.0,23.904705391333756,0.6856039706422236,0.0982,0.0016,0.875351,0.00095386,5.21,0.0009643506544765689,0.79335,84.0,109.0,0.7706422018348624,1.0,7.0,0.78886,0.80233,2.0,0.78886,44.89999999999994,0.0,0.0,0.0,0.0,0.0,0.0,0.7875650000000001,57.84999999999929,0.779165,141.85000000000002,0.7896000000000001,37.499999999999204,0.0,0.0,0.0,0.0,0.0,0.0,0.78886,44.89999999999994,0.784195,91.55000000000024,1.0,1.0,1.0,-1.0,0.0,1.0,0.0,0.0,0.0,0.0,0.0,0.0,0.0,0.0,0.0,0.0,0.0,0.0,0.0,0.0,0.0,0.0,0.0,0.0,0.0,0.0,0.0,0.0,0.77594,0.0,0.0,0.0,0.0,0.0,0.0,0.0,0.0,0.0,0.0,0.0,0.0,0.0,0.0,1.0,0.0,1.0,1.0,0.0,0.0,0.0,0.10000000000000003,0.20000000000000007,0.0
1.0,0.0,0.0,0.0,0.0,0.0,0.0,0.0,0.0,0.0,0.0,0.0,0.0,0.0,0.0,0.0,0.0,0.0,1.0,0.0,-0.25881904510252157,0.9659258262890681,99.214,100.76,-1.5460000000000065,85.63635578956455,-0.015582478279275168,0.0,-1.0,-1.0,0,0.0,34.432254906234355,0.6474463503411113,0.3298,0.0762,0.889503,0.0010115,5.92,0.0010239117690769932,1.15855,60.0,109.0,0.5504587155963303,1.0,5.0,1.15297,1.16972,2.0,1.152965,55.84999999999951,0.0,0.0,0.0,0.0,0.0,0.0,1.151335,72.14999999999972,1.16502,-64.69999999999976,1.15394,46.10000000000003,0.0,0.0,0.0,0.0,0.0,0.0,1.152965,55.84999999999951,1.153895,46.55000000000076,1.0,1.0,-1.0,0.0,0.0,1.0,0.0,0.0,0.0,0.0,0.0,0.0,0.0,0.0,0.0,0.0,0.0,0.0,0.0,0.0,0.0,0.0,0.0,0.0,0.0,0.0,0.0,0.0,0.0,0.0,0.0,0.0,0.0,0.0,0.0,0.0,0.0,0.0,0.0,0.0,0.0,0.0,0.0,1.0,0.0,0.0,0.0,1.0,0.0,0.0,0.10000000000000003,0.20000000000000007,0.0
1.0,0.0,0.0,0.0,0.0,0.0,0.0,0.0,0.0,0.0,0.0,0.0,0.0,0.0,0.0,0.0,0.0,0.0,1.0,0.0,-0.25881904510252157,0.9659258262890681,99.214,100.76,-1.5460000000000065,73.87270669525851,-0.015582478279275168,0.0,-1.0,-1.0,0,0.0,19.15127621509051,0.6039717074813928,0.3782,0.101,0.900614,0.00107567,6.62,0.0010903712068788198,1.34304,60.0,109.0,0.5504587155963303,1.0,5.0,1.33564,1.35783,2.0,1.335645,73.9500000000004,0.0,0.0,0.0,0.0,0.0,0.0,1.33425,87.90000000000076,1.34446,-14.199999999999768,1.33731,57.300000000000125,0.0,0.0,0.0,0.0,0.0,0.0,1.335645,73.9500000000004,1.335055,79.84999999999908,1.0,1.0,-1.0,1.0,0.0,1.0,0.0,0.0,0.0,0.0,0.0,0.0,0.0,0.0,0.0,0.0,0.0,0.0,0.0,0.0,0.0,0.0,0.0,0.0,1.0,0.0,0.0,0.0,0.0,0.0,0.0,0.0,0.0,0.0,0.0,0.0,0.0,0.0,0.0,0.0,0.0,0.0,0.0,1.0,0.0,0.0,0.0,1.0,0.0,0.0,0.10000000000000003,0.20000000000000007,0.0
1.0,1.0,0.0,0.0,0.0,0.0,0.0,0.0,0.0,0.0,0.0,0.0,0.0,0.0,0.0,0.0,0.0,0.0,1.0,0.0,-0.25881904510252157,0.9659258262890681,99.214,100.76,-1.5460000000000065,0.629131261889664,-0.015582478279275168,0.0,-1.0,-0.0,0,0.0,0.0,0.670385105013761,0.0,0.0,0.455,0.00094916,0.88,0.0009463918922270748,157.7,0.0,109.0,0.0,0.0,0.0,0.0,0.0,0.0,158.70049999999998,-100.04999999999882,0.0,0.0,0.0,0.0,0.0,0.0,158.70049999999998,-100.04999999999882,156.0815,161.84999999999832,158.397,-69.70000000000027,0.0,0.0,0.0,0.0,0.0,0.0,158.70049999999998,-100.04999999999882,158.584,-88.40000000000146,-1.0,0.0,1.0,1.0,0.0,-1.0,0.0,0.0,0.0,0.0,0.0,0.0,0.0,0.0,0.0,0.0,0.0,0.0,0.0,0.0,0.0,0.0,0.0,0.0,1.0,159.289,0.0,0.0,0.0,158.892,0.0,0.0,0.0,0.0,0.0,0.0,0.0,0.0,0.0,0.0,0.0,0.0,0.0,0.0,0.0,0.0,1.0,0.0,0.0,0.0,0.0,0.0,-1.0
1.0,0.0,0.0,0.0,0.0,0.0,0.0,0.0,0.0,0.0,0.0,0.0,0.0,0.0,0.0,0.0,0.0,0.0,1.0,0.0,-0.25881904510252157,0.9659258262890681,99.214,100.76,-1.5460000000000065,140.01608828800858,-0.015582478279275168,0.0,-1.0,-1.0,0,0.0,13.128550043335643,0.4401309519311277,0.5118,0.216,0.455,0.00153705,0.88,0.0015343283451218887,0.70859,72.0,109.0,0.6605504587155964,1.0,6.0,0.70656,0.71265,2.0,0.7054199999999999,31.70000000000117,0.0,0.0,0.0,0.0,0.0,0.0,0.70513,34.600000000000186,0.7065600000000001,20.299999999999763,0.7054199999999999,31.70000000000117,0.0,0.0,0.0,0.0,0.0,0.0,0.7056450000000001,29.449999999999754,0.707165,14.250000000000096,0.0,1.0,1.0,1.0,0.0,1.0,0.0,0.0,0.0,0.0,0.0,0.0,0.0,0.0,0.0,0.0,0.0,0.0,0.0,0.0,0.0,0.0,0.0,0.0,0.0,0.0,0.0,0.0,0.0,0.0,0.0,0.0,0.0,0.0,0.0,0.0,0.0,0.0,0.0,0.0,0.0,0.0,0.0,0.0,0.0,0.0,1.0,0.0,0.0,0.0,0.10000000000000003,0.20000000000000007,0.0
1.0,0.0,0.0,0.0,0.0,0.0,0.0,0.0,0.0,0.0,0.0,0.0,0.0,0.0,0.0,0.0,0.0,0.0,1.0,0.0,-0.25881904510252157,0.9659258262890681,99.214,100.76,-1.5460000000000065,72.18503535985566,-0.015582478279275168,0.0,-1.0,-1.0,0,0.0,49.01361395496626,0.35378044539105796,0.6014,0.3302,0.805747,0.00053853,3.21,0.0005337057257904443,1.3744399999999999,60.0,109.0,0.5504587155963303,1.0,5.0,1.37264,1.37805,2.0,1.372635,18.049999999998345,0.0,0.0,0.0,0.0,0.0,0.0,1.370055,43.849999999998616,1.3639100000000002,105.29999999999706,1.372635,18.049999999998345,0.0,0.0,0.0,0.0,0.0,0.0,1.37179,26.49999999999819,1.3636750000000002,107.64999999999691,0.0,1.0,-1.0,-1.0,0.0,1.0,0.0,0.0,0.0,0.0,0.0,0.0,0.0,0.0,0.0,0.0,0.0,0.0,0.0,0.0,0.0,0.0,0.0,0.0,0.0,0.0,0.0,0.0,0.0,0.0,0.0,0.0,0.0,0.0,0.0,0.0,0.0,0.0,0.0,0.0,0.0,0.0,1.0,0.0,1.0,0.0,0.0,1.0,0.0,0.0,0.10000000000000003,0.20000000000000007,0.0
1.0,0.0,0.0,0.0,0.0,0.0,0.0,0.0,0.0,0.0,0.0,0.0,0.0,0.0,0.0,0.0,0.0,0.0,1.0,0.0,-0.25881904510252157,0.9659258262890681,99.214,100.76,-1.5460000000000065,125.87414361837097,-0.015582478279275168,0.0,-1.0,-0.0,0,0.0,10.783129521927268,0.7031780302894923,0.0,0.0,0.845419,0.0009574,4.13,0.0010166956392505446,0.7882,0.0,109.0,0.0,0.0,0.0,0.0,0.0,0.0,0.7907649999999999,-25.649999999999284,0.0,0.0,0.0,0.0,0.0,0.0,0.78996,-17.599999999999838,0.78123,69.70000000000032,0.790565,-23.649999999999505,0.0,0.0,0.0,0.0,0.0,0.0,0.79061,-24.100000000000232,0.7852950000000001,29.049999999999354,-1.0,1.0,1.0,-1.0,0.0,0.0,0.0,0.0,0.0,0.0,0.0,0.0,0.0,0.0,0.0,0.0,0.0,0.0,0.0,0.0,0.0,0.0,0.0,0.0,0.0,0.0,0.0,0.0,0.77594,0.0,0.0,0.0,0.0,0.0,0.0,0.0,0.0,0.0,0.0,0.0,0.0,0.0,1.0,0.0,0.0,0.0,1.0,0.0,0.0,0.0,0.0,0.0,-1.0
1.0,0.0,0.0,0.0,0.0,0.0,0.0,0.0,0.0,0.0,0.0,0.0,0.0,0.0,0.0,0.0,0.0,0.0,0.0,1.0,-0.25881904510252157,0.9659258262890681,99.549,100.76,-1.2109999999999985,86.03690419601574,-0.012164863534540764,0.0,-1.0,-0.0,0,0.0,25.172498260307467,0.8275089711860714,0.0,0.0,0.723772,0.00101503,2.14,0.0010130323394830258,1.15705,0.0,109.0,0.0,0.0,0.0,0.0,0.0,0.0,1.157045,0.049999999998107114,0.0,0.0,0.0,0.0,0.0,0.0,1.152965,40.84999999999894,1.164755,-77.05000000000072,1.1552250000000002,18.249999999997435,0.0,0.0,0.0,0.0,0.0,0.0,1.1533600000000002,36.89999999999749,1.153895,31.55000000000019,-1.0,1.0,-1.0,0.0,0.0,1.0,0.0,0.0,0.0,0.0,0.0,0.0,0.0,0.0,0.0,0.0,0.0,0.0,0.0,0.0,0.0,0.0,0.0,0.0,0.0,0.0,0.0,0.0,0.0,0.0,0.0,0.0,0.0,0.0,0.0,0.0,0.0,0.0,0.0,0.0,0.0,0.0,0.0,0.0,0.0,0.0,0.0,1.0,0.0,0.0,0.0,0.0,-1.0
1.0,0.0,0.0,0.0,0.0,0.0,0.0,0.0,0.0,0.0,0.0,0.0,0.0,0.0,0.0,0.0,0.0,0.0,0.0,1.0,-0.25881904510252157,0.9659258262890681,99.549,100.76,-1.2109999999999985,74.61101451013312,-0.012164863534540764,1.0,-1.0,1.0,0,0.0,1.1586217905262488,0.7635452428544862,0.579,0.421,0.722841,0.00116958,2.14,0.001161012932614901,1.3342399999999999,60.0,109.0,0.5504587155963303,-1.0,5.0,1.33564,1.33143,2.0,1.338285,-40.45000000000076,0.0,0.0,0.0,0.0,0.0,0.0,1.335645,-14.050000000001006,1.34399,-97.50000000000148,1.335405,-11.650000000000826,0.0,0.0,0.0,0.0,0.0,0.0,1.3360150000000002,-17.75000000000304,1.335055,-8.150000000002322,-1.0,1.0,-1.0,1.0,0.0,1.0,0.0,0.0,0.0,0.0,0.0,0.0,0.0,0.0,0.0,0.0,0.0,0.0,0.0,0.0,0.0,0.0,0.0,0.0,0.0,0.0,0.0,0.0,0.0,0.0,0.0,0.0,0.0,0.0,0.0,0.0,0.0,0.0,0.0,0.0,0.0,0.0,0.0,0.0,0.0,0.0,0.0,1.0,0.0,0.0,0.10000000000000003,0.20000000000000007,1.0
1.0,1.0,0.0,0.0,0.0,0.0,0.0,0.0,0.0,0.0,0.0,0.0,0.0,0.0,0.0,0.0,0.0,0.0,0.0,1.0,-0.25881904510252157,0.9659258262890681,99.549,100.76,-1.2109999999999985,0.6251860504549994,-0.012164863534540764,1.0,-1.0,-1.0,0,0.0,10.09882451237116,0.8822709301066274,0.5346,0.4654,0.455,0.00098763,0.88,0.0009842808783557416,159.231,72.0,109.0,0.6605504587155964,1.0,6.0,158.7005,160.292,2.0,158.445,78.60000000000014,0.0,0.0,0.0,0.0,0.0,0.0,158.70049999999998,53.05000000000177,156.225,300.6,158.95049999999998,28.050000000001774,0.0,0.0,0.0,0.0,0.0,0.0,158.445,78.60000000000014,158.584,64.69999999999914,1.0,-1.0,1.0,1.0,0.0,1.0,0.0,0.0,0.0,0.0,0.0,0.0,0.0,0.0,0.0,0.0,0.0,0.0,0.0,0.0,0.0,0.0,0.0,0.0,0.0,0.0,0.0,0.0,0.0,0.0,0.0,0.0,0.0,0.0,0.0,0.0,0.0,0.0,0.0,0.0,0.0,0.0,0.0,1.0,0.0,0.0,1.0,0.0,0.0,0.0,0.10000000000000003,0.20000000000000007,0.0
1.0,0.0,0.0,0.0,0.0,0.0,0.0,0.0,0.0,0.0,0.0,0.0,0.0,0.0,0.0,0.0,0.0,0.0,0.0,1.0,-0.25881904510252157,0.9659258262890681,99.549,100.76,-1.2109999999999985,141.78951416485066,-0.012164863534540764,1.0,-1.0,1.0,0,0.0,32.6670064823522,0.6101306629919916,0.3028,0.0432,0.455,0.00158567,0.88,0.0015838310295658354,0.70209,72.0,109.0,0.6605504587155964,-1.0,6.0,0.7057,0.69487,2.0,0.7057,-36.10000000000002,0.0,0.0,0.0,0.0,0.0,0.0,0.706145,-40.55000000000031,0.7065600000000001,-44.70000000000085,0.7046,-25.100000000000122,0.0,0.0,0.0,0.0,0.0,0.0,0.7054199999999999,-33.29999999999944,0.7083250000000001,-62.35000000000102,-1.0,-1.0,1.0,1.0,0.0,-1.0,0.0,0.0,0.0,0.0,0.0,0.0,0.0,0.0,0.0,0.0,0.0,0.0,0.0,0.0,0.0,0.0,0.0,0.0,0.0,0.711,0.0,0.0,0.0,0.0,0.0,0.0,0.0,0.0,0.0,0.0,0.0,0.0,0.0,0.0,0.0,0.0,0.0,1.0,0.0,1.0,0.0,0.0,0.0,0.0,0.10000000000000003,0.20000000000000007,1.0
1.0,0.0,0.0,0.0,0.0,0.0,0.0,0.0,0.0,0.0,0.0,0.0,0.0,0.0,0.0,0.0,0.0,0.0,0.0,1.0,-0.25881904510252157,0.9659258262890681,99.549,100.76,-1.2109999999999985,72.54964836205954,-0.012164863534540764,0.0,-1.0,-1.0,0,0.0,4.720172495590058,0.3848960440318393,0.5938,0.3108,0.78845,0.00059607,2.92,0.0005996501376758722,1.37215,48.0,109.0,0.44036697247706424,1.0,4.0,1.37006,1.37634,2.0,1.372355,-2.0500000000001073,0.0,0.0,0.0,0.0,0.0,0.0,1.370055,20.94999999999958,1.3639100000000002,82.39999999999803,1.372355,-2.0500000000001073,0.0,0.0,0.0,0.0,0.0,0.0,1.372375,-2.249999999999197,1.364505,76.44999999999902,0.0,1.0,1.0,-1.0,0.0,0.0,0.0,0.0,0.0,0.0,0.0,0.0,0.0,0.0,0.0,0.0,0.0,0.0,0.0,0.0,0.0,0.0,0.0,0.0,0.0,0.0,0.0,0.0,0.0,0.0,0.0,0.0,0.0,0.0,0.0,0.0,0.0,0.0,0.0,0.0,0.0,0.0,0.0,0.0,0.0,0.0,0.0,1.0,0.0,0.0,0.10000000000000003,0.20000000000000007,0.0
1.0,0.0,0.0,0.0,0.0,0.0,0.0,0.0,0.0,0.0,0.0,0.0,0.0,0.0,0.0,0.0,0.0,0.0,0.0,1.0,-0.25881904510252157,0.9659258262890681,99.549,100.76,-1.2109999999999985,126.35366689513366,-0.012164863534540764,0.0,-1.0,-0.0,0,0.0,17.91554754846211,0.7785368245198918,0.0,0.0,0.678998,0.00096662,1.79,0.0009315570010247919,0.78786,0.0,109.0,0.0,0.0,0.0,0.0,0.0,0.0,0.788035,-1.7500000000003624,0.0,0.0,0.0,0.0,0.0,0.0,0.78996,-20.999999999999908,0.7813749999999999,64.85000000000073,0.788035,-1.7500000000003624,0.0,0.0,0.0,0.0,0.0,0.0,0.790655,-27.949999999999918,0.7852950000000001,25.649999999999284,0.0,1.0,1.0,-1.0,0.0,-1.0,0.0,0.0,0.0,0.0,0.0,0.0,0.0,0.0,0.0,0.0,0.0,0.0,0.0,0.0,0.0,0.0,0.0,0.0,0.0,0.0,0.0,0.0,0.0,0.0,0.0,0.0,0.0,0.0,0.0,0.0,0.0,0.0,0.0,0.0,0.0,0.0,0.0,0.0,0.0,0.0,1.0,0.0,0.0,0.0,0.0,0.0,-1.0
1.0,0.0,0.0,0.0,0.0,0.0,0.0,0.0,0.0,0.0,0.0,0.0,0.0,0.0,0.0,1.0,0.0,0.0,0.0,0.0,-0.25881904510252157,0.9659258262890681,99.123,100.76,-1.6370000000000005,85.38020259095921,-0.016514835103860863,0.0,-1.0,-1.0,0,0.0,33.791586699927855,0.6588006491720335,0.539,0.2604,0.726082,0.0014801,2.17,0.0015283593606121293,1.16096,60.0,109.0,0.5504587155963303,1.0,5.0,1.15621,1.17046,2.0,1.15621,47.50000000000032,0.0,0.0,0.0,0.0,0.0,0.0,1.15414,68.20000000000049,1.164045,-30.850000000000044,1.159295,16.650000000000276,0.0,0.0,0.0,0.0,0.0,0.0,1.15621,47.50000000000032,1.15279,81.7000000000001,1.0,1.0,-1.0,0.0,0.0,1.0,0.0,0.0,0.0,0.0,0.0,0.0,0.0,0.0,0.0,0.0,0.0,0.0,0.0,0.0,0.0,0.0,0.0,0.0,1.0,0.0,0.0,0.0,0.0,0.0,0.0,0.0,0.0,0.0,0.0,0.0,0.0,0.0,0.0,0.0,0.0,0.0,0.0,0.0,0.0,0.0,0.0,0.0,0.0,0.0,0.10000000000000003,0.20000000000000007,0.0
1.0,0.0,0.0,0.0,0.0,0.0,0.0,0.0,0.0,0.0,0.0,0.0,0.0,0.0,0.0,1.0,0.0,0.0,0.0,0.0,-0.25881904510252157,0.9659258262890681,99.123,100.76,-1.6370000000000005,73.82638811306,-0.016514835103860863,0.0,-1.0,-1.0,0,0.0,33.31925440851406,0.7224825298837672,0.6024,0.3148,0.754386,0.00174277,2.46,0.0017239309510817405,1.34265,60.0,109.0,0.5504587155963303,1.0,5.0,1.3368,1.35435,2.0,1.3368,58.499999999999105,0.0,0.0,0.0,0.0,0.0,0.0,1.3362500000000002,63.99999999999739,1.34399,-13.400000000001189,1.341105,15.449999999999076,0.0,0.0,0.0,0.0,0.0,0.0,1.3368,58.499999999999105,1.3348550000000001,77.94999999999774,1.0,1.0,-1.0,1.0,0.0,1.0,0.0,0.0,0.0,0.0,0.0,0.0,0.0,0.0,0.0,0.0,0.0,0.0,0.0,0.0,0.0,0.0,0.0,0.0,1.0,0.0,0.0,0.0,0.0,0.0,0.0,0.0,0.0,0.0,0.0,0.0,0.0,0.0,0.0,0.0,0.0,0.0,0.0,1.0,1.0,0.0,0.0,0.0,0.0,0.0,0.10000000000000003,0.20000000000000007,0.0
1.0,1.0,0.0,0.0,0.0,0.0,0.0,0.0,0.0,0.0,0.0,0.0,0.0,0.0,0.0,1.0,0.0,0.0,0.0,0.0,-0.25881904510252157,0.9659258262890681,99.123,100.76,-1.6370000000000005,0.6257014625770898,-0.016514835103860863,0.0,-1.0,-0.0,0,0.0,12.055297878177434,0.768535739926637,0.0,0.0,0.461111,0.0011961,0.9,0.0012008828600379767,158.419,0.0,109.0,0.0,0.0,0.0,0.0,0.0,0.0,158.8345,-41.54999999999802,0.0,0.0,0.0,0.0,0.0,0.0,158.70049999999998,-28.149999999996567,156.225,219.40000000000168,158.5285,-10.949999999999704,0.0,0.0,0.0,0.0,0.0,0.0,158.8345,-41.54999999999802,158.70049999999998,-28.149999999996567,-1.0,1.0,1.0,1.0,0.0,-1.0,0.0,0.0,0.0,0.0,0.0,0.0,0.0,0.0,0.0,0.0,0.0,0.0,0.0,0.0,0.0,0.0,0.0,0.0,1.0,0.0,0.0,0.0,0.0,0.0,0.0,0.0,0.0,0.0,0.0,0.0,0.0,0.0,0.0,0.0,0.0,0.0,1.0,0.0,0.0,1.0,1.0,0.0,0.0,0.0,0.0,0.0,-1.0
1.0,0.0,0.0,0.0,0.0,0.0,0.0,0.0,0.0,0.0,0.0,0.0,0.0,0.0,0.0,1.0,0.0,0.0,0.0,0.0,-0.25881904510252157,0.9659258262890681,99.123,100.76,-1.6370000000000005,141.39018058368757,-0.016514835103860863,0.0,-1.0,-0.0,0,0.0,15.129841681531362,0.5944407098267744,0.0,0.0,0.834273,0.00226442,3.83,0.0020984927201143375,0.70106,0.0,109.0,0.0,0.0,0.0,0.0,0.0,0.0,0.69864,24.199999999999775,0.0,0.0,0.0,0.0,0.0,0.0,0.70169,-6.300000000000194,0.704885,-38.24999999999967,0.7017599999999999,-6.999999999999229,0.0,0.0,0.0,0.0,0.0,0.0,0.6998850000000001,11.749999999999261,0.704885,-38.24999999999967,1.0,-1.0,0.0,1.0,0.0,-1.0,0.0,0.0,0.0,0.0,0.0,0.0,0.0,0.0,0.0,0.0,0.0,0.0,0.0,0.0,0.0,0.0,0.0,0.0,1.0,0.0,0.0,0.0,0.0,0.0,0.0,0.0,0.0,0.0,0.0,0.0,0.0,0.0,0.0,0.0,0.0,0.0,0.0,1.0,0.0,1.0,0.0,0.0,0.0,0.0,0.0,0.0,-1.0
1.0,0.0,0.0,0.0,0.0,0.0,0.0,0.0,0.0,0.0,0.0,0.0,0.0,0.0,0.0,1.0,0.0,0.0,0.0,0.0,-0.25881904510252157,0.9659258262890681,99.123,100.76,-1.6370000000000005,72.19919732538914,-0.016514835103860863,0.0,-1.0,-1.0,0,0.0,13.41524232141788,0.3537971134098127,0.6288,0.3586,0.58498,0.00073306,1.29,0.000689399506778147,1.37291,60.0,109.0,0.5504587155963303,1.0,5.0,1.37123,1.37627,2.0,1.37123,16.80000000000126,0.0,0.0,0.0,0.0,0.0,0.0,1.37123,16.80000000000126,1.3639999999999999,89.10000000000196,1.3707150000000001,21.94999999999947,0.0,0.0,0.0,0.0,0.0,0.0,1.37123,16.80000000000126,1.365465,74.45000000000147,-1.0,0.0,1.0,-1.0,0.0,1.0,0.0,0.0,0.0,0.0,0.0,0.0,0.0,0.0,0.0,0.0,0.0,0.0,0.0,0.0,0.0,0.0,0.0,0.0,1.0,0.0,0.0,0.0,0.0,0.0,0.0,0.0,0.0,0.0,0.0,0.0,0.0,0.0,0.0,0.0,0.0,0.0,0.0,0.0,0.0,0.0,0.0,1.0,0.0,1.0,0.10000000000000003,0.20000000000000007,1.0
1.0,0.0,0.0,0.0,0.0,0.0,0.0,0.0,0.0,0.0,0.0,0.0,0.0,0.0,0.0,1.0,0.0,0.0,0.0,0.0,-0.25881904510252157,0.9659258262890681,99.123,100.76,-1.6370000000000005,126.03211738229348,-0.016514835103860863,1.0,-1.0,1.0,0,0.0,44.052358637280186,0.6505747105525205,0.5344,0.2352,0.845383,0.00142069,4.13,0.0014097581636314355,0.78649,60.0,109.0,0.5504587155963303,-1.0,5.0,0.7887,0.78207,2.0,0.7887,-22.09999999999934,0.0,0.0,0.0,0.0,0.0,0.0,0.789615,-31.249999999999332,0.7813749999999999,51.150000000000915,0.787,-5.1000000000001044,0.0,0.0,0.0,0.0,0.0,0.0,0.7887,-22.09999999999934,0.7861549999999999,3.3500000000008523,-1.0,-1.0,1.0,-1.0,0.0,-1.0,0.0,0.0,0.0,0.0,0.0,0.0,0.0,0.0,0.0,0.0,0.0,0.0,0.0,0.0,0.0,0.0,0.0,0.0,1.0,0.0,0.0,0.0,0.0,0.0,0.0,0.0,0.0,0.0,0.0,0.0,0.0,0.0,0.0,0.0,0.0,0.0,0.0,1.0,0.0,0.0,1.0,0.0,0.0,0.0,0.10000000000000003,0.20000000000000007,0.0
1.0,0.0,0.0,0.0,0.0,0.0,0.0,0.0,0.0,0.0,0.0,0.0,0.0,0.0,0.0,0.0,1.0,0.0,0.0,0.0,-0.25881904510252157,0.9659258262890681,99.214,100.76,-1.5460000000000065,85.48435736380007,-0.015582478279275168,0.0,-1.0,-0.0,0,0.0,38.142257680869676,0.6304761047483176,0.0,0.0,0.769595,0.00140273,2.65,0.0013106253327059899,1.16061,0.0,109.0,0.0,0.0,0.0,0.0,0.0,0.0,1.1596199999999999,9.900000000000464,0.0,0.0,0.0,0.0,0.0,0.0,1.15414,64.69999999999976,1.163395,-27.850000000000374,1.159265,13.449999999999296,0.0,0.0,0.0,0.0,0.0,0.0,1.15621,43.999999999999595,1.15251,80.99999999999996,-1.0,1.0,-1.0,0.0,0.0,1.0,0.0,0.0,0.0,0.0,0.0,0.0,0.0,0.0,0.0,0.0,0.0,0.0,0.0,0.0,0.0,0.0,0.0,0.0,0.0,0.0,1.14857,0.0,0.0,0.0,0.0,0.0,0.0,0.0,0.0,0.0,0.0,0.0,0.0,0.0,0.0,0.0,0.0,0.0,0.0,0.0,0.0,0.0,0.0,0.0,0.0,0.0,-1.0
1.0,0.0,0.0,0.0,0.0,0.0,0.0,0.0,0.0,0.0,0.0,0.0,0.0,0.0,0.0,0.0,1.0,0.0,0.0,0.0,-0.25881904510252157,0.9659258262890681,99.214,100.76,-1.5460000000000065,73.99005153216845,-0.015582478279275168,0.0,-1.0,-0.0,0,0.0,18.054235617507395,0.6684682235936247,0.0,0.0,0.783747,0.00167527,2.84,0.0015296300963404965,1.34091,0.0,109.0,0.0,0.0,0.0,0.0,0.0,0.0,1.34035,5.60000000000116,0.0,0.0,0.0,0.0,0.0,0.0,1.3362500000000002,46.599999999998865,1.3425099999999999,-15.999999999998238,1.3391899999999999,17.20000000000166,0.0,0.0,0.0,0.0,0.0,0.0,1.3368,41.10000000000058,1.3348550000000001,60.549999999999216,-1.0,1.0,-1.0,1.0,0.0,1.0,0.0,0.0,0.0,0.0,0.0,0.0,0.0,0.0,0.0,0.0,0.0,0.0,0.0,0.0,0.0,0.0,0.0,0.0,0.0,0.0,1.32603,0.0,0.0,0.0,0.0,0.0,0.0,0.0,0.0,0.0,0.0,0.0,0.0,0.0,0.0,0.0,0.0,0.0,0.0,0.0,0.0,0.0,0.0,0.0,0.0,0.0,-1.0
1.0,1.0,0.0,0.0,0.0,0.0,0.0,0.0,0.0,0.0,0.0,0.0,0.0,0.0,0.0,0.0,1.0,0.0,0.0,0.0,-0.25881904510252157,0.9659258262890681,99.214,100.76,-1.5460000000000065,0.6250448872620975,-0.015582478279275168,1.0,-1.0,-1.0,0,0.0,5.970833618557942,0.6367284343752292,0.5428,0.4572,0.562964,0.00105042,1.21,0.001095785125659452,158.731,72.0,109.0,0.6605504587155964,1.0,6.0,158.7005,158.792,2.0,158.625,10.599999999999454,0.0,0.0,0.0,0.0,0.0,0.0,158.70049999999998,3.0500000000017735,156.297,243.39999999999975,158.776,-4.500000000001592,0.0,0.0,0.0,0.0,0.0,0.0,158.822,-9.100000000000819,158.70049999999998,3.0500000000017735,1.0,1.0,1.0,1.0,0.0,0.0,0.0,0.0,0.0,0.0,0.0,0.0,0.0,0.0,0.0,0.0,0.0,0.0,0.0,0.0,0.0,0.0,0.0,0.0,0.0,159.629,0.0,0.0,0.0,0.0,0.0,0.0,0.0,0.0,0.0,0.0,0.0,0.0,0.0,0.0,0.0,0.0,0.0,1.0,0.0,0.0,1.0,0.0,0.0,0.0,0.10000000000000003,0.20000000000000007,0.0
1.0,0.0,0.0,0.0,0.0,0.0,0.0,0.0,0.0,0.0,0.0,0.0,0.0,0.0,0.0,0.0,1.0,0.0,0.0,0.0,-0.25881904510252157,0.9659258262890681,99.214,100.76,-1.5460000000000065,141.85182007949442,-0.015582478279275168,1.0,-1.0,1.0,0,0.0,8.166459137711083,0.726164695520446,0.6268,0.3558,0.80901,0.00225573,3.27,0.002554660548391749,0.69942,60.0,109.0,0.5504587155963303,-1.0,5.0,0.70097,0.69633,2.0,0.69827,11.500000000000954,0.0,0.0,0.0,0.0,0.0,0.0,0.7009650000000001,-15.450000000000186,0.704885,-54.64999999999942,0.697565,18.55000000000051,0.0,0.0,0.0,0.0,0.0,0.0,0.69864,7.800000000000029,0.70356,-41.39999999999922,-1.0,-1.0,-1.0,1.0,0.0,0.0,0.0,0.0,0.0,0.0,0.0,0.0,0.0,0.0,0.0,0.0,0.0,0.0,0.0,0.0,0.0,0.0,0.0,0.0,0.0,0.70623,0.69105,0.0,0.0,0.0,0.0,0.0,0.0,0.0,0.0,0.0,0.0,0.0,0.0,0.0,0.0,0.0,0.0,0.0,0.0,1.0,0.0,0.0,0.0,0.0,0.10000000000000003,0.20000000000000007,1.0
1.0,0.0,0.0,0.0,0.0,0.0,0.0,0.0,0.0,0.0,0.0,0.0,0.0,0.0,0.0,0.0,1.0,0.0,0.0,0.0,-0.25881904510252157,0.9659258262890681,99.214,100.76,-1.5460000000000065,72.08014878963121,-0.015582478279275168,0.0,-1.0,-1.0,0,0.0,55.81368141060972,0.429254234760739,0.6252,0.3738,0.612029,0.00071173,1.41,0.0006294182829995966,1.37644,72.0,109.0,0.6605504587155964,1.0,6.0,1.37503,1.37926,2.0,1.37503,14.100000000001334,0.0,0.0,0.0,0.0,0.0,0.0,1.37276,36.800000000001276,1.3655300000000001,109.09999999999975,1.375745,6.950000000001122,0.0,0.0,0.0,0.0,0.0,0.0,1.37276,36.800000000001276,1.368085,83.55000000000112,1.0,0.0,1.0,-1.0,0.0,1.0,0.0,0.0,0.0,0.0,0.0,0.0,0.0,0.0,0.0,0.0,0.0,0.0,0.0,0.0,0.0,0.0,0.0,0.0,0.0,0.0,0.0,0.0,0.0,0.0,0.0,0.0,0.0,0.0,0.0,0.0,0.0,0.0,0.0,0.0,0.0,0.0,0.0,0.0,0.0,0.0,0.0,1.0,0.0,0.0,0.10000000000000003,0.20000000000000007,0.0
1.0,0.0,0.0,0.0,0.0,0.0,0.0,0.0,0.0,0.0,0.0,0.0,0.0,0.0,0.0,0.0,1.0,0.0,0.0,0.0,-0.25881904510252157,0.9659258262890681,99.214,100.76,-1.5460000000000065,125.89810291225176,-0.015582478279275168,0.0,-1.0,-0.0,0,0.0,9.288543385263832,0.43265564983897264,0.0,0.0,0.797898,0.00142441,3.07,0.0017892755628277177,0.78805,0.0,109.0,0.0,0.0,0.0,0.0,0.0,0.0,0.788645,-5.950000000000122,0.0,0.0,0.0,0.0,0.0,0.0,0.789615,-15.649999999999276,0.78139,66.6,0.789765,-17.15000000000022,0.0,0.0,0.0,0.0,0.0,0.0,0.7887,-6.499999999999284,0.7870699999999999,9.800000000000919,1.0,-1.0,1.0,-1.0,0.0,-1.0,0.0,0.0,0.0,0.0,0.0,0.0,0.0,0.0,0.0,0.0,0.0,0.0,0.0,0.0,0.0,0.0,0.0,0.0,0.0,0.79381,0.0,0.0,0.0,0.0,0.0,0.0,0.0,0.0,0.0,0.0,0.0,0.0,0.0,0.0,0.0,0.0,0.0,0.0,0.0,0.0,1.0,0.0,0.0,0.0,0.0,0.0,-1.0
1.0,0.0,0.0,0.0,0.0,0.0,0.0,0.0,0.0,0.0,0.0,0.0,0.0,0.0,0.0,0.0,0.0,1.0,0.0,0.0,-0.25881904510252157,0.9659258262890681,99.658,100.76,-1.1020000000000039,86.22649835174819,-0.011057817736659413,1.0,-1.0,1.0,0,0.0,28.00130787009917,0.590222061288734,0.592,0.2914,0.820121,0.001353,3.5,0.0009705138701966336,1.15577,60.0,109.0,0.5504587155963303,-1.0,5.0,1.15929,1.14872,2.0,1.159295,-35.25,0.0,0.0,0.0,0.0,0.0,0.0,1.155455,3.1500000000006523,1.163395,-76.24999999999993,1.158445,-26.74999999999983,0.0,0.0,0.0,0.0,0.0,0.0,1.159295,-35.25,1.15251,32.600000000000406,-1.0,1.0,-1.0,0.0,0.0,-1.0,0.0,0.0,0.0,0.0,0.0,0.0,0.0,0.0,0.0,0.0,0.0,0.0,0.0,0.0,0.0,0.0,0.0,0.0,0.0,0.0,1.14857,0.0,0.0,0.0,0.0,0.0,0.0,0.0,0.0,0.0,0.0,0.0,0.0,0.0,0.0,0.0,0.0,0.0,0.0,0.0,0.0,0.0,0.0,0.0,0.10000000000000003,0.20000000000000007,1.0
1.0,0.0,0.0,0.0,0.0,0.0,0.0,0.0,0.0,0.0,0.0,0.0,0.0,0.0,0.0,0.0,0.0,1.0,0.0,0.0,-0.25881904510252157,0.9659258262890681,99.658,100.76,-1.1020000000000039,74.5909614837657,-0.011057817736659413,1.0,-1.0,1.0,0,0.0,13.048164015069016,0.47741696821568086,0.5494,0.4506,0.82012,0.00163609,3.5,0.001103999577208384,1.33606,72.0,109.0,0.6605504587155964,-1.0,6.0,1.3368,1.33458,2.0,1.3396949999999999,-36.34999999999833,0.0,0.0,0.0,0.0,0.0,0.0,1.3368,-7.399999999999629,1.339995,-39.35000000000022,1.339245,-31.849999999999934,0.0,0.0,0.0,0.0,0.0,0.0,1.3394,-33.39999999999898,1.3348550000000001,12.049999999999006,-1.0,1.0,-1.0,1.0,0.0,-1.0,0.0,0.0,0.0,0.0,0.0,0.0,0.0,0.0,0.0,0.0,0.0,0.0,0.0,0.0,0.0,0.0,0.0,0.0,0.0,1.34792,1.32603,0.0,1.32813,0.0,0.0,0.0,0.0,0.0,0.0,0.0,0.0,0.0,0.0,0.0,0.0,0.0,0.0,0.0,0.0,0.0,0.0,0.0,0.0,0.0,0.10000000000000003,0.20000000000000007,0.0
1.0,1.0,0.0,0.0,0.0,0.0,0.0,0.0,0.0,0.0,0.0,0.0,0.0,0.0,0.0,0.0,0.0,1.0,0.0,0.0,-0.25881904510252157,0.9659258262890681,99.658,100.76,-1.1020000000000039,0.6249208329936728,-0.011057817736659413,1.0,-1.0,-1.0,0,0.0,39.56182990560828,0.6018529507077971,0.5322,0.4678,0.562758,0.00098066,1.21,0.0008901175507322255,159.473,84.0,109.0,0.7706422018348624,1.0,7.0,158.931,160.557,2.0,158.931,54.20000000000016,0.0,0.0,0.0,0.0,0.0,0.0,158.5795,89.35000000000173,156.48,299.30000000000234,159.12900000000002,34.39999999999941,0.0,0.0,0.0,0.0,0.0,0.0,158.931,54.20000000000016,158.70049999999998,77.25000000000364,1.0,1.0,1.0,1.0,0.0,1.0,0.0,0.0,0.0,0.0,0.0,0.0,0.0,0.0,0.0,0.0,0.0,0.0,0.0,0.0,0.0,0.0,0.0,0.0,0.0,0.0,0.0,0.0,0.0,0.0,0.0,0.0,0.0,0.0,0.0,0.0,0.0,0.0,0.0,0.0,0.0,0.0,0.0,0.0,0.0,0.0,1.0,0.0,0.0,0.0,0.10000000000000003,0.20000000000000007,-1.0
1.0,0.0,0.0,0.0,0.0,0.0,0.0,0.0,0.0,0.0,0.0,0.0,0.0,0.0,0.0,0.0,0.0,1.0,0.0,0.0,-0.25881904510252157,0.9659258262890681,99.658,100.76,-1.1020000000000039,143.47951279910163,-0.011057817736659413,1.0,-1.0,1.0,0,0.0,43.693163351120084,0.6210733550347398,0.4466,0.1536,0.797898,0.00217241,3.07,0.001417006236100522,0.69458,84.0,109.0,0.7706422018348624,-1.0,7.0,0.69779,0.68815,2.0,0.6977949999999999,-32.14999999999968,0.0,0.0,0.0,0.0,0.0,0.0,0.7009650000000001,-63.85000000000085,0.704885,-103.05000000000008,0.69577,-11.900000000000244,0.0,0.0,0.0,0.0,0.0,0.0,0.697565,-29.850000000000154,0.70169,-71.1000000000006,-1.0,-1.0,-1.0,1.0,0.0,-1.0,0.0,0.0,0.0,0.0,0.0,0.0,0.0,0.0,0.0,0.0,0.0,0.0,0.0,0.0,0.0,0.0,0.0,0.0,0.0,0.70623,0.69105,0.0,0.0,0.0,0.0,0.0,0.0,0.0,0.0,0.0,0.0,0.0,0.0,0.0,0.0,0.0,0.0,0.0,0.0,0.0,0.0,1.0,0.0,0.0,0.10000000000000003,0.20000000000000007,1.0
1.0,0.0,0.0,0.0,0.0,0.0,0.0,0.0,0.0,0.0,0.0,0.0,0.0,0.0,0.0,0.0,0.0,1.0,0.0,0.0,-0.25881904510252157,0.9659258262890681,99.658,100.76,-1.1020000000000039,72.15372251464318,-0.011057817736659413,0.0,-1.0,-1.0,0,0.0,14.028700943249264,0.4453410770392063,0.5354,0.236,0.934269,0.00066986,10.19,0.00044709182445756737,1.38119,84.0,109.0,0.7706422018348624,1.0,7.0,1.37804,1.38748,2.0,1.378045,31.449999999999534,0.0,0.0,0.0,0.0,0.0,0.0,1.374475,67.15000000000026,1.367245,139.44999999999874,1.37961,15.799999999999148,0.0,0.0,0.0,0.0,0.0,0.0,1.3774000000000002,37.89999999999738,1.37201,91.79999999999966,1.0,1.0,1.0,-1.0,0.0,1.0,0.0,0.0,0.0,0.0,0.0,0.0,0.0,0.0,0.0,0.0,0.0,0.0,0.0,0.0,0.0,0.0,0.0,0.0,0.0,0.0,0.0,0.0,0.0,0.0,0.0,0.0,0.0,0.0,0.0,0.0,0.0,0.0,0.0,0.0,0.0,0.0,1.0,0.0,0.0,0.0,0.0,0.0,0.0,0.0,0.10000000000000003,0.20000000000000007,1.0
1.0,0.0,0.0,0.0,0.0,0.0,0.0,0.0,0.0,0.0,0.0,0.0,0.0,0.0,0.0,0.0,0.0,1.0,0.0,0.0,-0.25881904510252157,0.9659258262890681,99.658,100.76,-1.1020000000000039,125.86100200805748,-0.011057817736659413,0.0,-1.0,-1.0,0,0.0,50.42902362323144,0.5097722050978791,0.5358,0.2536,0.794858,0.00142218,3.02,0.0009697671054157301,0.79181,84.0,109.0,0.7706422018348624,1.0,7.0,0.78971,0.79601,2.0,0.7897099999999999,21.000000000001016,0.0,0.0,0.0,0.0,0.0,0.0,0.7888900000000001,29.19999999999923,0.78139,104.19999999999985,0.7903199999999999,14.900000000001024,0.0,0.0,0.0,0.0,0.0,0.0,0.789435,23.75000000000016,0.789615,21.95000000000058,1.0,1.0,1.0,-1.0,0.0,1.0,0.0,0.0,0.0,0.0,0.0,0.0,0.0,0.0,0.0,0.0,0.0,0.0,0.0,0.0,0.0,0.0,0.0,0.0,0.0,0.0,0.0,0.0,0.0,0.0,0.0,0.0,0.0,0.0,0.0,0.0,0.0,0.0,0.0,0.0,0.0,0.0,1.0,0.0,0.0,0.0,0.0,0.0,0.0,0.0,0.10000000000000003,0.20000000000000007,1.0
1.0,0.0,0.0,0.0,0.0,0.0,0.0,0.0,0.0,0.0,0.0,0.0,0.0,0.0,0.0,0.0,0.0,0.0,1.0,0.0,-0.25881904510252157,0.9659258262890681,99.9,100.76,-0.8599999999999994,86.65255707445702,-0.008608608608608603,1.0,-1.0,1.0,0,0.0,44.941792643849524,0.42266196845673415,0.6274,0.3566,0.589807,0.00092279,1.31,0.0008846091135357742,1.15288,72.0,109.0,0.6605504587155964,-1.0,6.0,1.15458,1.14947,2.0,1.154585,-17.050000000000676,0.0,0.0,0.0,0.0,0.0,0.0,1.15621,-33.30000000000055,1.162255,-93.75000000000134,1.153905,-10.250000000000536,0.0,0.0,0.0,0.0,0.0,0.0,1.15665,-37.700000000000514,1.1526999999999998,1.80000000000069,-1.0,1.0,-1.0,0.0,0.0,-1.0,0.0,0.0,0.0,0.0,0.0,0.0,0.0,0.0,0.0,0.0,0.0,0.0,0.0,0.0,0.0,0.0,0.0,0.0,0.0,0.0,0.0,0.0,0.0,0.0,0.0,0.0,0.0,0.0,0.0,0.0,0.0,0.0,0.0,0.0,0.0,0.0,0.0,0.0,0.0,0.0,0.0,0.0,0.0,0.0,0.10000000000000003,0.20000000000000007,0.0
1.0,0.0,0.0,0.0,0.0,0.0,0.0,0.0,0.0,0.0,0.0,0.0,0.0,0.0,0.0,0.0,0.0,0.0,1.0,0.0,-0.25881904510252157,0.9659258262890681,99.9,100.76,-0.8599999999999994,74.96454379685285,-0.008608608608608603,1.0,-1.0,1.0,0,0.0,51.314667304268845,0.34419980706801995,0.596,0.4032,0.708317,0.00113183,2.01,0.0010905855050709478,1.33263,60.0,109.0,0.5504587155963303,-1.0,5.0,1.33439,1.3291,2.0,1.334395,-17.650000000000166,0.0,0.0,0.0,0.0,0.0,0.0,1.3368,-41.700000000000074,1.33965,-70.20000000000026,1.334395,-17.650000000000166,0.0,0.0,0.0,0.0,0.0,0.0,1.33685,-42.200000000001125,1.334905,-22.75000000000027,0.0,1.0,-1.0,1.0,0.0,-1.0,0.0,0.0,0.0,0.0,0.0,0.0,0.0,0.0,0.0,0.0,0.0,0.0,0.0,0.0,0.0,0.0,0.0,0.0,0.0,1.34792,0.0,0.0,0.0,0.0,0.0,0.0,0.0,0.0,0.0,0.0,0.0,0.0,0.0,0.0,0.0,0.0,0.0,1.0,0.0,0.0,0.0,0.0,0.0,0.0,0.10000000000000003,0.20000000000000007,0.0
1.0,1.0,0.0,0.0,0.0,0.0,0.0,0.0,0.0,0.0,0.0,0.0,0.0,0.0,0.0,0.0,0.0,0.0,1.0,0.0,-0.25881904510252157,0.9659258262890681,99.9,100.76,-0.8599999999999994,0.6253129694541814,-0.008608608608608603,1.0,-1.0,-1.0,0,0.0,15.12060372580831,0.4184755496763338,0.5324,0.4676,0.645263,0.00074663,1.58,0.0006608241918670042,159.76,84.0,109.0,0.7706422018348624,1.0,7.0,159.5635,160.153,2.0,159.5635,19.649999999998613,0.0,0.0,0.0,0.0,0.0,0.0,158.93,82.99999999999841,156.94650000000001,281.34999999999764,159.5975,16.24999999999943,0.0,0.0,0.0,0.0,0.0,0.0,159.285,47.49999999999943,158.70049999999998,105.95000000000141,1.0,1.0,1.0,1.0,0.0,1.0,0.0,0.0,0.0,0.0,0.0,0.0,0.0,0.0,0.0,0.0,0.0,0.0,0.0,0.0,0.0,0.0,0.0,0.0,0.0,0.0,158.015,0.0,0.0,0.0,0.0,0.0,0.0,0.0,0.0,0.0,0.0,0.0,0.0,0.0,0.0,0.0,1.0,0.0,0.0,0.0,1.0,0.0,0.0,0.0,0.10000000000000003,0.20000000000000007,0.0
1.0,0.0,0.0,0.0,0.0,0.0,0.0,0.0,0.0,0.0,0.0,0.0,0.0,0.0,0.0,0.0,0.0,0.0,1.0,0.0,-0.25881904510252157,0.9659258262890681,99.9,100.76,-0.8599999999999994,145.05590242485843,-0.008608608608608603,1.0,-1.0,1.0,0,0.0,44.38537403550655,0.3981757371506379,0.397,0.1154,0.674984,0.00169296,1.76,0.0017591662387167759,0.6887,84.0,109.0,0.7706422018348624,-1.0,7.0,0.69161,0.68288,2.0,0.6916100000000001,-29.10000000000079,0.0,0.0,0.0,0.0,0.0,0.0,0.69754,-88.4000000000007,0.703125,-144.2500000000002,0.690205,-15.049999999999786,0.0,0.0,0.0,0.0,0.0,0.0,0.693025,-43.250000000000234,0.6999299999999999,-112.29999999999963,-1.0,-1.0,-1.0,1.0,0.0,-1.0,0.0,0.0,0.0,0.0,0.0,0.0,0.0,0.0,0.0,0.0,0.0,0.0,0.0,0.0,0.0,0.0,0.0,0.0,0.0,0.70623,0.0,0.0,0.0,0.0,0.0,0.0,0.0,0.0,0.0,0.0,0.0,0.0,0.0,0.0,0.0,0.0,0.0,1.0,0.0,0.0,0.0,1.0,0.0,0.0,0.10000000000000003,0.20000000000000007,-1.0
1.0,0.0,0.0,0.0,0.0,0.0,0.0,0.0,0.0,0.0,0.0,0.0,0.0,0.0,0.0,0.0,0.0,0.0,1.0,0.0,-0.25881904510252157,0.9659258262890681,99.9,100.76,-0.8599999999999994,72.06232417225709,-0.008608608608608603,0.0,-1.0,-1.0,0,0.0,67.63655243550767,0.3700921014049867,0.481,0.188,0.888344,0.00052244,5.85,0.0005714566149495348,1.3862999999999999,84.0,109.0,0.7706422018348624,1.0,7.0,1.38342,1.39206,2.0,1.38342,28.799999999997716,0.0,0.0,0.0,0.0,0.0,0.0,1.376785,95.14999999999941,1.369555,167.44999999999789,1.38434,19.599999999999618,0.0,0.0,0.0,0.0,0.0,0.0,1.38192,43.799999999998285,1.3759350000000001,103.64999999999736,1.0,1.0,1.0,-1.0,0.0,1.0,0.0,0.0,0.0,0.0,0.0,0.0,0.0,0.0,0.0,0.0,0.0,0.0,0.0,0.0,0.0,0.0,0.0,0.0,0.0,0.0,0.0,0.0,0.0,0.0,0.0,0.0,0.0,0.0,0.0,0.0,0.0,0.0,0.0,0.0,0.0,0.0,1.0,0.0,0.0,0.0,0.0,0.0,0.0,0.0,0.10000000000000003,0.20000000000000007,1.0
1.0,0.0,0.0,0.0,0.0,0.0,0.0,0.0,0.0,0.0,0.0,0.0,0.0,0.0,0.0,0.0,0.0,0.0,1.0,0.0,-0.25881904510252157,0.9659258262890681,99.9,100.76,-0.8599999999999994,125.66828102396377,-0.008608608608608603,0.0,-1.0,-1.0,0,0.0,31.32814586134592,0.4376725213001038,0.5836,0.3026,0.70386,0.00107908,1.97,0.0010212279127017308,0.79495,84.0,109.0,0.7706422018348624,1.0,7.0,0.7936,0.79766,2.0,0.793595,13.549999999999951,0.0,0.0,0.0,0.0,0.0,0.0,0.7896650000000001,52.84999999999984,0.7814399999999999,135.10000000000133,0.794145,8.050000000000557,0.0,0.0,0.0,0.0,0.0,0.0,0.7920499999999999,29.000000000001247,0.7896650000000001,52.84999999999984,1.0,1.0,1.0,-1.0,0.0,1.0,0.0,0.0,0.0,0.0,0.0,0.0,0.0,0.0,0.0,0.0,0.0,0.0,0.0,0.0,0.0,0.0,0.0,0.0,0.0,0.0,0.0,0.0,0.0,0.0,0.0,0.0,0.0,0.0,0.0,0.0,0.0,0.0,0.0,0.0,0.0,0.0,0.0,0.0,0.0,0.0,0.0,0.0,0.0,0.0,0.10000000000000003,0.20000000000000007,0.0
1.0,0.0,0.0,0.0,0.0,0.0,0.0,0.0,0.0,0.0,0.0,0.0,0.0,0.0,0.0,0.0,0.0,0.0,0.0,1.0,-0.25881904510252157,0.9659258262890681,100.172,100.76,-0.5880000000000081,87.01680015288659,-0.005869903765523381,1.0,-1.0,1.0,0,0.0,12.38622363297632,0.5328694076847313,0.5978,0.3188,0.468354,0.00073453,0.91,0.0007255028575210474,1.15118,84.0,109.0,0.7706422018348624,-1.0,7.0,1.15302,1.14749,2.0,1.153025,-18.449999999998745,0.0,0.0,0.0,0.0,0.0,0.0,1.1570749999999999,-58.949999999997615,1.162255,-110.74999999999946,1.152485,-13.049999999998896,0.0,0.0,0.0,0.0,0.0,0.0,1.1533449999999998,-21.649999999997505,1.15414,-29.599999999998516,-1.0,-1.0,-1.0,0.0,0.0,-1.0,0.0,0.0,0.0,0.0,0.0,0.0,0.0,0.0,0.0,0.0,0.0,0.0,0.0,0.0,0.0,0.0,0.0,0.0,1.0,0.0,0.0,0.0,0.0,0.0,0.0,0.0,0.0,0.0,0.0,0.0,0.0,0.0,0.0,0.0,0.0,0.0,0.0,0.0,0.0,0.0,0.0,0.0,0.0,0.0,0.10000000000000003,0.20000000000000007,1.0
1.0,0.0,0.0,0.0,0.0,0.0,0.0,0.0,0.0,0.0,0.0,0.0,0.0,0.0,0.0,0.0,0.0,0.0,0.0,1.0,-0.25881904510252157,0.9659258262890681,100.172,100.76,-0.5880000000000081,75.49325495515863,-0.005869903765523381,1.0,-1.0,1.0,0,0.0,2.162484203247446,0.36522972979786483,0.469,0.1854,0.611608,0.00085826,1.41,0.0008545244376930249,1.3269,84.0,109.0,0.7706422018348624,-1.0,7.0,1.33139,1.31792,2.0,1.3313899999999999,-44.899999999998826,0.0,0.0,0.0,0.0,0.0,0.0,1.33694,-100.40000000000049,1.33965,-127.5000000000004,1.329605,-27.049999999999574,0.0,0.0,0.0,0.0,0.0,0.0,1.33188,-49.79999999999984,1.3362500000000002,-93.50000000000192,-1.0,-1.0,-1.0,1.0,0.0,-1.0,0.0,0.0,0.0,0.0,0.0,0.0,0.0,0.0,0.0,0.0,0.0,0.0,0.0,0.0,0.0,0.0,0.0,0.0,0.0,0.0,0.0,1.3336999999999999,0.0,0.0,0.0,0.0,0.0,0.0,0.0,0.0,0.0,0.0,0.0,0.0,0.0,0.0,0.0,1.0,0.0,1.0,0.0,0.0,0.0,0.0,0.10000000000000003,0.20000000000000007,1.0
1.0,1.0,0.0,0.0,0.0,0.0,0.0,0.0,0.0,0.0,0.0,0.0,0.0,0.0,0.0,0.0,0.0,0.0,0.0,1.0,-0.25881904510252157,0.9659258262890681,100.172,100.76,-0.5880000000000081,0.6251099864584048,-0.005869903765523381,1.0,-1.0,-1.0,0,0.0,8.872052648213073,0.46495302761038687,0.5304,0.4696,0.455,0.00066328,0.88,0.0006633657018094406,160.247,84.0,109.0,0.7706422018348624,1.0,7.0,159.88,160.981,2.0,159.88,36.700000000001864,0.0,0.0,0.0,0.0,0.0,0.0,159.21249999999998,103.45000000000368,157.20350000000002,304.34999999999945,160.0555,19.15000000000191,0.0,0.0,0.0,0.0,0.0,0.0,159.88,36.700000000001864,158.95749999999998,128.95000000000323,1.0,1.0,1.0,1.0,0.0,1.0,0.0,0.0,0.0,0.0,0.0,0.0,0.0,0.0,0.0,0.0,0.0,0.0,0.0,0.0,0.0,0.0,0.0,0.0,2.0,0.0,0.0,0.0,0.0,0.0,0.0,0.0,0.0,0.0,0.0,0.0,0.0,0.0,0.0,0.0,0.0,0.0,0.0,0.0,1.0,0.0,1.0,0.0,0.0,0.0,0.10000000000000003,0.20000000000000007,0.0
1.0,0.0,0.0,0.0,0.0,0.0,0.0,0.0,0.0,0.0,0.0,0.0,0.0,0.0,0.0,0.0,0.0,0.0,0.0,1.0,-0.25881904510252157,0.9659258262890681,100.172,100.76,-0.5880000000000081,145.645409869435,-0.005869903765523381,1.0,-1.0,1.0,0,0.0,2.34884956439384,0.58157372295155,0.5648,0.2664,0.734883,0.00126615,2.25,0.0012602879825700057,0.68778,84.0,109.0,0.7706422018348624,-1.0,7.0,0.68914,0.68506,2.0,0.6891400000000001,-13.600000000001389,0.0,0.0,0.0,0.0,0.0,0.0,0.6963250000000001,-85.45000000000135,0.70257,-147.9000000000008,0.688305,-5.249999999999977,0.0,0.0,0.0,0.0,0.0,0.0,0.69042,-26.400000000000865,0.6993750000000001,-115.95000000000132,-1.0,-1.0,-1.0,1.0,0.0,-1.0,0.0,0.0,0.0,0.0,0.0,0.0,0.0,0.0,0.0,0.0,0.0,0.0,0.0,0.0,0.0,0.0,0.0,0.0,0.0,0.0,0.0,0.70886,0.0,0.0,0.0,0.0,0.0,0.0,0.0,0.0,0.0,0.0,0.0,0.0,0.0,0.0,0.0,1.0,0.0,1.0,0.0,1.0,0.0,0.0,0.10000000000000003,0.20000000000000007,1.0
1.0,0.0,0.0,0.0,0.0,0.0,0.0,0.0,0.0,0.0,0.0,0.0,0.0,0.0,0.0,0.0,0.0,0.0,0.0,1.0,-0.25881904510252157,0.9659258262890681,100.172,100.76,-0.5880000000000081,72.111321474592,-0.005869903765523381,0.0,-1.0,-1.0,0,0.0,24.9356526863583,0.5139843932151753,0.4938,0.2034,0.845337,0.0004794,4.13,0.0004769905386208622,1.38913,84.0,109.0,0.7706422018348624,1.0,7.0,1.38657,1.39425,2.0,1.3865699999999999,25.600000000001177,0.0,0.0,0.0,0.0,0.0,0.0,1.3782649999999999,108.65000000000124,1.371035,180.94999999999973,1.387295,18.35000000000031,0.0,0.0,0.0,0.0,0.0,0.0,1.3858199999999998,33.10000000000146,1.3782649999999999,108.65000000000124,1.0,1.0,1.0,-1.0,0.0,1.0,0.0,0.0,0.0,0.0,0.0,0.0,0.0,0.0,0.0,0.0,0.0,0.0,0.0,0.0,0.0,0.0,0.0,0.0,0.0,0.0,0.0,0.0,0.0,0.0,1.34845,0.0,0.0,0.0,0.0,0.0,0.0,0.0,0.0,0.0,0.0,0.0,1.0,0.0,0.0,0.0,0.0,0.0,0.0,0.0,0.10000000000000003,0.20000000000000007,1.0
1.0,0.0,0.0,0.0,0.0,0.0,0.0,0.0,0.0,0.0,0.0,0.0,0.0,0.0,0.0,0.0,0.0,0.0,0.0,1.0,-0.25881904510252157,0.9659258262890681,100.172,100.76,-0.5880000000000081,125.39054676547165,-0.005869903765523381,0.0,-1.0,-1.0,0,0.0,100.0,0.512091499592645,0.271,0.0334,0.656374,0.00083665,1.65,0.0007096943256719871,0.79888,84.0,109.0,0.7706422018348624,1.0,7.0,0.79622,0.80419,2.0,0.796225,26.55000000000074,0.0,0.0,0.0,0.0,0.0,0.0,0.791385,74.9500000000003,0.78316,157.20000000000067,0.797295,15.850000000000586,0.0,0.0,0.0,0.0,0.0,0.0,0.7953250000000001,35.54999999999975,0.791385,74.9500000000003,1.0,1.0,1.0,-1.0,0.0,1.0,0.0,0.0,0.0,0.0,0.0,0.0,0.0,0.0,0.0,0.0,0.0,0.0,0.0,0.0,0.0,0.0,0.0,0.0,1.0,0.0,0.0,0.0,0.0,0.0,0.0,0.0,0.0,0.0,0.0,0.0,0.0,0.0,0.0,0.0,0.0,0.0,1.0,0.0,1.0,0.0,0.0,0.0,0.0,0.0,0.10000000000000003,0.20000000000000007,0.0
1.0,0.0,0.0,0.0,0.0,0.0,0.0,0.0,0.0,0.0,0.0,0.0,0.0,0.0,0.0,1.0,0.0,0.0,0.0,0.0,-0.25881904510252157,0.9659258262890681,100.54,100.76,-0.21999999999999886,87.73736386484222,-0.0021881838074398136,1.0,-1.0,1.0,0,0.0,8.505543255864124,0.4193111693838185,0.5256,0.2438,0.455,0.00070186,0.88,0.00069899238796124,1.14592,84.0,109.0,0.7706422018348624,-1.0,7.0,1.14821,1.14134,2.0,1.1482100000000002,-22.900000000001253,0.0,0.0,0.0,0.0,0.0,0.0,1.15368,-77.5999999999999,1.162255,-163.34999999999988,1.1465900000000002,-6.700000000001705,0.0,0.0,0.0,0.0,0.0,0.0,1.149545,-36.24999999999989,1.1541350000000001,-82.15000000000083,-1.0,-1.0,-1.0,-1.0,0.0,-1.0,0.0,0.0,0.0,0.0,0.0,0.0,0.0,0.0,0.0,0.0,0.0,0.0,0.0,0.0,0.0,0.0,0.0,0.0,2.0,1.15651,0.0,1.15296,0.0,0.0,0.0,0.0,0.0,0.0,0.0,0.0,0.0,0.0,0.0,0.0,0.0,0.0,0.0,0.0,0.0,1.0,0.0,0.0,0.0,0.0,0.10000000000000003,0.20000000000000007,0.0
1.0,0.0,0.0,0.0,0.0,0.0,0.0,0.0,0.0,0.0,0.0,0.0,0.0,0.0,0.0,1.0,0.0,0.0,0.0,0.0,-0.25881904510252157,0.9659258262890681,100.54,100.76,-0.21999999999999886,76.26662216389663,-0.0021881838074398136,1.0,-1.0,1.0,0,0.0,0.0,0.41801892960520903,0.0,0.0,0.455,0.00084366,0.88,0.0008400463714380856,1.31827,84.0,109.0,0.7706422018348624,-1.0,7.0,1.3228,1.30921,2.0,1.3228,-45.29999999999923,0.0,0.0,0.0,0.0,0.0,0.0,1.33048,-122.10000000000053,1.33743,-191.59999999999843,1.32054,-22.699999999999942,0.0,0.0,0.0,0.0,0.0,0.0,1.3253,-70.2999999999987,1.332635,-143.6499999999996,-1.0,-1.0,-1.0,1.0,0.0,-1.0,0.0,0.0,0.0,0.0,0.0,0.0,0.0,0.0,0.0,0.0,0.0,0.0,0.0,0.0,0.0,0.0,0.0,0.0,0.0,0.0,0.0,1.3336999999999999,0.0,0.0,0.0,0.0,0.0,0.0,0.0,0.0,0.0,0.0,0.0,0.0,0.0,0.0,0.0,1.0,0.0,1.0,0.0,0.0,0.0,0.0,0.10000000000000003,0.20000000000000007,0.0
1.0,1.0,0.0,0.0,0.0,0.0,0.0,0.0,0.0,0.0,0.0,0.0,0.0,0.0,0.0,1.0,0.0,0.0,0.0,0.0,-0.25881904510252157,0.9659258262890681,100.54,100.76,-0.21999999999999886,0.6295199393897651,-0.0021881838074398136,0.0,-1.0,-0.0,0,0.0,4.822869641109255,0.5710678461681535,0.0,0.0,0.58498,0.00065377,1.29,0.0005861544373028094,159.709,0.0,109.0,0.0,0.0,0.0,0.0,0.0,0.0,159.892,-18.299999999999272,0.0,0.0,0.0,0.0,0.0,0.0,159.41250000000002,29.649999999998045,157.2285,248.05000000000064,159.529,18.000000000000682,0.0,0.0,0.0,0.0,0.0,0.0,159.892,-18.299999999999272,158.98250000000002,72.64999999999873,-1.0,1.0,1.0,1.0,0.0,-1.0,0.0,0.0,0.0,0.0,0.0,0.0,0.0,0.0,0.0,0.0,0.0,0.0,0.0,0.0,0.0,0.0,0.0,0.0,1.0,0.0,0.0,0.0,0.0,0.0,0.0,0.0,0.0,0.0,0.0,0.0,0.0,0.0,0.0,0.0,0.0,0.0,1.0,0.0,1.0,0.0,1.0,0.0,0.0,0.0,0.0,0.0,-1.0
1.0,0.0,0.0,0.0,0.0,0.0,0.0,0.0,0.0,0.0,0.0,0.0,0.0,0.0,0.0,1.0,0.0,0.0,0.0,0.0,-0.25881904510252157,0.9659258262890681,100.54,100.76,-0.21999999999999886,146.7758653410999,-0.0021881838074398136,1.0,-1.0,1.0,0,0.0,3.650987923915991,0.5526047794836648,0.6188,0.3768,0.740332,0.00120369,2.31,0.0011365583587969166,0.68499,84.0,109.0,0.7706422018348624,-1.0,7.0,0.68565,0.68367,2.0,0.6856500000000001,-6.6000000000010495,0.0,0.0,0.0,0.0,0.0,0.0,0.6923250000000001,-73.35000000000092,0.70102,-160.2999999999999,0.68494,0.49999999999994493,0.0,0.0,0.0,0.0,0.0,0.0,0.686755,-17.650000000000166,0.697825,-128.35000000000042,-1.0,-1.0,-1.0,1.0,0.0,-1.0,0.0,0.0,0.0,0.0,0.0,0.0,0.0,0.0,0.0,0.0,0.0,0.0,0.0,0.0,0.0,0.0,0.0,0.0,1.0,0.0,0.0,0.70886,0.0,0.0,0.0,0.0,0.0,0.0,0.0,0.0,0.0,0.0,0.0,0.0,0.0,0.0,0.0,1.0,0.0,1.0,0.0,1.0,0.0,0.0,0.10000000000000003,0.20000000000000007,1.0
1.0,0.0,0.0,0.0,0.0,0.0,0.0,0.0,0.0,0.0,0.0,0.0,0.0,0.0,0.0,1.0,0.0,0.0,0.0,0.0,-0.25881904510252157,0.9659258262890681,100.54,100.76,-0.21999999999999886,72.18708042246746,-0.0021881838074398136,0.0,-1.0,-1.0,0,0.0,12.174959253516873,0.3426530318325079,0.5944,0.3426,0.562964,0.00052028,1.21,0.00047633822835611714,1.39277,84.0,109.0,0.7706422018348624,1.0,7.0,1.39104,1.39624,2.0,1.391035,17.35000000000042,0.0,0.0,0.0,0.0,0.0,0.0,1.383755,90.14999999999995,1.3735400000000002,192.2999999999986,1.39301,-2.4000000000001798,0.0,0.0,0.0,0.0,0.0,0.0,1.389615,31.55000000000019,1.38077,120.00000000000011,1.0,1.0,1.0,-1.0,0.0,1.0,0.0,0.0,0.0,0.0,0.0,0.0,0.0,0.0,0.0,0.0,0.0,0.0,0.0,0.0,0.0,0.0,0.0,0.0,0.0,0.0,0.0,0.0,0.0,0.0,1.34845,0.0,0.0,0.0,0.0,0.0,0.0,0.0,0.0,0.0,0.0,0.0,1.0,0.0,0.0,0.0,0.0,0.0,0.0,0.0,0.10000000000000003,0.20000000000000007,1.0
1.0,0.0,0.0,0.0,0.0,0.0,0.0,0.0,0.0,0.0,0.0,0.0,0.0,0.0,0.0,1.0,0.0,0.0,0.0,0.0,-0.25881904510252157,0.9659258262890681,100.54,100.76,-0.21999999999999886,125.741014032367,-0.0021881838074398136,0.0,-1.0,-1.0,0,0.0,13.684533495828644,0.42244777356551433,0.456,0.1694,0.645263,0.00074826,1.58,0.0006540880323981564,0.79958,84.0,109.0,0.7706422018348624,1.0,7.0,0.79812,0.80249,2.0,0.798125,14.54999999999984,0.0,0.0,0.0,0.0,0.0,0.0,0.79413,54.499999999999545,0.78413,154.49999999999963,0.800195,-6.150000000000322,0.0,0.0,0.0,0.0,0.0,0.0,0.798125,14.54999999999984,0.792355,72.24999999999926,1.0,1.0,1.0,-1.0,0.0,1.0,0.0,0.0,0.0,0.0,0.0,0.0,0.0,0.0,0.0,0.0,0.0,0.0,0.0,0.0,0.0,0.0,0.0,0.0,1.0,0.0,0.79498,0.0,0.0,0.0,0.0,0.0,0.0,0.0,0.0,0.0,0.0,0.0,0.0,0.0,0.0,0.0,0.0,0.0,1.0,0.0,0.0,0.0,0.0,0.0,0.10000000000000003,0.20000000000000007,0.0
1.0,0.0,0.0,0.0,0.0,0.0,0.0,0.0,0.0,0.0,0.0,0.0,0.0,0.0,0.0,0.0,1.0,0.0,0.0,0.0,-0.25881904510252157,0.9659258262890681,99.854,100.76,-0.9060000000000059,86.42823757508611,-0.009073246940533238,0.0,-1.0,-0.0,0,0.0,47.448612076494555,0.5778794307532742,0.0,0.0,0.679951,0.00077546,1.8,0.0008017140703735942,1.15534,0.0,109.0,0.0,0.0,0.0,0.0,0.0,0.0,1.15052,48.200000000000465,0.0,0.0,0.0,0.0,0.0,0.0,1.152095,32.44999999999942,1.16197,-66.29999999999913,1.15252,28.200000000000447,0.0,0.0,0.0,0.0,0.0,0.0,1.15032,50.200000000000244,1.1541350000000001,12.049999999999006,1.0,-1.0,-1.0,-1.0,0.0,1.0,0.0,0.0,0.0,0.0,0.0,0.0,0.0,0.0,0.0,0.0,0.0,0.0,0.0,0.0,0.0,0.0,0.0,0.0,1.0,0.0,0.0,0.0,0.0,0.0,0.0,0.0,0.0,0.0,0.0,0.0,0.0,0.0,0.0,0.0,0.0,0.0,1.0,0.0,0.0,0.0,0.0,0.0,0.0,0.0,0.0,0.0,-1.0
1.0,0.0,0.0,0.0,0.0,0.0,0.0,0.0,0.0,0.0,0.0,0.0,0.0,0.0,0.0,0.0,1.0,0.0,0.0,0.0,-0.25881904510252157,0.9659258262890681,99.854,100.76,-0.9060000000000059,75.50625349727024,-0.009073246940533238,0.0,-1.0,-0.0,0,0.0,1.6247702935945518,0.5364330694774518,0.0,0.0,0.667485,0.00111727,1.71,0.0010264982462118905,1.32246,0.0,109.0,0.0,0.0,0.0,0.0,0.0,0.0,1.32113,13.300000000000534,0.0,0.0,0.0,0.0,0.0,0.0,1.32799,-55.30000000000035,1.336695,-142.34999999999997,1.321785,6.749999999999812,0.0,0.0,0.0,0.0,0.0,0.0,1.32113,13.300000000000534,1.3319,-94.40000000000114,1.0,-1.0,-1.0,1.0,0.0,0.0,0.0,0.0,0.0,0.0,0.0,0.0,0.0,0.0,0.0,0.0,0.0,0.0,0.0,0.0,0.0,0.0,0.0,0.0,0.0,0.0,0.0,0.0,0.0,0.0,0.0,0.0,0.0,0.0,0.0,0.0,0.0,0.0,0.0,0.0,0.0,0.0,0.0,1.0,0.0,1.0,0.0,0.0,0.0,0.0,0.0,0.0,-1.0
1.0,1.0,0.0,0.0,0.0,0.0,0.0,0.0,0.0,0.0,0.0,0.0,0.0,0.0,0.0,0.0,1.0,0.0,0.0,0.0,-0.25881904510252157,0.9659258262890681,99.854,100.76,-0.9060000000000059,0.6291283912347686,-0.009073246940533238,0.0,-1.0,1.0,0,0.0,19.621259081500718,0.6382317937676796,0.491,0.509,0.533934,0.0007045,1.1,0.0006816944136897634,158.718,60.0,109.0,0.5504587155963303,-1.0,5.0,159.315,157.524,2.0,159.315,-59.70000000000084,0.0,0.0,0.0,0.0,0.0,0.0,159.5595,-84.15000000000248,157.4905,122.7499999999992,159.11,-39.20000000000243,0.0,0.0,0.0,0.0,0.0,0.0,159.315,-59.70000000000084,158.98250000000002,-26.45000000000266,-1.0,-1.0,1.0,1.0,0.0,-1.0,0.0,0.0,0.0,0.0,0.0,0.0,0.0,0.0,0.0,0.0,0.0,0.0,0.0,0.0,0.0,0.0,0.0,0.0,1.0,0.0,0.0,159.654,0.0,0.0,0.0,0.0,0.0,0.0,0.0,0.0,0.0,0.0,0.0,0.0,0.0,0.0,0.0,1.0,0.0,1.0,1.0,0.0,0.0,0.0,0.10000000000000003,0.20000000000000007,0.0
1.0,0.0,0.0,0.0,0.0,0.0,0.0,0.0,0.0,0.0,0.0,0.0,0.0,0.0,0.0,0.0,1.0,0.0,0.0,0.0,-0.25881904510252157,0.9659258262890681,99.854,100.76,-0.9060000000000059,144.70755318532258,-0.009073246940533238,0.0,-1.0,-0.0,0,0.0,58.187035985295395,0.5097744752504927,0.0,0.0,0.86004,0.0014425,4.6,0.0016991633441382724,0.69004,0.0,109.0,0.0,0.0,0.0,0.0,0.0,0.0,0.68687,31.70000000000006,0.0,0.0,0.0,0.0,0.0,0.0,0.690215,-1.7500000000003624,0.70102,-109.7999999999999,0.68693,31.09999999999946,0.0,0.0,0.0,0.0,0.0,0.0,0.68684,31.999999999999808,0.6971,-70.60000000000066,1.0,-1.0,-1.0,1.0,0.0,1.0,0.0,0.0,0.0,0.0,0.0,0.0,0.0,0.0,0.0,0.0,0.0,0.0,0.0,0.0,0.0,0.0,0.0,0.0,1.0,0.0,0.0,0.0,0.0,0.0,0.0,0.0,0.0,0.0,0.0,0.0,0.0,0.0,0.0,0.0,0.0,0.0,0.0,0.0,0.0,1.0,0.0,1.0,0.0,0.0,0.0,0.0,-1.0
1.0,0.0,0.0,0.0,0.0,0.0,0.0,0.0,0.0,0.0,0.0,0.0,0.0,0.0,0.0,0.0,1.0,0.0,0.0,0.0,-0.25881904510252157,0.9659258262890681,99.854,100.76,-0.9060000000000059,71.7661602150383,-0.009073246940533238,0.0,-1.0,-1.0,0,0.0,5.123603064088251,0.6053859528669645,0.3494,0.085,0.819064,0.00057892,3.47,0.0007577124768940093,1.39138,48.0,109.0,0.44036697247706424,1.0,4.0,1.38697,1.40021,2.0,1.393615,-22.34999999999987,0.0,0.0,0.0,0.0,0.0,0.0,1.386965,44.150000000000574,1.3746,167.80000000000018,1.393615,-22.34999999999987,0.0,0.0,0.0,0.0,0.0,0.0,1.393615,-22.34999999999987,1.38183,95.50000000000169,0.0,1.0,1.0,-1.0,0.0,0.0,0.0,0.0,0.0,0.0,0.0,0.0,0.0,0.0,0.0,0.0,0.0,0.0,0.0,0.0,0.0,0.0,0.0,0.0,1.0,0.0,0.0,0.0,0.0,0.0,0.0,0.0,0.0,0.0,0.0,0.0,0.0,0.0,0.0,0.0,0.0,0.0,0.0,0.0,1.0,0.0,0.0,0.0,0.0,0.0,0.10000000000000003,0.20000000000000007,0.0
1.0,0.0,0.0,0.0,0.0,0.0,0.0,0.0,0.0,0.0,0.0,0.0,0.0,0.0,0.0,0.0,1.0,0.0,0.0,0.0,-0.25881904510252157,0.9659258262890681,99.854,100.76,-0.9060000000000059,124.93775258686486,-0.009073246940533238,0.0,-1.0,-1.0,0,0.0,3.5906570643923135,0.3888802404354245,0.3362,0.0644,0.794858,0.00096361,3.02,0.0009862767060760038,0.79923,72.0,109.0,0.6605504587155964,1.0,6.0,0.79669,0.80431,2.0,0.8007150000000001,-14.850000000000696,0.0,0.0,0.0,0.0,0.0,0.0,0.79669,25.399999999999867,0.785605,136.24999999999997,0.80159,-23.600000000000286,0.0,0.0,0.0,0.0,0.0,0.0,0.8007150000000001,-14.850000000000696,0.79383,53.9999999999996,1.0,1.0,1.0,-1.0,0.0,1.0,0.0,0.0,0.0,0.0,0.0,0.0,0.0,0.0,0.0,0.0,0.0,0.0,0.0,0.0,0.0,0.0,0.0,0.0,0.0,0.0,0.0,0.0,0.0,0.0,0.0,0.0,0.0,0.0,0.0,0.0,0.0,0.0,0.0,0.0,0.0,0.0,0.0,0.0,1.0,0.0,0.0,0.0,0.0,0.0,0.10000000000000003,0.20000000000000007,0.0
1.0,0.0,0.0,0.0,0.0,0.0,0.0,0.0,0.0,0.0,0.0,0.0,0.0,0.0,0.0,0.0,0.0,1.0,0.0,0.0,-0.25881904510252157,0.9659258262890681,99.56,100.76,-1.2000000000000028,85.90312171046955,-0.012053033346725622,0.0,-1.0,-1.0,0,0.0,14.445788483054885,0.63002584837861,0.6012,0.3988,0.61432,0.00086105,1.42,0.0008654175210806354,1.1589800000000001,60.0,109.0,0.5504587155963303,1.0,5.0,1.15829,1.16035,2.0,1.1582949999999999,6.850000000002687,0.0,0.0,0.0,0.0,0.0,0.0,1.153505,54.75000000000119,1.16197,-29.89999999999826,1.16017,-11.899999999998023,0.0,0.0,0.0,0.0,0.0,0.0,1.15423,47.50000000000032,1.1541350000000001,48.44999999999988,1.0,1.0,-1.0,-1.0,0.0,1.0,0.0,0.0,0.0,0.0,0.0,0.0,0.0,0.0,0.0,0.0,0.0,0.0,0.0,0.0,0.0,0.0,0.0,0.0,0.0,0.0,0.0,0.0,1.15205,0.0,0.0,0.0,0.0,0.0,0.0,0.0,0.0,0.0,0.0,0.0,0.0,0.0,0.0,0.0,0.0,0.0,0.0,1.0,0.0,0.0,0.10000000000000003,0.20000000000000007,0.0
1.0,0.0,0.0,0.0,0.0,0.0,0.0,0.0,0.0,0.0,0.0,0.0,0.0,0.0,0.0,0.0,0.0,1.0,0.0,0.0,-0.25881904510252157,0.9659258262890681,99.56,100.76,-1.2000000000000028,74.83126136824858,-0.012053033346725622,0.0,-1.0,-0.0,0,0.0,46.01083417197615,0.3906691175522021,0.0,0.0,0.656374,0.00120512,1.65,0.0010293827952067346,1.33046,0.0,109.0,0.0,0.0,0.0,0.0,0.0,0.0,1.328255,22.050000000000125,0.0,0.0,0.0,0.0,0.0,0.0,1.32684,36.19999999999956,1.336695,-62.34999999999991,1.331935,-14.750000000001151,0.0,0.0,0.0,0.0,0.0,0.0,1.3259,45.59999999999897,1.3319,-14.400000000001079,1.0,-1.0,-1.0,1.0,0.0,1.0,0.0,0.0,0.0,0.0,0.0,0.0,0.0,0.0,0.0,0.0,0.0,0.0,0.0,0.0,0.0,0.0,0.0,0.0,1.0,0.0,0.0,0.0,0.0,0.0,0.0,0.0,0.0,0.0,0.0,0.0,0.0,0.0,0.0,0.0,0.0,0.0,0.0,0.0,0.0,0.0,0.0,0.0,0.0,0.0,0.0,0.0,-1.0
1.0,1.0,0.0,0.0,0.0,0.0,0.0,0.0,0.0,0.0,0.0,0.0,0.0,0.0,0.0,0.0,0.0,1.0,0.0,0.0,-0.25881904510252157,0.9659258262890681,99.56,100.76,-1.2000000000000028,0.6270390104422527,-0.012053033346725622,0.0,-1.0,-0.0,0,0.0,6.485718212087869,0.7522465737496449,0.0,0.0,0.686095,0.0008781,1.84,0.000789750510210389,158.778,0.0,109.0,0.0,0.0,0.0,0.0,0.0,0.0,158.6395,13.84999999999934,0.0,0.0,0.0,0.0,0.0,0.0,159.365,-58.70000000000175,157.9015,87.6499999999993,158.628,15.000000000000568,0.0,0.0,0.0,0.0,0.0,0.0,159.0195,-24.150000000000205,159.0285,-25.05000000000166,-1.0,-1.0,1.0,1.0,0.0,-1.0,0.0,0.0,0.0,0.0,0.0,0.0,0.0,0.0,0.0,0.0,0.0,0.0,0.0,0.0,0.0,0.0,0.0,0.0,0.0,0.0,0.0,159.654,0.0,0.0,0.0,0.0,0.0,0.0,0.0,0.0,0.0,0.0,0.0,0.0,0.0,0.0,0.0,1.0,0.0,1.0,1.0,0.0,0.0,0.0,0.0,0.0,-1.0
1.0,0.0,0.0,0.0,0.0,0.0,0.0,0.0,0.0,0.0,0.0,0.0,0.0,0.0,0.0,0.0,0.0,1.0,0.0,0.0,-0.25881904510252157,0.9659258262890681,99.56,100.76,-1.2000000000000028,143.69632676625534,-0.012053033346725622,0.0,-1.0,-1.0,0,0.0,29.804576660516563,0.41186549314818355,0.5958,0.4042,0.899683,0.00158047,6.56,0.001575058942895834,0.69285,60.0,109.0,0.5504587155963303,1.0,5.0,0.6924,0.69374,2.0,0.6924049999999999,4.450000000000287,0.0,0.0,0.0,0.0,0.0,0.0,0.68979,30.59999999999952,0.70102,-81.7000000000001,0.6937599999999999,-9.099999999999664,0.0,0.0,0.0,0.0,0.0,0.0,0.68988,29.69999999999917,0.696515,-36.65000000000029,1.0,1.0,-1.0,1.0,0.0,1.0,0.0,0.0,0.0,0.0,0.0,0.0,0.0,0.0,0.0,0.0,0.0,0.0,0.0,0.0,0.0,0.0,0.0,0.0,0.0,0.0,0.0,0.0,0.0,0.0,0.0,0.0,0.0,0.0,0.0,0.0,0.0,0.0,0.0,0.0,0.0,0.0,0.0,0.0,1.0,0.0,0.0,1.0,0.0,0.0,0.10000000000000003,0.20000000000000007,0.0
1.0,0.0,0.0,0.0,0.0,0.0,0.0,0.0,0.0,0.0,0.0,0.0,0.0,0.0,0.0,0.0,0.0,1.0,0.0,0.0,-0.25881904510252157,0.9659258262890681,99.56,100.76,-1.2000000000000028,71.744096389015,-0.012053033346725622,0.0,-1.0,-0.0,0,0.0,60.01703957744334,0.5507343295575498,0.0,0.0,0.678596,0.000607,1.79,0.0006120558536846925,1.38771,0.0,109.0,0.0,0.0,0.0,0.0,0.0,0.0,1.39049,-27.800000000000047,0.0,0.0,0.0,0.0,0.0,0.0,1.3893849999999999,-16.74999999999871,1.3746,131.09999999999954,1.388835,-11.250000000000426,0.0,0.0,0.0,0.0,0.0,0.0,1.39193,-42.19999999999891,1.38183,58.80000000000108,-1.0,1.0,1.0,-1.0,0.0,-1.0,0.0,0.0,0.0,0.0,0.0,0.0,0.0,0.0,0.0,0.0,0.0,0.0,0.0,0.0,0.0,0.0,0.0,0.0,0.0,0.0,0.0,0.0,0.0,0.0,1.34845,0.0,0.0,0.0,0.0,0.0,0.0,0.0,0.0,0.0,0.0,0.0,0.0,0.0,1.0,0.0,0.0,0.0,0.0,0.0,0.0,0.0,-1.0
1.0,0.0,0.0,0.0,0.0,0.0,0.0,0.0,0.0,0.0,0.0,0.0,0.0,0.0,0.0,0.0,0.0,1.0,0.0,0.0,-0.25881904510252157,0.9659258262890681,99.56,100.76,-1.2000000000000028,125.3572732652573,-0.012053033346725622,0.0,-1.0,-0.0,0,0.0,38.53796797187432,0.696556126384185,0.0,0.0,0.589056,0.00107456,1.31,0.0010465590474602313,0.79421,0.0,109.0,0.0,0.0,0.0,0.0,0.0,0.0,0.79569,-14.800000000000368,0.0,0.0,0.0,0.0,0.0,0.0,0.797355,-31.450000000000642,0.785605,86.04999999999974,0.79274,14.699999999999713,0.0,0.0,0.0,0.0,0.0,0.0,0.797355,-31.450000000000642,0.79383,3.7999999999993594,-1.0,0.0,1.0,-1.0,0.0,-1.0,0.0,0.0,0.0,0.0,0.0,0.0,0.0,0.0,0.0,0.0,0.0,0.0,0.0,0.0,0.0,0.0,0.0,0.0,0.0,0.0,0.0,0.0,0.0,0.0,0.0,0.0,0.0,0.0,0.0,0.0,0.0,0.0,0.0,0.0,0.0,0.0,0.0,0.0,0.0,0.0,0.0,0.0,0.0,0.0,0.0,0.0,-1.0
1.0,0.0,0.0,0.0,0.0,0.0,0.0,0.0,0.0,0.0,0.0,0.0,0.0,0.0,0.0,0.0,0.0,0.0,1.0,0.0,-0.25881904510252157,0.9659258262890681,99.989,100.76,-0.7710000000000008,86.65459146531703,-0.007710848193301271,0.0,-1.0,-0.0,0,0.0,17.17451038424578,0.7832537652989146,0.0,0.0,0.455,0.00094506,0.88,0.0009412137176787413,1.15388,0.0,109.0,0.0,0.0,0.0,0.0,0.0,0.0,1.15572,-18.400000000000638,0.0,0.0,0.0,0.0,0.0,0.0,1.153505,3.750000000000142,1.16197,-80.89999999999931,1.154045,-1.6499999999997073,0.0,0.0,0.0,0.0,0.0,0.0,1.1568049999999999,-29.249999999998444,1.1541350000000001,-2.5500000000011624,-1.0,1.0,-1.0,-1.0,0.0,0.0,0.0,0.0,0.0,0.0,0.0,0.0,0.0,0.0,0.0,0.0,0.0,0.0,0.0,0.0,0.0,0.0,0.0,0.0,0.0,1.15978,1.14581,0.0,0.0,0.0,0.0,0.0,0.0,0.0,0.0,0.0,0.0,0.0,0.0,0.0,0.0,0.0,1.0,0.0,1.0,0.0,0.0,1.0,0.0,0.0,0.0,0.0,-1.0
1.0,0.0,0.0,0.0,0.0,0.0,0.0,0.0,0.0,0.0,0.0,0.0,0.0,0.0,0.0,0.0,0.0,0.0,1.0,0.0,-0.25881904510252157,0.9659258262890681,99.989,100.76,-0.7710000000000008,75.6054774633084,-0.007710848193301271,1.0,-1.0,1.0,0,0.0,15.117536478603663,0.617205483451059,0.6208,0.3728,0.645263,0.00123657,1.58,0.001002260037282823,1.32251,72.0,109.0,0.6605504587155964,-1.0,6.0,1.32508,1.31738,2.0,1.325075,-25.649999999999284,0.0,0.0,0.0,0.0,0.0,0.0,1.325245,-27.34999999999932,1.336695,-141.84999999999891,1.322575,-0.6499999999998174,0.0,0.0,0.0,0.0,0.0,0.0,1.326375,-38.65000000000008,1.3319,-93.90000000000009,-1.0,1.0,-1.0,1.0,0.0,-1.0,0.0,0.0,0.0,0.0,0.0,0.0,0.0,0.0,0.0,0.0,0.0,0.0,0.0,0.0,0.0,0.0,0.0,0.0,1.0,1.3314599999999999,0.0,0.0,0.0,0.0,0.0,0.0,0.0,0.0,0.0,0.0,0.0,0.0,0.0,0.0,0.0,0.0,0.0,0.0,1.0,0.0,0.0,1.0,0.0,0.0,0.10000000000000003,0.20000000000000007,0.0
1.0,1.0,0.0,0.0,0.0,0.0,0.0,0.0,0.0,0.0,0.0,0.0,0.0,0.0,0.0,0.0,0.0,0.0,1.0,0.0,-0.25881904510252157,0.9659258262890681,99.989,100.76,-0.7710000000000008,0.6266663324078543,-0.007710848193301271,1.0,-1.0,-1.0,0,0.0,26.278619802984277,0.6014255037376354,0.5234,0.4766,0.519349,0.00092287,1.06,0.0008835525625112573,159.557,72.0,109.0,0.6605504587155964,1.0,6.0,159.365,159.941,2.0,159.142,41.499999999999204,0.0,0.0,0.0,0.0,0.0,0.0,159.365,19.199999999997885,157.9975,155.94999999999857,159.4765,8.050000000000068,0.0,0.0,0.0,0.0,0.0,0.0,159.027,53.000000000000114,159.2375,31.949999999997658,1.0,-1.0,1.0,1.0,0.0,1.0,0.0,0.0,0.0,0.0,0.0,0.0,0.0,0.0,0.0,0.0,0.0,0.0,0.0,0.0,0.0,0.0,0.0,0.0,0.0,0.0,158.579,0.0,0.0,0.0,0.0,0.0,0.0,0.0,0.0,0.0,0.0,0.0,0.0,0.0,0.0,0.0,1.0,0.0,0.0,0.0,1.0,0.0,0.0,0.0,0.10000000000000003,0.20000000000000007,0.0
1.0,0.0,0.0,0.0,0.0,0.0,0.0,0.0,0.0,0.0,0.0,0.0,0.0,0.0,0.0,0.0,0.0,0.0,1.0,0.0,-0.25881904510252157,0.9659258262890681,99.989,100.76,-0.7710000000000008,144.69141161999855,-0.007710848193301271,0.0,-1.0,-0.0,0,0.0,9.527690315604607,0.449467365622531,0.0,0.0,0.455,0.00174102,0.88,0.0017335527767930873,0.69105,0.0,109.0,0.0,0.0,0.0,0.0,0.0,0.0,0.69,10.500000000001064,0.0,0.0,0.0,0.0,0.0,0.0,0.68979,12.600000000000389,0.70102,-99.69999999999924,0.689145,19.050000000000455,0.0,0.0,0.0,0.0,0.0,0.0,0.691105,-0.5499999999991623,0.694775,-37.24999999999979,-1.0,1.0,-1.0,1.0,0.0,0.0,0.0,0.0,0.0,0.0,0.0,0.0,0.0,0.0,0.0,0.0,0.0,0.0,0.0,0.0,0.0,0.0,0.0,0.0,0.0,0.0,0.685,0.0,0.0,0.0,0.0,0.0,0.0,0.0,0.0,0.0,0.0,0.0,0.0,0.0,0.0,0.0,0.0,1.0,1.0,0.0,0.0,1.0,0.0,0.0,0.0,0.0,-1.0
1.0,0.0,0.0,0.0,0.0,0.0,0.0,0.0,0.0,0.0,0.0,0.0,0.0,0.0,0.0,0.0,0.0,0.0,1.0,0.0,-0.25881904510252157,0.9659258262890681,99.989,100.76,-0.7710000000000008,71.83582271842289,-0.007710848193301271,0.0,-1.0,-1.0,0,0.0,13.08927716875646,0.6790365065690808,0.6134,0.3864,0.70386,0.00057226,1.97,0.0004572095325779892,1.39191,60.0,109.0,0.5504587155963303,1.0,5.0,1.39086,1.39401,2.0,1.390115,17.94999999999991,0.0,0.0,0.0,0.0,0.0,0.0,1.39086,10.499999999999954,1.3746,173.09999999999937,1.39165,2.5999999999992696,0.0,0.0,0.0,0.0,0.0,0.0,1.390115,17.94999999999991,1.38183,100.80000000000089,1.0,-1.0,1.0,-1.0,0.0,0.0,0.0,0.0,0.0,0.0,0.0,0.0,0.0,0.0,0.0,0.0,0.0,0.0,0.0,0.0,0.0,0.0,0.0,0.0,1.0,0.0,0.0,0.0,0.0,0.0,1.34845,0.0,0.0,0.0,0.0,0.0,0.0,0.0,0.0,0.0,0.0,0.0,0.0,1.0,0.0,1.0,1.0,0.0,0.0,0.0,0.10000000000000003,0.20000000000000007,1.0
1.0,0.0,0.0,0.0,0.0,0.0,0.0,0.0,0.0,0.0,0.0,0.0,0.0,0.0,0.0,0.0,0.0,0.0,1.0,0.0,-0.25881904510252157,0.9659258262890681,99.989,100.76,-0.7710000000000008,125.21319892304803,-0.007710848193301271,0.0,-1.0,-1.0,0,0.0,12.934381435850586,0.7142878532775401,0.605,0.3524,0.461111,0.00116457,0.9,0.0011544764957143374,0.79855,72.0,109.0,0.6605504587155964,1.0,6.0,0.79736,0.80094,2.0,0.7968200000000001,17.29999999999898,0.0,0.0,0.0,0.0,0.0,0.0,0.797355,11.949999999999461,0.785605,129.44999999999985,0.7991,-5.5000000000005045,0.0,0.0,0.0,0.0,0.0,0.0,0.795675,28.74999999999961,0.79383,47.19999999999946,1.0,-1.0,1.0,-1.0,0.0,1.0,0.0,0.0,0.0,0.0,0.0,0.0,0.0,0.0,0.0,0.0,0.0,0.0,0.0,0.0,0.0,0.0,0.0,0.0,0.0,0.0,0.79293,0.0,0.0,0.0,0.0,0.0,0.0,0.0,0.0,0.0,0.0,0.0,0.0,0.0,0.0,0.0,1.0,0.0,0.0,1.0,0.0,0.0,0.0,0.0,0.10000000000000003,0.20000000000000007,0.0
1.0,0.0,0.0,0.0,0.0,0.0,0.0,0.0,0.0,0.0,0.0,0.0,0.0,0.0,0.0,0.0,0.0,0.0,0.0,1.0,-0.25881904510252157,0.9659258262890681,0.0,100.76,-100.76,0.0,0.0,1.0,-1.0,1.0,0,0.0,36.71089113166882,0.6584342421164318,0.6076,0.3706,0.925877,0.00082435,9.0,0.000807888425270176,1.15138,72.0,109.0,0.6605504587155964,-1.0,6.0,1.15295,1.14823,2.0,1.152955,-15.74999999999882,0.0,0.0,0.0,0.0,0.0,0.0,1.153505,-21.249999999999325,1.161865,-104.84999999999856,1.1528,-14.199999999999768,0.0,0.0,0.0,0.0,0.0,0.0,1.15365,-22.699999999999942,1.15368,-22.999999999999687,-1.0,1.0,-1.0,-1.0,0.0,-1.0,0.0,0.0,0.0,0.0,0.0,0.0,0.0,0.0,0.0,0.0,0.0,0.0,0.0,0.0,0.0,0.0,0.0,0.0,0.0,1.15978,0.0,1.15978,0.0,0.0,0.0,0.0,0.0,0.0,0.0,0.0,0.0,0.0,0.0,0.0,0.0,0.0,0.0,0.0,0.0,0.0,0.0,1.0,0.0,0.0,0.10000000000000003,0.20000000000000007,0.0
1.0,0.0,0.0,0.0,0.0,0.0,0.0,0.0,0.0,0.0,0.0,0.0,0.0,0.0,0.0,0.0,0.0,0.0,0.0,1.0,-0.25881904510252157,0.9659258262890681,0.0,100.76,-100.76,0.0,0.0,1.0,-1.0,1.0,0,0.0,32.396148521885934,0.7939793575063833,0.62,0.3734,0.993267,0.00116083,102.6,0.0006699680803080158,1.31886,84.0,109.0,0.7706422018348624,-1.0,7.0,1.32139,1.3138,2.0,1.32139,-25.300000000001432,0.0,0.0,0.0,0.0,0.0,0.0,1.325245,-63.85000000000085,1.33335,-144.90000000000114,1.321145,-22.850000000000925,0.0,0.0,0.0,0.0,0.0,0.0,1.32163,-27.700000000001612,1.3302,-113.40000000000128,-1.0,-1.0,-1.0,1.0,0.0,-1.0,0.0,0.0,0.0,0.0,0.0,0.0,0.0,0.0,0.0,0.0,0.0,0.0,0.0,0.0,0.0,0.0,0.0,0.0,1.0,1.32926,0.0,1.3314599999999999,0.0,0.0,0.0,0.0,0.0,0.0,0.0,0.0,0.0,0.0,0.0,0.0,0.0,0.0,0.0,0.0,0.0,0.0,0.0,1.0,0.0,0.0,0.10000000000000003,0.20000000000000007,0.0
1.0,1.0,0.0,0.0,0.0,0.0,0.0,0.0,0.0,0.0,0.0,0.0,0.0,0.0,0.0,0.0,0.0,0.0,0.0,1.0,-0.25881904510252157,0.9659258262890681,0.0,100.76,-100.76,0.0,0.0,1.0,-1.0,-1.0,0,0.0,17.706395321567584,0.4919503097564414,0.5414,0.4586,0.997261,0.00084831,252.72,0.0003493074857346789,159.569,72.0,109.0,0.6605504587155964,1.0,6.0,159.1205,160.466,2.0,159.609,-4.000000000002046,0.0,0.0,0.0,0.0,0.0,0.0,159.1205,44.84999999999957,157.9975,157.1499999999986,159.615,-4.600000000002069,0.0,0.0,0.0,0.0,0.0,0.0,159.512,5.699999999998795,159.339,22.999999999998977,1.0,1.0,1.0,1.0,0.0,1.0,0.0,0.0,0.0,0.0,0.0,0.0,0.0,0.0,0.0,0.0,0.0,0.0,0.0,0.0,0.0,0.0,0.0,0.0,0.0,0.0,158.579,0.0,158.541,0.0,0.0,0.0,0.0,0.0,0.0,0.0,0.0,0.0,0.0,0.0,0.0,0.0,0.0,1.0,1.0,0.0,1.0,0.0,0.0,0.0,0.10000000000000003,0.20000000000000007,0.0
1.0,0.0,0.0,0.0,0.0,0.0,0.0,0.0,0.0,0.0,0.0,0.0,0.0,0.0,0.0,0.0,0.0,0.0,0.0,1.0,-0.25881904510252157,0.9659258262890681,0.0,100.76,-100.76,0.0,0.0,1.0,-1.0,1.0,0,0.0,28.123297782440154,0.6802626201349274,0.6258,0.3628,0.993267,0.00161189,102.6,0.0008259490149327737,0.68876,84.0,109.0,0.7706422018348624,-1.0,7.0,0.68979,0.6867,2.0,0.6899649999999999,-12.049999999999006,0.0,0.0,0.0,0.0,0.0,0.0,0.68979,-10.299999999999754,0.70102,-122.59999999999937,0.68973,-9.699999999999154,0.0,0.0,0.0,0.0,0.0,0.0,0.6888749999999999,-1.149999999998652,0.6928700000000001,-41.10000000000058,-1.0,-1.0,-1.0,1.0,0.0,-1.0,0.0,0.0,0.0,0.0,0.0,0.0,0.0,0.0,0.0,0.0,0.0,0.0,0.0,0.0,0.0,0.0,0.0,0.0,0.0,0.69346,0.68486,0.69346,0.0,0.0,0.0,0.0,0.0,0.0,0.0,0.0,0.0,0.0,0.0,0.0,0.0,0.0,0.0,1.0,0.0,0.0,0.0,1.0,0.0,0.0,0.10000000000000003,0.20000000000000007,0.0
1.0,0.0,0.0,0.0,0.0,0.0,0.0,0.0,0.0,0.0,0.0,0.0,0.0,0.0,0.0,0.0,0.0,0.0,0.0,1.0,-0.25881904510252157,0.9659258262890681,0.0,100.76,-100.76,0.0,0.0,0.0,-1.0,-1.0,0,0.0,33.32056211387517,0.6476929548041299,0.5632,0.4368,0.957325,0.0005734,15.89,0.0004885970926043605,1.39336,84.0,109.0,0.7706422018348624,1.0,7.0,1.39302,1.39405,2.0,1.3930150000000001,3.4499999999981767,0.0,0.0,0.0,0.0,0.0,0.0,1.391785,15.74999999999882,1.3746,187.5999999999989,1.39374,-3.8000000000004697,0.0,0.0,0.0,0.0,0.0,0.0,1.39279,5.699999999999594,1.38414,92.20000000000006,1.0,1.0,1.0,-1.0,0.0,1.0,0.0,0.0,0.0,0.0,0.0,0.0,0.0,0.0,0.0,0.0,0.0,0.0,0.0,0.0,0.0,0.0,0.0,0.0,1.0,0.0,0.0,0.0,0.0,0.0,1.34845,0.0,0.0,0.0,0.0,0.0,0.0,0.0,0.0,0.0,0.0,0.0,0.0,0.0,0.0,0.0,1.0,0.0,0.0,0.0,0.10000000000000003,0.20000000000000007,1.0
1.0,0.0,0.0,0.0,0.0,0.0,0.0,0.0,0.0,0.0,0.0,0.0,0.0,0.0,0.0,0.0,0.0,0.0,0.0,1.0,-0.25881904510252157,0.9659258262890681,0.0,100.76,-100.76,0.0,0.0,0.0,-1.0,-1.0,0,0.0,20.79353859922767,0.762357456942417,0.5316,0.4684,0.645363,0.00117457,1.58,0.0013385152487390764,0.79923,84.0,109.0,0.7706422018348624,1.0,7.0,0.79912,0.79944,2.0,0.799125,1.0500000000002174,0.0,0.0,0.0,0.0,0.0,0.0,0.797355,18.749999999999602,0.785605,136.24999999999997,0.799545,-3.149999999999542,0.0,0.0,0.0,0.0,0.0,0.0,0.799125,1.0500000000002174,0.794705,45.250000000000014,1.0,1.0,1.0,-1.0,0.0,1.0,0.0,0.0,0.0,0.0,0.0,0.0,0.0,0.0,0.0,0.0,0.0,0.0,0.0,0.0,0.0,0.0,0.0,0.0,0.0,0.0,0.79293,0.0,0.79293,0.0,0.0,0.0,0.0,0.0,0.0,0.0,0.0,0.0,0.0,0.0,0.0,0.0,0.0,1.0,0.0,0.0,1.0,0.0,0.0,0.0,0.10000000000000003,0.20000000000000007,1.0
1.0,0.0,0.0,0.0,0.0,0.0,0.0,0.0,0.0,0.0,0.0,0.0,0.0,0.0,0.0,1.0,0.0,0.0,0.0,0.0,-0.25881904510252157,0.9659258262890681,99.975,100.76,-0.7850000000000108,86.61768655617261,-0.007851962990747795,0.0,-1.0,-0.0,0,0.0,11.579748137935942,0.6223417294220767,0.0,0.0,0.455,0.00078778,0.88,0.0007844212629671946,1.15421,0.0,109.0,0.0,0.0,0.0,0.0,0.0,0.0,1.1538300000000001,3.7999999999982492,0.0,0.0,0.0,0.0,0.0,0.0,1.156385,-21.75000000000038,1.16032,-61.1000000000006,1.15528,-10.700000000001264,0.0,0.0,0.0,0.0,0.0,0.0,1.1538300000000001,3.7999999999982492,1.15368,5.299999999999194,1.0,-1.0,-1.0,-1.0,0.0,0.0,0.0,0.0,0.0,0.0,0.0,0.0,0.0,0.0,0.0,0.0,0.0,0.0,0.0,0.0,0.0,0.0,0.0,0.0,0.0,0.0,0.0,0.0,0.0,0.0,0.0,0.0,0.0,0.0,0.0,0.0,0.0,0.0,0.0,0.0,0.0,0.0,0.0,1.0,0.0,1.0,0.0,1.0,0.0,0.0,0.0,0.0,-1.0
1.0,0.0,0.0,0.0,0.0,0.0,0.0,0.0,0.0,0.0,0.0,0.0,0.0,0.0,0.0,1.0,0.0,0.0,0.0,0.0,-0.25881904510252157,0.9659258262890681,99.975,100.76,-0.7850000000000108,75.54119913861499,-0.007851962990747795,0.0,-1.0,-0.0,0,0.0,13.575034118497786,0.7812332126583874,0.0,0.0,0.889503,0.00087231,5.92,0.0008661610151091676,1.32345,0.0,109.0,0.0,0.0,0.0,0.0,0.0,0.0,1.3222749999999999,11.750000000001481,0.0,0.0,0.0,0.0,0.0,0.0,1.3259,-24.500000000000632,1.3321,-86.50000000000047,1.3243049999999998,-8.549999999998281,0.0,0.0,0.0,0.0,0.0,0.0,1.3222749999999999,11.750000000001481,1.329745,-62.94999999999939,1.0,-1.0,-1.0,-1.0,0.0,0.0,0.0,0.0,0.0,0.0,0.0,0.0,0.0,0.0,0.0,0.0,0.0,0.0,0.0,0.0,0.0,0.0,0.0,0.0,1.0,1.3314599999999999,0.0,1.3314599999999999,0.0,0.0,0.0,0.0,0.0,0.0,0.0,0.0,0.0,0.0,0.0,0.0,0.0,0.0,0.0,1.0,0.0,1.0,0.0,1.0,0.0,0.0,0.0,0.0,-1.0
1.0,1.0,0.0,0.0,0.0,0.0,0.0,0.0,0.0,0.0,0.0,0.0,0.0,0.0,0.0,1.0,0.0,0.0,0.0,0.0,-0.25881904510252157,0.9659258262890681,99.975,100.76,-0.7850000000000108,0.6260841792801989,-0.007851962990747795,1.0,-1.0,-1.0,0,0.0,12.187846835449673,0.4958209448492946,0.5218,0.4782,0.901734,0.00069636,6.7,0.0006753390222598417,159.683,84.0,109.0,0.7706422018348624,1.0,7.0,159.566,159.917,2.0,159.566,11.699999999999022,0.0,0.0,0.0,0.0,0.0,0.0,159.049,63.39999999999861,158.27100000000002,141.19999999999777,159.58100000000002,10.199999999997544,0.0,0.0,0.0,0.0,0.0,0.0,159.566,11.699999999999022,159.365,31.799999999998363,1.0,1.0,1.0,1.0,0.0,1.0,0.0,0.0,0.0,0.0,0.0,0.0,0.0,0.0,0.0,0.0,0.0,0.0,0.0,0.0,0.0,0.0,0.0,0.0,0.0,0.0,158.579,0.0,158.541,0.0,0.0,0.0,0.0,0.0,0.0,0.0,0.0,0.0,0.0,0.0,0.0,0.0,0.0,1.0,1.0,0.0,1.0,0.0,0.0,0.0,0.10000000000000003,0.20000000000000007,0.0
1.0,0.0,0.0,0.0,0.0,0.0,0.0,0.0,0.0,0.0,0.0,0.0,0.0,0.0,0.0,1.0,0.0,0.0,0.0,0.0,-0.25881904510252157,0.9659258262890681,99.975,100.76,-0.7850000000000108,144.51013269347519,-0.007851962990747795,0.0,-1.0,-1.0,0,0.0,29.440292821915165,0.7156362413770643,0.5786,0.312,0.932238,0.00117875,9.88,0.0009702958842834442,0.69182,60.0,109.0,0.5504587155963303,1.0,5.0,0.69071,0.69405,2.0,0.690705,11.149999999999771,0.0,0.0,0.0,0.0,0.0,0.0,0.68988,19.399999999999416,0.70102,-91.99999999999986,0.692175,-3.549999999999942,0.0,0.0,0.0,0.0,0.0,0.0,0.690705,11.149999999999771,0.691845,-0.2500000000005276,1.0,1.0,-1.0,1.0,0.0,1.0,0.0,0.0,0.0,0.0,0.0,0.0,0.0,0.0,0.0,0.0,0.0,0.0,0.0,0.0,0.0,0.0,0.0,0.0,0.0,0.0,0.0,0.0,0.0,0.0,0.0,0.0,0.0,0.0,0.0,0.0,0.0,0.0,0.0,0.0,0.0,0.0,0.0,1.0,0.0,0.0,0.0,1.0,0.0,0.0,0.10000000000000003,0.20000000000000007,1.0
1.0,0.0,0.0,0.0,0.0,0.0,0.0,0.0,0.0,0.0,0.0,0.0,0.0,0.0,0.0,1.0,0.0,0.0,0.0,0.0,-0.25881904510252157,0.9659258262890681,99.975,100.76,-0.7850000000000108,71.87017001545595,-0.007851962990747795,0.0,-1.0,-0.0,0,0.0,19.103642626691098,0.6711615010129186,0.0,0.0,0.901734,0.00045274,6.7,0.00043581420152596863,1.39105,0.0,109.0,0.0,0.0,0.0,0.0,0.0,0.0,1.39252,-14.700000000000824,0.0,0.0,0.0,0.0,0.0,0.0,1.391785,-7.350000000001522,1.3746,164.49999999999852,1.3913449999999998,-2.949999999999342,0.0,0.0,0.0,0.0,0.0,0.0,1.39257,-15.200000000001879,1.385825,52.24999999999813,-1.0,1.0,1.0,-1.0,0.0,0.0,0.0,0.0,0.0,0.0,0.0,0.0,0.0,0.0,0.0,0.0,0.0,0.0,0.0,0.0,0.0,0.0,0.0,0.0,2.0,0.0,0.0,0.0,0.0,0.0,1.34845,0.0,0.0,0.0,0.0,0.0,0.0,0.0,0.0,0.0,0.0,0.0,0.0,0.0,1.0,0.0,1.0,0.0,0.0,0.0,0.0,0.0,-1.0
1.0,0.0,0.0,0.0,0.0,0.0,0.0,0.0,0.0,0.0,0.0,0.0,0.0,0.0,0.0,1.0,0.0,0.0,0.0,0.0,-0.25881904510252157,0.9659258262890681,99.975,100.76,-0.7850000000000108,125.27253589955642,-0.007851962990747795,0.0,-1.0,-0.0,0,0.0,14.658112919662317,0.5953467727832946,0.0,0.0,0.455,0.0009913,0.88,0.0009871697699167141,0.79806,0.0,109.0,0.0,0.0,0.0,0.0,0.0,0.0,0.79897,-9.099999999999664,0.0,0.0,0.0,0.0,0.0,0.0,0.797355,7.049999999999557,0.785605,124.54999999999994,0.797455,6.049999999999667,0.0,0.0,0.0,0.0,0.0,0.0,0.79897,-9.099999999999664,0.795605,24.549999999999848,-1.0,1.0,1.0,-1.0,0.0,0.0,0.0,0.0,0.0,0.0,0.0,0.0,0.0,0.0,0.0,0.0,0.0,0.0,0.0,0.0,0.0,0.0,0.0,0.0,0.0,0.0,0.79293,0.0,0.79293,0.0,0.0,0.0,0.0,0.0,0.0,0.0,0.0,0.0,0.0,0.0,0.0,0.0,0.0,0.0,1.0,0.0,1.0,0.0,0.0,0.0,0.0,0.0,-1.0
1.0,0.0,0.0,0.0,0.0,0.0,0.0,0.0,0.0,0.0,0.0,0.0,0.0,0.0,0.0,0.0,1.0,0.0,0.0,0.0,-0.25881904510252157,0.9659258262890681,99.63,100.76,-1.1300000000000097,85.91607595591658,-0.011341965271504665,0.0,-1.0,-1.0,0,0.0,41.89538901995796,0.5964639637189912,0.4254,0.1368,0.461111,0.0006729,0.9,0.0006770769674530575,1.15962,60.0,109.0,0.5504587155963303,1.0,5.0,1.15661,1.16564,2.0,1.156455,31.650000000000844,0.0,0.0,0.0,0.0,0.0,0.0,1.15661,30.100000000001792,1.15587,37.50000000000142,1.157945,16.75000000000093,0.0,0.0,0.0,0.0,0.0,0.0,1.156455,31.650000000000844,1.153505,61.15000000000093,1.0,-1.0,-1.0,-1.0,0.0,1.0,0.0,0.0,0.0,0.0,0.0,0.0,0.0,0.0,0.0,0.0,0.0,0.0,0.0,0.0,0.0,0.0,0.0,0.0,0.0,0.0,0.0,0.0,0.0,0.0,0.0,0.0,0.0,0.0,0.0,0.0,0.0,0.0,0.0,0.0,0.0,0.0,0.0,1.0,1.0,0.0,0.0,1.0,0.0,0.0,0.10000000000000003,0.20000000000000007,1.0
1.0,0.0,0.0,0.0,0.0,0.0,0.0,0.0,0.0,0.0,0.0,0.0,0.0,0.0,0.0,0.0,1.0,0.0,0.0,0.0,-0.25881904510252157,0.9659258262890681,99.63,100.76,-1.1300000000000097,74.9373829455965,-0.011341965271504665,0.0,-1.0,-0.0,0,0.0,66.08008214269519,0.5449515749785657,0.0,0.0,0.612029,0.00083197,1.41,0.0009338487125927847,1.32951,0.0,109.0,0.0,0.0,0.0,0.0,0.0,0.0,1.325565,39.44999999999865,0.0,0.0,0.0,0.0,0.0,0.0,1.326165,33.449999999999314,1.3321,-25.900000000000922,1.3267950000000002,27.14999999999801,0.0,0.0,0.0,0.0,0.0,0.0,1.325565,39.44999999999865,1.32684,26.699999999999502,1.0,-1.0,-1.0,-1.0,0.0,1.0,0.0,0.0,0.0,0.0,0.0,0.0,0.0,0.0,0.0,0.0,0.0,0.0,0.0,0.0,0.0,0.0,0.0,0.0,1.0,0.0,1.32268,0.0,0.0,0.0,0.0,0.0,0.0,0.0,0.0,0.0,0.0,0.0,0.0,0.0,0.0,0.0,0.0,1.0,1.0,0.0,0.0,1.0,0.0,0.0,0.0,0.0,-1.0
1.0,1.0,0.0,0.0,0.0,0.0,0.0,0.0,0.0,0.0,0.0,0.0,0.0,0.0,0.0,0.0,1.0,0.0,0.0,0.0,-0.25881904510252157,0.9659258262890681,99.63,100.76,-1.1300000000000097,0.623990079290519,-0.011341965271504665,1.0,-1.0,-1.0,0,0.0,3.4847915958217395,0.43341210126201474,0.5288,0.4712,0.931162,0.00058216,9.72,0.0006296314309028232,159.666,72.0,109.0,0.6605504587155964,1.0,6.0,159.2175,160.563,2.0,159.748,-8.199999999999363,0.0,0.0,0.0,0.0,0.0,0.0,159.2175,44.84999999999957,158.45499999999998,121.10000000000127,159.76749999999998,-10.149999999998727,0.0,0.0,0.0,0.0,0.0,0.0,159.687,-2.1000000000015007,159.365,30.099999999998772,1.0,1.0,1.0,1.0,0.0,1.0,0.0,0.0,0.0,0.0,0.0,0.0,0.0,0.0,0.0,0.0,0.0,0.0,0.0,0.0,0.0,0.0,0.0,0.0,0.0,0.0,0.0,0.0,158.541,0.0,0.0,0.0,0.0,0.0,0.0,0.0,0.0,0.0,0.0,0.0,0.0,0.0,0.0,0.0,1.0,0.0,1.0,0.0,0.0,0.0,0.10000000000000003,0.20000000000000007,0.0
1.0,0.0,0.0,0.0,0.0,0.0,0.0,0.0,0.0,0.0,0.0,0.0,0.0,0.0,0.0,0.0,1.0,0.0,0.0,0.0,-0.25881904510252157,0.9659258262890681,99.63,100.76,-1.1300000000000097,142.8305186799323,-0.011341965271504665,0.0,-1.0,-1.0,0,0.0,60.973680425612784,0.706578394405083,0.0888,0.0014,0.917009,0.00097832,8.0,0.0010808263402682773,0.69754,60.0,109.0,0.5504587155963303,1.0,5.0,0.69381,0.705,2.0,0.69381,37.30000000000011,0.0,0.0,0.0,0.0,0.0,0.0,0.691875,56.65000000000031,0.70102,-34.79999999999927,0.6951149999999999,24.250000000001215,0.0,0.0,0.0,0.0,0.0,0.0,0.69381,37.30000000000011,0.6905600000000001,69.79999999999987,1.0,1.0,-1.0,1.0,0.0,1.0,0.0,0.0,0.0,0.0,0.0,0.0,0.0,0.0,0.0,0.0,0.0,0.0,0.0,0.0,0.0,0.0,0.0,0.0,0.0,0.0,0.0,0.0,0.0,0.0,0.0,0.0,0.0,0.0,0.0,0.0,0.0,0.0,0.0,0.0,0.0,0.0,0.0,1.0,1.0,0.0,0.0,1.0,0.0,0.0,0.10000000000000003,0.20000000000000007,1.0
1.0,0.0,0.0,0.0,0.0,0.0,0.0,0.0,0.0,0.0,0.0,0.0,0.0,0.0,0.0,0.0,1.0,0.0,0.0,0.0,-0.25881904510252157,0.9659258262890681,99.63,100.76,-1.1300000000000097,71.74180726275085,-0.011341965271504665,1.0,-1.0,1.0,0,0.0,46.20423106692487,0.4911214846587485,0.4838,0.1878,0.455,0.00037641,0.88,0.0003772781497227204,1.38873,60.0,109.0,0.5504587155963303,-1.0,5.0,1.39082,1.38454,2.0,1.390825,-20.94999999999958,0.0,0.0,0.0,0.0,0.0,0.0,1.390915,-21.849999999998815,1.3746,141.29999999999976,1.390595,-18.650000000000055,0.0,0.0,0.0,0.0,0.0,0.0,1.390825,-20.94999999999958,1.388465,2.649999999999597,-1.0,-1.0,1.0,-1.0,0.0,-1.0,0.0,0.0,0.0,0.0,0.0,0.0,0.0,0.0,0.0,0.0,0.0,0.0,0.0,0.0,0.0,0.0,0.0,0.0,0.0,0.0,0.0,0.0,0.0,0.0,1.34845,0.0,0.0,0.0,0.0,0.0,0.0,0.0,0.0,0.0,0.0,0.0,0.0,1.0,0.0,1.0,0.0,0.0,0.0,0.0,0.10000000000000003,0.20000000000000007,1.0
1.0,0.0,0.0,0.0,0.0,0.0,0.0,0.0,0.0,0.0,0.0,0.0,0.0,0.0,0.0,0.0,1.0,0.0,0.0,0.0,-0.25881904510252157,0.9659258262890681,99.63,100.76,-1.1300000000000097,124.91693519064157,-0.011341965271504665,0.0,-1.0,-1.0,0,0.0,39.34969595548759,0.5187547189245933,0.5814,0.293,0.455,0.00085662,0.88,0.0008571049714039922,0.79757,60.0,109.0,0.5504587155963303,1.0,5.0,0.79647,0.79977,2.0,0.7990200000000001,-14.500000000000624,0.0,0.0,0.0,0.0,0.0,0.0,0.79647,10.999999999999899,0.78951,80.59999999999957,0.7991900000000001,-16.200000000000657,0.0,0.0,0.0,0.0,0.0,0.0,0.798605,-10.350000000000081,0.797355,2.149999999999652,1.0,1.0,1.0,-1.0,0.0,-1.0,0.0,0.0,0.0,0.0,0.0,0.0,0.0,0.0,0.0,0.0,0.0,0.0,0.0,0.0,0.0,0.0,0.0,0.0,0.0,0.0,0.0,0.0,0.79293,0.0,0.0,0.0,0.0,0.0,0.0,0.0,0.0,0.0,0.0,0.0,0.0,0.0,0.0,0.0,0.0,1.0,1.0,0.0,0.0,0.0,0.10000000000000003,0.20000000000000007,0.0
1.0,0.0,0.0,0.0,0.0,0.0,0.0,0.0,0.0,0.0,0.0,0.0,0.0,0.0,0.0,0.0,0.0,1.0,0.0,0.0,-0.25881904510252157,0.9659258262890681,99.025,100.76,-1.7349999999999994,84.91981819741018,-0.017520828073718752,0.0,-1.0,-1.0,0,0.0,22.97716945016352,0.7005859846798332,0.6066,0.3934,0.455,0.00105545,0.88,0.001056436423048646,1.1661,84.0,109.0,0.7706422018348624,1.0,7.0,1.16473,1.16884,2.0,1.16473,13.699999999998713,0.0,0.0,0.0,0.0,0.0,0.0,1.16134,47.59999999999876,1.15661,94.89999999999998,1.1682549999999998,-21.54999999999907,0.0,0.0,0.0,0.0,0.0,0.0,1.16337,27.29999999999899,1.158235,78.6500000000001,1.0,1.0,1.0,-1.0,0.0,1.0,0.0,0.0,0.0,0.0,0.0,0.0,0.0,0.0,0.0,0.0,0.0,0.0,0.0,0.0,0.0,0.0,0.0,0.0,0.0,0.0,1.15932,0.0,1.15664,0.0,0.0,0.0,0.0,0.0,0.0,0.0,0.0,0.0,0.0,0.0,0.0,0.0,1.0,0.0,1.0,0.0,0.0,0.0,0.0,0.0,0.10000000000000003,0.20000000000000007,1.0
1.0,0.0,0.0,0.0,0.0,0.0,0.0,0.0,0.0,0.0,0.0,0.0,0.0,0.0,0.0,0.0,0.0,1.0,0.0,0.0,-0.25881904510252157,0.9659258262890681,99.025,100.76,-1.7349999999999994,73.92463084342387,-0.017520828073718752,0.0,-1.0,-1.0,0,0.0,39.5112223570572,0.6757554771894927,0.6246,0.3666,0.490287,0.00116051,0.97,0.001177624852705904,1.33954,72.0,109.0,0.6605504587155964,1.0,6.0,1.33698,1.34465,2.0,1.3369849999999999,25.55000000000085,0.0,0.0,0.0,0.0,0.0,0.0,1.33307,64.69999999999976,1.33215,73.90000000000008,1.343245,-37.05000000000069,0.0,0.0,0.0,0.0,0.0,0.0,1.3359999999999999,35.400000000000986,1.33215,73.90000000000008,1.0,1.0,0.0,-1.0,0.0,1.0,0.0,0.0,0.0,0.0,0.0,0.0,0.0,0.0,0.0,0.0,0.0,0.0,0.0,0.0,0.0,0.0,0.0,0.0,1.0,0.0,1.3280699999999999,0.0,0.0,0.0,0.0,0.0,0.0,0.0,0.0,0.0,0.0,0.0,0.0,0.0,0.0,0.0,0.0,1.0,1.0,0.0,0.0,0.0,0.0,0.0,0.10000000000000003,0.20000000000000007,1.0
1.0,1.0,0.0,0.0,0.0,0.0,0.0,0.0,0.0,0.0,0.0,0.0,0.0,0.0,0.0,0.0,0.0,1.0,0.0,0.0,-0.25881904510252157,0.9659258262890681,99.025,100.76,-1.7349999999999994,0.6245072998454892,-0.017520828073718752,0.0,-1.0,-0.0,0,0.0,1.8589551929308132,0.606063542317928,0.0,0.0,0.607202,0.00084472,1.39,0.0008578273016667369,158.565,0.0,109.0,0.0,0.0,0.0,0.0,0.0,0.0,158.87599999999998,-31.099999999997863,0.0,0.0,0.0,0.0,0.0,0.0,158.957,-39.19999999999959,158.45499999999998,11.000000000001364,158.3385,22.649999999998727,0.0,0.0,0.0,0.0,0.0,0.0,158.957,-39.19999999999959,159.1725,-60.75000000000159,-1.0,0.0,1.0,1.0,0.0,-1.0,0.0,0.0,0.0,0.0,0.0,0.0,0.0,0.0,0.0,0.0,0.0,0.0,0.0,0.0,0.0,0.0,0.0,0.0,1.0,159.617,0.0,159.956,0.0,159.896,0.0,0.0,0.0,0.0,0.0,0.0,0.0,0.0,0.0,0.0,0.0,0.0,0.0,1.0,1.0,0.0,1.0,0.0,0.0,0.0,0.0,0.0,-1.0
1.0,0.0,0.0,0.0,0.0,0.0,0.0,0.0,0.0,0.0,0.0,0.0,0.0,0.0,0.0,0.0,0.0,1.0,0.0,0.0,-0.25881904510252157,0.9659258262890681,99.025,100.76,-1.7349999999999994,140.57464900699858,-0.017520828073718752,0.0,-1.0,-1.0,0,0.0,23.487676697232583,0.7654620548746993,0.4236,0.1432,0.75574,0.00180849,2.48,0.001896552089962866,0.70443,72.0,109.0,0.6605504587155964,1.0,6.0,0.70144,0.7104,2.0,0.701445,29.850000000000154,0.0,0.0,0.0,0.0,0.0,0.0,0.69801,64.19999999999982,0.70102,34.10000000000024,0.70532,-8.899999999999464,0.0,0.0,0.0,0.0,0.0,0.0,0.70043,40.000000000000036,0.6958850000000001,85.44999999999914,1.0,1.0,-1.0,1.0,0.0,1.0,0.0,0.0,0.0,0.0,0.0,0.0,0.0,0.0,0.0,0.0,0.0,0.0,0.0,0.0,0.0,0.0,0.0,0.0,0.0,0.0,0.69654,0.0,0.69438,0.0,0.0,0.0,0.0,0.0,0.0,0.0,0.0,0.0,0.0,0.0,0.0,0.0,1.0,0.0,1.0,0.0,0.0,1.0,0.0,0.0,0.10000000000000003,0.20000000000000007,0.0
1.0,0.0,0.0,0.0,0.0,0.0,0.0,0.0,0.0,0.0,0.0,0.0,0.0,0.0,0.0,0.0,0.0,1.0,0.0,0.0,-0.25881904510252157,0.9659258262890681,99.025,100.76,-1.7349999999999994,71.52608237146613,-0.017520828073718752,1.0,-1.0,1.0,0,0.0,11.155624541120073,0.6322418144993878,0.6076,0.3156,0.943173,0.00058241,11.85,0.0007724659897162107,1.38446,60.0,109.0,0.5504587155963303,-1.0,5.0,1.38647,1.38044,2.0,1.3864699999999999,-20.099999999998452,0.0,0.0,0.0,0.0,0.0,0.0,1.388645,-41.84999999999883,1.3746,98.5999999999998,1.38543,-9.699999999999154,0.0,0.0,0.0,0.0,0.0,0.0,1.3876249999999999,-31.649999999998624,1.3895149999999998,-50.54999999999809,-1.0,-1.0,1.0,-1.0,0.0,-1.0,0.0,0.0,0.0,0.0,0.0,0.0,0.0,0.0,0.0,0.0,0.0,0.0,0.0,0.0,0.0,0.0,0.0,0.0,1.0,0.0,0.0,0.0,0.0,0.0,1.34845,0.0,0.0,0.0,0.0,0.0,0.0,0.0,0.0,0.0,0.0,0.0,0.0,1.0,0.0,1.0,0.0,0.0,0.0,0.0,0.10000000000000003,0.20000000000000007,1.0
1.0,0.0,0.0,0.0,0.0,0.0,0.0,0.0,0.0,0.0,0.0,0.0,0.0,0.0,0.0,0.0,0.0,1.0,0.0,0.0,-0.25881904510252157,0.9659258262890681,99.025,100.76,-1.7349999999999994,125.1342642320086,-0.017520828073718752,1.0,-1.0,1.0,0,0.0,5.3456322648332915,0.6615286446865118,0.5284,0.2308,0.519349,0.00116592,1.06,0.0011602211736106486,0.79135,60.0,109.0,0.5504587155963303,-1.0,5.0,0.79324,0.78758,2.0,0.793235,-18.850000000000257,0.0,0.0,0.0,0.0,0.0,0.0,0.794375,-30.250000000000554,0.78951,18.39999999999953,0.7897799999999999,15.700000000000713,0.0,0.0,0.0,0.0,0.0,0.0,0.79401,-26.59999999999996,0.795575,-42.25000000000034,-1.0,-1.0,1.0,-1.0,0.0,-1.0,0.0,0.0,0.0,0.0,0.0,0.0,0.0,0.0,0.0,0.0,0.0,0.0,0.0,0.0,0.0,0.0,0.0,0.0,0.0,0.79823,0.0,0.79963,0.0,0.0,0.0,0.0,0.0,0.0,0.0,0.0,0.0,0.0,0.0,0.0,0.0,0.0,1.0,0.0,0.0,0.0,0.0,0.0,0.0,0.0,0.10000000000000003,0.20000000000000007,1.0
1.0,0.0,0.0,0.0,0.0,0.0,0.0,0.0,0.0,0.0,0.0,0.0,0.0,0.0,0.0,0.0,0.0,0.0,1.0,0.0,-0.25881904510252157,0.9659258262890681,98.824,100.76,-1.936000000000007,84.4793981877244,-0.01959038290293863,0.0,-1.0,-1.0,0,0.0,15.82547450047925,0.7052815770784602,0.6144,0.3832,0.455,0.00102671,0.88,0.0010234982927340072,1.1698,84.0,109.0,0.7706422018348624,1.0,7.0,1.16834,1.17272,2.0,1.16834,14.600000000000168,0.0,0.0,0.0,0.0,0.0,0.0,1.161425,83.75000000000021,1.156695,131.04999999999922,1.16988,-0.8000000000008001,0.0,0.0,0.0,0.0,0.0,0.0,1.16834,14.600000000000168,1.15832,114.79999999999934,1.0,1.0,1.0,-1.0,0.0,1.0,0.0,0.0,0.0,0.0,0.0,0.0,0.0,0.0,0.0,0.0,0.0,0.0,0.0,0.0,0.0,0.0,0.0,0.0,1.0,0.0,1.15932,0.0,1.15664,0.0,0.0,0.0,0.0,0.0,0.0,0.0,0.0,0.0,0.0,0.0,0.0,0.0,0.0,0.0,1.0,0.0,0.0,0.0,0.0,0.0,0.10000000000000003,0.20000000000000007,1.0
1.0,0.0,0.0,0.0,0.0,0.0,0.0,0.0,0.0,0.0,0.0,0.0,0.0,0.0,0.0,0.0,0.0,0.0,1.0,0.0,-0.25881904510252157,0.9659258262890681,98.824,100.76,-1.936000000000007,73.5636975390433,-0.01959038290293863,0.0,-1.0,-1.0,0,0.0,18.248377203263967,0.7214854853888181,0.5834,0.4166,0.479332,0.00117052,0.94,0.0011472538648725497,1.34338,72.0,109.0,0.6605504587155964,1.0,6.0,1.34195,1.34624,2.0,1.3419500000000002,14.299999999998203,0.0,0.0,0.0,0.0,0.0,0.0,1.33307,103.10000000000042,1.33215,112.30000000000074,1.343105,2.7500000000002522,0.0,0.0,0.0,0.0,0.0,0.0,1.343245,1.3499999999999623,1.33215,112.30000000000074,1.0,1.0,0.0,-1.0,0.0,1.0,0.0,0.0,0.0,0.0,0.0,0.0,0.0,0.0,0.0,0.0,0.0,0.0,0.0,0.0,0.0,0.0,0.0,0.0,1.0,0.0,1.3280699999999999,0.0,1.3247,0.0,0.0,0.0,0.0,0.0,0.0,0.0,0.0,0.0,0.0,0.0,0.0,0.0,0.0,0.0,1.0,0.0,0.0,0.0,0.0,0.0,0.10000000000000003,0.20000000000000007,1.0
1.0,1.0,0.0,0.0,0.0,0.0,0.0,0.0,0.0,0.0,0.0,0.0,0.0,0.0,0.0,0.0,0.0,0.0,1.0,0.0,-0.25881904510252157,0.9659258262890681,98.824,100.76,-1.936000000000007,0.6215072292414799,-0.01959038290293863,1.0,-1.0,-1.0,0,0.0,4.478414397505079,0.6747912769118412,0.5298,0.4702,0.469121,0.00091395,0.92,0.0009081899072303494,159.007,72.0,109.0,0.6605504587155964,1.0,6.0,158.957,159.107,2.0,158.8715,13.55000000000075,0.0,0.0,0.0,0.0,0.0,0.0,158.957,5.000000000001137,158.45499999999998,55.20000000000209,158.962,4.500000000001592,0.0,0.0,0.0,0.0,0.0,0.0,158.58999999999997,41.700000000003,159.1725,-16.550000000000864,1.0,-1.0,1.0,1.0,0.0,1.0,0.0,0.0,0.0,0.0,0.0,0.0,0.0,0.0,0.0,0.0,0.0,0.0,0.0,0.0,0.0,0.0,0.0,0.0,1.0,0.0,0.0,0.0,0.0,159.896,0.0,0.0,0.0,0.0,0.0,0.0,0.0,0.0,0.0,0.0,0.0,0.0,1.0,0.0,0.0,0.0,0.0,0.0,0.0,0.0,0.10000000000000003,0.20000000000000007,1.0
1.0,0.0,0.0,0.0,0.0,0.0,0.0,0.0,0.0,0.0,0.0,0.0,0.0,0.0,0.0,0.0,0.0,0.0,1.0,0.0,-0.25881904510252157,0.9659258262890681,98.824,100.76,-1.936000000000007,139.50113634759532,-0.01959038290293863,0.0,-1.0,-1.0,0,0.0,10.058563111798085,0.6079368632853394,0.4992,0.2074,0.531068,0.00186325,1.1,0.0017809321969893353,0.70841,72.0,109.0,0.6605504587155964,1.0,6.0,0.70583,0.71357,2.0,0.70583,25.800000000000267,0.0,0.0,0.0,0.0,0.0,0.0,0.698535,98.74999999999967,0.70102,73.90000000000008,0.70641,20.000000000000018,0.0,0.0,0.0,0.0,0.0,0.0,0.70583,25.800000000000267,0.6963900000000001,120.19999999999919,1.0,1.0,-1.0,1.0,0.0,1.0,0.0,0.0,0.0,0.0,0.0,0.0,0.0,0.0,0.0,0.0,0.0,0.0,0.0,0.0,0.0,0.0,0.0,0.0,1.0,0.0,0.69654,0.0,0.69438,0.0,0.0,0.0,0.0,0.0,0.0,0.0,0.0,0.0,0.0,0.0,0.0,0.0,0.0,1.0,1.0,0.0,0.0,1.0,0.0,0.0,0.10000000000000003,0.20000000000000007,0.0
1.0,0.0,0.0,0.0,0.0,0.0,0.0,0.0,0.0,0.0,0.0,0.0,0.0,0.0,0.0,0.0,0.0,0.0,1.0,0.0,-0.25881904510252157,0.9659258262890681,98.824,100.76,-1.936000000000007,71.52245027936195,-0.01959038290293863,1.0,-1.0,1.0,0,0.0,7.98237972926935,0.5391696576531131,0.6232,0.3618,0.718012,0.00058885,2.09,0.0005309151552774638,1.38172,60.0,109.0,0.5504587155963303,-1.0,5.0,1.38326,1.37864,2.0,1.38326,-15.399999999998748,0.0,0.0,0.0,0.0,0.0,0.0,1.38768,-59.59999999999965,1.3746,71.20000000000016,1.3824400000000001,-7.200000000000539,0.0,0.0,0.0,0.0,0.0,0.0,1.3839450000000002,-22.250000000001435,1.38855,-68.29999999999892,-1.0,-1.0,1.0,-1.0,0.0,-1.0,0.0,0.0,0.0,0.0,0.0,0.0,0.0,0.0,0.0,0.0,0.0,0.0,0.0,0.0,0.0,0.0,0.0,0.0,2.0,0.0,0.0,0.0,0.0,0.0,1.34845,0.0,0.0,0.0,0.0,0.0,0.0,0.0,0.0,0.0,0.0,0.0,0.0,0.0,0.0,1.0,0.0,0.0,0.0,0.0,0.10000000000000003,0.20000000000000007,0.0
1.0,0.0,0.0,0.0,0.0,0.0,0.0,0.0,0.0,0.0,0.0,0.0,0.0,0.0,0.0,0.0,0.0,0.0,1.0,0.0,-0.25881904510252157,0.9659258262890681,98.824,100.76,-1.936000000000007,125.0287825305854,-0.01959038290293863,0.0,-1.0,-0.0,0,0.0,5.228543401187977,0.6862683999198166,0.0,0.0,0.719428,0.00110193,2.1,0.0009541035639706235,0.79041,0.0,109.0,0.0,0.0,0.0,0.0,0.0,0.0,0.790265,1.4499999999995072,0.0,0.0,0.0,0.0,0.0,0.0,0.794375,-39.65000000000107,0.78951,8.999999999999009,0.7895449999999999,8.650000000000047,0.0,0.0,0.0,0.0,0.0,0.0,0.7897799999999999,6.300000000000194,0.795575,-51.65000000000086,-1.0,-1.0,1.0,-1.0,0.0,-1.0,0.0,0.0,0.0,0.0,0.0,0.0,0.0,0.0,0.0,0.0,0.0,0.0,0.0,0.0,0.0,0.0,0.0,0.0,0.0,0.7982,0.0,0.79963,0.0,0.0,0.0,0.0,0.0,0.0,0.0,0.0,0.0,0.0,0.0,0.0,0.0,0.0,1.0,0.0,0.0,1.0,0.0,0.0,0.0,0.0,0.0,0.0,-1.0
1.0,0.0,0.0,0.0,0.0,0.0,0.0,0.0,0.0,0.0,0.0,0.0,0.0,0.0,0.0,0.0,0.0,0.0,0.0,1.0,-0.25881904510252157,0.9659258262890681,98.654,100.76,-2.1060000000000088,84.10615787275036,-0.021347335130861483,0.0,-1.0,-1.0,0,0.0,34.67463123267756,0.6744323553198103,0.6096,0.3506,0.461111,0.00098917,0.9,0.0009802756888369272,1.17297,84.0,109.0,0.7706422018348624,1.0,7.0,1.17083,1.17726,2.0,1.170825,21.450000000000635,0.0,0.0,0.0,0.0,0.0,0.0,1.163165,98.05000000000064,1.1574849999999999,154.85000000000193,1.1724350000000001,5.349999999999522,0.0,0.0,0.0,0.0,0.0,0.0,1.170385,25.850000000000595,1.15931,136.60000000000005,1.0,1.0,1.0,-1.0,0.0,1.0,0.0,0.0,0.0,0.0,0.0,0.0,0.0,0.0,0.0,0.0,0.0,0.0,0.0,0.0,0.0,0.0,0.0,0.0,2.0,0.0,1.15932,0.0,1.15664,0.0,0.0,0.0,0.0,0.0,0.0,0.0,0.0,0.0,0.0,0.0,0.0,0.0,0.0,0.0,1.0,0.0,0.0,0.0,0.0,0.0,0.10000000000000003,0.20000000000000007,0.0
1.0,0.0,0.0,0.0,0.0,0.0,0.0,0.0,0.0,0.0,0.0,0.0,0.0,0.0,0.0,0.0,0.0,0.0,0.0,1.0,-0.25881904510252157,0.9659258262890681,98.654,100.76,-2.1060000000000088,73.25175604033325,-0.021347335130861483,0.0,-1.0,-1.0,0,0.0,26.193928281744896,0.6672675384313798,0.6282,0.3628,0.9937,0.00104039,109.68,0.000602884948216513,1.3467799999999999,72.0,109.0,0.6605504587155964,1.0,6.0,1.34447,1.3514,2.0,1.3444699999999998,23.100000000000342,0.0,0.0,0.0,0.0,0.0,0.0,1.33477,120.09999999999854,1.33215,146.29999999999922,1.3461249999999998,6.550000000000722,0.0,0.0,0.0,0.0,0.0,0.0,1.3437350000000001,30.449999999997424,1.33215,146.29999999999922,1.0,1.0,0.0,-1.0,0.0,1.0,0.0,0.0,0.0,0.0,0.0,0.0,0.0,0.0,0.0,0.0,0.0,0.0,0.0,0.0,0.0,0.0,0.0,0.0,2.0,0.0,1.3280699999999999,0.0,1.3247,0.0,0.0,0.0,0.0,0.0,0.0,0.0,0.0,0.0,0.0,0.0,0.0,0.0,1.0,0.0,0.0,0.0,1.0,0.0,0.0,0.0,0.10000000000000003,0.20000000000000007,0.0
1.0,1.0,0.0,0.0,0.0,0.0,0.0,0.0,0.0,0.0,0.0,0.0,0.0,0.0,0.0,0.0,0.0,0.0,0.0,1.0,-0.25881904510252157,0.9659258262890681,98.654,100.76,-2.1060000000000088,0.6193746860873932,-0.021347335130861483,1.0,-1.0,-1.0,0,0.0,42.11643751471845,0.5309737042274888,0.524,0.476,0.992865,0.00085058,96.8,0.00031859287157319456,159.28,72.0,109.0,0.6605504587155964,1.0,6.0,159.113,159.614,2.0,159.113,16.70000000000016,0.0,0.0,0.0,0.0,0.0,0.0,158.957,32.30000000000075,158.86599999999999,41.40000000000157,159.10000000000002,17.99999999999784,0.0,0.0,0.0,0.0,0.0,0.0,159.0005,27.950000000001296,158.957,32.30000000000075,-1.0,1.0,1.0,1.0,0.0,1.0,0.0,0.0,0.0,0.0,0.0,0.0,0.0,0.0,0.0,0.0,0.0,0.0,0.0,0.0,0.0,0.0,0.0,0.0,1.0,0.0,158.387,0.0,0.0,0.0,0.0,0.0,0.0,0.0,0.0,0.0,0.0,0.0,0.0,0.0,0.0,0.0,0.0,0.0,1.0,0.0,0.0,1.0,0.0,1.0,0.10000000000000003,0.20000000000000007,1.0
1.0,0.0,0.0,0.0,0.0,0.0,0.0,0.0,0.0,0.0,0.0,0.0,0.0,0.0,0.0,0.0,0.0,0.0,0.0,1.0,-0.25881904510252157,0.9659258262890681,98.654,100.76,-2.1060000000000088,139.49351696053617,-0.021347335130861483,0.0,-1.0,-1.0,0,0.0,12.697968728630443,0.7112644285843802,0.1112,0.0022,0.997467,0.00179284,273.3,0.0008509761337793246,0.70723,60.0,109.0,0.5504587155963303,1.0,5.0,0.70102,0.71965,2.0,0.707345,-1.1499999999997623,0.0,0.0,0.0,0.0,0.0,0.0,0.69964,75.89999999999986,0.70102,62.10000000000049,0.70792,-6.899999999999684,0.0,0.0,0.0,0.0,0.0,0.0,0.70583,14.000000000000679,0.69642,108.09999999999987,1.0,1.0,-1.0,1.0,0.0,1.0,0.0,0.0,0.0,0.0,0.0,0.0,0.0,0.0,0.0,0.0,0.0,0.0,0.0,0.0,0.0,0.0,0.0,0.0,1.0,0.0,0.69654,0.0,0.69438,0.0,0.0,0.0,0.0,0.0,0.0,0.0,0.0,0.0,0.0,0.0,0.0,0.0,0.0,0.0,1.0,0.0,0.0,1.0,0.0,0.0,0.10000000000000003,0.20000000000000007,0.0
1.0,0.0,0.0,0.0,0.0,0.0,0.0,0.0,0.0,0.0,0.0,0.0,0.0,0.0,0.0,0.0,0.0,0.0,0.0,1.0,-0.25881904510252157,0.9659258262890681,98.654,100.76,-2.1060000000000088,71.28127686938679,-0.021347335130861483,0.0,-1.0,-0.0,0,0.0,6.727313639419933,0.6176076890108249,0.0,0.0,0.643576,0.00060684,1.57,0.000570810423344823,1.38401,0.0,109.0,0.0,0.0,0.0,0.0,0.0,0.0,1.382145,18.650000000000055,0.0,0.0,0.0,0.0,0.0,0.0,1.3864400000000001,-24.300000000001543,1.3746,94.09999999999918,1.3820800000000002,19.299999999997652,0.0,0.0,0.0,0.0,0.0,0.0,1.38281,11.999999999998678,1.38828,-42.69999999999996,-1.0,-1.0,1.0,-1.0,0.0,0.0,0.0,0.0,0.0,0.0,0.0,0.0,0.0,0.0,0.0,0.0,0.0,0.0,0.0,0.0,0.0,0.0,0.0,0.0,0.0,0.0,0.0,0.0,0.0,0.0,1.34845,0.0,0.0,0.0,0.0,0.0,0.0,0.0,0.0,0.0,0.0,0.0,0.0,0.0,0.0,1.0,0.0,0.0,0.0,0.0,0.0,0.0,-1.0
1.0,0.0,0.0,0.0,0.0,0.0,0.0,0.0,0.0,0.0,0.0,0.0,0.0,0.0,0.0,0.0,0.0,0.0,0.0,1.0,-0.25881904510252157,0.9659258262890681,98.654,100.76,-2.1060000000000088,125.0304167089121,-0.021347335130861483,1.0,-1.0,1.0,0,0.0,9.860886404926598,0.6490524428880021,0.5968,0.4032,0.758484,0.0011061,2.51,0.0008197818728746774,0.78904,60.0,109.0,0.5504587155963303,-1.0,5.0,0.78951,0.7881,2.0,0.78842,6.199999999999539,0.0,0.0,0.0,0.0,0.0,0.0,0.7932699999999999,-42.29999999999956,0.78951,-4.700000000000815,0.7877449999999999,12.950000000000461,0.0,0.0,0.0,0.0,0.0,0.0,0.788575,4.649999999999377,0.794835,-57.949999999999946,-1.0,-1.0,1.0,-1.0,0.0,-1.0,0.0,0.0,0.0,0.0,0.0,0.0,0.0,0.0,0.0,0.0,0.0,0.0,0.0,0.0,0.0,0.0,0.0,0.0,1.0,0.79823,0.0,0.79963,0.0,0.0,0.0,0.0,0.0,0.0,0.0,0.0,0.0,0.0,0.0,0.0,0.0,0.0,0.0,0.0,0.0,0.0,0.0,0.0,0.0,0.0,0.10000000000000003,0.20000000000000007,0.0
1.0,0.0,0.0,0.0,0.0,0.0,0.0,0.0,0.0,0.0,0.0,0.0,0.0,0.0,0.0,1.0,0.0,0.0,0.0,0.0,-0.25881904510252157,0.9659258262890681,98.389,100.76,-2.3710000000000093,83.67407684588302,-0.02409822236225604,0.0,-1.0,-1.0,0,0.0,53.14746323477822,0.6750068718746965,0.4146,0.1254,0.455,0.00091698,0.88,0.0009171120635068316,1.17586,84.0,109.0,0.7706422018348624,1.0,7.0,1.17147,1.18464,2.0,1.1714699999999998,43.90000000000116,0.0,0.0,0.0,0.0,0.0,0.0,1.1660599999999999,98.00000000000031,1.158795,170.64999999999887,1.172295,35.64999999999819,0.0,0.0,0.0,0.0,0.0,0.0,1.1714699999999998,43.90000000000116,1.163525,123.34999999999985,1.0,1.0,1.0,-1.0,0.0,1.0,0.0,0.0,0.0,0.0,0.0,0.0,0.0,0.0,0.0,0.0,0.0,0.0,0.0,0.0,0.0,0.0,0.0,0.0,0.0,0.0,0.0,0.0,1.15664,0.0,0.0,0.0,0.0,0.0,0.0,0.0,0.0,0.0,0.0,0.0,0.0,0.0,0.0,0.0,0.0,0.0,0.0,0.0,0.0,0.0,0.10000000000000003,0.20000000000000007,1.0
1.0,0.0,0.0,0.0,0.0,0.0,0.0,0.0,0.0,0.0,0.0,0.0,0.0,0.0,0.0,1.0,0.0,0.0,0.0,0.0,-0.25881904510252157,0.9659258262890681,98.389,100.76,-2.3710000000000093,72.84674559279743,-0.02409822236225604,0.0,-1.0,-1.0,0,0.0,56.53680404025495,0.6593218688915915,0.3898,0.1018,0.455,0.00091876,0.88,0.0009160737901157428,1.35063,84.0,109.0,0.7706422018348624,1.0,7.0,1.34445,1.36299,2.0,1.3444500000000001,61.79999999999852,0.0,0.0,0.0,0.0,0.0,0.0,1.33721,134.19999999999987,1.3333599999999999,172.70000000000118,1.3462049999999999,44.250000000001236,0.0,0.0,0.0,0.0,0.0,0.0,1.3444500000000001,61.79999999999852,1.3342800000000001,163.49999999999864,1.0,1.0,1.0,-1.0,0.0,1.0,0.0,0.0,0.0,0.0,0.0,0.0,0.0,0.0,0.0,0.0,0.0,0.0,0.0,0.0,0.0,0.0,0.0,0.0,1.0,0.0,0.0,0.0,1.3247,0.0,0.0,0.0,0.0,0.0,0.0,0.0,0.0,0.0,0.0,0.0,0.0,0.0,0.0,0.0,0.0,0.0,1.0,0.0,0.0,0.0,0.10000000000000003,0.20000000000000007,-1.0
1.0,1.0,0.0,0.0,0.0,0.0,0.0,0.0,0.0,0.0,0.0,0.0,0.0,0.0,0.0,1.0,0.0,0.0,0.0,0.0,-0.25881904510252157,0.9659258262890681,98.389,100.76,-2.3710000000000093,0.6170988095686097,-0.02409822236225604,1.0,-1.0,-1.0,0,0.0,6.636462247695491,0.42514277606487527,0.5282,0.4718,0.519349,0.00069103,1.06,0.0006641531645804906,159.438,72.0,109.0,0.6605504587155964,1.0,6.0,158.957,160.4,2.0,159.55450000000002,-11.650000000003047,0.0,0.0,0.0,0.0,0.0,0.0,158.957,48.099999999999454,158.86599999999999,57.20000000000027,159.5725,-13.450000000000273,0.0,0.0,0.0,0.0,0.0,0.0,159.3555,8.249999999998181,158.957,48.099999999999454,1.0,1.0,1.0,1.0,0.0,1.0,0.0,0.0,0.0,0.0,0.0,0.0,0.0,0.0,0.0,0.0,0.0,0.0,0.0,0.0,0.0,0.0,0.0,0.0,1.0,0.0,0.0,0.0,158.541,0.0,0.0,0.0,0.0,0.0,0.0,0.0,0.0,0.0,0.0,0.0,0.0,0.0,0.0,0.0,1.0,0.0,0.0,1.0,0.0,0.0,0.10000000000000003,0.20000000000000007,0.0
1.0,0.0,0.0,0.0,0.0,0.0,0.0,0.0,0.0,0.0,0.0,0.0,0.0,0.0,0.0,1.0,0.0,0.0,0.0,0.0,-0.25881904510252157,0.9659258262890681,98.389,100.76,-2.3710000000000093,138.63268095419255,-0.02409822236225604,0.0,-1.0,-1.0,0,0.0,53.17814186359844,0.6095188369021833,0.1196,0.0022,0.455,0.00150274,0.88,0.0014974062571241776,0.70971,72.0,109.0,0.6605504587155964,1.0,6.0,0.70445,0.72023,2.0,0.70445,52.59999999999931,0.0,0.0,0.0,0.0,0.0,0.0,0.701235,84.74999999999899,0.70102,86.89999999999975,0.7064699999999999,32.400000000000205,0.0,0.0,0.0,0.0,0.0,0.0,0.70445,52.59999999999931,0.6979949999999999,117.1500000000003,1.0,1.0,-1.0,1.0,0.0,1.0,0.0,0.0,0.0,0.0,0.0,0.0,0.0,0.0,0.0,0.0,0.0,0.0,0.0,0.0,0.0,0.0,0.0,0.0,0.0,0.0,0.0,0.0,0.69438,0.0,0.0,0.0,0.0,0.0,0.0,0.0,0.0,0.0,0.0,0.0,0.0,0.0,0.0,1.0,0.0,1.0,0.0,1.0,0.0,0.0,0.10000000000000003,0.20000000000000007,1.0
1.0,0.0,0.0,0.0,0.0,0.0,0.0,0.0,0.0,0.0,0.0,0.0,0.0,0.0,0.0,1.0,0.0,0.0,0.0,0.0,-0.25881904510252157,0.9659258262890681,98.389,100.76,-2.3710000000000093,71.34600881772828,-0.02409822236225604,1.0,-1.0,1.0,0,0.0,45.056201299838314,0.6509533266532094,0.3768,0.0908,0.562964,0.00055908,1.21,0.0005187863043566053,1.37904,60.0,109.0,0.5504587155963303,-1.0,5.0,1.38318,1.37077,2.0,1.383175,-41.349999999999994,0.0,0.0,0.0,0.0,0.0,0.0,1.385555,-65.15000000000049,1.3746,44.39999999999999,1.3818899999999998,-28.49999999999797,0.0,0.0,0.0,0.0,0.0,0.0,1.383175,-41.349999999999994,1.386755,-77.14999999999917,-1.0,-1.0,1.0,-1.0,0.0,-1.0,0.0,0.0,0.0,0.0,0.0,0.0,0.0,0.0,0.0,0.0,0.0,0.0,0.0,0.0,0.0,0.0,0.0,0.0,0.0,0.0,0.0,0.0,0.0,0.0,1.34845,0.0,0.0,0.0,0.0,0.0,0.0,0.0,0.0,0.0,0.0,0.0,0.0,0.0,0.0,0.0,0.0,0.0,0.0,0.0,0.10000000000000003,0.20000000000000007,1.0
1.0,0.0,0.0,0.0,0.0,0.0,0.0,0.0,0.0,0.0,0.0,0.0,0.0,0.0,0.0,1.0,0.0,0.0,0.0,0.0,-0.25881904510252157,0.9659258262890681,98.389,100.76,-2.3710000000000093,125.5265944552889,-0.02409822236225604,1.0,-1.0,1.0,0,0.0,40.132951523175834,0.6876400324471098,0.1356,0.003,0.758484,0.0010405,2.51,0.0010788233963141243,0.78381,72.0,109.0,0.6605504587155964,-1.0,6.0,0.78821,0.77502,2.0,0.788205,-43.95000000000038,0.0,0.0,0.0,0.0,0.0,0.0,0.792045,-82.34999999999992,0.78951,-57.000000000000384,0.787085,-32.75000000000028,0.0,0.0,0.0,0.0,0.0,0.0,0.788205,-43.95000000000038,0.7924100000000001,-86.00000000000053,-1.0,-1.0,1.0,-1.0,0.0,-1.0,0.0,0.0,0.0,0.0,0.0,0.0,0.0,0.0,0.0,0.0,0.0,0.0,0.0,0.0,0.0,0.0,0.0,0.0,1.0,0.0,0.0,0.79963,0.0,0.0,0.0,0.0,0.0,0.0,0.0,0.0,0.0,0.0,0.0,0.0,0.0,0.0,0.0,0.0,0.0,0.0,0.0,0.0,0.0,0.0,0.10000000000000003,0.20000000000000007,-1.0
1.0,0.0,0.0,0.0,0.0,0.0,0.0,0.0,0.0,0.0,0.0,0.0,0.0,0.0,0.0,0.0,1.0,0.0,0.0,0.0,-0.25881904510252157,0.9659258262890681,98.094,100.76,-2.666000000000011,83.1671584087903,-0.027178012926376855,0.0,-1.0,-1.0,0,0.0,2.391643941952487,0.6145888931901391,0.6116,0.3844,0.455,0.00087817,0.88,0.0008745331974009309,1.17948,84.0,109.0,0.7706422018348624,1.0,7.0,1.17809,1.18226,2.0,1.17809,13.900000000000023,0.0,0.0,0.0,0.0,0.0,0.0,1.1727249999999998,67.55000000000288,1.16108,184.00000000000193,1.17993,-4.499999999998394,0.0,0.0,0.0,0.0,0.0,0.0,1.17458,49.000000000001265,1.16581,136.7000000000007,1.0,1.0,1.0,-1.0,0.0,1.0,0.0,0.0,0.0,0.0,0.0,0.0,0.0,0.0,0.0,0.0,0.0,0.0,0.0,0.0,0.0,0.0,0.0,0.0,0.0,0.0,1.1724700000000001,0.0,1.15664,0.0,0.0,0.0,0.0,0.0,0.0,0.0,0.0,0.0,0.0,0.0,0.0,0.0,1.0,0.0,0.0,0.0,0.0,0.0,0.0,0.0,0.10000000000000003,0.20000000000000007,0.0
1.0,0.0,0.0,0.0,0.0,0.0,0.0,0.0,0.0,0.0,0.0,0.0,0.0,0.0,0.0,0.0,1.0,0.0,0.0,0.0,-0.25881904510252157,0.9659258262890681,98.094,100.76,-2.666000000000011,72.30338320925775,-0.027178012926376855,0.0,-1.0,-1.0,0,0.0,64.1820165518952,0.5471223146374103,0.5968,0.3594,0.455,0.00085004,0.88,0.0008468143640276528,1.3567,84.0,109.0,0.7706422018348624,1.0,7.0,1.35412,1.36186,2.0,1.35412,25.800000000000267,0.0,0.0,0.0,0.0,0.0,0.0,1.34848,82.20000000000115,1.33739,193.0999999999994,1.357355,-6.550000000000722,0.0,0.0,0.0,0.0,0.0,0.0,1.350235,64.64999999999944,1.3383099999999999,183.90000000000128,1.0,1.0,1.0,-1.0,0.0,1.0,0.0,0.0,0.0,0.0,0.0,0.0,0.0,0.0,0.0,0.0,0.0,0.0,0.0,0.0,0.0,0.0,0.0,0.0,0.0,0.0,0.0,0.0,1.3247,0.0,0.0,0.0,0.0,0.0,0.0,0.0,0.0,0.0,0.0,0.0,0.0,0.0,1.0,0.0,0.0,0.0,1.0,0.0,0.0,0.0,0.10000000000000003,0.20000000000000007,0.0
1.0,1.0,0.0,0.0,0.0,0.0,0.0,0.0,0.0,0.0,0.0,0.0,0.0,0.0,0.0,0.0,1.0,0.0,0.0,0.0,-0.25881904510252157,0.9659258262890681,98.094,100.76,-2.666000000000011,0.6177009540001889,-0.027178012926376855,0.0,-1.0,1.0,0,0.0,36.253178121667624,0.44678942965129115,0.4768,0.5232,0.58498,0.00065119,1.29,0.0005979365691467255,158.805,60.0,109.0,0.5504587155963303,-1.0,5.0,158.866,158.683,2.0,159.0265,-22.14999999999918,0.0,0.0,0.0,0.0,0.0,0.0,158.87099999999998,-6.599999999997408,158.86599999999999,-6.099999999997863,158.76749999999998,3.7500000000022737,0.0,0.0,0.0,0.0,0.0,0.0,159.22899999999998,-42.39999999999782,158.957,-15.199999999998681,-1.0,1.0,1.0,1.0,0.0,-1.0,0.0,0.0,0.0,0.0,0.0,0.0,0.0,0.0,0.0,0.0,0.0,0.0,0.0,0.0,0.0,0.0,0.0,0.0,0.0,0.0,0.0,159.956,0.0,159.896,0.0,0.0,0.0,0.0,0.0,0.0,0.0,0.0,0.0,0.0,0.0,0.0,0.0,1.0,1.0,0.0,0.0,1.0,0.0,0.0,0.10000000000000003,0.20000000000000007,0.0
1.0,0.0,0.0,0.0,0.0,0.0,0.0,0.0,0.0,0.0,0.0,0.0,0.0,0.0,0.0,0.0,1.0,0.0,0.0,0.0,-0.25881904510252157,0.9659258262890681,98.094,100.76,-2.666000000000011,137.64874270318813,-0.027178012926376855,0.0,-1.0,-1.0,0,0.0,30.29221086997957,0.5015976763178555,0.602,0.2996,0.455,0.00143891,0.88,0.0014328474726933065,0.71264,72.0,109.0,0.6605504587155964,1.0,6.0,0.71123,0.71546,2.0,0.71123,14.100000000000223,0.0,0.0,0.0,0.0,0.0,0.0,0.706815,58.2500000000008,0.70102,116.20000000000074,0.7134,-7.599999999999829,0.0,0.0,0.0,0.0,0.0,0.0,0.708835,38.05000000000058,0.70036,122.8000000000007,1.0,1.0,-1.0,1.0,0.0,1.0,0.0,0.0,0.0,0.0,0.0,0.0,0.0,0.0,0.0,0.0,0.0,0.0,0.0,0.0,0.0,0.0,0.0,0.0,1.0,0.0,0.70555,0.0,0.69438,0.0,0.0,0.0,0.0,0.0,0.0,0.0,0.0,0.0,0.0,0.0,0.0,0.0,1.0,0.0,0.0,0.0,0.0,1.0,0.0,0.0,0.10000000000000003,0.20000000000000007,1.0
1.0,0.0,0.0,0.0,0.0,0.0,0.0,0.0,0.0,0.0,0.0,0.0,0.0,0.0,0.0,0.0,1.0,0.0,0.0,0.0,-0.25881904510252157,0.9659258262890681,98.094,100.76,-2.666000000000011,71.25713704580785,-0.027178012926376855,0.0,-1.0,-0.0,0,0.0,15.057312229254286,0.5636740061255716,0.0,0.0,0.455,0.00051179,0.88,0.0005111223114075357,1.37662,0.0,109.0,0.0,0.0,0.0,0.0,0.0,0.0,1.3762400000000001,3.7999999999982492,0.0,0.0,0.0,0.0,0.0,0.0,1.38042,-38.000000000000256,1.3754300000000002,11.899999999998023,1.375445,11.749999999999261,0.0,0.0,0.0,0.0,0.0,0.0,1.379135,-25.15000000000045,1.384,-73.79999999999941,-1.0,-1.0,1.0,-1.0,0.0,-1.0,0.0,0.0,0.0,0.0,0.0,0.0,0.0,0.0,0.0,0.0,0.0,0.0,0.0,0.0,0.0,0.0,0.0,0.0,0.0,0.0,0.0,0.0,0.0,0.0,1.34845,0.0,0.0,0.0,0.0,0.0,0.0,0.0,0.0,0.0,0.0,0.0,0.0,1.0,0.0,0.0,0.0,0.0,0.0,0.0,0.0,0.0,-1.0
1.0,0.0,0.0,0.0,0.0,0.0,0.0,0.0,0.0,0.0,0.0,0.0,0.0,0.0,0.0,0.0,1.0,0.0,0.0,0.0,-0.25881904510252157,0.9659258262890681,98.094,100.76,-2.666000000000011,125.61659623511332,-0.027178012926376855,1.0,-1.0,1.0,0,0.0,61.51025347118052,0.6611994028653195,0.6004,0.399,0.72515,0.00099776,2.16,0.000774775002224384,0.7809,72.0,109.0,0.6605504587155964,-1.0,6.0,0.78148,0.77974,2.0,0.78148,-5.799999999999139,0.0,0.0,0.0,0.0,0.0,0.0,0.786215,-53.14999999999959,0.78951,-86.10000000000007,0.7802,7.000000000000339,0.0,0.0,0.0,0.0,0.0,0.0,0.7850950000000001,-41.9500000000006,0.79042,-95.19999999999973,-1.0,-1.0,1.0,-1.0,0.0,-1.0,0.0,0.0,0.0,0.0,0.0,0.0,0.0,0.0,0.0,0.0,0.0,0.0,0.0,0.0,0.0,0.0,0.0,0.0,2.0,0.78589,0.0,0.79963,0.0,0.0,0.0,0.0,0.0,0.0,0.0,0.0,0.0,0.0,0.0,0.0,0.0,0.0,0.0,1.0,0.0,0.0,0.0,0.0,0.0,0.0,0.10000000000000003,0.20000000000000007,0.0
1.0,0.0,0.0,0.0,0.0,0.0,0.0,0.0,0.0,0.0,0.0,0.0,0.0,0.0,0.0,0.0,0.0,1.0,0.0,0.0,-0.25881904510252157,0.9659258262890681,98.073,100.76,-2.687000000000012,83.11341621539164,-0.0273979586634447,0.0,-1.0,-1.0,0,0.0,1.122050546744306,0.6909815553318482,0.6106,0.3894,0.455,0.00082512,0.88,0.000821575349422507,1.17999,84.0,109.0,0.7706422018348624,1.0,7.0,1.179,1.18198,2.0,1.178995,9.950000000000792,0.0,0.0,0.0,0.0,0.0,0.0,1.1737549999999999,62.350000000002126,1.16108,189.10000000000204,1.179255,7.350000000001522,0.0,0.0,0.0,0.0,0.0,0.0,1.17915,8.40000000000174,1.16581,141.8000000000008,1.0,1.0,1.0,-1.0,0.0,1.0,0.0,0.0,0.0,0.0,0.0,0.0,0.0,0.0,0.0,0.0,0.0,0.0,0.0,0.0,0.0,0.0,0.0,0.0,1.0,0.0,1.1724700000000001,0.0,1.15664,0.0,0.0,0.0,0.0,0.0,0.0,0.0,0.0,0.0,0.0,0.0,0.0,0.0,0.0,0.0,1.0,0.0,0.0,0.0,0.0,0.0,0.10000000000000003,0.20000000000000007,1.0
1.0,0.0,0.0,0.0,0.0,0.0,0.0,0.0,0.0,0.0,0.0,0.0,0.0,0.0,0.0,0.0,0.0,1.0,0.0,0.0,-0.25881904510252157,0.9659258262890681,98.073,100.76,-2.687000000000012,72.30709114233895,-0.0273979586634447,0.0,-1.0,-1.0,0,0.0,17.718302985656734,0.742306478112082,0.5252,0.4748,0.455,0.00080393,0.88,0.000801682225967462,1.3563399999999999,84.0,109.0,0.7706422018348624,1.0,7.0,1.35613,1.35677,2.0,1.356125,2.149999999998542,0.0,0.0,0.0,0.0,0.0,0.0,1.34848,78.59999999999978,1.33739,189.499999999998,1.35621,1.2999999999996348,0.0,0.0,0.0,0.0,0.0,0.0,1.35614,1.9999999999997797,1.3383099999999999,180.2999999999999,1.0,1.0,1.0,-1.0,0.0,1.0,0.0,0.0,0.0,0.0,0.0,0.0,0.0,0.0,0.0,0.0,0.0,0.0,0.0,0.0,0.0,0.0,0.0,0.0,1.0,0.0,0.0,0.0,1.3247,0.0,0.0,0.0,0.0,0.0,0.0,0.0,0.0,0.0,0.0,0.0,0.0,0.0,0.0,0.0,1.0,0.0,1.0,0.0,0.0,0.0,0.10000000000000003,0.20000000000000007,0.0
1.0,1.0,0.0,0.0,0.0,0.0,0.0,0.0,0.0,0.0,0.0,0.0,0.0,0.0,0.0,0.0,0.0,1.0,0.0,0.0,-0.25881904510252157,0.9659258262890681,98.073,100.76,-2.687000000000012,0.6169820579279801,-0.0273979586634447,0.0,-1.0,-0.0,0,0.0,17.233538038240123,0.6260823986912855,0.0,0.0,0.545045,0.00061293,1.14,0.000583079748003104,158.956,0.0,109.0,0.0,0.0,0.0,0.0,0.0,0.0,158.898,5.799999999999272,0.0,0.0,0.0,0.0,0.0,0.0,159.22899999999998,-27.299999999999613,158.98250000000002,-2.6500000000027057,158.952,0.39999999999906777,0.0,0.0,0.0,0.0,0.0,0.0,158.8765,7.949999999999591,158.957,-0.10000000000047748,1.0,-1.0,-1.0,1.0,0.0,0.0,0.0,0.0,0.0,0.0,0.0,0.0,0.0,0.0,0.0,0.0,0.0,0.0,0.0,0.0,0.0,0.0,0.0,0.0,1.0,0.0,0.0,159.956,0.0,159.896,0.0,0.0,0.0,0.0,0.0,0.0,0.0,0.0,0.0,0.0,0.0,0.0,0.0,0.0,0.0,0.0,0.0,1.0,0.0,0.0,0.0,0.0,-1.0
1.0,0.0,0.0,0.0,0.0,0.0,0.0,0.0,0.0,0.0,0.0,0.0,0.0,0.0,0.0,0.0,0.0,1.0,0.0,0.0,-0.25881904510252157,0.9659258262890681,98.073,100.76,-2.687000000000012,136.7709815078236,-0.0273979586634447,0.0,-1.0,-1.0,0,0.0,23.80227172369794,0.7621978978765307,0.403,0.1258,0.455,0.00136052,0.88,0.0013556650352486044,0.71706,84.0,109.0,0.7706422018348624,1.0,7.0,0.71462,0.72194,2.0,0.71462,24.399999999999977,0.0,0.0,0.0,0.0,0.0,0.0,0.7083,87.5999999999999,0.70102,160.40000000000055,0.7155549999999999,15.050000000000896,0.0,0.0,0.0,0.0,0.0,0.0,0.7140500000000001,30.09999999999957,0.702675,143.84999999999982,1.0,1.0,1.0,1.0,0.0,1.0,0.0,0.0,0.0,0.0,0.0,0.0,0.0,0.0,0.0,0.0,0.0,0.0,0.0,0.0,0.0,0.0,0.0,0.0,1.0,0.0,0.0,0.0,0.7022,0.0,0.0,0.0,0.0,0.0,0.0,0.0,0.0,0.0,0.0,0.0,0.0,0.0,0.0,0.0,1.0,0.0,0.0,0.0,0.0,0.0,0.10000000000000003,0.20000000000000007,1.0
1.0,0.0,0.0,0.0,0.0,0.0,0.0,0.0,0.0,0.0,0.0,0.0,0.0,0.0,0.0,0.0,0.0,1.0,0.0,0.0,-0.25881904510252157,0.9659258262890681,98.073,100.76,-2.687000000000012,71.37617082596451,-0.0273979586634447,1.0,-1.0,1.0,0,0.0,55.67569439158081,0.8663589451108055,0.5954,0.3334,0.607202,0.00050551,1.39,0.0005266314222795523,1.3740299999999999,72.0,109.0,0.6605504587155964,-1.0,6.0,1.37574,1.3706,2.0,1.375745,-17.15000000000133,0.0,0.0,0.0,0.0,0.0,0.0,1.3802050000000001,-61.750000000002636,1.376065,-20.35000000000231,1.37562,-15.900000000002024,0.0,0.0,0.0,0.0,0.0,0.0,1.375745,-17.15000000000133,1.383785,-97.5500000000018,-1.0,-1.0,1.0,-1.0,0.0,-1.0,0.0,0.0,0.0,0.0,0.0,0.0,0.0,0.0,0.0,0.0,0.0,0.0,0.0,0.0,0.0,0.0,0.0,0.0,1.0,0.0,0.0,1.38519,0.0,0.0,1.34845,0.0,0.0,0.0,0.0,0.0,0.0,0.0,0.0,0.0,0.0,0.0,0.0,0.0,0.0,1.0,0.0,0.0,0.0,0.0,0.10000000000000003,0.20000000000000007,1.0
1.0,0.0,0.0,0.0,0.0,0.0,0.0,0.0,0.0,0.0,0.0,0.0,0.0,0.0,0.0,0.0,0.0,1.0,0.0,0.0,-0.25881904510252157,0.9659258262890681,98.073,100.76,-2.687000000000012,125.43229140021485,-0.0273979586634447,0.0,-1.0,-0.0,0,0.0,15.715345524388333,0.730809358357294,0.0,0.0,0.775676,0.00089471,2.73,0.0006341362226979368,0.78188,0.0,109.0,0.0,0.0,0.0,0.0,0.0,0.0,0.78149,3.9000000000000146,0.0,0.0,0.0,0.0,0.0,0.0,0.786215,-43.34999999999978,0.79037,-84.89999999999998,0.781785,0.9500000000006725,0.0,0.0,0.0,0.0,0.0,0.0,0.78108,8.00000000000023,0.79042,-85.39999999999992,1.0,-1.0,1.0,-1.0,0.0,0.0,0.0,0.0,0.0,0.0,0.0,0.0,0.0,0.0,0.0,0.0,0.0,0.0,0.0,0.0,0.0,0.0,0.0,0.0,1.0,0.78589,0.0,0.79963,0.0,0.0,0.0,0.0,0.0,0.0,0.0,0.0,0.0,0.0,0.0,0.0,0.0,0.0,0.0,0.0,0.0,0.0,0.0,0.0,0.0,0.0,0.0,0.0,-1.0
1.0,0.0,0.0,0.0,0.0,0.0,0.0,0.0,0.0,0.0,0.0,0.0,0.0,0.0,0.0,0.0,0.0,0.0,1.0,0.0,-0.25881904510252157,0.9659258262890681,98.199,100.76,-2.561000000000007,83.34592305276648,-0.02607969531257963,0.0,-1.0,-0.0,0,0.0,21.47620986723041,0.6714110257827356,0.0,0.0,0.58498,0.00058087,1.29,0.0005150528089250961,1.17821,0.0,109.0,0.0,0.0,0.0,0.0,0.0,0.0,1.1795399999999998,-13.299999999998313,0.0,0.0,0.0,0.0,0.0,0.0,1.174385,38.24999999999967,1.1617099999999998,165.00000000000182,1.177715,4.949999999999122,0.0,0.0,0.0,0.0,0.0,0.0,1.1795399999999998,-13.299999999998313,1.16644,117.70000000000059,-1.0,1.0,1.0,-1.0,0.0,0.0,0.0,0.0,0.0,0.0,0.0,0.0,0.0,0.0,0.0,0.0,0.0,0.0,0.0,0.0,0.0,0.0,0.0,0.0,1.0,0.0,0.0,0.0,1.15664,0.0,0.0,0.0,0.0,0.0,0.0,0.0,0.0,0.0,0.0,0.0,0.0,0.0,0.0,0.0,1.0,0.0,0.0,0.0,0.0,0.0,0.0,0.0,-1.0
1.0,0.0,0.0,0.0,0.0,0.0,0.0,0.0,0.0,0.0,0.0,0.0,0.0,0.0,0.0,0.0,0.0,0.0,1.0,0.0,-0.25881904510252157,0.9659258262890681,98.199,100.76,-2.561000000000007,72.59910396120122,-0.02607969531257963,0.0,-1.0,-0.0,0,0.0,54.02936917398904,0.5858004789359206,0.0,0.0,0.493783,0.00061867,0.98,0.0006015021172133553,1.35262,0.0,109.0,0.0,0.0,0.0,0.0,0.0,0.0,1.355545,-29.250000000000664,0.0,0.0,0.0,0.0,0.0,0.0,1.34876,38.599999999999746,1.33767,149.5000000000002,1.353555,-9.350000000001302,0.0,0.0,0.0,0.0,0.0,0.0,1.355545,-29.250000000000664,1.33859,140.29999999999987,-1.0,1.0,1.0,-1.0,0.0,0.0,0.0,0.0,0.0,0.0,0.0,0.0,0.0,0.0,0.0,0.0,0.0,0.0,0.0,0.0,0.0,0.0,0.0,0.0,0.0,0.0,0.0,0.0,1.3247,0.0,0.0,0.0,0.0,0.0,0.0,0.0,0.0,0.0,0.0,0.0,0.0,0.0,0.0,1.0,1.0,0.0,1.0,0.0,0.0,0.0,0.0,0.0,-1.0
1.0,1.0,0.0,0.0,0.0,0.0,0.0,0.0,0.0,0.0,0.0,0.0,0.0,0.0,0.0,0.0,0.0,0.0,1.0,0.0,-0.25881904510252157,0.9659258262890681,98.199,100.76,-2.561000000000007,0.6169751573868134,-0.02607969531257963,0.0,-1.0,-0.0,0,0.0,32.0020445719215,0.6492809281436681,0.0,0.0,0.53046,0.00060243,1.09,0.0005645929291040547,159.162,0.0,109.0,0.0,0.0,0.0,0.0,0.0,0.0,158.781,38.10000000000002,0.0,0.0,0.0,0.0,0.0,0.0,159.05849999999998,10.350000000002524,158.98250000000002,17.949999999999022,159.115,4.699999999999704,0.0,0.0,0.0,0.0,0.0,0.0,158.781,38.10000000000002,158.957,20.50000000000125,1.0,-1.0,-1.0,1.0,0.0,0.0,0.0,0.0,0.0,0.0,0.0,0.0,0.0,0.0,0.0,0.0,0.0,0.0,0.0,0.0,0.0,0.0,0.0,0.0,0.0,0.0,0.0,0.0,0.0,0.0,0.0,0.0,0.0,0.0,0.0,0.0,0.0,0.0,0.0,0.0,0.0,0.0,0.0,0.0,0.0,1.0,0.0,1.0,0.0,0.0,0.0,0.0,-1.0
1.0,0.0,0.0,0.0,0.0,0.0,0.0,0.0,0.0,0.0,0.0,0.0,0.0,0.0,0.0,0.0,0.0,0.0,1.0,0.0,-0.25881904510252157,0.9659258262890681,98.199,100.76,-2.561000000000007,137.1207149340222,-0.02607969531257963,0.0,-1.0,-1.0,0,0.0,7.969750859101056,0.6199158858041175,0.0004,0.0,0.917174,0.00081451,8.02,0.0007984141704916445,0.71615,60.0,109.0,0.5504587155963303,1.0,5.0,0.7093,0.72986,2.0,0.717465,-13.150000000000661,0.0,0.0,0.0,0.0,0.0,0.0,0.709295,68.54999999999944,0.701525,146.25,0.7164999999999999,-3.4999999999996145,0.0,0.0,0.0,0.0,0.0,0.0,0.716345,-1.9500000000005624,0.70367,124.79999999999936,-1.0,1.0,1.0,1.0,0.0,1.0,0.0,0.0,0.0,0.0,0.0,0.0,0.0,0.0,0.0,0.0,0.0,0.0,0.0,0.0,0.0,0.0,0.0,0.0,1.0,0.0,0.0,0.0,0.7022,0.0,0.0,0.0,0.0,0.0,0.0,0.0,0.0,0.0,0.0,0.0,0.0,0.0,1.0,0.0,1.0,0.0,0.0,0.0,0.0,1.0,0.10000000000000003,0.20000000000000007,-1.0
1.0,0.0,0.0,0.0,0.0,0.0,0.0,0.0,0.0,0.0,0.0,0.0,0.0,0.0,0.0,0.0,0.0,0.0,1.0,0.0,-0.25881904510252157,0.9659258262890681,98.199,100.76,-2.561000000000007,71.66188672636119,-0.02607969531257963,1.0,-1.0,1.0,0,0.0,27.990432553733484,0.670136910224391,0.5884,0.3314,0.612029,0.00044799,1.41,0.00039119207808324,1.37031,72.0,109.0,0.6605504587155964,-1.0,6.0,1.37186,1.36721,2.0,1.37186,-15.500000000001624,0.0,0.0,0.0,0.0,0.0,0.0,1.37864,-83.3000000000017,1.3771550000000001,-68.45000000000212,1.37152,-12.100000000001554,0.0,0.0,0.0,0.0,0.0,0.0,1.37418,-38.7000000000004,1.38215,-118.40000000000073,-1.0,-1.0,1.0,-1.0,0.0,-1.0,0.0,0.0,0.0,0.0,0.0,0.0,0.0,0.0,0.0,0.0,0.0,0.0,0.0,0.0,0.0,0.0,0.0,0.0,0.0,0.0,0.0,1.38519,0.0,0.0,1.34845,0.0,0.0,0.0,0.0,0.0,0.0,0.0,0.0,0.0,0.0,0.0,0.0,0.0,0.0,1.0,0.0,0.0,0.0,0.0,0.10000000000000003,0.20000000000000007,1.0
1.0,0.0,0.0,0.0,0.0,0.0,0.0,0.0,0.0,0.0,0.0,0.0,0.0,0.0,0.0,0.0,0.0,0.0,1.0,0.0,-0.25881904510252157,0.9659258262890681,98.199,100.76,-2.561000000000007,125.35295769613725,-0.02607969531257963,0.0,-1.0,-0.0,0,0.0,53.05106069598637,0.5816652406901184,0.0,0.0,0.797898,0.00077197,3.07,0.0005744931953887301,0.78338,0.0,109.0,0.0,0.0,0.0,0.0,0.0,0.0,0.782205,11.749999999999261,0.0,0.0,0.0,0.0,0.0,0.0,0.786215,-28.35000000000032,0.791285,-79.05000000000051,0.7835799999999999,-1.9999999999997797,0.0,0.0,0.0,0.0,0.0,0.0,0.782205,11.749999999999261,0.79042,-70.40000000000046,1.0,-1.0,-1.0,-1.0,0.0,0.0,0.0,0.0,0.0,0.0,0.0,0.0,0.0,0.0,0.0,0.0,0.0,0.0,0.0,0.0,0.0,0.0,0.0,0.0,0.0,0.0,0.0,0.79117,0.0,0.0,0.0,0.0,0.0,0.0,0.0,0.0,0.0,0.0,0.0,0.0,0.0,0.0,1.0,0.0,0.0,0.0,0.0,1.0,0.0,0.0,0.0,0.0,-1.0
1.0,0.0,0.0,0.0,0.0,0.0,0.0,0.0,0.0,0.0,0.0,0.0,0.0,0.0,0.0,0.0,0.0,0.0,0.0,1.0,-0.25881904510252157,0.9659258262890681,98.219,100.76,-2.541000000000011,83.49896709144853,-0.02587075820360634,0.0,-1.0,-0.0,0,0.0,63.662830016856056,0.7688671718187515,0.0,0.0,0.812782,0.00067164,3.34,0.0007274696403870492,1.17629,0.0,109.0,0.0,0.0,0.0,0.0,0.0,0.0,1.1804549999999998,-41.64999999999752,0.0,0.0,0.0,0.0,0.0,0.0,1.17727,-9.799999999999809,1.16298,133.10000000000156,1.1804549999999998,-41.64999999999752,0.0,0.0,0.0,0.0,0.0,0.0,1.1804549999999998,-41.64999999999752,1.16866,76.30000000000025,0.0,1.0,1.0,-1.0,0.0,-1.0,0.0,0.0,0.0,0.0,0.0,0.0,0.0,0.0,0.0,0.0,0.0,0.0,0.0,0.0,0.0,0.0,0.0,0.0,0.0,0.0,0.0,0.0,1.15664,0.0,0.0,0.0,0.0,0.0,0.0,0.0,0.0,0.0,0.0,0.0,0.0,0.0,1.0,0.0,1.0,0.0,0.0,0.0,0.0,0.0,0.0,0.0,-1.0
1.0,0.0,0.0,0.0,0.0,0.0,0.0,0.0,0.0,0.0,0.0,0.0,0.0,0.0,0.0,0.0,0.0,0.0,0.0,1.0,-0.25881904510252157,0.9659258262890681,98.219,100.76,-2.541000000000011,72.6735281277978,-0.02587075820360634,0.0,-1.0,-0.0,0,0.0,47.534610322534945,0.5325252981695858,0.0,0.0,0.850088,0.00075306,4.27,0.0007658676420853988,1.35151,0.0,109.0,0.0,0.0,0.0,0.0,0.0,0.0,1.3551799999999998,-36.6999999999984,0.0,0.0,0.0,0.0,0.0,0.0,1.351675,-1.6499999999997073,1.337895,136.14999999999932,1.3555899999999999,-40.79999999999862,0.0,0.0,0.0,0.0,0.0,0.0,1.3551799999999998,-36.6999999999984,1.340515,109.95000000000088,1.0,1.0,1.0,-1.0,0.0,-1.0,0.0,0.0,0.0,0.0,0.0,0.0,0.0,0.0,0.0,0.0,0.0,0.0,0.0,0.0,0.0,0.0,0.0,0.0,0.0,0.0,0.0,0.0,1.3247,0.0,0.0,0.0,0.0,0.0,0.0,0.0,0.0,0.0,0.0,0.0,0.0,0.0,1.0,0.0,0.0,0.0,1.0,0.0,0.0,0.0,0.0,0.0,-1.0
1.0,1.0,0.0,0.0,0.0,0.0,0.0,0.0,0.0,0.0,0.0,0.0,0.0,0.0,0.0,0.0,0.0,0.0,0.0,1.0,-0.25881904510252157,0.9659258262890681,98.219,100.76,-2.541000000000011,0.619248471092617,-0.02587075820360634,0.0,-1.0,1.0,0,0.0,29.245056097860605,0.5807803177659044,0.4788,0.5212,0.729957,0.0008707,2.2,0.0009295457165324364,158.61,72.0,109.0,0.6605504587155964,-1.0,6.0,158.694,158.442,2.0,158.5575,5.2500000000009095,0.0,0.0,0.0,0.0,0.0,0.0,158.694,-8.399999999997476,158.98250000000002,-37.25000000000023,158.3815,22.850000000002524,0.0,0.0,0.0,0.0,0.0,0.0,158.5575,5.2500000000009095,158.808,-19.799999999997908,-1.0,-1.0,-1.0,1.0,0.0,-1.0,0.0,0.0,0.0,0.0,0.0,0.0,0.0,0.0,0.0,0.0,0.0,0.0,0.0,0.0,0.0,0.0,0.0,0.0,1.0,0.0,0.0,159.956,0.0,159.896,0.0,0.0,0.0,0.0,0.0,0.0,0.0,0.0,0.0,0.0,0.0,0.0,0.0,1.0,0.0,0.0,0.0,1.0,0.0,0.0,0.10000000000000003,0.20000000000000007,0.0
1.0,0.0,0.0,0.0,0.0,0.0,0.0,0.0,0.0,0.0,0.0,0.0,0.0,0.0,0.0,0.0,0.0,0.0,0.0,1.0,-0.25881904510252157,0.9659258262890681,98.219,100.76,-2.541000000000011,137.0606047920068,-0.02587075820360634,0.0,-1.0,-1.0,0,0.0,1.3701983407197047,0.7640085874277117,0.1182,0.0018,0.840707,0.00094004,3.99,0.0009795547982868937,0.71661,60.0,109.0,0.5504587155963303,1.0,5.0,0.71317,0.72349,2.0,0.7187250000000001,-21.15000000000089,0.0,0.0,0.0,0.0,0.0,0.0,0.7131700000000001,34.399999999998876,0.70274,138.6999999999994,0.719365,-27.55000000000063,0.0,0.0,0.0,0.0,0.0,0.0,0.71868,-20.700000000000163,0.70599,106.19999999999963,1.0,1.0,1.0,1.0,0.0,0.0,0.0,0.0,0.0,0.0,0.0,0.0,0.0,0.0,0.0,0.0,0.0,0.0,0.0,0.0,0.0,0.0,0.0,0.0,0.0,0.0,0.0,0.0,0.69438,0.0,0.0,0.0,0.0,0.0,0.0,0.0,0.0,0.0,0.0,0.0,0.0,0.0,0.0,0.0,1.0,0.0,0.0,0.0,0.0,0.0,0.10000000000000003,0.20000000000000007,0.0
1.0,0.0,0.0,0.0,0.0,0.0,0.0,0.0,0.0,0.0,0.0,0.0,0.0,0.0,0.0,0.0,0.0,0.0,0.0,1.0,-0.25881904510252157,0.9659258262890681,98.219,100.76,-2.541000000000011,71.76603828730089,-0.02587075820360634,1.0,-1.0,1.0,0,0.0,36.80025163049832,0.6322864921428241,0.1124,0.0012,0.686095,0.0004322,1.84,0.0005327301352153996,1.3686,72.0,109.0,0.6605504587155964,-1.0,6.0,1.3746,1.3566,2.0,1.36779,8.099999999999774,0.0,0.0,0.0,0.0,0.0,0.0,1.3746,-60.00000000000006,1.379365,-107.64999999999914,1.367205,13.950000000000351,0.0,0.0,0.0,0.0,0.0,0.0,1.369375,-7.749999999999702,1.3789600000000002,-103.60000000000147,-1.0,-1.0,-1.0,-1.0,0.0,-1.0,0.0,0.0,0.0,0.0,0.0,0.0,0.0,0.0,0.0,0.0,0.0,0.0,0.0,0.0,0.0,0.0,0.0,0.0,1.0,0.0,0.0,1.38519,0.0,0.0,1.34845,0.0,0.0,0.0,0.0,0.0,0.0,0.0,0.0,0.0,0.0,0.0,0.0,1.0,0.0,1.0,0.0,0.0,0.0,0.0,0.10000000000000003,0.20000000000000007,-1.0
1.0,0.0,0.0,0.0,0.0,0.0,0.0,0.0,0.0,0.0,0.0,0.0,0.0,0.0,0.0,0.0,0.0,0.0,0.0,1.0,-0.25881904510252157,0.9659258262890681,98.219,100.76,-2.541000000000011,125.63508915551688,-0.02587075820360634,1.0,-1.0,1.0,0,0.0,4.907453397949186,0.5808673660618466,0.3342,0.071,0.698509,0.0007942,1.93,0.0007971022253499831,0.78178,72.0,109.0,0.6605504587155964,-1.0,6.0,0.78373,0.77789,2.0,0.78077,10.100000000000664,0.0,0.0,0.0,0.0,0.0,0.0,0.783725,-19.449999999999747,0.79087,-90.89999999999931,0.7800750000000001,17.049999999999564,0.0,0.0,0.0,0.0,0.0,0.0,0.78104,7.400000000000739,0.7893049999999999,-75.24999999999893,-1.0,-1.0,-1.0,-1.0,0.0,-1.0,0.0,0.0,0.0,0.0,0.0,0.0,0.0,0.0,0.0,0.0,0.0,0.0,0.0,0.0,0.0,0.0,0.0,0.0,1.0,0.0,0.0,0.79117,0.0,0.0,0.0,0.0,0.0,0.0,0.0,0.0,0.0,0.0,0.0,0.0,0.0,0.0,0.0,0.0,0.0,0.0,0.0,1.0,0.0,0.0,0.10000000000000003,0.20000000000000007,0.0
1.0,0.0,0.0,0.0,0.0,0.0,0.0,0.0,0.0,0.0,0.0,0.0,0.0,0.0,0.0,1.0,0.0,0.0,0.0,0.0,-0.25881904510252157,0.9659258262890681,98.035,100.76,-2.7250000000000085,83.17496139684047,-0.027796195236395253,0.0,-1.0,-0.0,0,0.0,6.266429167225319,0.9513084114947442,0.0,0.0,0.845679,0.00075268,4.14,0.0006911107140054119,1.17866,0.0,109.0,0.0,0.0,0.0,0.0,0.0,0.0,1.1759249999999999,27.35000000000154,0.0,0.0,0.0,0.0,0.0,0.0,1.178885,-2.249999999999197,1.16317,154.90000000000003,1.177285,13.750000000001261,0.0,0.0,0.0,0.0,0.0,0.0,1.178885,-2.249999999999197,1.171875,67.8500000000004,1.0,0.0,1.0,-1.0,0.0,-1.0,0.0,0.0,0.0,0.0,0.0,0.0,0.0,0.0,0.0,0.0,0.0,0.0,0.0,0.0,0.0,0.0,0.0,0.0,0.0,0.0,0.0,0.0,1.15664,0.0,0.0,0.0,0.0,0.0,0.0,0.0,0.0,0.0,0.0,0.0,0.0,0.0,0.0,0.0,0.0,0.0,0.0,0.0,0.0,0.0,0.0,0.0,-1.0
1.0,0.0,0.0,0.0,0.0,0.0,0.0,0.0,0.0,0.0,0.0,0.0,0.0,0.0,0.0,1.0,0.0,0.0,0.0,0.0,-0.25881904510252157,0.9659258262890681,98.035,100.76,-2.7250000000000085,72.4253841607565,-0.027796195236395253,0.0,-1.0,-1.0,0,0.0,3.5155973082964045,0.7678205731966161,0.4986,0.5014,0.835936,0.00083316,3.87,0.000826889369803293,1.3536000000000001,60.0,109.0,0.5504587155963303,1.0,5.0,1.35359,1.35361,2.0,1.3508550000000001,27.449999999999974,0.0,0.0,0.0,0.0,0.0,0.0,1.3535949999999999,0.050000000002548006,1.337895,157.0500000000008,1.352495,11.050000000001337,0.0,0.0,0.0,0.0,0.0,0.0,1.3535949999999999,0.050000000002548006,1.3439899999999998,96.1000000000034,1.0,0.0,1.0,-1.0,0.0,-1.0,0.0,0.0,0.0,0.0,0.0,0.0,0.0,0.0,0.0,0.0,0.0,0.0,0.0,0.0,0.0,0.0,0.0,0.0,0.0,0.0,0.0,0.0,1.3247,0.0,0.0,0.0,0.0,0.0,0.0,0.0,0.0,0.0,0.0,0.0,0.0,0.0,0.0,0.0,0.0,0.0,1.0,0.0,0.0,0.0,0.10000000000000003,0.20000000000000007,0.0
1.0,1.0,0.0,0.0,0.0,0.0,0.0,0.0,0.0,0.0,0.0,0.0,0.0,0.0,0.0,1.0,0.0,0.0,0.0,0.0,-0.25881904510252157,0.9659258262890681,98.035,100.76,-2.7250000000000085,0.6172361470512312,-0.027796195236395253,0.0,-1.0,-0.0,0,0.0,6.772250325216474,0.7687818310787218,0.0,0.0,0.726483,0.00090443,2.17,0.0008420832928742721,158.829,0.0,109.0,0.0,0.0,0.0,0.0,0.0,0.0,158.7835,4.550000000000409,0.0,0.0,0.0,0.0,0.0,0.0,158.5575,27.15000000000032,158.98250000000002,-15.350000000000819,158.76,6.900000000001683,0.0,0.0,0.0,0.0,0.0,0.0,158.4055,42.35000000000184,158.72199999999998,10.700000000002774,-1.0,-1.0,-1.0,1.0,0.0,1.0,0.0,0.0,0.0,0.0,0.0,0.0,0.0,0.0,0.0,0.0,0.0,0.0,0.0,0.0,0.0,0.0,0.0,0.0,0.0,0.0,0.0,159.956,0.0,159.896,0.0,0.0,0.0,0.0,0.0,0.0,0.0,0.0,0.0,0.0,0.0,0.0,0.0,1.0,0.0,1.0,0.0,1.0,0.0,0.0,0.0,0.0,-1.0
1.0,0.0,0.0,0.0,0.0,0.0,0.0,0.0,0.0,0.0,0.0,0.0,0.0,0.0,0.0,1.0,0.0,0.0,0.0,0.0,-0.25881904510252157,0.9659258262890681,98.035,100.76,-2.7250000000000085,136.56752803510483,-0.027796195236395253,0.0,-1.0,-1.0,0,0.0,20.712909434751957,0.9159416369284661,0.6164,0.3404,0.881103,0.00135925,5.48,0.0011709420323280143,0.71785,60.0,109.0,0.5504587155963303,1.0,5.0,0.71676,0.72002,2.0,0.714675,31.75000000000039,0.0,0.0,0.0,0.0,0.0,0.0,0.716765,10.850000000000026,0.70274,151.09999999999957,0.716665,11.849999999999916,0.0,0.0,0.0,0.0,0.0,0.0,0.716765,10.850000000000026,0.709255,85.95000000000019,1.0,0.0,1.0,1.0,0.0,-1.0,0.0,0.0,0.0,0.0,0.0,0.0,0.0,0.0,0.0,0.0,0.0,0.0,0.0,0.0,0.0,0.0,0.0,0.0,0.0,0.0,0.71137,0.0,0.7022,0.0,0.0,0.0,0.0,0.0,0.0,0.0,0.0,0.0,0.0,0.0,0.0,0.0,0.0,0.0,0.0,0.0,0.0,0.0,0.0,0.0,0.10000000000000003,0.20000000000000007,0.0
1.0,0.0,0.0,0.0,0.0,0.0,0.0,0.0,0.0,0.0,0.0,0.0,0.0,0.0,0.0,1.0,0.0,0.0,0.0,0.0,-0.25881904510252157,0.9659258262890681,98.035,100.76,-2.7250000000000085,71.84683034078417,-0.027796195236395253,1.0,-1.0,1.0,0,0.0,20.57542166393294,0.7149767026460223,0.4182,0.134,0.708317,0.0004341,2.01,0.000354748460215108,1.3645,84.0,109.0,0.7706422018348624,-1.0,7.0,1.36723,1.35904,2.0,1.36723,-27.29999999999899,0.0,0.0,0.0,0.0,0.0,0.0,1.37117,-66.69999999999953,1.38008,-155.79999999999927,1.366775,-22.75000000000027,0.0,0.0,0.0,0.0,0.0,0.0,1.36723,-27.29999999999899,1.3768150000000001,-123.15000000000076,-1.0,-1.0,-1.0,-1.0,0.0,-1.0,0.0,0.0,0.0,0.0,0.0,0.0,0.0,0.0,0.0,0.0,0.0,0.0,0.0,0.0,0.0,0.0,0.0,0.0,1.0,0.0,0.0,1.38519,0.0,0.0,1.34845,0.0,0.0,0.0,0.0,0.0,0.0,0.0,0.0,0.0,0.0,0.0,0.0,0.0,0.0,1.0,0.0,0.0,0.0,0.0,0.10000000000000003,0.20000000000000007,0.0
1.0,0.0,0.0,0.0,0.0,0.0,0.0,0.0,0.0,0.0,0.0,0.0,0.0,0.0,0.0,1.0,0.0,0.0,0.0,0.0,-0.25881904510252157,0.9659258262890681,98.035,100.76,-2.7250000000000085,125.96042657073107,-0.027796195236395253,1.0,-1.0,1.0,0,0.0,43.7523722544968,0.7193445527204951,0.2786,0.0418,0.455,0.00084198,0.88,0.0008386408945714105,0.7783,84.0,109.0,0.7706422018348624,-1.0,7.0,0.78076,0.77339,2.0,0.7807550000000001,-24.55000000000096,0.0,0.0,0.0,0.0,0.0,0.0,0.78104,-27.399999999999647,0.79087,-125.6999999999997,0.779755,-14.54999999999984,0.0,0.0,0.0,0.0,0.0,0.0,0.780725,-24.250000000000107,0.787875,-95.75,-1.0,-1.0,-1.0,-1.0,0.0,-1.0,0.0,0.0,0.0,0.0,0.0,0.0,0.0,0.0,0.0,0.0,0.0,0.0,0.0,0.0,0.0,0.0,0.0,0.0,0.0,0.78271,0.0,0.79963,0.0,0.0,0.0,0.0,0.0,0.0,0.0,0.0,0.0,0.0,0.0,0.0,0.0,0.0,1.0,0.0,0.0,1.0,0.0,1.0,0.0,0.0,0.10000000000000003,0.20000000000000007,0.0
1.0,0.0,0.0,0.0,0.0,0.0,0.0,0.0,0.0,0.0,0.0,0.0,0.0,0.0,0.0,0.0,1.0,0.0,0.0,0.0,-0.25881904510252157,0.9659258262890681,98.371,100.76,-2.38900000000001,83.7791801868554,-0.02428561262973854,1.0,-1.0,1.0,0,0.0,45.28179235014998,0.8678657069966521,0.6244,0.367,0.845337,0.00077449,4.13,0.0008217374171765608,1.17417,60.0,109.0,0.5504587155963303,-1.0,5.0,1.17549,1.17154,2.0,1.1754850000000001,-13.150000000001771,0.0,0.0,0.0,0.0,0.0,0.0,1.178395,-42.25000000000145,1.164605,95.65000000000046,1.174735,-5.650000000001487,0.0,0.0,0.0,0.0,0.0,0.0,1.1754850000000001,-13.150000000001771,1.1749749999999999,-8.049999999999446,-1.0,-1.0,1.0,-1.0,0.0,-1.0,0.0,0.0,0.0,0.0,0.0,0.0,0.0,0.0,0.0,0.0,0.0,0.0,0.0,0.0,0.0,0.0,0.0,0.0,0.0,0.0,0.0,0.0,0.0,0.0,0.0,0.0,0.0,0.0,0.0,0.0,0.0,0.0,0.0,0.0,0.0,0.0,1.0,0.0,0.0,1.0,1.0,0.0,0.0,0.0,0.10000000000000003,0.20000000000000007,0.0
1.0,0.0,0.0,0.0,0.0,0.0,0.0,0.0,0.0,0.0,0.0,0.0,0.0,0.0,0.0,0.0,1.0,0.0,0.0,0.0,-0.25881904510252157,0.9659258262890681,98.371,100.76,-2.38900000000001,72.84366576819407,-0.02428561262973854,1.0,-1.0,1.0,0,0.0,26.13679995804456,0.7322343982895035,0.5534,0.4466,0.813713,0.00086503,3.36,0.0008718414316196514,1.3504399999999999,60.0,109.0,0.5504587155963303,-1.0,5.0,1.3508,1.34971,2.0,1.3508049999999998,-3.649999999999487,0.0,0.0,0.0,0.0,0.0,0.0,1.3535949999999999,-31.55000000000019,1.337895,125.44999999999806,1.3507099999999999,-2.6999999999999247,0.0,0.0,0.0,0.0,0.0,0.0,1.3509449999999998,-5.049999999999777,1.3489849999999999,14.54999999999984,-1.0,-1.0,1.0,-1.0,0.0,-1.0,0.0,0.0,0.0,0.0,0.0,0.0,0.0,0.0,0.0,0.0,0.0,0.0,0.0,0.0,0.0,0.0,0.0,0.0,0.0,0.0,0.0,0.0,0.0,0.0,0.0,0.0,0.0,0.0,0.0,0.0,0.0,0.0,0.0,0.0,0.0,0.0,1.0,0.0,0.0,0.0,1.0,0.0,0.0,0.0,0.10000000000000003,0.20000000000000007,1.0
1.0,1.0,0.0,0.0,0.0,0.0,0.0,0.0,0.0,0.0,0.0,0.0,0.0,0.0,0.0,0.0,1.0,0.0,0.0,0.0,-0.25881904510252157,0.9659258262890681,98.371,100.76,-2.38900000000001,0.6172298039215686,-0.02428561262973854,1.0,-1.0,-1.0,0,0.0,35.95130483116877,0.7173176292828108,0.5136,0.4864,0.729957,0.00093555,2.2,0.0010008216370129823,159.375,72.0,109.0,0.6605504587155964,1.0,6.0,159.154,159.817,2.0,159.154,22.100000000000364,0.0,0.0,0.0,0.0,0.0,0.0,158.612,76.30000000000052,158.98250000000002,39.24999999999841,159.324,5.099999999998772,0.0,0.0,0.0,0.0,0.0,0.0,159.09300000000002,28.199999999998226,158.72199999999998,65.300000000002,1.0,1.0,-1.0,1.0,0.0,1.0,0.0,0.0,0.0,0.0,0.0,0.0,0.0,0.0,0.0,0.0,0.0,0.0,0.0,0.0,0.0,0.0,0.0,0.0,0.0,0.0,0.0,0.0,0.0,0.0,0.0,0.0,0.0,0.0,0.0,0.0,0.0,0.0,0.0,0.0,0.0,0.0,0.0,0.0,0.0,0.0,0.0,1.0,0.0,0.0,0.10000000000000003,0.20000000000000007,0.0
1.0,0.0,0.0,0.0,0.0,0.0,0.0,0.0,0.0,0.0,0.0,0.0,0.0,0.0,0.0,0.0,1.0,0.0,0.0,0.0,-0.25881904510252157,0.9659258262890681,98.371,100.76,-2.38900000000001,137.51642575558475,-0.02428561262973854,0.0,-1.0,-0.0,0,0.0,24.01208301694089,0.7711622742444217,0.0,0.0,0.493783,0.00143733,0.98,0.001519568726080684,0.71534,0.0,109.0,0.0,0.0,0.0,0.0,0.0,0.0,0.715785,-4.450000000000287,0.0,0.0,0.0,0.0,0.0,0.0,0.716765,-14.250000000000096,0.70274,125.99999999999945,0.715785,-4.450000000000287,0.0,0.0,0.0,0.0,0.0,0.0,0.715785,-4.450000000000287,0.71051,48.30000000000001,0.0,-1.0,1.0,1.0,0.0,-1.0,0.0,0.0,0.0,0.0,0.0,0.0,0.0,0.0,0.0,0.0,0.0,0.0,0.0,0.0,0.0,0.0,0.0,0.0,0.0,0.0,0.0,0.0,0.0,0.0,0.0,0.0,0.0,0.0,0.0,0.0,0.0,0.0,0.0,0.0,0.0,0.0,1.0,0.0,0.0,0.0,1.0,0.0,0.0,0.0,0.0,0.0,-1.0
1.0,0.0,0.0,0.0,0.0,0.0,0.0,0.0,0.0,0.0,0.0,0.0,0.0,0.0,0.0,0.0,1.0,0.0,0.0,0.0,-0.25881904510252157,0.9659258262890681,98.371,100.76,-2.38900000000001,72.01021909565395,-0.02428561262973854,1.0,-1.0,1.0,0,0.0,4.079221628409225,0.7673332868938799,0.2494,0.0272,0.747373,0.00045949,2.38,0.000652417668364599,1.3660700000000001,60.0,109.0,0.5504587155963303,-1.0,5.0,1.37035,1.35751,2.0,1.3653849999999998,6.850000000002687,0.0,0.0,0.0,0.0,0.0,0.0,1.37035,-42.79999999999839,1.37988,-138.09999999999877,1.3653849999999998,6.850000000002687,0.0,0.0,0.0,0.0,0.0,0.0,1.366575,-5.049999999999777,1.3754300000000002,-93.60000000000035,0.0,-1.0,-1.0,-1.0,0.0,-1.0,0.0,0.0,0.0,0.0,0.0,0.0,0.0,0.0,0.0,0.0,0.0,0.0,0.0,0.0,0.0,0.0,0.0,0.0,0.0,0.0,0.0,0.0,0.0,0.0,1.34845,0.0,0.0,0.0,0.0,0.0,0.0,0.0,0.0,0.0,0.0,0.0,0.0,0.0,0.0,1.0,0.0,0.0,0.0,0.0,0.10000000000000003,0.20000000000000007,0.0
1.0,0.0,0.0,0.0,0.0,0.0,0.0,0.0,0.0,0.0,0.0,0.0,0.0,0.0,0.0,0.0,1.0,0.0,0.0,0.0,-0.25881904510252157,0.9659258262890681,98.371,100.76,-2.38900000000001,125.98906235991751,-0.02428561262973854,0.0,-1.0,-0.0,0,0.0,2.013502046820699,0.754407162885836,0.0,0.0,0.455,0.000875,0.88,0.000882626079429876,0.78079,0.0,109.0,0.0,0.0,0.0,0.0,0.0,0.0,0.780215,5.749999999999922,0.0,0.0,0.0,0.0,0.0,0.0,0.78104,-2.4999999999997247,0.79087,-100.79999999999978,0.78043,3.6000000000002697,0.0,0.0,0.0,0.0,0.0,0.0,0.780085,7.049999999999557,0.785465,-46.749999999999844,1.0,-1.0,-1.0,-1.0,0.0,0.0,0.0,0.0,0.0,0.0,0.0,0.0,0.0,0.0,0.0,0.0,0.0,0.0,0.0,0.0,0.0,0.0,0.0,0.0,0.0,0.0,0.0,0.0,0.0,0.0,0.0,0.0,0.0,0.0,0.0,0.0,0.0,0.0,0.0,0.0,0.0,0.0,1.0,0.0,0.0,0.0,0.0,1.0,0.0,0.0,0.0,0.0,-1.0
1.0,0.0,0.0,0.0,0.0,0.0,0.0,0.0,0.0,0.0,0.0,0.0,0.0,0.0,0.0,0.0,0.0,1.0,0.0,0.0,-0.25881904510252157,0.9659258262890681,98.596,100.76,-2.1640000000000015,84.23264873731334,-0.02194815205485011,1.0,-1.0,1.0,0,0.0,62.41446545041295,0.9742427254870965,0.4788,0.1848,0.883842,0.00070259,5.61,0.0006086204045023227,1.17052,60.0,109.0,0.5504587155963303,-1.0,5.0,1.17327,1.16502,2.0,1.17327,-27.500000000000302,0.0,0.0,0.0,0.0,0.0,0.0,1.1776,-70.79999999999976,1.164605,59.15000000000114,1.17231,-17.899999999999583,0.0,0.0,0.0,0.0,0.0,0.0,1.17394,-34.19999999999979,1.175655,-51.3499999999989,-1.0,-1.0,1.0,-1.0,0.0,-1.0,0.0,0.0,0.0,0.0,0.0,0.0,0.0,0.0,0.0,0.0,0.0,0.0,0.0,0.0,0.0,0.0,0.0,0.0,0.0,1.17717,0.0,0.0,0.0,0.0,0.0,0.0,0.0,0.0,0.0,0.0,0.0,0.0,0.0,0.0,0.0,0.0,0.0,1.0,0.0,1.0,1.0,0.0,0.0,0.0,0.10000000000000003,0.20000000000000007,0.0
1.0,0.0,0.0,0.0,0.0,0.0,0.0,0.0,0.0,0.0,0.0,0.0,0.0,0.0,0.0,0.0,0.0,1.0,0.0,0.0,-0.25881904510252157,0.9659258262890681,98.596,100.76,-2.1640000000000015,73.02487834865241,-0.02194815205485011,0.0,-1.0,-0.0,0,0.0,22.781680029843965,0.7551121065818956,0.0,0.0,0.479332,0.00074966,0.94,0.0007311901928178052,1.3501699999999999,0.0,109.0,0.0,0.0,0.0,0.0,0.0,0.0,1.3504999999999998,-3.2999999999994145,0.0,0.0,0.0,0.0,0.0,0.0,1.3535949999999999,-34.250000000000114,1.337895,122.74999999999814,1.35081,-6.40000000000196,0.0,0.0,0.0,0.0,0.0,0.0,1.3507099999999999,-5.399999999999849,1.3489849999999999,11.849999999999916,1.0,-1.0,1.0,-1.0,0.0,-1.0,0.0,0.0,0.0,0.0,0.0,0.0,0.0,0.0,0.0,0.0,0.0,0.0,0.0,0.0,0.0,0.0,0.0,0.0,0.0,0.0,0.0,0.0,0.0,0.0,1.3252,0.0,0.0,0.0,0.0,0.0,0.0,0.0,0.0,0.0,0.0,0.0,0.0,1.0,0.0,1.0,1.0,0.0,0.0,0.0,0.0,0.0,-1.0
1.0,1.0,0.0,0.0,0.0,0.0,0.0,0.0,0.0,0.0,0.0,0.0,0.0,0.0,0.0,0.0,0.0,1.0,0.0,0.0,-0.25881904510252157,0.9659258262890681,98.596,100.76,-2.1640000000000015,0.6181722425640769,-0.02194815205485011,1.0,-1.0,-1.0,0,0.0,29.485750770656765,0.7503164349675714,0.5254,0.4746,0.757527,0.00075697,2.5,0.000656009968954453,159.496,60.0,109.0,0.5504587155963303,1.0,5.0,159.368,159.752,2.0,159.368,12.800000000001432,0.0,0.0,0.0,0.0,0.0,0.0,158.612,88.40000000000146,158.98250000000002,51.34999999999934,159.3415,15.450000000001296,0.0,0.0,0.0,0.0,0.0,0.0,159.324,17.199999999999704,158.72199999999998,77.40000000000293,-1.0,1.0,-1.0,1.0,0.0,1.0,0.0,0.0,0.0,0.0,0.0,0.0,0.0,0.0,0.0,0.0,0.0,0.0,0.0,0.0,0.0,0.0,0.0,0.0,0.0,0.0,0.0,0.0,0.0,0.0,0.0,0.0,0.0,0.0,0.0,0.0,0.0,0.0,0.0,0.0,0.0,0.0,1.0,0.0,1.0,0.0,0.0,1.0,0.0,1.0,0.10000000000000003,0.20000000000000007,0.0
1.0,0.0,0.0,0.0,0.0,0.0,0.0,0.0,0.0,0.0,0.0,0.0,0.0,0.0,0.0,0.0,0.0,1.0,0.0,0.0,-0.25881904510252157,0.9659258262890681,98.596,100.76,-2.1640000000000015,137.70583388036147,-0.02194815205485011,0.0,-1.0,-1.0,0,0.0,0.6398740244917365,0.7676636526121615,0.6288,0.368,0.508238,0.00130866,1.02,0.0012404196632066899,0.71599,60.0,109.0,0.5504587155963303,1.0,5.0,0.7153,0.71738,2.0,0.715295,6.950000000000012,0.0,0.0,0.0,0.0,0.0,0.0,0.716765,-7.749999999999702,0.70274,132.49999999999983,0.715795,1.9500000000005624,0.0,0.0,0.0,0.0,0.0,0.0,0.715785,2.0500000000001073,0.71051,54.8000000000004,1.0,-1.0,1.0,1.0,0.0,1.0,0.0,0.0,0.0,0.0,0.0,0.0,0.0,0.0,0.0,0.0,0.0,0.0,0.0,0.0,0.0,0.0,0.0,0.0,0.0,0.0,0.71137,0.0,0.7022,0.0,0.0,0.0,0.0,0.0,0.0,0.0,0.0,0.0,0.0,0.0,0.0,0.0,0.0,1.0,0.0,0.0,1.0,0.0,0.0,0.0,0.10000000000000003,0.20000000000000007,0.0
1.0,0.0,0.0,0.0,0.0,0.0,0.0,0.0,0.0,0.0,0.0,0.0,0.0,0.0,0.0,0.0,0.0,1.0,0.0,0.0,-0.25881904510252157,0.9659258262890681,98.596,100.76,-2.1640000000000015,72.11474462591701,-0.02194815205485011,0.0,-1.0,-0.0,0,0.0,11.61066246008826,0.6156863714800482,0.0,0.0,0.708317,0.00047902,2.01,0.0003998612825058031,1.36721,0.0,109.0,0.0,0.0,0.0,0.0,0.0,0.0,1.365945,12.650000000000716,0.0,0.0,0.0,0.0,0.0,0.0,1.367795,-5.850000000000577,1.37988,-126.69999999999959,1.366035,11.749999999999261,0.0,0.0,0.0,0.0,0.0,0.0,1.3653849999999998,18.250000000001876,1.3754300000000002,-82.20000000000115,1.0,-1.0,-1.0,-1.0,0.0,1.0,0.0,0.0,0.0,0.0,0.0,0.0,0.0,0.0,0.0,0.0,0.0,0.0,0.0,0.0,0.0,0.0,0.0,0.0,0.0,0.0,0.0,1.38519,0.0,0.0,0.0,0.0,0.0,0.0,0.0,0.0,0.0,0.0,0.0,0.0,0.0,0.0,1.0,0.0,1.0,0.0,0.0,0.0,0.0,0.0,0.0,0.0,-1.0
1.0,0.0,0.0,0.0,0.0,0.0,0.0,0.0,0.0,0.0,0.0,0.0,0.0,0.0,0.0,0.0,0.0,1.0,0.0,0.0,-0.25881904510252157,0.9659258262890681,98.596,100.76,-2.1640000000000015,125.61760246658768,-0.02194815205485011,0.0,-1.0,-1.0,0,0.0,24.02723718334232,0.8135267899019039,0.1856,0.0126,0.519615,0.00075682,1.06,0.0007146385649510823,0.78489,60.0,109.0,0.5504587155963303,1.0,5.0,0.78208,0.79051,2.0,0.78208,28.099999999999792,0.0,0.0,0.0,0.0,0.0,0.0,0.781245,36.450000000000095,0.79087,-59.799999999999855,0.78322,16.69999999999949,0.0,0.0,0.0,0.0,0.0,0.0,0.78162,32.69999999999995,0.785465,-5.749999999999922,1.0,1.0,-1.0,-1.0,0.0,1.0,0.0,0.0,0.0,0.0,0.0,0.0,0.0,0.0,0.0,0.0,0.0,0.0,0.0,0.0,0.0,0.0,0.0,0.0,1.0,0.0,0.0,0.0,0.0,0.0,0.0,0.0,0.0,0.0,0.0,0.0,0.0,0.0,0.0,0.0,0.0,0.0,1.0,0.0,0.0,0.0,0.0,1.0,0.0,0.0,0.10000000000000003,0.20000000000000007,-1.0
1.0,0.0,0.0,0.0,0.0,0.0,0.0,0.0,0.0,0.0,0.0,0.0,0.0,0.0,0.0,0.0,0.0,0.0,1.0,0.0,-0.25881904510252157,0.9659258262890681,98.803,100.76,-1.9570000000000078,84.57640321517535,-0.019807090877807434,0.0,-1.0,-0.0,0,0.0,28.25493043476196,0.6889544809113244,0.0,0.0,0.551853,0.00058342,1.17,0.0005431571759909482,1.16821,0.0,109.0,0.0,0.0,0.0,0.0,0.0,0.0,1.16928,-10.700000000001264,0.0,0.0,0.0,0.0,0.0,0.0,1.17591,-77.0000000000004,1.164605,36.05000000000081,1.16928,-10.700000000001264,0.0,0.0,0.0,0.0,0.0,0.0,1.1713200000000001,-31.100000000001682,1.175655,-74.44999999999924,0.0,-1.0,1.0,-1.0,0.0,-1.0,0.0,0.0,0.0,0.0,0.0,0.0,0.0,0.0,0.0,0.0,0.0,0.0,0.0,0.0,0.0,0.0,0.0,0.0,0.0,0.0,0.0,0.0,0.0,0.0,0.0,0.0,0.0,0.0,0.0,0.0,0.0,0.0,0.0,0.0,0.0,0.0,0.0,1.0,0.0,1.0,1.0,0.0,0.0,0.0,0.0,0.0,-1.0
1.0,0.0,0.0,0.0,0.0,0.0,0.0,0.0,0.0,0.0,0.0,0.0,0.0,0.0,0.0,0.0,0.0,0.0,1.0,0.0,-0.25881904510252157,0.9659258262890681,98.803,100.76,-1.9570000000000078,73.38963662833883,-0.019807090877807434,0.0,-1.0,-0.0,0,0.0,76.02342888361277,0.41183387394575066,0.0,0.0,0.674984,0.00070425,1.76,0.0005985415784247922,1.34628,0.0,109.0,0.0,0.0,0.0,0.0,0.0,0.0,1.3482750000000001,-19.95000000000191,0.0,0.0,0.0,0.0,0.0,0.0,1.352325,-60.450000000000784,1.337895,83.84999999999864,1.3482750000000001,-19.95000000000191,0.0,0.0,0.0,0.0,0.0,0.0,1.34914,-28.600000000000847,1.3489849999999999,-27.049999999999574,0.0,-1.0,1.0,-1.0,0.0,-1.0,0.0,0.0,0.0,0.0,0.0,0.0,0.0,0.0,0.0,0.0,0.0,0.0,0.0,0.0,0.0,0.0,0.0,0.0,0.0,0.0,0.0,0.0,0.0,0.0,1.3252,0.0,0.0,0.0,0.0,0.0,0.0,0.0,0.0,0.0,0.0,0.0,0.0,0.0,0.0,0.0,1.0,0.0,0.0,0.0,0.0,0.0,-1.0
1.0,1.0,0.0,0.0,0.0,0.0,0.0,0.0,0.0,0.0,0.0,0.0,0.0,0.0,0.0,0.0,0.0,0.0,1.0,0.0,-0.25881904510252157,0.9659258262890681,98.803,100.76,-1.9570000000000078,0.6185703195432234,-0.019807090877807434,1.0,-1.0,-1.0,0,0.0,36.45436492603491,0.4117603739808945,0.519,0.481,0.522823,0.00062876,1.07,0.000593656340638225,159.728,72.0,109.0,0.6605504587155964,1.0,6.0,159.567,160.05,2.0,159.567,16.100000000000136,0.0,0.0,0.0,0.0,0.0,0.0,158.7135,101.44999999999982,158.98250000000002,74.54999999999927,159.575,15.300000000002001,0.0,0.0,0.0,0.0,0.0,0.0,159.4755,25.249999999999773,158.72199999999998,100.60000000000286,1.0,1.0,-1.0,1.0,0.0,1.0,0.0,0.0,0.0,0.0,0.0,0.0,0.0,0.0,0.0,0.0,0.0,0.0,0.0,0.0,0.0,0.0,0.0,0.0,1.0,0.0,0.0,0.0,0.0,0.0,0.0,0.0,0.0,0.0,0.0,0.0,0.0,0.0,0.0,0.0,0.0,0.0,0.0,0.0,1.0,0.0,0.0,1.0,0.0,0.0,0.10000000000000003,0.20000000000000007,0.0
1.0,0.0,0.0,0.0,0.0,0.0,0.0,0.0,0.0,0.0,0.0,0.0,0.0,0.0,0.0,0.0,0.0,0.0,1.0,0.0,-0.25881904510252157,0.9659258262890681,98.803,100.76,-1.9570000000000078,138.62223781129427,-0.019807090877807434,1.0,-1.0,1.0,0,0.0,78.08758871172539,0.4013639989595712,0.5344,0.2638,0.503478,0.00094982,1.01,0.0009312135093167888,0.71275,60.0,109.0,0.5504587155963303,-1.0,5.0,0.71388,0.71049,2.0,0.71388,-11.299999999999644,0.0,0.0,0.0,0.0,0.0,0.0,0.71663,-38.79999999999995,0.70274,100.09999999999964,0.71371,-9.599999999999609,0.0,0.0,0.0,0.0,0.0,0.0,0.714035,-12.849999999999806,0.71051,22.400000000000198,-1.0,-1.0,1.0,1.0,0.0,-1.0,0.0,0.0,0.0,0.0,0.0,0.0,0.0,0.0,0.0,0.0,0.0,0.0,0.0,0.0,0.0,0.0,0.0,0.0,0.0,0.0,0.0,0.0,0.0,0.0,0.0,0.0,0.0,0.0,0.0,0.0,0.0,0.0,0.0,0.0,0.0,0.0,0.0,1.0,0.0,0.0,1.0,0.0,0.0,0.0,0.10000000000000003,0.20000000000000007,0.0
1.0,0.0,0.0,0.0,0.0,0.0,0.0,0.0,0.0,0.0,0.0,0.0,0.0,0.0,0.0,0.0,0.0,0.0,1.0,0.0,-0.25881904510252157,0.9659258262890681,98.803,100.76,-1.9570000000000078,72.12582215830699,-0.019807090877807434,0.0,-1.0,-1.0,0,0.0,69.24920664258526,0.49562355369401095,0.6074,0.3794,0.769595,0.00046747,2.65,0.00035833710874728507,1.36987,60.0,109.0,0.5504587155963303,1.0,5.0,1.36871,1.37218,2.0,1.368715,11.550000000000171,0.0,0.0,0.0,0.0,0.0,0.0,1.367255,26.14999999999812,1.37988,-100.10000000000075,1.3689900000000002,8.799999999997699,0.0,0.0,0.0,0.0,0.0,0.0,1.36794,19.299999999999873,1.3754300000000002,-55.60000000000231,1.0,1.0,-1.0,-1.0,0.0,1.0,0.0,0.0,0.0,0.0,0.0,0.0,0.0,0.0,0.0,0.0,0.0,0.0,0.0,0.0,0.0,0.0,0.0,0.0,0.0,0.0,0.0,1.37884,0.0,0.0,0.0,0.0,0.0,0.0,0.0,0.0,0.0,0.0,0.0,0.0,0.0,0.0,1.0,0.0,1.0,0.0,0.0,1.0,0.0,0.0,0.10000000000000003,0.20000000000000007,0.0
1.0,0.0,0.0,0.0,0.0,0.0,0.0,0.0,0.0,0.0,0.0,0.0,0.0,0.0,0.0,0.0,0.0,0.0,1.0,0.0,-0.25881904510252157,0.9659258262890681,98.803,100.76,-1.9570000000000078,125.63642837160805,-0.019807090877807434,0.0,-1.0,-1.0,0,0.0,17.43970983791974,0.6855549522815095,0.5144,0.2144,0.632672,0.00080022,1.51,0.0007516515669339905,0.78642,60.0,109.0,0.5504587155963303,1.0,5.0,0.78509,0.78908,2.0,0.7850900000000001,13.299999999999423,0.0,0.0,0.0,0.0,0.0,0.0,0.782435,39.850000000000165,0.79087,-44.49999999999954,0.7852600000000001,11.599999999999389,0.0,0.0,0.0,0.0,0.0,0.0,0.783575,28.449999999999864,0.785465,9.550000000000392,1.0,1.0,-1.0,-1.0,0.0,1.0,0.0,0.0,0.0,0.0,0.0,0.0,0.0,0.0,0.0,0.0,0.0,0.0,0.0,0.0,0.0,0.0,0.0,0.0,0.0,0.0,0.0,0.0,0.0,0.0,0.0,0.0,0.0,0.0,0.0,0.0,0.0,0.0,0.0,0.0,0.0,0.0,1.0,0.0,1.0,0.0,0.0,1.0,0.0,0.0,0.10000000000000003,0.20000000000000007,0.0
1.0,0.0,0.0,0.0,0.0,0.0,0.0,0.0,0.0,0.0,0.0,0.0,0.0,0.0,0.0,0.0,0.0,0.0,0.0,1.0,-0.25881904510252157,0.9659258262890681,98.486,100.76,-2.274000000000001,84.01880241257817,-0.023089576183416942,0.0,-1.0,-1.0,0,0.0,29.007578798656347,0.6203502288726249,0.4702,0.1906,0.519349,0.0006165,1.06,0.0005874798094201201,1.17219,60.0,109.0,0.5504587155963303,1.0,5.0,1.16975,1.17707,2.0,1.16975,24.399999999999977,0.0,0.0,0.0,0.0,0.0,0.0,1.173,-8.099999999999774,1.164605,75.85000000000176,1.1710349999999998,11.550000000002392,0.0,0.0,0.0,0.0,0.0,0.0,1.1695600000000002,26.299999999999102,1.17591,-37.199999999999456,1.0,-1.0,1.0,-1.0,0.0,1.0,0.0,0.0,0.0,0.0,0.0,0.0,0.0,0.0,0.0,0.0,0.0,0.0,0.0,0.0,0.0,0.0,0.0,0.0,1.0,0.0,0.0,0.0,0.0,0.0,0.0,0.0,0.0,0.0,0.0,0.0,0.0,0.0,0.0,0.0,0.0,0.0,1.0,0.0,0.0,1.0,1.0,0.0,0.0,0.0,0.10000000000000003,0.20000000000000007,0.0
1.0,0.0,0.0,0.0,0.0,0.0,0.0,0.0,0.0,0.0,0.0,0.0,0.0,0.0,0.0,0.0,0.0,0.0,0.0,1.0,-0.25881904510252157,0.9659258262890681,98.486,100.76,-2.274000000000001,72.75749471786764,-0.023089576183416942,0.0,-1.0,-1.0,0,0.0,66.35307670350002,0.5864466966071511,0.444,0.1606,0.656374,0.00070083,1.65,0.0005939868060514536,1.35362,72.0,109.0,0.6605504587155964,1.0,6.0,1.34959,1.36169,2.0,1.3494950000000001,41.249999999999346,0.0,0.0,0.0,0.0,0.0,0.0,1.349585,40.35000000000011,1.337895,157.2499999999999,1.3510550000000001,25.649999999999284,0.0,0.0,0.0,0.0,0.0,0.0,1.349195,44.250000000001236,1.352325,12.950000000000461,1.0,-1.0,1.0,-1.0,0.0,1.0,0.0,0.0,0.0,0.0,0.0,0.0,0.0,0.0,0.0,0.0,0.0,0.0,0.0,0.0,0.0,0.0,0.0,0.0,0.0,0.0,0.0,0.0,0.0,0.0,1.3252,0.0,0.0,0.0,0.0,0.0,0.0,0.0,0.0,0.0,0.0,0.0,1.0,0.0,0.0,1.0,1.0,0.0,0.0,0.0,0.10000000000000003,0.20000000000000007,0.0
1.0,1.0,0.0,0.0,0.0,0.0,0.0,0.0,0.0,0.0,0.0,0.0,0.0,0.0,0.0,0.0,0.0,0.0,0.0,1.0,-0.25881904510252157,0.9659258262890681,98.486,100.76,-2.274000000000001,0.6181297817723076,-0.023089576183416942,0.0,-1.0,-0.0,0,0.0,39.73759630501943,0.544799408084552,0.0,0.0,0.58498,0.00060923,1.29,0.0005753664294457469,159.329,0.0,109.0,0.0,0.0,0.0,0.0,0.0,0.0,159.5725,-24.349999999998317,0.0,0.0,0.0,0.0,0.0,0.0,159.1945,13.450000000000273,159.0235,30.5499999999995,159.4785,-14.949999999998909,0.0,0.0,0.0,0.0,0.0,0.0,159.573,-24.399999999999977,158.7135,61.54999999999973,-1.0,1.0,-1.0,1.0,0.0,-1.0,0.0,0.0,0.0,0.0,0.0,0.0,0.0,0.0,0.0,0.0,0.0,0.0,0.0,0.0,0.0,0.0,0.0,0.0,0.0,0.0,0.0,0.0,157.587,0.0,0.0,0.0,0.0,0.0,0.0,0.0,0.0,0.0,0.0,0.0,0.0,0.0,0.0,0.0,1.0,0.0,0.0,1.0,0.0,0.0,0.0,0.0,-1.0
1.0,0.0,0.0,0.0,0.0,0.0,0.0,0.0,0.0,0.0,0.0,0.0,0.0,0.0,0.0,0.0,0.0,0.0,0.0,1.0,-0.25881904510252157,0.9659258262890681,98.486,100.76,-2.274000000000001,137.70798959702452,-0.023089576183416942,0.0,-1.0,-1.0,0,0.0,14.03783059806667,0.543500748670643,0.6034,0.3964,0.477596,0.00093275,0.94,0.0009110466935667108,0.71518,72.0,109.0,0.6605504587155964,1.0,6.0,0.71484,0.71586,2.0,0.71348,17.000000000000348,0.0,0.0,0.0,0.0,0.0,0.0,0.7148399999999999,3.40000000000118,0.70274,124.40000000000006,0.714045,11.349999999999971,0.0,0.0,0.0,0.0,0.0,0.0,0.71371,14.700000000000824,0.714925,2.5500000000000522,1.0,-1.0,1.0,1.0,0.0,1.0,0.0,0.0,0.0,0.0,0.0,0.0,0.0,0.0,0.0,0.0,0.0,0.0,0.0,0.0,0.0,0.0,0.0,0.0,0.0,0.0,0.0,0.0,0.0,0.0,0.0,0.0,0.0,0.0,0.0,0.0,0.0,0.0,0.0,0.0,0.0,0.0,1.0,0.0,0.0,1.0,1.0,0.0,0.0,0.0,0.10000000000000003,0.20000000000000007,0.0
1.0,0.0,0.0,0.0,0.0,0.0,0.0,0.0,0.0,0.0,0.0,0.0,0.0,0.0,0.0,0.0,0.0,0.0,0.0,1.0,-0.25881904510252157,0.9659258262890681,98.486,100.76,-2.274000000000001,72.07804563884133,-0.023089576183416942,1.0,-1.0,1.0,0,0.0,29.45246028085289,0.6457139045539874,0.6234,0.3744,0.674984,0.00046285,1.76,0.00037584520860983435,1.36638,72.0,109.0,0.6605504587155964,-1.0,6.0,1.36726,1.36461,2.0,1.368855,-24.75000000000005,0.0,0.0,0.0,0.0,0.0,0.0,1.367265,-8.850000000000247,1.37988,-135.00000000000068,1.368105,-17.249999999999766,0.0,0.0,0.0,0.0,0.0,0.0,1.36883,-24.500000000000632,1.371115,-47.35000000000156,-1.0,1.0,-1.0,-1.0,0.0,-1.0,0.0,0.0,0.0,0.0,0.0,0.0,0.0,0.0,0.0,0.0,0.0,0.0,0.0,0.0,0.0,0.0,0.0,0.0,1.0,0.0,0.0,1.37884,0.0,0.0,0.0,0.0,0.0,0.0,0.0,0.0,0.0,0.0,0.0,0.0,0.0,0.0,0.0,0.0,1.0,0.0,0.0,1.0,0.0,0.0,0.10000000000000003,0.20000000000000007,0.0
1.0,0.0,0.0,0.0,0.0,0.0,0.0,0.0,0.0,0.0,0.0,0.0,0.0,0.0,0.0,0.0,0.0,0.0,0.0,1.0,-0.25881904510252157,0.9659258262890681,98.486,100.76,-2.274000000000001,125.51583508570701,-0.023089576183416942,0.0,-1.0,-0.0,0,0.0,6.5528982984863235,0.6935488086455658,0.0,0.0,0.54904,0.00082626,1.16,0.0008114664578193469,0.78465,0.0,109.0,0.0,0.0,0.0,0.0,0.0,0.0,0.785995,-13.450000000000406,0.0,0.0,0.0,0.0,0.0,0.0,0.78261,20.39999999999931,0.79087,-62.20000000000003,0.78598,-13.300000000000534,0.0,0.0,0.0,0.0,0.0,0.0,0.785405,-7.550000000000612,0.78258,20.69999999999905,-1.0,1.0,-1.0,-1.0,0.0,0.0,0.0,0.0,0.0,0.0,0.0,0.0,0.0,0.0,0.0,0.0,0.0,0.0,0.0,0.0,0.0,0.0,0.0,0.0,0.0,0.0,0.0,0.0,0.0,0.0,0.0,0.0,0.0,0.0,0.0,0.0,0.0,0.0,0.0,0.0,0.0,0.0,1.0,0.0,1.0,0.0,0.0,1.0,0.0,0.0,0.0,0.0,-1.0
1.0,0.0,0.0,0.0,0.0,0.0,0.0,0.0,0.0,0.0,0.0,0.0,0.0,0.0,0.0,1.0,0.0,0.0,0.0,0.0,-0.25881904510252157,0.9659258262890681,98.469,100.76,-2.291000000000011,84.00931645224037,-0.023266205607856392,0.0,-1.0,-0.0,0,0.0,32.000226423916736,0.48680238796430525,0.0,0.0,0.455,0.00057447,0.88,0.0005720516672768032,1.17212,0.0,109.0,0.0,0.0,0.0,0.0,0.0,0.0,1.17252,-3.9999999999995595,0.0,0.0,0.0,0.0,0.0,0.0,1.17225,-1.2999999999996348,1.164605,75.1500000000016,1.1736849999999999,-15.649999999998165,0.0,0.0,0.0,0.0,0.0,0.0,1.17194,1.80000000000069,1.17591,-37.8999999999996,1.0,-1.0,1.0,-1.0,0.0,1.0,0.0,0.0,0.0,0.0,0.0,0.0,0.0,0.0,0.0,0.0,0.0,0.0,0.0,0.0,0.0,0.0,0.0,0.0,0.0,0.0,0.0,0.0,0.0,0.0,0.0,0.0,0.0,0.0,0.0,0.0,0.0,0.0,0.0,0.0,0.0,0.0,0.0,0.0,1.0,0.0,1.0,0.0,0.0,0.0,0.0,0.0,-1.0
1.0,0.0,0.0,0.0,0.0,0.0,0.0,0.0,0.0,0.0,0.0,0.0,0.0,0.0,0.0,1.0,0.0,0.0,0.0,0.0,-0.25881904510252157,0.9659258262890681,98.469,100.76,-2.291000000000011,72.75944877526138,-0.023266205607856392,0.0,-1.0,-1.0,0,0.0,26.751781377294055,0.5529517031753746,0.6066,0.3204,0.556156,0.00065504,1.18,0.0006092665370738754,1.35335,72.0,109.0,0.6605504587155964,1.0,6.0,1.35116,1.35772,2.0,1.35371,-3.5999999999991594,0.0,0.0,0.0,0.0,0.0,0.0,1.351165,21.850000000001035,1.337895,154.54999999999995,1.355305,-19.54999999999929,0.0,0.0,0.0,0.0,0.0,0.0,1.352505,8.449999999999847,1.352325,10.250000000000536,1.0,1.0,1.0,-1.0,0.0,1.0,0.0,0.0,0.0,0.0,0.0,0.0,0.0,0.0,0.0,0.0,0.0,0.0,0.0,0.0,0.0,0.0,0.0,0.0,0.0,0.0,0.0,0.0,0.0,0.0,1.3252,0.0,0.0,0.0,0.0,0.0,0.0,0.0,0.0,0.0,0.0,0.0,1.0,0.0,0.0,0.0,0.0,0.0,0.0,0.0,0.10000000000000003,0.20000000000000007,0.0
1.0,1.0,0.0,0.0,0.0,0.0,0.0,0.0,0.0,0.0,0.0,0.0,0.0,0.0,0.0,1.0,0.0,0.0,0.0,0.0,-0.25881904510252157,0.9659258262890681,98.469,100.76,-2.291000000000011,0.6176935526365314,-0.023266205607856392,0.0,-1.0,-0.0,0,0.0,20.72703425108543,0.42358848952721145,0.0,0.0,0.455,0.00052515,0.88,0.0005230371527781225,159.414,0.0,109.0,0.0,0.0,0.0,0.0,0.0,0.0,159.345,6.89999999999884,0.0,0.0,0.0,0.0,0.0,0.0,159.4255,-1.1500000000012278,159.0235,39.04999999999745,159.28199999999998,13.2000000000005,0.0,0.0,0.0,0.0,0.0,0.0,159.4315,-1.7500000000012506,158.7135,70.04999999999768,-1.0,1.0,-1.0,1.0,0.0,-1.0,0.0,0.0,0.0,0.0,0.0,0.0,0.0,0.0,0.0,0.0,0.0,0.0,0.0,0.0,0.0,0.0,0.0,0.0,0.0,0.0,0.0,0.0,157.587,0.0,0.0,0.0,0.0,0.0,0.0,0.0,0.0,0.0,0.0,0.0,0.0,0.0,0.0,0.0,0.0,0.0,0.0,1.0,0.0,0.0,0.0,0.0,-1.0
1.0,0.0,0.0,0.0,0.0,0.0,0.0,0.0,0.0,0.0,0.0,0.0,0.0,0.0,0.0,1.0,0.0,0.0,0.0,0.0,-0.25881904510252157,0.9659258262890681,98.469,100.76,-2.291000000000011,137.04229468498184,-0.023266205607856392,0.0,-1.0,-1.0,0,0.0,34.63703112100596,0.45061912660565295,0.2542,0.0334,0.812555,0.00084779,3.34,0.0007055481228674128,0.71853,84.0,109.0,0.7706422018348624,1.0,7.0,0.71634,0.72291,2.0,0.71634,21.900000000000254,0.0,0.0,0.0,0.0,0.0,0.0,0.71554,29.90000000000048,0.70274,157.8999999999997,0.71912,-5.899999999999794,0.0,0.0,0.0,0.0,0.0,0.0,0.71628,22.499999999999744,0.71663,19.000000000000128,1.0,1.0,1.0,1.0,0.0,1.0,0.0,0.0,0.0,0.0,0.0,0.0,0.0,0.0,0.0,0.0,0.0,0.0,0.0,0.0,0.0,0.0,0.0,0.0,1.0,0.0,0.0,0.0,0.0,0.0,0.0,0.0,0.0,0.0,0.0,0.0,0.0,0.0,0.0,0.0,0.0,0.0,1.0,0.0,0.0,1.0,0.0,0.0,0.0,0.0,0.10000000000000003,0.20000000000000007,0.0
1.0,0.0,0.0,0.0,0.0,0.0,0.0,0.0,0.0,0.0,0.0,0.0,0.0,0.0,0.0,1.0,0.0,0.0,0.0,0.0,-0.25881904510252157,0.9659258262890681,98.469,100.76,-2.291000000000011,72.27559985613728,-0.023266205607856392,1.0,-1.0,1.0,0,0.0,19.478357151706476,0.5510270533446995,0.6104,0.335,0.634252,0.0004753,1.52,0.0005204429566427965,1.3624100000000001,84.0,109.0,0.7706422018348624,-1.0,7.0,1.36393,1.35938,2.0,1.363925,-15.14999999999933,0.0,0.0,0.0,0.0,0.0,0.0,1.36558,-31.69999999999895,1.3781949999999998,-157.84999999999715,1.3616549999999998,7.550000000002832,0.0,0.0,0.0,0.0,0.0,0.0,1.36483,-24.199999999998667,1.369285,-68.74999999999964,-1.0,-1.0,-1.0,-1.0,0.0,-1.0,0.0,0.0,0.0,0.0,0.0,0.0,0.0,0.0,0.0,0.0,0.0,0.0,0.0,0.0,0.0,0.0,0.0,0.0,0.0,0.0,0.0,1.37005,0.0,0.0,0.0,0.0,0.0,0.0,0.0,0.0,0.0,0.0,0.0,0.0,0.0,0.0,0.0,1.0,0.0,0.0,0.0,1.0,0.0,0.0,0.10000000000000003,0.20000000000000007,0.0
1.0,0.0,0.0,0.0,0.0,0.0,0.0,0.0,0.0,0.0,0.0,0.0,0.0,0.0,0.0,1.0,0.0,0.0,0.0,0.0,-0.25881904510252157,0.9659258262890681,98.469,100.76,-2.291000000000011,125.34560452150004,-0.023266205607856392,0.0,-1.0,-0.0,0,0.0,8.775677767760778,0.4997849716711198,0.0,0.0,0.704838,0.00078414,1.98,0.0007558190377766666,0.78558,0.0,109.0,0.0,0.0,0.0,0.0,0.0,0.0,0.784815,7.6499999999990465,0.0,0.0,0.0,0.0,0.0,0.0,0.7829550000000001,26.249999999998774,0.79087,-52.90000000000017,0.78454,10.399999999999299,0.0,0.0,0.0,0.0,0.0,0.0,0.7852600000000001,3.1999999999987594,0.78258,29.999999999998916,-1.0,1.0,-1.0,-1.0,0.0,0.0,0.0,0.0,0.0,0.0,0.0,0.0,0.0,0.0,0.0,0.0,0.0,0.0,0.0,0.0,0.0,0.0,0.0,0.0,0.0,0.0,0.0,0.0,0.0,0.0,0.0,0.0,0.0,0.0,0.0,0.0,0.0,0.0,0.0,0.0,0.0,0.0,0.0,1.0,1.0,0.0,0.0,1.0,0.0,0.0,0.0,0.0,-1.0
1.0,0.0,0.0,0.0,0.0,0.0,0.0,0.0,0.0,0.0,0.0,0.0,0.0,0.0,0.0,0.0,1.0,0.0,0.0,0.0,-0.25881904510252157,0.9659258262890681,98.616,100.76,-2.1440000000000055,84.19075588642067,-0.02174089397258057,0.0,-1.0,-1.0,0,0.0,1.0923887101931273,0.7439751776587681,0.5348,0.4652,0.455,0.00058695,0.88,0.0005848948386664478,1.17134,60.0,109.0,0.5504587155963303,1.0,5.0,1.1712,1.17162,2.0,1.170215,11.250000000000426,0.0,0.0,0.0,0.0,0.0,0.0,1.1712,1.40000000000029,1.164605,67.35000000000157,1.1697600000000001,15.799999999999148,0.0,0.0,0.0,0.0,0.0,0.0,1.171615,-2.7500000000002522,1.17591,-45.69999999999963,-1.0,1.0,1.0,-1.0,0.0,0.0,0.0,0.0,0.0,0.0,0.0,0.0,0.0,0.0,0.0,0.0,0.0,0.0,0.0,0.0,0.0,0.0,0.0,0.0,0.0,0.0,0.0,0.0,0.0,0.0,1.1449799999999999,0.0,0.0,0.0,0.0,0.0,0.0,0.0,0.0,0.0,0.0,0.0,1.0,0.0,0.0,0.0,1.0,0.0,0.0,1.0,0.10000000000000003,0.20000000000000007,0.0
1.0,0.0,0.0,0.0,0.0,0.0,0.0,0.0,0.0,0.0,0.0,0.0,0.0,0.0,0.0,0.0,1.0,0.0,0.0,0.0,-0.25881904510252157,0.9659258262890681,98.616,100.76,-2.1440000000000055,72.94406556503988,-0.02174089397258057,0.0,-1.0,-1.0,0,0.0,3.785186908224361,0.8011775573570781,0.6006,0.3994,0.491344,0.0006375,0.98,0.0006271684811127719,1.35194,60.0,109.0,0.5504587155963303,1.0,5.0,1.35116,1.35349,2.0,1.35019,17.499999999999183,0.0,0.0,0.0,0.0,0.0,0.0,1.351165,7.749999999999702,1.337895,140.44999999999862,1.349285,26.54999999999852,0.0,0.0,0.0,0.0,0.0,0.0,1.35194,0.0,1.352325,-3.8500000000007972,-1.0,1.0,1.0,-1.0,0.0,0.0,0.0,0.0,0.0,0.0,0.0,0.0,0.0,0.0,0.0,0.0,0.0,0.0,0.0,0.0,0.0,0.0,0.0,0.0,0.0,0.0,0.0,0.0,0.0,0.0,1.3252,0.0,0.0,0.0,0.0,0.0,0.0,0.0,0.0,0.0,0.0,0.0,0.0,1.0,1.0,0.0,0.0,0.0,0.0,1.0,0.10000000000000003,0.20000000000000007,0.0
1.0,1.0,0.0,0.0,0.0,0.0,0.0,0.0,0.0,0.0,0.0,0.0,0.0,0.0,0.0,0.0,1.0,0.0,0.0,0.0,-0.25881904510252157,0.9659258262890681,98.616,100.76,-2.1440000000000055,0.6178908653454552,-0.02174089397258057,1.0,-1.0,-1.0,0,0.0,21.837576773401544,0.5148179177423047,0.523,0.477,0.787028,0.00065387,2.89,0.000646948497183782,159.601,60.0,109.0,0.5504587155963303,1.0,5.0,159.3985,160.006,2.0,159.37099999999998,23.00000000000182,0.0,0.0,0.0,0.0,0.0,0.0,159.3985,20.249999999998636,159.0235,57.749999999998636,159.5965,0.4500000000007276,0.0,0.0,0.0,0.0,0.0,0.0,159.37099999999998,23.00000000000182,158.7135,88.74999999999886,1.0,-1.0,-1.0,1.0,0.0,1.0,0.0,0.0,0.0,0.0,0.0,0.0,0.0,0.0,0.0,0.0,0.0,0.0,0.0,0.0,0.0,0.0,0.0,0.0,0.0,0.0,0.0,0.0,0.0,0.0,152.698,0.0,0.0,0.0,0.0,0.0,0.0,0.0,0.0,0.0,0.0,0.0,0.0,0.0,0.0,1.0,0.0,1.0,0.0,0.0,0.10000000000000003,0.20000000000000007,1.0
1.0,0.0,0.0,0.0,0.0,0.0,0.0,0.0,0.0,0.0,0.0,0.0,0.0,0.0,0.0,0.0,1.0,0.0,0.0,0.0,-0.25881904510252157,0.9659258262890681,98.616,100.76,-2.1440000000000055,137.3080296849111,-0.02174089397258057,0.0,-1.0,-1.0,0,0.0,13.708581380631992,0.7500829857220376,0.5794,0.3118,0.72618,0.00090341,2.17,0.0008683492703894601,0.71821,72.0,109.0,0.6605504587155964,1.0,6.0,0.71728,0.72008,2.0,0.7172750000000001,9.349999999999081,0.0,0.0,0.0,0.0,0.0,0.0,0.71554,26.700000000000614,0.70274,154.69999999999985,0.71687,13.400000000000079,0.0,0.0,0.0,0.0,0.0,0.0,0.71753,6.800000000000139,0.71663,15.800000000000258,-1.0,1.0,1.0,1.0,0.0,1.0,0.0,0.0,0.0,0.0,0.0,0.0,0.0,0.0,0.0,0.0,0.0,0.0,0.0,0.0,0.0,0.0,0.0,0.0,0.0,0.0,0.0,0.0,0.0,0.0,0.0,0.0,0.0,0.0,0.0,0.0,0.0,0.0,0.0,0.0,0.0,0.0,0.0,0.0,1.0,0.0,0.0,0.0,0.0,1.0,0.10000000000000003,0.20000000000000007,0.0
1.0,0.0,0.0,0.0,0.0,0.0,0.0,0.0,0.0,0.0,0.0,0.0,0.0,0.0,0.0,0.0,1.0,0.0,0.0,0.0,-0.25881904510252157,0.9659258262890681,98.616,100.76,-2.1440000000000055,72.06822716078253,-0.02174089397258057,0.0,-1.0,-0.0,0,0.0,22.009038059733445,0.8238383522299471,0.0,0.0,0.656374,0.00053565,1.65,0.0004588958311641129,1.36837,0.0,109.0,0.0,0.0,0.0,0.0,0.0,0.0,1.36521,31.600000000000517,0.0,0.0,0.0,0.0,0.0,0.0,1.36558,27.900000000000702,1.3781949999999998,-98.2499999999975,1.367765,6.050000000001887,0.0,0.0,0.0,0.0,0.0,0.0,1.364445,39.25000000000178,1.366835,15.350000000000641,1.0,-1.0,-1.0,-1.0,0.0,1.0,0.0,0.0,0.0,0.0,0.0,0.0,0.0,0.0,0.0,0.0,0.0,0.0,0.0,0.0,0.0,0.0,0.0,0.0,0.0,0.0,0.0,0.0,0.0,0.0,0.0,0.0,0.0,0.0,0.0,0.0,0.0,0.0,0.0,0.0,0.0,0.0,0.0,0.0,0.0,0.0,0.0,1.0,0.0,0.0,0.0,0.0,-1.0
1.0,0.0,0.0,0.0,0.0,0.0,0.0,0.0,0.0,0.0,0.0,0.0,0.0,0.0,0.0,0.0,1.0,0.0,0.0,0.0,-0.25881904510252157,0.9659258262890681,98.616,100.76,-2.1440000000000055,124.96958637469585,-0.02174089397258057,0.0,-1.0,-1.0,0,0.0,35.31692812127077,0.6935971056373478,0.4424,0.1458,0.455,0.00086359,0.88,0.0008609747801703391,0.78912,60.0,109.0,0.5504587155963303,1.0,5.0,0.78742,0.79252,2.0,0.78742,17.000000000000348,0.0,0.0,0.0,0.0,0.0,0.0,0.78641,27.099999999999902,0.79087,-17.499999999999183,0.78989,-7.699999999999374,0.0,0.0,0.0,0.0,0.0,0.0,0.7870900000000001,20.299999999999763,0.7843100000000001,48.09999999999981,1.0,1.0,-1.0,-1.0,0.0,1.0,0.0,0.0,0.0,0.0,0.0,0.0,0.0,0.0,0.0,0.0,0.0,0.0,0.0,0.0,0.0,0.0,0.0,0.0,1.0,0.0,0.0,0.0,0.0,0.0,0.0,0.0,0.0,0.0,0.0,0.0,0.0,0.0,0.0,0.0,0.0,0.0,0.0,0.0,0.0,0.0,0.0,1.0,0.0,0.0,0.10000000000000003,0.20000000000000007,0.0
1.0,0.0,0.0,0.0,0.0,0.0,0.0,0.0,0.0,0.0,0.0,0.0,0.0,0.0,0.0,0.0,0.0,1.0,0.0,0.0,-0.25881904510252157,0.9659258262890681,98.952,100.76,-1.808000000000007,84.77143444589129,-0.018271485164524284,1.0,-1.0,1.0,0,0.0,46.33616659611706,0.6541915961994897,0.5388,0.2506,0.787291,0.00055783,2.9,0.0005747525351502606,1.16728,60.0,109.0,0.5504587155963303,-1.0,5.0,1.16909,1.16366,2.0,1.16909,-18.099999999998673,0.0,0.0,0.0,0.0,0.0,0.0,1.17081,-35.29999999999811,1.164605,26.75000000000205,1.168475,-11.94999999999835,0.0,0.0,0.0,0.0,0.0,0.0,1.16909,-18.099999999998673,1.17552,-82.39999999999803,-1.0,-1.0,1.0,-1.0,0.0,-1.0,0.0,0.0,0.0,0.0,0.0,0.0,0.0,0.0,0.0,0.0,0.0,0.0,0.0,0.0,0.0,0.0,0.0,0.0,1.0,0.0,0.0,0.0,0.0,0.0,1.1449799999999999,0.0,0.0,0.0,0.0,0.0,0.0,0.0,0.0,0.0,0.0,0.0,0.0,1.0,0.0,1.0,0.0,0.0,0.0,0.0,0.10000000000000003,0.20000000000000007,0.0
1.0,0.0,0.0,0.0,0.0,0.0,0.0,0.0,0.0,0.0,0.0,0.0,0.0,0.0,0.0,0.0,0.0,1.0,0.0,0.0,-0.25881904510252157,0.9659258262890681,98.952,100.76,-1.808000000000007,73.43976131632267,-0.018271485164524284,1.0,-1.0,1.0,0,0.0,55.27709156089339,0.6966584873122736,0.613,0.3532,0.533934,0.00067419,1.1,0.0006374178456983471,1.3473899999999999,60.0,109.0,0.5504587155963303,-1.0,5.0,1.34925,1.34367,2.0,1.34925,-18.60000000000195,0.0,0.0,0.0,0.0,0.0,0.0,1.351165,-37.75000000000084,1.337895,94.94999999999808,1.34855,-11.600000000000499,0.0,0.0,0.0,0.0,0.0,0.0,1.34925,-18.60000000000195,1.352325,-49.35000000000134,-1.0,-1.0,1.0,-1.0,0.0,-1.0,0.0,0.0,0.0,0.0,0.0,0.0,0.0,0.0,0.0,0.0,0.0,0.0,0.0,0.0,0.0,0.0,0.0,0.0,1.0,0.0,0.0,0.0,0.0,0.0,1.3252,0.0,0.0,0.0,0.0,0.0,0.0,0.0,0.0,0.0,0.0,0.0,0.0,0.0,0.0,0.0,0.0,1.0,0.0,0.0,0.10000000000000003,0.20000000000000007,0.0
1.0,1.0,0.0,0.0,0.0,0.0,0.0,0.0,0.0,0.0,0.0,0.0,0.0,0.0,0.0,0.0,0.0,1.0,0.0,0.0,-0.25881904510252157,0.9659258262890681,98.952,100.76,-1.808000000000007,0.6167193313763252,-0.018271485164524284,1.0,-1.0,-1.0,0,0.0,36.77901026752316,0.4655963698425126,0.5164,0.4836,0.738297,0.00066439,2.28,0.0006626042823633991,160.449,72.0,109.0,0.6605504587155964,1.0,6.0,159.9835,161.38,2.0,159.9835,46.550000000002,0.0,0.0,0.0,0.0,0.0,0.0,159.70499999999998,74.40000000000282,159.0235,142.54999999999995,160.132,31.700000000000728,0.0,0.0,0.0,0.0,0.0,0.0,159.93349999999998,51.55000000000314,159.01999999999998,142.90000000000305,1.0,1.0,-1.0,1.0,0.0,1.0,0.0,0.0,0.0,0.0,0.0,0.0,0.0,0.0,0.0,0.0,0.0,0.0,0.0,0.0,0.0,0.0,0.0,0.0,1.0,0.0,0.0,0.0,0.0,0.0,0.0,0.0,0.0,0.0,0.0,0.0,0.0,0.0,0.0,0.0,0.0,0.0,0.0,0.0,0.0,1.0,0.0,1.0,0.0,0.0,0.10000000000000003,0.20000000000000007,0.0
1.0,0.0,0.0,0.0,0.0,0.0,0.0,0.0,0.0,0.0,0.0,0.0,0.0,0.0,0.0,0.0,0.0,1.0,0.0,0.0,-0.25881904510252157,0.9659258262890681,98.952,100.76,-1.808000000000007,139.0595576042047,-0.018271485164524284,1.0,-1.0,1.0,0,0.0,61.84363070662533,0.5335561672598882,0.1966,0.0166,0.493783,0.00102819,0.98,0.001014887155781239,0.71158,60.0,109.0,0.5504587155963303,-1.0,5.0,0.71456,0.70563,2.0,0.714555,-29.75000000000061,0.0,0.0,0.0,0.0,0.0,0.0,0.715065,-34.8499999999996,0.70274,88.3999999999996,0.7133849999999999,-18.049999999999457,0.0,0.0,0.0,0.0,0.0,0.0,0.714555,-29.75000000000061,0.716155,-45.74999999999996,-1.0,-1.0,1.0,1.0,0.0,-1.0,0.0,0.0,0.0,0.0,0.0,0.0,0.0,0.0,0.0,0.0,0.0,0.0,0.0,0.0,0.0,0.0,0.0,0.0,0.0,0.0,0.0,0.0,0.0,0.0,0.0,0.0,0.0,0.0,0.0,0.0,0.0,0.0,0.0,0.0,0.0,0.0,1.0,0.0,0.0,0.0,0.0,1.0,0.0,0.0,0.10000000000000003,0.20000000000000007,0.0
1.0,0.0,0.0,0.0,0.0,0.0,0.0,0.0,0.0,0.0,0.0,0.0,0.0,0.0,0.0,0.0,0.0,1.0,0.0,0.0,-0.25881904510252157,0.9659258262890681,98.952,100.76,-1.808000000000007,72.32223123643301,-0.018271485164524284,0.0,-1.0,-0.0,0,0.0,33.25852145701892,0.6199493313528629,0.0,0.0,0.645263,0.00058139,1.58,0.0005196786603830241,1.36821,0.0,109.0,0.0,0.0,0.0,0.0,0.0,0.0,1.3689,-6.900000000000794,0.0,0.0,0.0,0.0,0.0,0.0,1.36558,26.299999999999102,1.3781949999999998,-99.84999999999911,1.3689,-6.900000000000794,0.0,0.0,0.0,0.0,0.0,0.0,1.36778,4.299999999999304,1.36558,26.299999999999102,0.0,1.0,-1.0,-1.0,0.0,1.0,0.0,0.0,0.0,0.0,0.0,0.0,0.0,0.0,0.0,0.0,0.0,0.0,0.0,0.0,0.0,0.0,0.0,0.0,0.0,0.0,0.0,0.0,0.0,0.0,0.0,0.0,0.0,0.0,0.0,0.0,0.0,0.0,0.0,0.0,0.0,0.0,0.0,0.0,0.0,1.0,0.0,1.0,0.0,0.0,0.0,0.0,-1.0
1.0,0.0,0.0,0.0,0.0,0.0,0.0,0.0,0.0,0.0,0.0,0.0,0.0,0.0,0.0,0.0,0.0,1.0,0.0,0.0,-0.25881904510252157,0.9659258262890681,98.952,100.76,-1.808000000000007,125.00568483286592,-0.018271485164524284,0.0,-1.0,-1.0,0,0.0,14.650536783913656,0.6195072007122172,0.626,0.3582,0.742464,0.00084613,2.33,0.0008595675211906552,0.79158,72.0,109.0,0.6605504587155964,1.0,6.0,0.79087,0.793,2.0,0.7903800000000001,11.999999999998678,0.0,0.0,0.0,0.0,0.0,0.0,0.787775,38.04999999999947,0.79087,7.099999999999884,0.7905949999999999,9.850000000000136,0.0,0.0,0.0,0.0,0.0,0.0,0.7903800000000001,11.999999999998678,0.784995,65.84999999999953,1.0,1.0,-1.0,-1.0,0.0,1.0,0.0,0.0,0.0,0.0,0.0,0.0,0.0,0.0,0.0,0.0,0.0,0.0,0.0,0.0,0.0,0.0,0.0,0.0,1.0,0.0,0.0,0.0,0.0,0.0,0.0,0.0,0.0,0.0,0.0,0.0,0.0,0.0,0.0,0.0,0.0,0.0,0.0,1.0,1.0,0.0,0.0,1.0,0.0,0.0,0.10000000000000003,0.20000000000000007,0.0
1.0,0.0,0.0,0.0,0.0,0.0,0.0,0.0,0.0,0.0,0.0,0.0,0.0,0.0,0.0,0.0,0.0,0.0,1.0,0.0,-0.25881904510252157,0.9659258262890681,98.084,100.76,-2.676000000000002,83.60096825883878,-0.027282737245626215,0.0,-1.0,-1.0,0,0.0,56.95011882011721,0.5403530000669703,0.4764,0.18,0.921174,0.00069011,8.44,0.000681346665714535,1.17324,72.0,109.0,0.6605504587155964,1.0,6.0,1.17049,1.17873,2.0,1.1698300000000001,34.09999999999913,0.0,0.0,0.0,0.0,0.0,0.0,1.1704949999999998,27.450000000002195,1.164605,86.3500000000017,1.17117,20.700000000000163,0.0,0.0,0.0,0.0,0.0,0.0,1.1698300000000001,34.09999999999913,1.172295,9.449999999999736,1.0,-1.0,1.0,-1.0,0.0,1.0,0.0,0.0,0.0,0.0,0.0,0.0,0.0,0.0,0.0,0.0,0.0,0.0,0.0,0.0,0.0,0.0,0.0,0.0,0.0,0.0,0.0,0.0,0.0,0.0,1.1449799999999999,0.0,0.0,0.0,0.0,0.0,0.0,0.0,0.0,0.0,0.0,0.0,0.0,1.0,0.0,1.0,0.0,0.0,0.0,0.0,0.10000000000000003,0.20000000000000007,0.0
1.0,0.0,0.0,0.0,0.0,0.0,0.0,0.0,0.0,0.0,0.0,0.0,0.0,0.0,0.0,0.0,0.0,0.0,1.0,0.0,-0.25881904510252157,0.9659258262890681,98.084,100.76,-2.676000000000002,72.09885255180424,-0.027282737245626215,0.0,-1.0,-1.0,0,0.0,37.13093380781902,0.691359802906186,0.3108,0.0604,0.897994,0.00086963,6.44,0.0010855697309576163,1.36041,72.0,109.0,0.6605504587155964,1.0,6.0,1.35329,1.37465,2.0,1.3532899999999999,71.20000000000016,0.0,0.0,0.0,0.0,0.0,0.0,1.3532899999999999,71.20000000000016,1.33853,218.799999999999,1.3555000000000001,49.09999999999748,0.0,0.0,0.0,0.0,0.0,0.0,1.3532899999999999,71.20000000000016,1.35296,74.49999999999957,1.0,0.0,1.0,-1.0,0.0,1.0,0.0,0.0,0.0,0.0,0.0,0.0,0.0,0.0,0.0,0.0,0.0,0.0,0.0,0.0,0.0,0.0,0.0,0.0,0.0,0.0,1.35046,0.0,0.0,0.0,1.3252,0.0,0.0,0.0,0.0,0.0,0.0,0.0,0.0,0.0,0.0,0.0,0.0,1.0,0.0,1.0,0.0,1.0,0.0,0.0,0.10000000000000003,0.20000000000000007,0.0
1.0,1.0,0.0,0.0,0.0,0.0,0.0,0.0,0.0,0.0,0.0,0.0,0.0,0.0,0.0,0.0,0.0,0.0,1.0,0.0,-0.25881904510252157,0.9659258262890681,98.084,100.76,-2.676000000000002,0.6263946099562537,-0.027282737245626215,0.0,-1.0,1.0,0,0.0,0.0,0.5523607248579266,0.0,0.0,0.957485,0.00187482,15.95,0.0009038841823412695,156.585,60.0,109.0,0.5504587155963303,-1.0,5.0,158.125,153.505,2.0,158.125,-153.9999999999992,0.0,0.0,0.0,0.0,0.0,0.0,158.125,-153.9999999999992,158.125,-153.9999999999992,156.655,-6.999999999999318,0.0,0.0,0.0,0.0,0.0,0.0,158.125,-153.9999999999992,158.125,-153.9999999999992,-1.0,0.0,0.0,1.0,0.0,-1.0,0.0,0.0,0.0,0.0,0.0,0.0,0.0,0.0,0.0,0.0,0.0,0.0,0.0,0.0,0.0,0.0,0.0,0.0,1.0,159.589,0.0,160.723,0.0,160.453,0.0,0.0,0.0,0.0,0.0,0.0,0.0,0.0,0.0,0.0,0.0,0.0,1.0,0.0,0.0,0.0,0.0,1.0,0.0,0.0,0.10000000000000003,0.20000000000000007,-1.0
1.0,0.0,0.0,0.0,0.0,0.0,0.0,0.0,0.0,0.0,0.0,0.0,0.0,0.0,0.0,0.0,0.0,0.0,1.0,0.0,-0.25881904510252157,0.9659258262890681,98.084,100.76,-2.676000000000002,136.20129419279584,-0.027282737245626215,0.0,-1.0,-1.0,0,0.0,42.12296186243642,0.564195126277788,0.0832,0.0002,0.493783,0.00112415,0.98,0.0011039435870656782,0.72014,72.0,109.0,0.6605504587155964,1.0,6.0,0.71547,0.72948,2.0,0.71547,46.69999999999952,0.0,0.0,0.0,0.0,0.0,0.0,0.715225,49.15000000000003,0.70274,173.99999999999972,0.717325,28.15000000000012,0.0,0.0,0.0,0.0,0.0,0.0,0.715225,49.15000000000003,0.715225,49.15000000000003,1.0,0.0,1.0,1.0,0.0,1.0,0.0,0.0,0.0,0.0,0.0,0.0,0.0,0.0,0.0,0.0,0.0,0.0,0.0,0.0,0.0,0.0,0.0,0.0,0.0,0.0,0.0,0.0,0.0,0.0,0.0,0.0,0.0,0.0,0.0,0.0,0.0,0.0,0.0,0.0,0.0,0.0,0.0,1.0,0.0,1.0,0.0,1.0,0.0,0.0,0.10000000000000003,0.20000000000000007,0.0
1.0,0.0,0.0,0.0,0.0,0.0,0.0,0.0,0.0,0.0,0.0,0.0,0.0,0.0,0.0,0.0,0.0,0.0,1.0,0.0,-0.25881904510252157,0.9659258262890681,98.084,100.76,-2.676000000000002,72.22574041619417,-0.027282737245626215,1.0,-1.0,1.0,0,0.0,54.71395763949768,0.3612968689095473,0.3434,0.0732,0.769954,0.0007132,2.65,0.000764385126810102,1.35802,72.0,109.0,0.6605504587155964,-1.0,6.0,1.36347,1.34713,2.0,1.3634650000000001,-54.45000000000144,0.0,0.0,0.0,0.0,0.0,0.0,1.364525,-65.04999999999983,1.377325,-193.04999999999905,1.36281,-47.900000000000716,0.0,0.0,0.0,0.0,0.0,0.0,1.364525,-65.04999999999983,1.36471,-66.90000000000084,-1.0,0.0,-1.0,-1.0,0.0,-1.0,0.0,0.0,0.0,0.0,0.0,0.0,0.0,0.0,0.0,0.0,0.0,0.0,0.0,0.0,0.0,0.0,0.0,0.0,0.0,1.36713,0.0,1.3676300000000001,0.0,0.0,0.0,0.0,0.0,0.0,0.0,0.0,0.0,0.0,0.0,0.0,0.0,0.0,0.0,1.0,0.0,0.0,0.0,1.0,0.0,0.0,0.10000000000000003,0.20000000000000007,-1.0
1.0,0.0,0.0,0.0,0.0,0.0,0.0,0.0,0.0,0.0,0.0,0.0,0.0,0.0,0.0,0.0,0.0,0.0,1.0,0.0,-0.25881904510252157,0.9659258262890681,98.084,100.76,-2.676000000000002,125.53787869091656,-0.027282737245626215,1.0,-1.0,1.0,0,0.0,24.306861747213937,0.6697767967369436,0.0788,0.0004,0.768538,0.00099832,2.63,0.0008454721194129392,0.78131,72.0,109.0,0.6605504587155964,-1.0,6.0,0.78642,0.77108,2.0,0.7864249999999999,-51.14999999999981,0.0,0.0,0.0,0.0,0.0,0.0,0.78651,-52.00000000000094,0.79087,-95.60000000000014,0.78306,-17.50000000000029,0.0,0.0,0.0,0.0,0.0,0.0,0.78651,-52.00000000000094,0.7850250000000001,-37.15000000000135,-1.0,0.0,-1.0,-1.0,0.0,-1.0,0.0,0.0,0.0,0.0,0.0,0.0,0.0,0.0,0.0,0.0,0.0,0.0,0.0,0.0,0.0,0.0,0.0,0.0,1.0,0.0,0.0,0.79203,0.0,0.0,0.0,0.0,0.0,0.0,0.0,0.0,0.0,0.0,0.0,0.0,0.0,0.0,0.0,0.0,1.0,0.0,0.0,1.0,0.0,0.0,0.10000000000000003,0.20000000000000007,-1.0
1.0,0.0,0.0,0.0,0.0,0.0,0.0,0.0,0.0,0.0,0.0,0.0,0.0,0.0,0.0,0.0,0.0,0.0,0.0,1.0,-0.25881904510252157,0.9659258262890681,98.212,100.76,-2.548000000000002,83.80006484752299,-0.025943876512035207,0.0,-1.0,-0.0,0,0.0,6.235656665689801,0.4987165735861227,0.0,0.0,0.907021,0.00070629,7.1,0.0006016697365346593,1.17198,0.0,109.0,0.0,0.0,0.0,0.0,0.0,0.0,1.17502,-30.399999999999316,0.0,0.0,0.0,0.0,0.0,0.0,1.17201,-0.2999999999997449,1.164605,73.75000000000131,1.17502,-30.399999999999316,0.0,0.0,0.0,0.0,0.0,0.0,1.17292,-9.399999999999409,1.172295,-3.1500000000006523,0.0,1.0,1.0,-1.0,0.0,1.0,0.0,0.0,0.0,0.0,0.0,0.0,0.0,0.0,0.0,0.0,0.0,0.0,0.0,0.0,0.0,0.0,0.0,0.0,0.0,0.0,0.0,0.0,0.0,0.0,1.1449799999999999,0.0,0.0,0.0,0.0,0.0,0.0,0.0,0.0,0.0,0.0,0.0,1.0,0.0,1.0,0.0,0.0,0.0,0.0,0.0,0.0,0.0,-1.0
1.0,0.0,0.0,0.0,0.0,0.0,0.0,0.0,0.0,0.0,0.0,0.0,0.0,0.0,0.0,0.0,0.0,0.0,0.0,1.0,-0.25881904510252157,0.9659258262890681,98.212,100.76,-2.548000000000002,72.36262359823759,-0.025943876512035207,0.0,-1.0,-1.0,0,0.0,0.9227709815190123,0.5885484018428234,0.6282,0.3708,0.687398,0.0008816,1.85,0.0008793490282284376,1.3572199999999999,60.0,109.0,0.5504587155963303,1.0,5.0,1.35559,1.36048,2.0,1.36129,-40.70000000000018,0.0,0.0,0.0,0.0,0.0,0.0,1.3555899999999999,16.300000000000203,1.34083,163.89999999999904,1.36129,-40.70000000000018,0.0,0.0,0.0,0.0,0.0,0.0,1.35683,3.8999999999989043,1.35526,19.599999999999618,0.0,1.0,1.0,-1.0,0.0,1.0,0.0,0.0,0.0,0.0,0.0,0.0,0.0,0.0,0.0,0.0,0.0,0.0,0.0,0.0,0.0,0.0,0.0,0.0,0.0,0.0,1.35046,0.0,0.0,0.0,1.3252,0.0,0.0,0.0,0.0,0.0,0.0,0.0,0.0,0.0,0.0,0.0,1.0,0.0,0.0,0.0,0.0,1.0,0.0,0.0,0.10000000000000003,0.20000000000000007,0.0
1.0,1.0,0.0,0.0,0.0,0.0,0.0,0.0,0.0,0.0,0.0,0.0,0.0,0.0,0.0,0.0,0.0,0.0,0.0,1.0,-0.25881904510252157,0.9659258262890681,98.212,100.76,-2.548000000000002,0.6253271105394858,-0.025943876512035207,0.0,-1.0,-0.0,0,0.0,2.6784531783424934,0.7438110537439125,0.0,0.0,0.769595,0.00213669,2.65,0.0014245981466192508,157.057,0.0,109.0,0.0,0.0,0.0,0.0,0.0,0.0,156.409,64.79999999999961,0.0,0.0,0.0,0.0,0.0,0.0,158.10700000000003,-105.00000000000398,158.10700000000003,-105.00000000000398,156.7255,33.1499999999977,0.0,0.0,0.0,0.0,0.0,0.0,157.54000000000002,-48.30000000000325,158.10700000000003,-105.00000000000398,1.0,-1.0,0.0,1.0,0.0,-1.0,0.0,0.0,0.0,0.0,0.0,0.0,0.0,0.0,0.0,0.0,0.0,0.0,0.0,0.0,0.0,0.0,0.0,0.0,0.0,159.352,155.491,160.723,0.0,160.453,0.0,0.0,0.0,0.0,0.0,0.0,0.0,0.0,0.0,0.0,0.0,0.0,1.0,0.0,0.0,1.0,0.0,1.0,0.0,0.0,0.0,0.0,-1.0
1.0,0.0,0.0,0.0,0.0,0.0,0.0,0.0,0.0,0.0,0.0,0.0,0.0,0.0,0.0,0.0,0.0,0.0,0.0,1.0,-0.25881904510252157,0.9659258262890681,98.212,100.76,-2.548000000000002,136.41692363252494,-0.025943876512035207,0.0,-1.0,-1.0,0,0.0,15.19684968995317,0.6782297566360382,0.1652,0.008,0.664846,0.00106006,1.7,0.0010044306889590157,0.71994,72.0,109.0,0.6605504587155964,1.0,6.0,0.71646,0.7269,2.0,0.72055,-6.099999999999994,0.0,0.0,0.0,0.0,0.0,0.0,0.71646,34.80000000000039,0.703045,168.94999999999993,0.72109,-11.499999999999844,0.0,0.0,0.0,0.0,0.0,0.0,0.71775,21.900000000000254,0.71646,34.80000000000039,1.0,1.0,1.0,1.0,0.0,1.0,0.0,0.0,0.0,0.0,0.0,0.0,0.0,0.0,0.0,0.0,0.0,0.0,0.0,0.0,0.0,0.0,0.0,0.0,1.0,0.0,0.71495,0.0,0.0,0.0,0.0,0.0,0.0,0.0,0.0,0.0,0.0,0.0,0.0,0.0,0.0,0.0,1.0,0.0,0.0,0.0,0.0,1.0,0.0,0.0,0.10000000000000003,0.20000000000000007,0.0
1.0,0.0,0.0,0.0,0.0,0.0,0.0,0.0,0.0,0.0,0.0,0.0,0.0,0.0,0.0,0.0,0.0,0.0,0.0,1.0,-0.25881904510252157,0.9659258262890681,98.212,100.76,-2.548000000000002,72.27369397081442,-0.025943876512035207,1.0,-1.0,1.0,0,0.0,10.30750980704199,0.48139830564714353,0.444,0.1594,0.783747,0.00069572,2.84,0.0005419859039076064,1.35889,60.0,109.0,0.5504587155963303,-1.0,5.0,1.36303,1.35061,2.0,1.357165,17.249999999999766,0.0,0.0,0.0,0.0,0.0,0.0,1.36303,-41.400000000000325,1.37583,-169.40000000000177,1.357165,17.249999999999766,0.0,0.0,0.0,0.0,0.0,0.0,1.361315,-24.250000000001215,1.3632149999999998,-43.24999999999912,0.0,-1.0,-1.0,-1.0,0.0,-1.0,0.0,0.0,0.0,0.0,0.0,0.0,0.0,0.0,0.0,0.0,0.0,0.0,0.0,0.0,0.0,0.0,0.0,0.0,0.0,1.36713,0.0,1.3676300000000001,0.0,0.0,0.0,0.0,0.0,0.0,0.0,0.0,0.0,0.0,0.0,0.0,0.0,0.0,0.0,1.0,0.0,0.0,0.0,1.0,0.0,0.0,0.10000000000000003,0.20000000000000007,0.0
1.0,0.0,0.0,0.0,0.0,0.0,0.0,0.0,0.0,0.0,0.0,0.0,0.0,0.0,0.0,0.0,0.0,0.0,0.0,1.0,-0.25881904510252157,0.9659258262890681,98.212,100.76,-2.548000000000002,125.65988970917513,-0.025943876512035207,1.0,-1.0,1.0,0,0.0,25.987131858193184,0.7299793634054874,0.1752,0.0114,0.831231,0.00095877,3.75,0.0007189888305791428,0.78157,72.0,109.0,0.6605504587155964,-1.0,6.0,0.78518,0.77435,2.0,0.7804599999999999,11.100000000000554,0.0,0.0,0.0,0.0,0.0,0.0,0.78518,-36.10000000000002,0.79087,-92.99999999999974,0.77986,17.099999999999895,0.0,0.0,0.0,0.0,0.0,0.0,0.78376,-21.900000000000254,0.785155,-35.850000000000605,-1.0,-1.0,-1.0,-1.0,0.0,-1.0,0.0,0.0,0.0,0.0,0.0,0.0,0.0,0.0,0.0,0.0,0.0,0.0,0.0,0.0,0.0,0.0,0.0,0.0,1.0,0.0,0.0,0.0,0.0,0.0,0.0,0.0,0.0,0.0,0.0,0.0,0.0,0.0,0.0,0.0,0.0,0.0,0.0,1.0,0.0,0.0,0.0,0.0,0.0,0.0,0.10000000000000003,0.20000000000000007,-1.0
1.0,0.0,0.0,0.0,0.0,0.0,0.0,0.0,0.0,0.0,0.0,0.0,0.0,0.0,0.0,1.0,0.0,0.0,0.0,0.0,-0.25881904510252157,0.9659258262890681,98.45,100.76,-2.3100000000000023,84.21151674821226,-0.023463687150838013,0.0,-1.0,-0.0,0,0.0,28.181249564765547,0.6728983652651483,0.0,0.0,0.785831,0.00077638,2.88,0.0006992856501681553,1.1690800000000001,0.0,109.0,0.0,0.0,0.0,0.0,0.0,0.0,1.17147,-23.899999999998922,0.0,0.0,0.0,0.0,0.0,0.0,1.17201,-29.29999999999877,1.164605,44.75000000000229,1.16994,-8.599999999998609,0.0,0.0,0.0,0.0,0.0,0.0,1.173305,-42.24999999999923,1.17201,-29.29999999999877,-1.0,1.0,1.0,-1.0,0.0,-1.0,0.0,0.0,0.0,0.0,0.0,0.0,0.0,0.0,0.0,0.0,0.0,0.0,0.0,0.0,0.0,0.0,0.0,0.0,0.0,0.0,0.0,0.0,0.0,0.0,1.1449799999999999,0.0,0.0,0.0,0.0,0.0,0.0,0.0,0.0,0.0,0.0,0.0,0.0,1.0,0.0,0.0,0.0,1.0,0.0,0.0,0.0,0.0,-1.0
1.0,0.0,0.0,0.0,0.0,0.0,0.0,0.0,0.0,0.0,0.0,0.0,0.0,0.0,0.0,1.0,0.0,0.0,0.0,0.0,-0.25881904510252157,0.9659258262890681,98.45,100.76,-2.3100000000000023,72.76207650919412,-0.023463687150838013,0.0,-1.0,-0.0,0,0.0,29.496271475389328,0.6529702528017064,0.0,0.0,0.505526,0.00094874,1.02,0.0009455247817373618,1.35304,0.0,109.0,0.0,0.0,0.0,0.0,0.0,0.0,1.35579,-27.500000000000302,0.0,0.0,0.0,0.0,0.0,0.0,1.3555899999999999,-25.499999999998302,1.34083,122.10000000000053,1.35407,-10.300000000000864,0.0,0.0,0.0,0.0,0.0,0.0,1.3585,-54.60000000000021,1.35526,-22.199999999998887,-1.0,1.0,1.0,-1.0,0.0,-1.0,0.0,0.0,0.0,0.0,0.0,0.0,0.0,0.0,0.0,0.0,0.0,0.0,0.0,0.0,0.0,0.0,0.0,0.0,0.0,0.0,0.0,0.0,0.0,0.0,1.3252,0.0,0.0,0.0,0.0,0.0,0.0,0.0,0.0,0.0,0.0,0.0,0.0,1.0,0.0,0.0,0.0,0.0,0.0,0.0,0.0,0.0,-1.0
1.0,1.0,0.0,0.0,0.0,0.0,0.0,0.0,0.0,0.0,0.0,0.0,0.0,0.0,0.0,1.0,0.0,0.0,0.0,0.0,-0.25881904510252157,0.9659258262890681,98.45,100.76,-2.3100000000000023,0.6261408228552531,-0.023463687150838013,0.0,-1.0,-0.0,0,0.0,9.011586734373743,0.6507589927004612,0.0,0.0,0.634252,0.00232375,1.52,0.0021713921307415078,157.233,0.0,109.0,0.0,0.0,0.0,0.0,0.0,0.0,156.486,74.70000000000141,0.0,0.0,0.0,0.0,0.0,0.0,158.10700000000003,-87.40000000000236,158.10700000000003,-87.40000000000236,156.9315,30.150000000000432,0.0,0.0,0.0,0.0,0.0,0.0,156.486,74.70000000000141,158.10700000000003,-87.40000000000236,1.0,-1.0,0.0,1.0,0.0,0.0,0.0,0.0,0.0,0.0,0.0,0.0,0.0,0.0,0.0,0.0,0.0,0.0,0.0,0.0,0.0,0.0,0.0,0.0,1.0,159.352,155.673,160.723,0.0,160.453,0.0,0.0,0.0,0.0,0.0,0.0,0.0,0.0,0.0,0.0,0.0,0.0,1.0,0.0,0.0,0.0,0.0,0.0,0.0,0.0,0.0,0.0,-1.0
1.0,0.0,0.0,0.0,0.0,0.0,0.0,0.0,0.0,0.0,0.0,0.0,0.0,0.0,0.0,1.0,0.0,0.0,0.0,0.0,-0.25881904510252157,0.9659258262890681,98.45,100.76,-2.3100000000000023,137.39254214580777,-0.023463687150838013,0.0,-1.0,-0.0,0,0.0,26.591521710951234,0.7098721007775488,0.0,0.0,0.695388,0.00104961,1.91,0.001047053936787411,0.71656,0.0,109.0,0.0,0.0,0.0,0.0,0.0,0.0,0.718675,-21.14999999999978,0.0,0.0,0.0,0.0,0.0,0.0,0.71646,0.9999999999998899,0.703045,135.14999999999944,0.717395,-8.350000000000302,0.0,0.0,0.0,0.0,0.0,0.0,0.71905,-24.89999999999992,0.71646,0.9999999999998899,-1.0,1.0,1.0,1.0,0.0,0.0,0.0,0.0,0.0,0.0,0.0,0.0,0.0,0.0,0.0,0.0,0.0,0.0,0.0,0.0,0.0,0.0,0.0,0.0,0.0,0.0,0.0,0.0,0.0,0.0,0.0,0.0,0.0,0.0,0.0,0.0,0.0,0.0,0.0,0.0,0.0,0.0,0.0,0.0,1.0,0.0,0.0,1.0,0.0,0.0,0.0,0.0,-1.0
1.0,0.0,0.0,0.0,0.0,0.0,0.0,0.0,0.0,0.0,0.0,0.0,0.0,0.0,0.0,1.0,0.0,0.0,0.0,0.0,-0.25881904510252157,0.9659258262890681,98.45,100.76,-2.3100000000000023,72.28075327631144,-0.023463687150838013,0.0,-1.0,-0.0,0,0.0,28.843418196474374,0.6632438863356315,0.0,0.0,0.831232,0.00063781,3.75,0.0006129432109208846,1.36205,0.0,109.0,0.0,0.0,0.0,0.0,0.0,0.0,1.3600349999999999,20.150000000001,0.0,0.0,0.0,0.0,0.0,0.0,1.36303,-9.799999999999809,1.37583,-137.80000000000126,1.361355,6.9499999999989015,0.0,0.0,0.0,0.0,0.0,0.0,1.3588,32.49999999999975,1.3632149999999998,-11.649999999998606,1.0,-1.0,-1.0,-1.0,0.0,0.0,0.0,0.0,0.0,0.0,0.0,0.0,0.0,0.0,0.0,0.0,0.0,0.0,0.0,0.0,0.0,0.0,0.0,0.0,1.0,0.0,0.0,0.0,0.0,0.0,0.0,0.0,0.0,0.0,0.0,0.0,0.0,0.0,0.0,0.0,0.0,0.0,1.0,0.0,0.0,0.0,0.0,1.0,0.0,0.0,0.0,0.0,-1.0
1.0,0.0,0.0,0.0,0.0,0.0,0.0,0.0,0.0,0.0,0.0,0.0,0.0,0.0,0.0,1.0,0.0,0.0,0.0,0.0,-0.25881904510252157,0.9659258262890681,98.45,100.76,-2.3100000000000023,125.58519255545775,-0.023463687150838013,0.0,-1.0,-0.0,0,0.0,23.692617200193215,0.8141018133053268,0.0,0.0,0.503478,0.00105172,1.01,0.0010199922085834675,0.78393,0.0,109.0,0.0,0.0,0.0,0.0,0.0,0.0,0.78148,24.500000000000632,0.0,0.0,0.0,0.0,0.0,0.0,0.78518,-12.499999999999734,0.79087,-69.39999999999947,0.78338,5.5000000000005045,0.0,0.0,0.0,0.0,0.0,0.0,0.781325,26.049999999999685,0.78518,-12.499999999999734,1.0,-1.0,-1.0,1.0,0.0,0.0,0.0,0.0,0.0,0.0,0.0,0.0,0.0,0.0,0.0,0.0,0.0,0.0,0.0,0.0,0.0,0.0,0.0,0.0,0.0,0.0,0.0,0.79203,0.0,0.0,0.0,0.0,0.0,0.0,0.0,0.0,0.0,0.0,0.0,0.0,0.0,0.0,1.0,0.0,0.0,1.0,0.0,0.0,0.0,0.0,0.0,0.0,-1.0
1.0,0.0,0.0,0.0,0.0,0.0,0.0,0.0,0.0,0.0,0.0,0.0,0.0,0.0,0.0,0.0,1.0,0.0,0.0,0.0,-0.25881904510252157,0.9659258262890681,98.472,100.76,-2.288000000000011,84.20872599155106,-0.023235031277926834,0.0,-1.0,-0.0,0,0.0,34.66623414795508,0.48414668006035666,0.0,0.0,0.870646,0.00067941,5.0,0.0004069180684651563,1.16938,0.0,109.0,0.0,0.0,0.0,0.0,0.0,0.0,1.169505,-1.2499999999993072,0.0,0.0,0.0,0.0,0.0,0.0,1.17201,-26.299999999999102,1.1648049999999999,45.750000000002174,1.169945,-5.649999999999267,0.0,0.0,0.0,0.0,0.0,0.0,1.170005,-6.2499999999987566,1.17201,-26.299999999999102,1.0,-1.0,1.0,-1.0,0.0,-1.0,0.0,0.0,0.0,0.0,0.0,0.0,0.0,0.0,0.0,0.0,0.0,0.0,0.0,0.0,0.0,0.0,0.0,0.0,0.0,0.0,0.0,0.0,0.0,0.0,1.1449799999999999,0.0,0.0,0.0,0.0,0.0,0.0,0.0,0.0,0.0,0.0,0.0,0.0,0.0,0.0,0.0,0.0,0.0,0.0,0.0,0.0,0.0,-1.0
1.0,0.0,0.0,0.0,0.0,0.0,0.0,0.0,0.0,0.0,0.0,0.0,0.0,0.0,0.0,0.0,1.0,0.0,0.0,0.0,-0.25881904510252157,0.9659258262890681,98.472,100.76,-2.288000000000011,72.72780986425205,-0.023235031277926834,0.0,-1.0,-0.0,0,0.0,38.559895137903226,0.5709579280513764,0.0,0.0,0.82012,0.00088591,3.5,0.0006157593325748727,1.35398,0.0,109.0,0.0,0.0,0.0,0.0,0.0,0.0,1.354575,-5.950000000001232,0.0,0.0,0.0,0.0,0.0,0.0,1.3555899999999999,-16.099999999998893,1.34083,131.49999999999994,1.3554849999999998,-15.049999999998676,0.0,0.0,0.0,0.0,0.0,0.0,1.3545150000000001,-5.350000000001742,1.35526,-12.799999999999478,1.0,-1.0,1.0,-1.0,0.0,-1.0,0.0,0.0,0.0,0.0,0.0,0.0,0.0,0.0,0.0,0.0,0.0,0.0,0.0,0.0,0.0,0.0,0.0,0.0,0.0,0.0,0.0,0.0,0.0,0.0,1.3252,0.0,0.0,0.0,0.0,0.0,0.0,0.0,0.0,0.0,0.0,0.0,0.0,0.0,1.0,0.0,1.0,0.0,0.0,0.0,0.0,0.0,-1.0
1.0,1.0,0.0,0.0,0.0,0.0,0.0,0.0,0.0,0.0,0.0,0.0,0.0,0.0,0.0,0.0,1.0,0.0,0.0,0.0,-0.25881904510252157,0.9659258262890681,98.472,100.76,-2.288000000000011,0.6237379175798421,-0.023235031277926834,0.0,-1.0,-0.0,0,0.0,59.49608475432998,0.28232834851809485,0.0,0.0,0.490287,0.00152377,0.97,0.0014674945243171873,157.874,0.0,109.0,0.0,0.0,0.0,0.0,0.0,0.0,157.3245,54.94999999999948,0.0,0.0,0.0,0.0,0.0,0.0,158.10700000000003,-23.30000000000325,158.10700000000003,-23.30000000000325,157.762,11.199999999999477,0.0,0.0,0.0,0.0,0.0,0.0,157.24099999999999,63.30000000000098,158.10700000000003,-23.30000000000325,1.0,-1.0,0.0,1.0,0.0,1.0,0.0,0.0,0.0,0.0,0.0,0.0,0.0,0.0,0.0,0.0,0.0,0.0,0.0,0.0,0.0,0.0,0.0,0.0,1.0,0.0,156.564,160.577,0.0,160.453,0.0,0.0,0.0,0.0,0.0,0.0,0.0,0.0,0.0,0.0,0.0,0.0,0.0,1.0,1.0,0.0,0.0,0.0,0.0,0.0,0.0,0.0,-1.0
1.0,0.0,0.0,0.0,0.0,0.0,0.0,0.0,0.0,0.0,0.0,0.0,0.0,0.0,0.0,0.0,1.0,0.0,0.0,0.0,-0.25881904510252157,0.9659258262890681,98.472,100.76,-2.288000000000011,137.09989557953358,-0.023235031277926834,0.0,-1.0,-1.0,0,0.0,15.296031962956617,0.5404841729896492,0.4264,0.14,0.455,0.00093192,0.88,0.0009284348054697474,0.71825,72.0,109.0,0.6605504587155964,1.0,6.0,0.71666,0.72142,2.0,0.716665,15.850000000000586,0.0,0.0,0.0,0.0,0.0,0.0,0.71646,17.900000000000695,0.703075,151.75000000000048,0.71824,0.10000000000065512,0.0,0.0,0.0,0.0,0.0,0.0,0.716765,14.850000000000696,0.71646,17.900000000000695,1.0,1.0,1.0,1.0,0.0,0.0,0.0,0.0,0.0,0.0,0.0,0.0,0.0,0.0,0.0,0.0,0.0,0.0,0.0,0.0,0.0,0.0,0.0,0.0,1.0,0.0,0.0,0.0,0.0,0.0,0.0,0.0,0.0,0.0,0.0,0.0,0.0,0.0,0.0,0.0,0.0,0.0,0.0,0.0,0.0,0.0,0.0,0.0,0.0,0.0,0.10000000000000003,0.20000000000000007,1.0
1.0,0.0,0.0,0.0,0.0,0.0,0.0,0.0,0.0,0.0,0.0,0.0,0.0,0.0,0.0,0.0,1.0,0.0,0.0,0.0,-0.25881904510252157,0.9659258262890681,98.472,100.76,-2.288000000000011,72.31017770597737,-0.023235031277926834,0.0,-1.0,-0.0,0,0.0,50.30906893380157,0.5725767996817611,0.0,0.0,0.845384,0.00060009,4.13,0.0004884484929196495,1.3618000000000001,0.0,109.0,0.0,0.0,0.0,0.0,0.0,0.0,1.36168,1.2000000000012,0.0,0.0,0.0,0.0,0.0,0.0,1.36303,-12.299999999998423,1.37583,-140.29999999999987,1.3616899999999998,1.1000000000027654,0.0,0.0,0.0,0.0,0.0,0.0,1.3613849999999998,4.150000000002763,1.3632149999999998,-14.14999999999722,1.0,-1.0,-1.0,-1.0,0.0,1.0,0.0,0.0,0.0,0.0,0.0,0.0,0.0,0.0,0.0,0.0,0.0,0.0,0.0,0.0,0.0,0.0,0.0,0.0,0.0,0.0,0.0,0.0,0.0,0.0,0.0,0.0,0.0,0.0,0.0,0.0,0.0,0.0,0.0,0.0,0.0,0.0,1.0,0.0,0.0,0.0,0.0,1.0,0.0,0.0,0.0,0.0,-1.0
1.0,0.0,0.0,0.0,0.0,0.0,0.0,0.0,0.0,0.0,0.0,0.0,0.0,0.0,0.0,0.0,1.0,0.0,0.0,0.0,-0.25881904510252157,0.9659258262890681,98.472,100.76,-2.288000000000011,125.76084596620733,-0.023235031277926834,1.0,-1.0,1.0,0,0.0,22.423179620999534,0.4656942927984525,0.527,0.473,0.461111,0.00087053,0.9,0.0008629499447381415,0.78301,72.0,109.0,0.6605504587155964,-1.0,6.0,0.78305,0.78293,2.0,0.78305,-0.40000000000040004,0.0,0.0,0.0,0.0,0.0,0.0,0.78518,-21.700000000000053,0.79087,-78.59999999999978,0.78277,2.4000000000001798,0.0,0.0,0.0,0.0,0.0,0.0,0.78305,-0.40000000000040004,0.78518,-21.700000000000053,-1.0,-1.0,-1.0,1.0,0.0,1.0,0.0,0.0,0.0,0.0,0.0,0.0,0.0,0.0,0.0,0.0,0.0,0.0,0.0,0.0,0.0,0.0,0.0,0.0,0.0,0.0,0.0,0.79203,0.0,0.0,0.0,0.0,0.0,0.0,0.0,0.0,0.0,0.0,0.0,0.0,0.0,0.0,0.0,0.0,0.0,0.0,1.0,0.0,0.0,0.0,0.10000000000000003,0.20000000000000007,1.0
1.0,0.0,0.0,0.0,0.0,0.0,0.0,0.0,0.0,0.0,0.0,0.0,0.0,0.0,0.0,0.0,0.0,1.0,0.0,0.0,-0.25881904510252157,0.9659258262890681,98.041,100.76,-2.7190000000000083,83.46401055633594,-0.02773329525402646,0.0,-1.0,-1.0,0,0.0,45.49595955332544,0.4940321481437539,0.5292,0.4708,0.833316,0.00068826,3.8,0.000564882094472619,1.17465,84.0,109.0,0.7706422018348624,1.0,7.0,1.17441,1.17512,2.0,1.174415,2.349999999999852,0.0,0.0,0.0,0.0,0.0,0.0,1.1736550000000001,9.949999999998571,1.16771,69.39999999999947,1.1756,-9.500000000000064,0.0,0.0,0.0,0.0,0.0,0.0,1.17389,7.599999999998719,1.172585,20.649999999999835,1.0,1.0,1.0,-1.0,0.0,1.0,0.0,0.0,0.0,0.0,0.0,0.0,0.0,0.0,0.0,0.0,0.0,0.0,0.0,0.0,0.0,0.0,0.0,0.0,0.0,0.0,0.0,0.0,0.0,0.0,1.1449799999999999,0.0,0.0,0.0,0.0,0.0,0.0,0.0,0.0,0.0,0.0,0.0,1.0,0.0,0.0,0.0,0.0,0.0,0.0,0.0,0.10000000000000003,0.20000000000000007,0.0
1.0,0.0,0.0,0.0,0.0,0.0,0.0,0.0,0.0,0.0,0.0,0.0,0.0,0.0,0.0,0.0,0.0,1.0,0.0,0.0,-0.25881904510252157,0.9659258262890681,98.041,100.76,-2.7190000000000083,72.13989286555216,-0.02773329525402646,0.0,-1.0,-1.0,0,0.0,41.24802579015996,0.5145095349309827,0.5176,0.4824,0.78845,0.00073457,2.92,0.0007304840698242328,1.35904,84.0,109.0,0.7706422018348624,1.0,7.0,1.35888,1.35937,2.0,1.358875,1.6499999999997073,0.0,0.0,0.0,0.0,0.0,0.0,1.35812,9.200000000000319,1.34175,172.90000000000026,1.3601,-10.600000000000609,0.0,0.0,0.0,0.0,0.0,0.0,1.35868,3.5999999999991594,1.35556,34.79999999999927,1.0,1.0,1.0,-1.0,0.0,1.0,0.0,0.0,0.0,0.0,0.0,0.0,0.0,0.0,0.0,0.0,0.0,0.0,0.0,0.0,0.0,0.0,0.0,0.0,0.0,0.0,0.0,0.0,1.34788,0.0,1.3252,0.0,0.0,0.0,0.0,0.0,0.0,0.0,0.0,0.0,0.0,0.0,1.0,0.0,0.0,0.0,1.0,0.0,0.0,0.0,0.10000000000000003,0.20000000000000007,0.0
1.0,1.0,0.0,0.0,0.0,0.0,0.0,0.0,0.0,0.0,0.0,0.0,0.0,0.0,0.0,0.0,0.0,1.0,0.0,0.0,-0.25881904510252157,0.9659258262890681,98.041,100.76,-2.7190000000000083,0.6269728595912311,-0.02773329525402646,0.0,-1.0,1.0,0,0.0,38.49538288189493,0.39559153976248773,0.4412,0.5588,0.461365,0.00180215,0.9,0.001783999472835571,156.372,60.0,109.0,0.5504587155963303,-1.0,5.0,156.4825,156.151,2.0,156.48250000000002,-11.050000000000182,0.0,0.0,0.0,0.0,0.0,0.0,156.48250000000002,-11.050000000000182,157.87650000000002,-150.45000000000073,156.2755,9.650000000002024,0.0,0.0,0.0,0.0,0.0,0.0,156.48250000000002,-11.050000000000182,157.87650000000002,-150.45000000000073,-1.0,0.0,0.0,1.0,0.0,-1.0,0.0,0.0,0.0,0.0,0.0,0.0,0.0,0.0,0.0,0.0,0.0,0.0,0.0,0.0,0.0,0.0,0.0,0.0,0.0,157.196,0.0,157.935,0.0,160.453,0.0,0.0,0.0,0.0,0.0,0.0,0.0,0.0,0.0,0.0,0.0,0.0,1.0,0.0,0.0,0.0,0.0,0.0,0.0,0.0,0.10000000000000003,0.20000000000000007,0.0
1.0,0.0,0.0,0.0,0.0,0.0,0.0,0.0,0.0,0.0,0.0,0.0,0.0,0.0,0.0,0.0,0.0,1.0,0.0,0.0,-0.25881904510252157,0.9659258262890681,98.041,100.76,-2.7190000000000083,135.48498542072605,-0.02773329525402646,0.0,-1.0,-1.0,0,0.0,19.929882246944167,0.6633491422392129,0.6106,0.3438,0.466111,0.00101503,0.91,0.001011003703340879,0.72363,84.0,109.0,0.7706422018348624,1.0,7.0,0.72275,0.72539,2.0,0.72275,8.799999999999919,0.0,0.0,0.0,0.0,0.0,0.0,0.720655,29.7499999999995,0.70685,167.80000000000018,0.723705,-0.7500000000004725,0.0,0.0,0.0,0.0,0.0,0.0,0.721545,20.850000000000037,0.71895,46.800000000000175,1.0,1.0,1.0,1.0,0.0,1.0,0.0,0.0,0.0,0.0,0.0,0.0,0.0,0.0,0.0,0.0,0.0,0.0,0.0,0.0,0.0,0.0,0.0,0.0,1.0,0.0,0.0,0.0,0.0,0.0,0.0,0.0,0.0,0.0,0.0,0.0,0.0,0.0,0.0,0.0,0.0,0.0,1.0,0.0,0.0,0.0,0.0,0.0,0.0,0.0,0.10000000000000003,0.20000000000000007,1.0
1.0,0.0,0.0,0.0,0.0,0.0,0.0,0.0,0.0,0.0,0.0,0.0,0.0,0.0,0.0,0.0,0.0,1.0,0.0,0.0,-0.25881904510252157,0.9659258262890681,98.041,100.76,-2.7190000000000083,71.91394473744049,-0.02773329525402646,0.0,-1.0,-0.0,0,0.0,43.6281687016634,0.5569788861363101,0.0,0.0,0.455,0.00043208,0.88,0.0004307463319092736,1.36331,0.0,109.0,0.0,0.0,0.0,0.0,0.0,0.0,1.3609499999999999,23.600000000001398,0.0,0.0,0.0,0.0,0.0,0.0,1.361065,22.450000000000525,1.37496,-116.49999999999937,1.361815,14.95000000000024,0.0,0.0,0.0,0.0,0.0,0.0,1.3609499999999999,23.600000000001398,1.3632149999999998,0.9500000000017828,1.0,-1.0,-1.0,-1.0,0.0,1.0,0.0,0.0,0.0,0.0,0.0,0.0,0.0,0.0,0.0,0.0,0.0,0.0,0.0,0.0,0.0,0.0,0.0,0.0,0.0,0.0,0.0,0.0,0.0,0.0,0.0,0.0,0.0,0.0,0.0,0.0,0.0,0.0,0.0,0.0,0.0,0.0,0.0,0.0,0.0,1.0,0.0,1.0,0.0,0.0,0.0,0.0,-1.0
1.0,0.0,0.0,0.0,0.0,0.0,0.0,0.0,0.0,0.0,0.0,0.0,0.0,0.0,0.0,0.0,0.0,1.0,0.0,0.0,-0.25881904510252157,0.9659258262890681,98.041,100.76,-2.7190000000000083,125.9034287915757,-0.02773329525402646,1.0,-1.0,1.0,0,0.0,48.11850064719183,0.41422383861818846,0.4834,0.1934,0.455,0.00085215,0.88,0.0008489180675516583,0.7787,84.0,109.0,0.7706422018348624,-1.0,7.0,0.78021,0.77569,2.0,0.780205,-15.050000000000896,0.0,0.0,0.0,0.0,0.0,0.0,0.781195,-24.95000000000025,0.789465,-107.65000000000025,0.779335,-6.350000000000522,0.0,0.0,0.0,0.0,0.0,0.0,0.780675,-19.7500000000006,0.78479,-60.9000000000004,-1.0,-1.0,-1.0,1.0,0.0,-1.0,0.0,0.0,0.0,0.0,0.0,0.0,0.0,0.0,0.0,0.0,0.0,0.0,0.0,0.0,0.0,0.0,0.0,0.0,0.0,0.0,0.0,0.79203,0.0,0.0,0.0,0.0,0.0,0.0,0.0,0.0,0.0,0.0,0.0,0.0,0.0,0.0,0.0,0.0,0.0,0.0,1.0,0.0,0.0,0.0,0.10000000000000003,0.20000000000000007,0.0
1.0,0.0,0.0,0.0,0.0,0.0,0.0,0.0,0.0,0.0,0.0,0.0,0.0,0.0,0.0,0.0,0.0,0.0,1.0,0.0,-0.25881904510252157,0.9659258262890681,98.246,100.76,-2.51400000000001,83.76332168130274,-0.02558882804388993,0.0,-1.0,-0.0,0,0.0,3.569232171037136,0.7075629324837003,0.0,0.0,0.784044,0.00064953,2.85,0.0007164009183046325,1.1729,0.0,109.0,0.0,0.0,0.0,0.0,0.0,0.0,1.175335,-24.34999999999965,0.0,0.0,0.0,0.0,0.0,0.0,1.1736550000000001,-7.550000000000612,1.16771,51.900000000000276,1.17532,-24.199999999998667,0.0,0.0,0.0,0.0,0.0,0.0,1.17626,-33.60000000000029,1.172585,3.1500000000006523,-1.0,1.0,1.0,-1.0,0.0,-1.0,0.0,0.0,0.0,0.0,0.0,0.0,0.0,0.0,0.0,0.0,0.0,0.0,0.0,0.0,0.0,0.0,0.0,0.0,0.0,0.0,0.0,0.0,0.0,0.0,1.1449799999999999,0.0,0.0,0.0,0.0,0.0,0.0,0.0,0.0,0.0,0.0,0.0,1.0,0.0,0.0,1.0,1.0,0.0,0.0,0.0,0.0,0.0,-1.0
1.0,0.0,0.0,0.0,0.0,0.0,0.0,0.0,0.0,0.0,0.0,0.0,0.0,0.0,0.0,0.0,0.0,0.0,1.0,0.0,-0.25881904510252157,0.9659258262890681,98.246,100.76,-2.51400000000001,72.48434053164725,-0.02558882804388993,0.0,-1.0,-0.0,0,0.0,16.46872484541245,0.6830659446314289,0.0,0.0,0.742464,0.00069601,2.33,0.0007080293282645672,1.35541,0.0,109.0,0.0,0.0,0.0,0.0,0.0,0.0,1.35918,-37.700000000000514,0.0,0.0,0.0,0.0,0.0,0.0,1.3585,-30.90000000000037,1.34175,136.60000000000005,1.35918,-37.700000000000514,0.0,0.0,0.0,0.0,0.0,0.0,1.359725,-43.15000000000069,1.3555899999999999,-1.7999999999984695,0.0,1.0,1.0,-1.0,0.0,-1.0,0.0,0.0,0.0,0.0,0.0,0.0,0.0,0.0,0.0,0.0,0.0,0.0,0.0,0.0,0.0,0.0,0.0,0.0,0.0,0.0,0.0,0.0,1.34788,0.0,1.3252,0.0,0.0,0.0,0.0,0.0,0.0,0.0,0.0,0.0,0.0,0.0,1.0,0.0,0.0,0.0,1.0,0.0,0.0,0.0,0.0,0.0,-1.0
1.0,1.0,0.0,0.0,0.0,0.0,0.0,0.0,0.0,0.0,0.0,0.0,0.0,0.0,0.0,0.0,0.0,0.0,1.0,0.0,-0.25881904510252157,0.9659258262890681,98.246,100.76,-2.51400000000001,0.6261535716106664,-0.02558882804388993,0.0,-1.0,-0.0,0,0.0,2.259885690665565,0.3880050569317076,0.0,0.0,0.54381,0.00162199,1.14,0.0015938170642058192,156.904,0.0,109.0,0.0,0.0,0.0,0.0,0.0,0.0,156.482,42.199999999999704,0.0,0.0,0.0,0.0,0.0,0.0,156.48250000000002,42.149999999998045,157.87650000000002,-97.2500000000025,156.55450000000002,34.94999999999777,0.0,0.0,0.0,0.0,0.0,0.0,156.28,62.39999999999952,157.87650000000002,-97.2500000000025,1.0,-1.0,0.0,1.0,0.0,1.0,0.0,0.0,0.0,0.0,0.0,0.0,0.0,0.0,0.0,0.0,0.0,0.0,0.0,0.0,0.0,0.0,0.0,0.0,0.0,157.89,155.03,157.935,0.0,160.453,0.0,0.0,0.0,0.0,0.0,0.0,0.0,0.0,0.0,0.0,0.0,0.0,0.0,0.0,0.0,0.0,0.0,0.0,0.0,0.0,0.0,0.0,-1.0
1.0,0.0,0.0,0.0,0.0,0.0,0.0,0.0,0.0,0.0,0.0,0.0,0.0,0.0,0.0,0.0,0.0,0.0,1.0,0.0,-0.25881904510252157,0.9659258262890681,98.246,100.76,-2.51400000000001,136.27297316041333,-0.02558882804388993,0.0,-1.0,-0.0,0,0.0,14.260401967469418,0.7552347309744586,0.0,0.0,0.711239,0.00103021,2.03,0.0010614276843891519,0.72095,0.0,109.0,0.0,0.0,0.0,0.0,0.0,0.0,0.723555,-26.049999999999685,0.0,0.0,0.0,0.0,0.0,0.0,0.720655,2.949999999999342,0.70685,141.0,0.72333,-23.800000000000487,0.0,0.0,0.0,0.0,0.0,0.0,0.7242200000000001,-32.70000000000106,0.71895,20.000000000000018,-1.0,1.0,1.0,1.0,0.0,0.0,0.0,0.0,0.0,0.0,0.0,0.0,0.0,0.0,0.0,0.0,0.0,0.0,0.0,0.0,0.0,0.0,0.0,0.0,1.0,0.0,0.0,0.0,0.0,0.0,0.0,0.0,0.0,0.0,0.0,0.0,0.0,0.0,0.0,0.0,0.0,0.0,0.0,0.0,0.0,0.0,1.0,0.0,0.0,0.0,0.0,0.0,-1.0
1.0,0.0,0.0,0.0,0.0,0.0,0.0,0.0,0.0,0.0,0.0,0.0,0.0,0.0,0.0,0.0,0.0,0.0,1.0,0.0,-0.25881904510252157,0.9659258262890681,98.246,100.76,-2.51400000000001,71.93135309665186,-0.02558882804388993,0.0,-1.0,-1.0,0,0.0,31.569884717037972,0.6779552623036871,0.5424,0.255,0.455,0.00042279,0.88,0.00042523581321476977,1.3658299999999999,60.0,109.0,0.5504587155963303,1.0,5.0,1.36395,1.36958,2.0,1.3639549999999998,18.75000000000071,0.0,0.0,0.0,0.0,0.0,0.0,1.36065,51.79999999999963,1.37496,-91.30000000000082,1.36415,16.799999999999038,0.0,0.0,0.0,0.0,0.0,0.0,1.362095,37.34999999999822,1.36303,27.999999999999137,1.0,1.0,-1.0,-1.0,0.0,1.0,0.0,0.0,0.0,0.0,0.0,0.0,0.0,0.0,0.0,0.0,0.0,0.0,0.0,0.0,0.0,0.0,0.0,0.0,0.0,0.0,0.0,0.0,0.0,0.0,0.0,0.0,0.0,0.0,0.0,0.0,0.0,0.0,0.0,0.0,0.0,0.0,1.0,0.0,0.0,0.0,0.0,1.0,0.0,0.0,0.10000000000000003,0.20000000000000007,1.0
1.0,0.0,0.0,0.0,0.0,0.0,0.0,0.0,0.0,0.0,0.0,0.0,0.0,0.0,0.0,0.0,0.0,0.0,1.0,0.0,-0.25881904510252157,0.9659258262890681,98.246,100.76,-2.51400000000001,125.90637054503979,-0.02558882804388993,1.0,-1.0,1.0,0,0.0,4.32574958845146,0.5210018014884927,0.6056,0.3944,0.704838,0.00076502,1.98,0.0007796051606077875,0.78031,48.0,109.0,0.44036697247706424,-1.0,4.0,0.78069,0.77955,2.0,0.778565,17.449999999999967,0.0,0.0,0.0,0.0,0.0,0.0,0.7806900000000001,-3.80000000000158,0.7892,-88.90000000000065,0.778565,17.449999999999967,0.0,0.0,0.0,0.0,0.0,0.0,0.778565,17.449999999999967,0.784525,-42.1500000000008,0.0,-1.0,-1.0,1.0,0.0,0.0,0.0,0.0,0.0,0.0,0.0,0.0,0.0,0.0,0.0,0.0,0.0,0.0,0.0,0.0,0.0,0.0,0.0,0.0,0.0,0.0,0.0,0.79203,0.0,0.0,0.0,0.0,0.0,0.0,0.0,0.0,0.0,0.0,0.0,0.0,0.0,0.0,0.0,0.0,0.0,0.0,0.0,0.0,0.0,0.0,0.10000000000000003,0.20000000000000007,1.0
1.0,0.0,0.0,0.0,0.0,0.0,0.0,0.0,0.0,0.0,0.0,0.0,0.0,0.0,0.0,0.0,0.0,0.0,0.0,1.0,-0.25881904510252157,0.9659258262890681,97.828,100.76,-2.932000000000002,82.99652159158394,-0.029970969456597316,0.0,-1.0,-1.0,0,0.0,31.602926031279882,0.8059065502491815,0.4082,0.12,0.664846,0.00065584,1.7,0.0006196475737496702,1.1787,84.0,109.0,0.7706422018348624,1.0,7.0,1.17551,1.18508,2.0,1.17551,31.90000000000026,0.0,0.0,0.0,0.0,0.0,0.0,1.1736550000000001,50.44999999999966,1.16771,109.90000000000055,1.17721,14.899999999999913,0.0,0.0,0.0,0.0,0.0,0.0,1.17551,31.90000000000026,1.172585,61.15000000000093,1.0,1.0,1.0,-1.0,0.0,1.0,0.0,0.0,0.0,0.0,0.0,0.0,0.0,0.0,0.0,0.0,0.0,0.0,0.0,0.0,0.0,0.0,0.0,0.0,1.0,0.0,1.17244,0.0,0.0,0.0,1.1449799999999999,0.0,0.0,0.0,0.0,0.0,0.0,0.0,0.0,0.0,0.0,0.0,0.0,0.0,0.0,0.0,1.0,0.0,0.0,0.0,0.10000000000000003,0.20000000000000007,0.0
1.0,0.0,0.0,0.0,0.0,0.0,0.0,0.0,0.0,0.0,0.0,0.0,0.0,0.0,0.0,0.0,0.0,0.0,0.0,1.0,-0.25881904510252157,0.9659258262890681,97.828,100.76,-2.932000000000002,71.7461295314368,-0.029970969456597316,0.0,-1.0,-1.0,0,0.0,34.495421384570136,0.7809417842051675,0.4394,0.1468,0.455,0.00072459,0.88,0.0007223153689642339,1.36353,84.0,109.0,0.7706422018348624,1.0,7.0,1.35916,1.37228,2.0,1.3591550000000001,43.749999999997954,0.0,0.0,0.0,0.0,0.0,0.0,1.357765,57.64999999999798,1.34175,217.7999999999991,1.361805,17.249999999999766,0.0,0.0,0.0,0.0,0.0,0.0,1.3591550000000001,43.749999999997954,1.3555899999999999,79.40000000000057,1.0,1.0,1.0,-1.0,0.0,1.0,0.0,0.0,0.0,0.0,0.0,0.0,0.0,0.0,0.0,0.0,0.0,0.0,0.0,0.0,0.0,0.0,0.0,0.0,0.0,0.0,0.0,0.0,1.34788,0.0,1.3252,0.0,0.0,0.0,0.0,0.0,0.0,0.0,0.0,0.0,0.0,0.0,0.0,0.0,0.0,1.0,0.0,0.0,0.0,0.0,0.10000000000000003,0.20000000000000007,0.0
1.0,1.0,0.0,0.0,0.0,0.0,0.0,0.0,0.0,0.0,0.0,0.0,0.0,0.0,0.0,0.0,0.0,0.0,0.0,1.0,-0.25881904510252157,0.9659258262890681,97.828,100.76,-2.932000000000002,0.624345040175124,-0.029970969456597316,0.0,-1.0,-0.0,0,0.0,5.214904454789374,0.5923691411402711,0.0,0.0,0.573313,0.00154929,1.25,0.0015106756564860454,156.689,0.0,109.0,0.0,0.0,0.0,0.0,0.0,0.0,156.707,-1.8000000000000682,0.0,0.0,0.0,0.0,0.0,0.0,156.48250000000002,20.649999999997704,157.87650000000002,-118.75000000000284,156.6245,6.449999999998113,0.0,0.0,0.0,0.0,0.0,0.0,156.57350000000002,11.549999999996885,157.87650000000002,-118.75000000000284,-1.0,1.0,0.0,1.0,0.0,1.0,0.0,0.0,0.0,0.0,0.0,0.0,0.0,0.0,0.0,0.0,0.0,0.0,0.0,0.0,0.0,0.0,0.0,0.0,1.0,157.89,155.614,157.935,0.0,160.453,0.0,0.0,0.0,0.0,0.0,0.0,0.0,0.0,0.0,0.0,0.0,0.0,1.0,0.0,1.0,0.0,0.0,1.0,0.0,0.0,0.0,0.0,-1.0
1.0,0.0,0.0,0.0,0.0,0.0,0.0,0.0,0.0,0.0,0.0,0.0,0.0,0.0,0.0,0.0,0.0,0.0,0.0,1.0,-0.25881904510252157,0.9659258262890681,97.828,100.76,-2.932000000000002,134.97799301847482,-0.029970969456597316,0.0,-1.0,-1.0,0,0.0,12.160372807405146,0.8678400789453535,0.2572,0.0358,0.856855,0.00092608,4.49,0.000616850595300248,0.72477,84.0,109.0,0.7706422018348624,1.0,7.0,0.72245,0.72942,2.0,0.722445,23.250000000000213,0.0,0.0,0.0,0.0,0.0,0.0,0.720655,41.1499999999998,0.7076800000000001,170.89999999999938,0.72385,9.200000000000319,0.0,0.0,0.0,0.0,0.0,0.0,0.723175,15.95000000000013,0.71895,58.20000000000047,1.0,1.0,1.0,1.0,0.0,1.0,0.0,0.0,0.0,0.0,0.0,0.0,0.0,0.0,0.0,0.0,0.0,0.0,0.0,0.0,0.0,0.0,0.0,0.0,0.0,0.0,0.71946,0.0,0.71811,0.0,0.0,0.0,0.0,0.0,0.0,0.0,0.0,0.0,0.0,0.0,0.0,0.0,0.0,0.0,0.0,1.0,1.0,0.0,0.0,0.0,0.10000000000000003,0.20000000000000007,0.0
1.0,0.0,0.0,0.0,0.0,0.0,0.0,0.0,0.0,0.0,0.0,0.0,0.0,0.0,0.0,0.0,0.0,0.0,0.0,1.0,-0.25881904510252157,0.9659258262890681,97.828,100.76,-2.932000000000002,71.54778360430335,-0.029970969456597316,0.0,-1.0,-1.0,0,0.0,18.799784730475995,0.7160215562163744,0.546,0.454,0.634252,0.00059265,1.52,0.0005800338912162053,1.36731,60.0,109.0,0.5504587155963303,1.0,5.0,1.36707,1.36779,2.0,1.36707,2.4000000000001798,0.0,0.0,0.0,0.0,0.0,0.0,1.364395,29.15000000000001,1.37496,-76.49999999999935,1.3676650000000001,-3.5500000000010523,0.0,0.0,0.0,0.0,0.0,0.0,1.36651,8.00000000000134,1.36303,42.800000000000615,1.0,1.0,-1.0,-1.0,0.0,1.0,0.0,0.0,0.0,0.0,0.0,0.0,0.0,0.0,0.0,0.0,0.0,0.0,0.0,0.0,0.0,0.0,0.0,0.0,0.0,0.0,0.0,0.0,0.0,0.0,0.0,0.0,0.0,0.0,0.0,0.0,0.0,0.0,0.0,0.0,0.0,0.0,1.0,0.0,1.0,0.0,0.0,1.0,0.0,0.0,0.10000000000000003,0.20000000000000007,1.0
1.0,0.0,0.0,0.0,0.0,0.0,0.0,0.0,0.0,0.0,0.0,0.0,0.0,0.0,0.0,0.0,0.0,0.0,0.0,1.0,-0.25881904510252157,0.9659258262890681,97.828,100.76,-2.932000000000002,126.03290346684533,-0.029970969456597316,1.0,-1.0,1.0,0,0.0,38.35842857206048,0.6636274470235586,0.2558,0.0318,0.690109,0.00076752,1.87,0.0007411993432707054,0.77621,84.0,109.0,0.7706422018348624,-1.0,7.0,0.77852,0.77159,2.0,0.7785200000000001,-23.10000000000145,0.0,0.0,0.0,0.0,0.0,0.0,0.78047,-42.60000000000041,0.78898,-127.70000000000059,0.77746,-12.500000000000844,0.0,0.0,0.0,0.0,0.0,0.0,0.7785200000000001,-23.10000000000145,0.784305,-80.95000000000074,-1.0,-1.0,-1.0,1.0,0.0,-1.0,0.0,0.0,0.0,0.0,0.0,0.0,0.0,0.0,0.0,0.0,0.0,0.0,0.0,0.0,0.0,0.0,0.0,0.0,1.0,0.78177,0.0,0.79203,0.0,0.0,0.0,0.0,0.0,0.0,0.0,0.0,0.0,0.0,0.0,0.0,0.0,0.0,0.0,0.0,0.0,1.0,0.0,0.0,0.0,0.0,0.10000000000000003,0.20000000000000007,0.0
1.0,0.0,0.0,0.0,0.0,0.0,0.0,0.0,0.0,0.0,0.0,0.0,0.0,0.0,0.0,1.0,0.0,0.0,0.0,0.0,-0.25881904510252157,0.9659258262890681,97.936,100.76,-2.823999999999998,83.13258125578277,-0.028835157653978087,0.0,-1.0,-1.0,0,0.0,35.39815477411178,0.7242670211343852,0.6032,0.3404,0.455,0.0005943,0.88,0.0005921168803761244,1.17807,84.0,109.0,0.7706422018348624,1.0,7.0,1.17666,1.1809,2.0,1.176655,14.14999999999944,0.0,0.0,0.0,0.0,0.0,0.0,1.17441,36.599999999999966,1.16771,103.59999999999926,1.17761,4.599999999999049,0.0,0.0,0.0,0.0,0.0,0.0,1.176655,14.14999999999944,1.172585,54.849999999999625,1.0,1.0,1.0,-1.0,0.0,1.0,0.0,0.0,0.0,0.0,0.0,0.0,0.0,0.0,0.0,0.0,0.0,0.0,0.0,0.0,0.0,0.0,0.0,0.0,0.0,0.0,0.0,0.0,0.0,0.0,1.1449799999999999,0.0,0.0,0.0,0.0,0.0,0.0,0.0,0.0,0.0,0.0,0.0,0.0,0.0,1.0,0.0,1.0,0.0,0.0,0.0,0.10000000000000003,0.20000000000000007,0.0
1.0,0.0,0.0,0.0,0.0,0.0,0.0,0.0,0.0,0.0,0.0,0.0,0.0,0.0,0.0,1.0,0.0,0.0,0.0,0.0,-0.25881904510252157,0.9659258262890681,97.936,100.76,-2.823999999999998,71.96361258275712,-0.028835157653978087,0.0,-1.0,-1.0,0,0.0,13.955195956457445,0.6927456406445783,0.5782,0.4218,0.461111,0.00091257,0.9,0.0009091656342335515,1.36091,84.0,109.0,0.7706422018348624,1.0,7.0,1.36015,1.36243,2.0,1.36015,7.600000000000939,0.0,0.0,0.0,0.0,0.0,0.0,1.359365,15.450000000001296,1.34175,191.60000000000065,1.362625,-17.14999999999911,0.0,0.0,0.0,0.0,0.0,0.0,1.36015,7.600000000000939,1.3555899999999999,53.200000000002134,1.0,1.0,1.0,-1.0,0.0,1.0,0.0,0.0,0.0,0.0,0.0,0.0,0.0,0.0,0.0,0.0,0.0,0.0,0.0,0.0,0.0,0.0,0.0,0.0,0.0,0.0,0.0,0.0,1.34788,0.0,1.3252,0.0,0.0,0.0,0.0,0.0,0.0,0.0,0.0,0.0,0.0,0.0,0.0,0.0,1.0,0.0,0.0,0.0,0.0,0.0,0.10000000000000003,0.20000000000000007,0.0
1.0,1.0,0.0,0.0,0.0,0.0,0.0,0.0,0.0,0.0,0.0,0.0,0.0,0.0,0.0,1.0,0.0,0.0,0.0,0.0,-0.25881904510252157,0.9659258262890681,97.936,100.76,-2.823999999999998,0.6229312165273697,-0.028835157653978087,1.0,-1.0,-1.0,0,0.0,25.72049620235333,0.7461820163538706,0.5268,0.4732,0.562964,0.00055815,1.21,0.0005145727707919353,157.218,60.0,109.0,0.5504587155963303,1.0,5.0,156.884,157.886,2.0,156.88400000000001,33.399999999997476,0.0,0.0,0.0,0.0,0.0,0.0,156.48250000000002,73.54999999999734,157.87650000000002,-65.8500000000032,157.1215,9.649999999999181,0.0,0.0,0.0,0.0,0.0,0.0,156.8495,36.84999999999832,157.87650000000002,-65.8500000000032,1.0,1.0,0.0,1.0,0.0,1.0,0.0,0.0,0.0,0.0,0.0,0.0,0.0,0.0,0.0,0.0,0.0,0.0,0.0,0.0,0.0,0.0,0.0,0.0,1.0,0.0,156.163,160.577,0.0,160.453,0.0,0.0,0.0,0.0,0.0,0.0,0.0,0.0,0.0,0.0,0.0,0.0,0.0,1.0,1.0,0.0,0.0,1.0,0.0,0.0,0.10000000000000003,0.20000000000000007,0.0
1.0,0.0,0.0,0.0,0.0,0.0,0.0,0.0,0.0,0.0,0.0,0.0,0.0,0.0,0.0,1.0,0.0,0.0,0.0,0.0,-0.25881904510252157,0.9659258262890681,97.936,100.76,-2.823999999999998,135.11582026130267,-0.028835157653978087,0.0,-1.0,-1.0,0,0.0,23.21883263390947,0.7501693335754743,0.5512,0.2766,0.477596,0.00086541,0.94,0.0008453379236238623,0.72483,84.0,109.0,0.7706422018348624,1.0,7.0,0.72382,0.72685,2.0,0.72382,10.099999999999554,0.0,0.0,0.0,0.0,0.0,0.0,0.7226250000000001,22.049999999999017,0.7076800000000001,171.49999999999886,0.724845,-0.14999999999987246,0.0,0.0,0.0,0.0,0.0,0.0,0.72382,10.099999999999554,0.71895,58.79999999999996,1.0,1.0,1.0,1.0,0.0,1.0,0.0,0.0,0.0,0.0,0.0,0.0,0.0,0.0,0.0,0.0,0.0,0.0,0.0,0.0,0.0,0.0,0.0,0.0,1.0,0.0,0.0,0.0,0.71811,0.0,0.0,0.0,0.0,0.0,0.0,0.0,0.0,0.0,0.0,0.0,0.0,0.0,0.0,0.0,0.0,0.0,1.0,0.0,0.0,0.0,0.10000000000000003,0.20000000000000007,0.0
1.0,0.0,0.0,0.0,0.0,0.0,0.0,0.0,0.0,0.0,0.0,0.0,0.0,0.0,0.0,1.0,0.0,0.0,0.0,0.0,-0.25881904510252157,0.9659258262890681,97.936,100.76,-2.823999999999998,71.6032052406855,-0.028835157653978087,0.0,-1.0,-0.0,0,0.0,19.379213685170026,0.5425003024198467,0.0,0.0,0.719428,0.00057122,2.1,0.00043825903324555895,1.36776,0.0,109.0,0.0,0.0,0.0,0.0,0.0,0.0,1.36715,6.099999999999994,0.0,0.0,0.0,0.0,0.0,0.0,1.364395,33.650000000000624,1.37489,-71.29999999999859,1.366525,12.350000000000971,0.0,0.0,0.0,0.0,0.0,0.0,1.3676300000000001,1.2999999999996348,1.36303,47.30000000000123,-1.0,1.0,-1.0,-1.0,0.0,1.0,0.0,0.0,0.0,0.0,0.0,0.0,0.0,0.0,0.0,0.0,0.0,0.0,0.0,0.0,0.0,0.0,0.0,0.0,0.0,0.0,0.0,0.0,0.0,0.0,0.0,0.0,0.0,0.0,0.0,0.0,0.0,0.0,0.0,0.0,0.0,0.0,0.0,1.0,0.0,0.0,0.0,1.0,0.0,0.0,0.0,0.0,-1.0
1.0,0.0,0.0,0.0,0.0,0.0,0.0,0.0,0.0,0.0,0.0,0.0,0.0,0.0,0.0,1.0,0.0,0.0,0.0,0.0,-0.25881904510252157,0.9659258262890681,97.936,100.76,-2.823999999999998,125.88660231114311,-0.028835157653978087,1.0,-1.0,1.0,0,0.0,10.71627706727082,0.7522504098392367,0.2874,0.033,0.588076,0.00068527,1.31,0.0006781339963563466,0.77797,60.0,109.0,0.5504587155963303,-1.0,5.0,0.7799,0.77412,2.0,0.77782,1.500000000000945,0.0,0.0,0.0,0.0,0.0,0.0,0.779895,-19.249999999999545,0.78897,-109.99999999999899,0.777925,0.4500000000007276,0.0,0.0,0.0,0.0,0.0,0.0,0.77782,1.500000000000945,0.784295,-63.24999999999914,1.0,-1.0,-1.0,1.0,0.0,-1.0,0.0,0.0,0.0,0.0,0.0,0.0,0.0,0.0,0.0,0.0,0.0,0.0,0.0,0.0,0.0,0.0,0.0,0.0,1.0,0.0,0.0,0.79203,0.0,0.0,0.0,0.0,0.0,0.0,0.0,0.0,0.0,0.0,0.0,0.0,0.0,0.0,0.0,1.0,0.0,1.0,0.0,0.0,0.0,1.0,0.10000000000000003,0.20000000000000007,0.0
1.0,0.0,0.0,0.0,0.0,0.0,0.0,0.0,0.0,0.0,0.0,0.0,0.0,0.0,0.0,0.0,1.0,0.0,0.0,0.0,-0.25881904510252157,0.9659258262890681,98.278,100.76,-2.4819999999999993,83.71280845663081,-0.025254889191884237,0.0,-1.0,-0.0,0,0.0,24.23138111944399,0.8222208231178273,0.0,0.0,0.455,0.00061128,0.88,0.0006089574866165532,1.17399,0.0,109.0,0.0,0.0,0.0,0.0,0.0,0.0,1.17546,-14.699999999998603,0.0,0.0,0.0,0.0,0.0,0.0,1.17546,-14.699999999998603,1.16866,53.300000000000566,1.17357,4.20000000000087,0.0,0.0,0.0,0.0,0.0,0.0,1.17546,-14.699999999998603,1.172585,14.050000000001006,-1.0,0.0,1.0,-1.0,0.0,-1.0,0.0,0.0,0.0,0.0,0.0,0.0,0.0,0.0,0.0,0.0,0.0,0.0,0.0,0.0,0.0,0.0,0.0,0.0,0.0,0.0,0.0,0.0,0.0,0.0,1.1449799999999999,0.0,0.0,0.0,0.0,0.0,0.0,0.0,0.0,0.0,0.0,0.0,0.0,0.0,1.0,0.0,1.0,0.0,0.0,0.0,0.0,0.0,-1.0
1.0,0.0,0.0,0.0,0.0,0.0,0.0,0.0,0.0,0.0,0.0,0.0,0.0,0.0,0.0,0.0,1.0,0.0,0.0,0.0,-0.25881904510252157,0.9659258262890681,98.278,100.76,-2.4819999999999993,72.59793311812547,-0.025254889191884237,0.0,-1.0,-0.0,0,0.0,30.013114311127907,0.7097651739551115,0.0,0.0,0.46773,0.00098919,0.91,0.0009763406260840973,1.35373,0.0,109.0,0.0,0.0,0.0,0.0,0.0,0.0,1.35649,-27.599999999998737,0.0,0.0,0.0,0.0,0.0,0.0,1.35765,-39.199999999999235,1.34345,102.80000000000067,1.352205,15.249999999999986,0.0,0.0,0.0,0.0,0.0,0.0,1.35765,-39.199999999999235,1.3555899999999999,-18.599999999997507,-1.0,0.0,1.0,-1.0,0.0,-1.0,0.0,0.0,0.0,0.0,0.0,0.0,0.0,0.0,0.0,0.0,0.0,0.0,0.0,0.0,0.0,0.0,0.0,0.0,0.0,1.3636300000000001,0.0,0.0,0.0,0.0,0.0,0.0,0.0,0.0,0.0,0.0,0.0,0.0,0.0,0.0,0.0,0.0,1.0,0.0,1.0,0.0,0.0,0.0,0.0,0.0,0.0,0.0,-1.0
1.0,1.0,0.0,0.0,0.0,0.0,0.0,0.0,0.0,0.0,0.0,0.0,0.0,0.0,0.0,0.0,1.0,0.0,0.0,0.0,-0.25881904510252157,0.9659258262890681,98.278,100.76,-2.4819999999999993,0.6235003774829816,-0.025254889191884237,1.0,-1.0,-1.0,0,0.0,16.572606927653858,0.6962150197264172,0.5256,0.4744,0.479332,0.00055334,0.94,0.0005432677058495179,157.623,60.0,109.0,0.5504587155963303,1.0,5.0,157.2435,158.382,2.0,157.24349999999998,37.95000000000073,0.0,0.0,0.0,0.0,0.0,0.0,156.8905,73.24999999999875,157.87650000000002,-25.350000000003092,157.621,0.1999999999981128,0.0,0.0,0.0,0.0,0.0,0.0,157.24349999999998,37.95000000000073,157.87650000000002,-25.350000000003092,1.0,1.0,0.0,1.0,0.0,1.0,0.0,0.0,0.0,0.0,0.0,0.0,0.0,0.0,0.0,0.0,0.0,0.0,0.0,0.0,0.0,0.0,0.0,0.0,0.0,0.0,0.0,160.577,0.0,160.453,0.0,0.0,0.0,0.0,0.0,0.0,0.0,0.0,0.0,0.0,0.0,0.0,1.0,0.0,1.0,0.0,0.0,1.0,0.0,0.0,0.10000000000000003,0.20000000000000007,1.0
1.0,0.0,0.0,0.0,0.0,0.0,0.0,0.0,0.0,0.0,0.0,0.0,0.0,0.0,0.0,0.0,1.0,0.0,0.0,0.0,-0.25881904510252157,0.9659258262890681,98.278,100.76,-2.4819999999999993,135.75434428267536,-0.025254889191884237,0.0,-1.0,-1.0,0,0.0,19.360172315622062,0.8009545697302375,0.6086,0.3642,0.477596,0.00096042,0.94,0.0009472240361372866,0.72394,60.0,109.0,0.5504587155963303,1.0,5.0,0.7232,0.72541,2.0,0.723035,9.050000000000447,0.0,0.0,0.0,0.0,0.0,0.0,0.723205,7.350000000000412,0.708785,151.5500000000003,0.722805,11.349999999999971,0.0,0.0,0.0,0.0,0.0,0.0,0.7234050000000001,5.349999999999522,0.7193499999999999,45.900000000000944,-1.0,1.0,1.0,1.0,0.0,0.0,0.0,0.0,0.0,0.0,0.0,0.0,0.0,0.0,0.0,0.0,0.0,0.0,0.0,0.0,0.0,0.0,0.0,0.0,0.0,0.0,0.0,0.0,0.71811,0.0,0.0,0.0,0.0,0.0,0.0,0.0,0.0,0.0,0.0,0.0,0.0,0.0,0.0,1.0,0.0,0.0,1.0,0.0,0.0,1.0,0.10000000000000003,0.20000000000000007,0.0
1.0,0.0,0.0,0.0,0.0,0.0,0.0,0.0,0.0,0.0,0.0,0.0,0.0,0.0,0.0,0.0,1.0,0.0,0.0,0.0,-0.25881904510252157,0.9659258262890681,98.278,100.76,-2.4819999999999993,71.76038494958124,-0.025254889191884237,0.0,-1.0,-0.0,0,0.0,18.86751768153651,0.6430081476102968,0.0,0.0,0.623141,0.00058861,1.47,0.0005360622427536617,1.3695300000000001,0.0,109.0,0.0,0.0,0.0,0.0,0.0,0.0,1.369725,-1.9499999999994522,0.0,0.0,0.0,0.0,0.0,0.0,1.36656,29.700000000001392,1.37399,-44.599999999999085,1.370885,-13.54999999999773,0.0,0.0,0.0,0.0,0.0,0.0,1.368625,9.050000000001557,1.363715,58.150000000001256,1.0,1.0,-1.0,-1.0,0.0,1.0,0.0,0.0,0.0,0.0,0.0,0.0,0.0,0.0,0.0,0.0,0.0,0.0,0.0,0.0,0.0,0.0,0.0,0.0,0.0,0.0,0.0,0.0,0.0,0.0,0.0,0.0,0.0,0.0,0.0,0.0,0.0,0.0,0.0,0.0,0.0,0.0,0.0,0.0,0.0,0.0,0.0,1.0,0.0,0.0,0.0,0.0,-1.0
1.0,0.0,0.0,0.0,0.0,0.0,0.0,0.0,0.0,0.0,0.0,0.0,0.0,0.0,0.0,0.0,1.0,0.0,0.0,0.0,-0.25881904510252157,0.9659258262890681,98.278,100.76,-2.4819999999999993,125.919946699467,-0.025254889191884237,0.0,-1.0,-1.0,0,0.0,24.828738146336914,0.8545819756442898,0.4912,0.199,0.455,0.00073507,0.88,0.000733029959794299,0.78048,60.0,109.0,0.5504587155963303,1.0,5.0,0.77924,0.78296,2.0,0.7792399999999999,12.400000000000189,0.0,0.0,0.0,0.0,0.0,0.0,0.7792250000000001,12.54999999999895,0.788605,-81.25000000000048,0.7811699999999999,-6.899999999999684,0.0,0.0,0.0,0.0,0.0,0.0,0.7792399999999999,12.400000000000189,0.7842100000000001,-37.30000000000122,1.0,1.0,-1.0,1.0,0.0,1.0,0.0,0.0,0.0,0.0,0.0,0.0,0.0,0.0,0.0,0.0,0.0,0.0,0.0,0.0,0.0,0.0,0.0,0.0,0.0,0.0,0.0,0.79203,0.0,0.0,0.0,0.0,0.0,0.0,0.0,0.0,0.0,0.0,0.0,0.0,0.0,0.0,0.0,1.0,0.0,0.0,0.0,0.0,0.0,0.0,0.10000000000000003,0.20000000000000007,1.0
1.0,0.0,0.0,0.0,0.0,0.0,0.0,0.0,0.0,0.0,0.0,0.0,0.0,0.0,0.0,0.0,0.0,1.0,0.0,0.0,-0.25881904510252157,0.9659258262890681,98.473,100.76,-2.287000000000006,84.07226220662689,-0.023224640256720178,1.0,-1.0,1.0,0,0.0,10.632562167200916,0.5659334489870902,0.6142,0.3854,0.455,0.00055264,0.88,0.0005509709644628632,1.17129,72.0,109.0,0.6605504587155964,-1.0,6.0,1.17188,1.17012,2.0,1.172115,-8.250000000000757,0.0,0.0,0.0,0.0,0.0,0.0,1.174165,-28.74999999999961,1.171875,-5.850000000000577,1.17073,5.599999999998939,0.0,0.0,0.0,0.0,0.0,0.0,1.17236,-10.700000000001264,1.1736550000000001,-23.650000000001725,-1.0,-1.0,1.0,-1.0,0.0,-1.0,0.0,0.0,0.0,0.0,0.0,0.0,0.0,0.0,0.0,0.0,0.0,0.0,0.0,0.0,0.0,0.0,0.0,0.0,0.0,1.17877,0.0,0.0,0.0,0.0,1.1449799999999999,0.0,0.0,0.0,0.0,0.0,0.0,0.0,0.0,0.0,0.0,0.0,0.0,0.0,0.0,0.0,0.0,0.0,0.0,0.0,0.10000000000000003,0.20000000000000007,0.0
1.0,0.0,0.0,0.0,0.0,0.0,0.0,0.0,0.0,0.0,0.0,0.0,0.0,0.0,0.0,0.0,0.0,1.0,0.0,0.0,-0.25881904510252157,0.9659258262890681,98.473,100.76,-2.287000000000006,72.81890113140575,-0.023224640256720178,0.0,-1.0,-0.0,0,0.0,14.145232029798303,0.6466050331727671,0.0,0.0,0.485127,0.00093737,0.96,0.0009104499480413101,1.3523,0.0,109.0,0.0,0.0,0.0,0.0,0.0,0.0,1.35178,5.20000000000076,0.0,0.0,0.0,0.0,0.0,0.0,1.356875,-45.74999999999996,1.346925,53.75000000000129,1.350685,16.15000000000144,0.0,0.0,0.0,0.0,0.0,0.0,1.35188,4.20000000000087,1.35712,-48.200000000000465,-1.0,-1.0,1.0,-1.0,0.0,-1.0,0.0,0.0,0.0,0.0,0.0,0.0,0.0,0.0,0.0,0.0,0.0,0.0,0.0,0.0,0.0,0.0,0.0,0.0,0.0,1.3636300000000001,0.0,0.0,0.0,0.0,0.0,0.0,0.0,0.0,0.0,0.0,0.0,0.0,0.0,0.0,0.0,0.0,0.0,0.0,0.0,1.0,1.0,0.0,0.0,0.0,0.0,0.0,-1.0
1.0,1.0,0.0,0.0,0.0,0.0,0.0,0.0,0.0,0.0,0.0,0.0,0.0,0.0,0.0,0.0,0.0,1.0,0.0,0.0,-0.25881904510252157,0.9659258262890681,98.473,100.76,-2.287000000000006,0.6237205472510767,-0.023224640256720178,1.0,-1.0,-1.0,0,0.0,10.984700692738608,0.5942117800838788,0.5212,0.4788,0.493783,0.00048214,0.98,0.00046541253094045686,157.88,72.0,109.0,0.6605504587155964,1.0,6.0,157.8765,157.887,2.0,157.7185,16.149999999998954,0.0,0.0,0.0,0.0,0.0,0.0,157.043,83.69999999999891,157.87650000000002,0.34999999999740794,157.832,4.800000000000182,0.0,0.0,0.0,0.0,0.0,0.0,157.70100000000002,17.899999999997362,156.48250000000002,139.74999999999795,1.0,1.0,-1.0,1.0,0.0,1.0,0.0,0.0,0.0,0.0,0.0,0.0,0.0,0.0,0.0,0.0,0.0,0.0,0.0,0.0,0.0,0.0,0.0,0.0,0.0,0.0,156.724,160.577,0.0,160.453,0.0,0.0,0.0,0.0,0.0,0.0,0.0,0.0,0.0,0.0,0.0,0.0,1.0,0.0,1.0,0.0,0.0,1.0,0.0,0.0,0.10000000000000003,0.20000000000000007,0.0
1.0,0.0,0.0,0.0,0.0,0.0,0.0,0.0,0.0,0.0,0.0,0.0,0.0,0.0,0.0,0.0,0.0,1.0,0.0,0.0,-0.25881904510252157,0.9659258262890681,98.473,100.76,-2.287000000000006,135.6601642144707,-0.023224640256720178,0.0,-1.0,-1.0,0,0.0,54.47366823059577,0.5952879125221605,0.6122,0.3374,0.476182,0.00089531,0.93,0.0008858772544282864,0.72588,84.0,109.0,0.7706422018348624,1.0,7.0,0.7251,0.72743,2.0,0.725105,7.749999999999702,0.0,0.0,0.0,0.0,0.0,0.0,0.7235750000000001,23.049999999998903,0.7120500000000001,138.299999999999,0.725355,5.249999999999977,0.0,0.0,0.0,0.0,0.0,0.0,0.724295,15.849999999999476,0.720655,52.24999999999924,1.0,1.0,1.0,1.0,0.0,1.0,0.0,0.0,0.0,0.0,0.0,0.0,0.0,0.0,0.0,0.0,0.0,0.0,0.0,0.0,0.0,0.0,0.0,0.0,0.0,0.0,0.0,0.0,0.71811,0.0,0.0,0.0,0.0,0.0,0.0,0.0,0.0,0.0,0.0,0.0,0.0,0.0,0.0,0.0,0.0,0.0,1.0,0.0,0.0,0.0,0.10000000000000003,0.20000000000000007,0.0
1.0,0.0,0.0,0.0,0.0,0.0,0.0,0.0,0.0,0.0,0.0,0.0,0.0,0.0,0.0,0.0,0.0,1.0,0.0,0.0,-0.25881904510252157,0.9659258262890681,98.473,100.76,-2.287000000000006,71.8571220081728,-0.023224640256720178,0.0,-1.0,-1.0,0,0.0,34.07760030843778,0.5638444599589958,0.5636,0.4364,0.469121,0.0004216,0.92,0.000419297306958827,1.3704,60.0,109.0,0.5504587155963303,1.0,5.0,1.37013,1.37094,2.0,1.37013,2.6999999999999247,0.0,0.0,0.0,0.0,0.0,0.0,1.36754,28.600000000000847,1.372565,-21.649999999999725,1.3704100000000001,-0.10000000000065512,0.0,0.0,0.0,0.0,0.0,0.0,1.370415,-0.14999999999876223,1.363715,66.85000000000052,1.0,1.0,-1.0,-1.0,0.0,1.0,0.0,0.0,0.0,0.0,0.0,0.0,0.0,0.0,0.0,0.0,0.0,0.0,0.0,0.0,0.0,0.0,0.0,0.0,0.0,0.0,0.0,0.0,0.0,0.0,0.0,0.0,0.0,0.0,0.0,0.0,0.0,0.0,0.0,0.0,0.0,0.0,0.0,0.0,1.0,0.0,0.0,1.0,0.0,0.0,0.10000000000000003,0.20000000000000007,0.0
1.0,0.0,0.0,0.0,0.0,0.0,0.0,0.0,0.0,0.0,0.0,0.0,0.0,0.0,0.0,0.0,0.0,1.0,0.0,0.0,-0.25881904510252157,0.9659258262890681,98.473,100.76,-2.287000000000006,125.98738501298601,-0.023224640256720178,0.0,-1.0,-1.0,0,0.0,14.274990666150872,0.6096554727655625,0.5488,0.4512,0.461111,0.00064674,0.9,0.0006426784626429615,0.78161,60.0,109.0,0.5504587155963303,1.0,5.0,0.78153,0.78178,2.0,0.781525,0.8500000000000174,0.0,0.0,0.0,0.0,0.0,0.0,0.779605,20.050000000000345,0.787175,-55.64999999999931,0.782135,-5.249999999999977,0.0,0.0,0.0,0.0,0.0,0.0,0.781525,0.8500000000000174,0.78046,11.499999999999844,1.0,1.0,-1.0,1.0,0.0,1.0,0.0,0.0,0.0,0.0,0.0,0.0,0.0,0.0,0.0,0.0,0.0,0.0,0.0,0.0,0.0,0.0,0.0,0.0,0.0,0.0,0.0,0.79203,0.0,0.0,0.0,0.0,0.0,0.0,0.0,0.0,0.0,0.0,0.0,0.0,0.0,0.0,0.0,0.0,1.0,0.0,0.0,1.0,0.0,0.0,0.10000000000000003,0.20000000000000007,0.0
1.0,0.0,0.0,0.0,0.0,0.0,0.0,0.0,0.0,0.0,0.0,0.0,0.0,0.0,0.0,0.0,0.0,0.0,1.0,0.0,-0.25881904510252157,0.9659258262890681,98.872,100.76,-1.8880000000000052,84.7333870387193,-0.019095396067643065,1.0,-1.0,1.0,0,0.0,49.03031470516534,0.6808638595204227,0.353,0.0874,0.519615,0.00045561,1.06,0.00043372849995889176,1.16686,84.0,109.0,0.7706422018348624,-1.0,7.0,1.16935,1.16187,2.0,1.169355,-24.94999999999914,0.0,0.0,0.0,0.0,0.0,0.0,1.17267,-58.10000000000093,1.1749749999999999,-81.14999999999873,1.168555,-16.95000000000002,0.0,0.0,0.0,0.0,0.0,0.0,1.169355,-24.94999999999914,1.1731150000000001,-62.55000000000122,-1.0,-1.0,-1.0,-1.0,0.0,-1.0,0.0,0.0,0.0,0.0,0.0,0.0,0.0,0.0,0.0,0.0,0.0,0.0,0.0,0.0,0.0,0.0,0.0,0.0,1.0,0.0,0.0,0.0,0.0,0.0,1.1449799999999999,0.0,0.0,0.0,0.0,0.0,0.0,0.0,0.0,0.0,0.0,0.0,1.0,0.0,0.0,1.0,0.0,0.0,0.0,0.0,0.10000000000000003,0.20000000000000007,1.0
1.0,0.0,0.0,0.0,0.0,0.0,0.0,0.0,0.0,0.0,0.0,0.0,0.0,0.0,0.0,0.0,0.0,0.0,1.0,0.0,-0.25881904510252157,0.9659258262890681,98.872,100.76,-1.8880000000000052,73.78617591307334,-0.019095396067643065,1.0,-1.0,1.0,0,0.0,0.0,0.8407231899434542,0.0,0.0,0.612029,0.00080941,1.41,0.0007637597506513474,1.33998,72.0,109.0,0.6605504587155964,-1.0,6.0,1.34635,1.32723,2.0,1.346355,-63.7500000000002,0.0,0.0,0.0,0.0,0.0,0.0,1.35238,-123.99999999999966,1.35192,-119.40000000000062,1.34564,-56.59999999999998,0.0,0.0,0.0,0.0,0.0,0.0,1.346355,-63.7500000000002,1.35238,-123.99999999999966,-1.0,-1.0,1.0,-1.0,0.0,-1.0,0.0,0.0,0.0,0.0,0.0,0.0,0.0,0.0,0.0,0.0,0.0,0.0,0.0,0.0,0.0,0.0,0.0,0.0,1.0,0.0,0.0,1.35206,0.0,0.0,0.0,0.0,0.0,0.0,0.0,0.0,0.0,0.0,0.0,0.0,0.0,0.0,0.0,0.0,0.0,1.0,1.0,0.0,0.0,0.0,0.10000000000000003,0.20000000000000007,-1.0
1.0,1.0,0.0,0.0,0.0,0.0,0.0,0.0,0.0,0.0,0.0,0.0,0.0,0.0,0.0,0.0,0.0,0.0,1.0,0.0,-0.25881904510252157,0.9659258262890681,98.872,100.76,-1.8880000000000052,0.62421162284163,-0.019095396067643065,1.0,-1.0,-1.0,0,0.0,17.357023131916524,0.354645903296521,0.5174,0.4826,0.498077,0.00047963,0.99,0.0004832285342353782,158.395,60.0,109.0,0.5504587155963303,1.0,5.0,157.8765,159.432,2.0,157.86,53.49999999999966,0.0,0.0,0.0,0.0,0.0,0.0,157.4225,97.24999999999966,157.87650000000002,51.849999999998886,157.86,53.49999999999966,0.0,0.0,0.0,0.0,0.0,0.0,157.86,53.49999999999966,156.7225,167.25000000000136,0.0,1.0,-1.0,1.0,0.0,1.0,0.0,0.0,0.0,0.0,0.0,0.0,0.0,0.0,0.0,0.0,0.0,0.0,0.0,0.0,0.0,0.0,0.0,0.0,0.0,0.0,0.0,0.0,0.0,160.453,0.0,0.0,0.0,0.0,0.0,0.0,0.0,0.0,0.0,0.0,0.0,0.0,0.0,0.0,1.0,0.0,0.0,1.0,0.0,0.0,0.10000000000000003,0.20000000000000007,-1.0
1.0,0.0,0.0,0.0,0.0,0.0,0.0,0.0,0.0,0.0,0.0,0.0,0.0,0.0,0.0,0.0,0.0,0.0,1.0,0.0,-0.25881904510252157,0.9659258262890681,98.872,100.76,-1.8880000000000052,136.94372498234048,-0.019095396067643065,0.0,-1.0,-0.0,0,0.0,40.11083559998656,0.6658680239794668,0.0,0.0,0.508846,0.00083236,1.03,0.000794720786022829,0.72199,0.0,109.0,0.0,0.0,0.0,0.0,0.0,0.0,0.7239949999999999,-20.049999999999237,0.0,0.0,0.0,0.0,0.0,0.0,0.7240150000000001,-20.250000000000547,0.7133050000000001,86.84999999999943,0.72294,-9.500000000000064,0.0,0.0,0.0,0.0,0.0,0.0,0.724365,-23.75000000000016,0.720655,13.349999999999751,-1.0,1.0,1.0,1.0,0.0,-1.0,0.0,0.0,0.0,0.0,0.0,0.0,0.0,0.0,0.0,0.0,0.0,0.0,0.0,0.0,0.0,0.0,0.0,0.0,1.0,0.0,0.0,0.0,0.71811,0.0,0.0,0.0,0.0,0.0,0.0,0.0,0.0,0.0,0.0,0.0,0.0,0.0,0.0,0.0,0.0,1.0,1.0,0.0,0.0,0.0,0.0,0.0,-1.0
1.0,0.0,0.0,0.0,0.0,0.0,0.0,0.0,0.0,0.0,0.0,0.0,0.0,0.0,0.0,0.0,0.0,0.0,1.0,0.0,-0.25881904510252157,0.9659258262890681,98.872,100.76,-1.8880000000000052,72.07622269039271,-0.019095396067643065,0.0,-1.0,-1.0,0,0.0,25.656942839467074,0.5730685557595296,0.5824,0.4176,0.455,0.00036109,0.88,0.00036140824456854664,1.37177,60.0,109.0,0.5504587155963303,1.0,5.0,1.37138,1.37255,2.0,1.37195,-1.80000000000069,0.0,0.0,0.0,0.0,0.0,0.0,1.369295,24.75000000000005,1.37138,3.8999999999989043,1.372555,-7.850000000000357,0.0,0.0,0.0,0.0,0.0,0.0,1.371365,4.049999999999887,1.3656199999999998,61.500000000000995,1.0,1.0,-1.0,-1.0,0.0,1.0,0.0,0.0,0.0,0.0,0.0,0.0,0.0,0.0,0.0,0.0,0.0,0.0,0.0,0.0,0.0,0.0,0.0,0.0,0.0,0.0,0.0,0.0,0.0,0.0,0.0,0.0,0.0,0.0,0.0,0.0,0.0,0.0,0.0,0.0,0.0,0.0,1.0,0.0,0.0,0.0,0.0,1.0,0.0,0.0,0.10000000000000003,0.20000000000000007,1.0
1.0,0.0,0.0,0.0,0.0,0.0,0.0,0.0,0.0,0.0,0.0,0.0,0.0,0.0,0.0,0.0,0.0,0.0,1.0,0.0,-0.25881904510252157,0.9659258262890681,98.872,100.76,-1.8880000000000052,126.1508625089313,-0.019095396067643065,0.0,-1.0,-1.0,0,0.0,31.723804484331236,0.650086904790391,0.3718,0.1074,0.645263,0.00059606,1.58,0.000488763204753291,0.78376,60.0,109.0,0.5504587155963303,1.0,5.0,0.7824,0.78648,2.0,0.7824,13.600000000000279,0.0,0.0,0.0,0.0,0.0,0.0,0.7800750000000001,36.84999999999938,0.7847649999999999,-10.049999999999226,0.782675,10.850000000000026,0.0,0.0,0.0,0.0,0.0,0.0,0.7824,13.600000000000279,0.78046,32.999999999999694,1.0,1.0,-1.0,1.0,0.0,1.0,0.0,0.0,0.0,0.0,0.0,0.0,0.0,0.0,0.0,0.0,0.0,0.0,0.0,0.0,0.0,0.0,0.0,0.0,0.0,0.0,0.0,0.0,0.0,0.0,0.0,0.0,0.0,0.0,0.0,0.0,0.0,0.0,0.0,0.0,0.0,0.0,0.0,0.0,1.0,0.0,0.0,1.0,0.0,0.0,0.10000000000000003,0.20000000000000007,1.0
1.0,0.0,0.0,0.0,0.0,0.0,0.0,0.0,0.0,0.0,0.0,0.0,0.0,0.0,0.0,0.0,0.0,0.0,0.0,1.0,-0.25881904510252157,0.9659258262890681,99.296,100.76,-1.4639999999999986,85.42840673474831,-0.014743796326135983,1.0,-1.0,1.0,0,0.0,0.0,0.6417473761035908,0.0,0.0,0.533934,0.00050207,1.1,0.00047304923470529547,1.16233,84.0,109.0,0.7706422018348624,-1.0,7.0,1.1648,1.1574,2.0,1.164795,-24.649999999999395,0.0,0.0,0.0,0.0,0.0,0.0,1.170235,-79.04999999999829,1.1733,-109.69999999999925,1.16273,-3.9999999999995595,0.0,0.0,0.0,0.0,0.0,0.0,1.1665,-41.700000000000074,1.17068,-83.49999999999858,-1.0,-1.0,-1.0,-1.0,0.0,-1.0,0.0,0.0,0.0,0.0,0.0,0.0,0.0,0.0,0.0,0.0,0.0,0.0,0.0,0.0,0.0,0.0,0.0,0.0,1.0,0.0,0.0,0.0,0.0,0.0,1.1449799999999999,0.0,0.0,0.0,0.0,0.0,0.0,0.0,0.0,0.0,0.0,0.0,0.0,0.0,0.0,1.0,0.0,0.0,0.0,0.0,0.10000000000000003,0.20000000000000007,0.0
1.0,0.0,0.0,0.0,0.0,0.0,0.0,0.0,0.0,0.0,0.0,0.0,0.0,0.0,0.0,0.0,0.0,0.0,0.0,1.0,-0.25881904510252157,0.9659258262890681,99.296,100.76,-1.4639999999999986,74.57061964447983,-0.014743796326135983,1.0,-1.0,1.0,0,0.0,0.0,0.8106480550676586,0.0,0.0,0.708317,0.00082032,2.01,0.0006060701960360397,1.33157,84.0,109.0,0.7706422018348624,-1.0,7.0,1.33616,1.32239,2.0,1.33616,-45.900000000000944,0.0,0.0,0.0,0.0,0.0,0.0,1.34839,-168.20000000000056,1.348635,-170.65000000000109,1.33389,-23.200000000000998,0.0,0.0,0.0,0.0,0.0,0.0,1.3417750000000002,-102.05000000000241,1.34839,-168.20000000000056,-1.0,-1.0,-1.0,-1.0,0.0,-1.0,0.0,0.0,0.0,0.0,0.0,0.0,0.0,0.0,0.0,0.0,0.0,0.0,0.0,0.0,0.0,0.0,0.0,0.0,0.0,0.0,0.0,0.0,0.0,0.0,0.0,0.0,0.0,0.0,0.0,0.0,0.0,0.0,0.0,0.0,0.0,0.0,0.0,1.0,0.0,1.0,1.0,0.0,0.0,0.0,0.10000000000000003,0.20000000000000007,0.0
1.0,1.0,0.0,0.0,0.0,0.0,0.0,0.0,0.0,0.0,0.0,0.0,0.0,0.0,0.0,0.0,0.0,0.0,0.0,1.0,-0.25881904510252157,0.9659258262890681,99.296,100.76,-1.4639999999999986,0.6253684343116261,-0.014743796326135983,1.0,-1.0,-1.0,0,0.0,100.0,0.4998361401161287,0.5068,0.4932,0.623141,0.00044813,1.47,0.0003894705469232325,158.78,72.0,109.0,0.6605504587155964,1.0,6.0,158.5025,159.335,2.0,158.5025,27.75000000000034,0.0,0.0,0.0,0.0,0.0,0.0,157.7805,99.95000000000118,157.87650000000002,90.34999999999798,158.672,10.80000000000041,0.0,0.0,0.0,0.0,0.0,0.0,158.071,70.90000000000032,156.93349999999998,184.65000000000202,1.0,1.0,-1.0,1.0,0.0,1.0,0.0,0.0,0.0,0.0,0.0,0.0,0.0,0.0,0.0,0.0,0.0,0.0,0.0,0.0,0.0,0.0,0.0,0.0,0.0,0.0,0.0,0.0,0.0,160.453,0.0,0.0,0.0,0.0,0.0,0.0,0.0,0.0,0.0,0.0,0.0,0.0,0.0,0.0,1.0,0.0,0.0,1.0,0.0,0.0,0.10000000000000003,0.20000000000000007,0.0
1.0,0.0,0.0,0.0,0.0,0.0,0.0,0.0,0.0,0.0,0.0,0.0,0.0,0.0,0.0,0.0,0.0,0.0,0.0,1.0,-0.25881904510252157,0.9659258262890681,99.296,100.76,-1.4639999999999986,138.98243404017077,-0.014743796326135983,1.0,-1.0,1.0,0,0.0,0.0,0.41219600907854187,0.0,0.0,0.786787,0.00105908,2.89,0.000783688828276184,0.71445,60.0,109.0,0.5504587155963303,-1.0,5.0,0.71827,0.70682,2.0,0.718265,-38.15000000000013,0.0,0.0,0.0,0.0,0.0,0.0,0.7205600000000001,-61.1000000000006,0.7133050000000001,11.449999999999516,0.71548,-10.299999999999754,0.0,0.0,0.0,0.0,0.0,0.0,0.719665,-52.14999999999969,0.720655,-62.05000000000016,-1.0,-1.0,1.0,1.0,0.0,-1.0,0.0,0.0,0.0,0.0,0.0,0.0,0.0,0.0,0.0,0.0,0.0,0.0,0.0,0.0,0.0,0.0,0.0,0.0,0.0,0.0,0.0,0.0,0.0,0.0,0.0,0.0,0.0,0.0,0.0,0.0,0.0,0.0,0.0,0.0,0.0,0.0,0.0,1.0,0.0,1.0,0.0,0.0,0.0,0.0,0.10000000000000003,0.20000000000000007,0.0
1.0,0.0,0.0,0.0,0.0,0.0,0.0,0.0,0.0,0.0,0.0,0.0,0.0,0.0,0.0,0.0,0.0,0.0,0.0,1.0,-0.25881904510252157,0.9659258262890681,99.296,100.76,-1.4639999999999986,72.20582032897512,-0.014743796326135983,0.0,-1.0,-1.0,0,0.0,11.891342859226949,0.5642411784737946,0.6144,0.3664,0.533934,0.00039938,1.1,0.0003954555265567366,1.37518,72.0,109.0,0.6605504587155964,1.0,6.0,1.3741,1.37734,2.0,1.3740999999999999,10.80000000000192,0.0,0.0,0.0,0.0,0.0,0.0,1.37076,44.200000000000905,1.37138,38.000000000000256,1.3748900000000002,2.8999999999990145,0.0,0.0,0.0,0.0,0.0,0.0,1.373555,16.249999999999876,1.36724,79.40000000000057,1.0,1.0,-1.0,-1.0,0.0,1.0,0.0,0.0,0.0,0.0,0.0,0.0,0.0,0.0,0.0,0.0,0.0,0.0,0.0,0.0,0.0,0.0,0.0,0.0,0.0,0.0,0.0,0.0,1.365,0.0,0.0,0.0,0.0,0.0,0.0,0.0,0.0,0.0,0.0,0.0,0.0,0.0,0.0,0.0,1.0,0.0,0.0,1.0,0.0,0.0,0.10000000000000003,0.20000000000000007,0.0
1.0,0.0,0.0,0.0,0.0,0.0,0.0,0.0,0.0,0.0,0.0,0.0,0.0,0.0,0.0,0.0,0.0,0.0,0.0,1.0,-0.25881904510252157,0.9659258262890681,99.296,100.76,-1.4639999999999986,126.21196329155758,-0.014743796326135983,0.0,-1.0,-1.0,0,0.0,19.223248571161456,0.5575056375383024,0.355,0.074,0.656374,0.0006481,1.65,0.0005356962462819519,0.78674,72.0,109.0,0.6605504587155964,1.0,6.0,0.78512,0.78999,2.0,0.785115,16.249999999999876,0.0,0.0,0.0,0.0,0.0,0.0,0.78174,50.00000000000004,0.7847649999999999,19.7500000000006,0.786385,3.549999999999942,0.0,0.0,0.0,0.0,0.0,0.0,0.7843249999999999,24.15000000000056,0.781725,50.14999999999992,1.0,1.0,-1.0,1.0,0.0,1.0,0.0,0.0,0.0,0.0,0.0,0.0,0.0,0.0,0.0,0.0,0.0,0.0,0.0,0.0,0.0,0.0,0.0,0.0,0.0,0.0,0.0,0.0,0.0,0.0,0.0,0.0,0.0,0.0,0.0,0.0,0.0,0.0,0.0,0.0,0.0,0.0,1.0,0.0,1.0,0.0,0.0,1.0,0.0,0.0,0.10000000000000003,0.20000000000000007,0.0
1.0,0.0,0.0,0.0,0.0,0.0,0.0,0.0,0.0,0.0,0.0,0.0,0.0,0.0,0.0,1.0,0.0,0.0,0.0,0.0,-0.25881904510252157,0.9659258262890681,98.968,100.76,-1.7920000000000016,84.91754328762893,-0.01810686282434728,0.0,-1.0,-0.0,0,0.0,17.71530930471891,0.6974597297730674,0.0,0.0,0.836357,0.00060277,3.88,0.0009136611815377005,1.16546,0.0,109.0,0.0,0.0,0.0,0.0,0.0,0.0,1.163445,20.14999999999878,0.0,0.0,0.0,0.0,0.0,0.0,1.167915,-24.55000000000096,1.17287,-74.10000000000139,1.16446,9.999999999998899,0.0,0.0,0.0,0.0,0.0,0.0,1.163445,20.14999999999878,1.17025,-47.900000000000716,1.0,-1.0,-1.0,-1.0,0.0,0.0,0.0,0.0,0.0,0.0,0.0,0.0,0.0,0.0,0.0,0.0,0.0,0.0,0.0,0.0,0.0,0.0,0.0,0.0,1.0,0.0,0.0,0.0,0.0,0.0,1.1449799999999999,0.0,0.0,0.0,0.0,0.0,0.0,0.0,0.0,0.0,0.0,0.0,0.0,1.0,0.0,1.0,0.0,0.0,0.0,0.0,0.0,0.0,-1.0
1.0,0.0,0.0,0.0,0.0,0.0,0.0,0.0,0.0,0.0,0.0,0.0,0.0,0.0,0.0,1.0,0.0,0.0,0.0,0.0,-0.25881904510252157,0.9659258262890681,98.968,100.76,-1.7920000000000016,73.67034144961627,-0.01810686282434728,0.0,-1.0,-0.0,0,0.0,34.517864330058565,0.7942949373531067,0.0,0.0,0.842342,0.00097123,4.04,0.001184655517782412,1.3433899999999999,0.0,109.0,0.0,0.0,0.0,0.0,0.0,0.0,1.3375750000000002,58.149999999996815,0.0,0.0,0.0,0.0,0.0,0.0,1.3426550000000002,7.349999999997081,1.347995,-46.05000000000192,1.34121,21.799999999998487,0.0,0.0,0.0,0.0,0.0,0.0,1.3375750000000002,58.149999999996815,1.34775,-43.600000000001415,1.0,-1.0,-1.0,-1.0,0.0,1.0,0.0,0.0,0.0,0.0,0.0,0.0,0.0,0.0,0.0,0.0,0.0,0.0,0.0,0.0,0.0,0.0,0.0,0.0,2.0,0.0,0.0,0.0,0.0,0.0,0.0,0.0,0.0,0.0,0.0,0.0,0.0,0.0,0.0,0.0,0.0,0.0,0.0,1.0,0.0,1.0,1.0,0.0,0.0,0.0,0.0,0.0,-1.0
1.0,1.0,0.0,0.0,0.0,0.0,0.0,0.0,0.0,0.0,0.0,0.0,0.0,0.0,0.0,1.0,0.0,0.0,0.0,0.0,-0.25881904510252157,0.9659258262890681,98.968,100.76,-1.7920000000000016,0.6230750827887533,-0.01810686282434728,1.0,-1.0,-1.0,0,0.0,2.099407157572675,0.544051123249046,0.5156,0.4844,0.533934,0.00053668,1.1,0.0005754008264815931,158.838,72.0,109.0,0.6605504587155964,1.0,6.0,158.7865,158.941,2.0,158.7865,5.150000000000432,0.0,0.0,0.0,0.0,0.0,0.0,158.1905,64.7500000000008,157.87650000000002,96.14999999999725,158.8425,-0.4500000000007276,0.0,0.0,0.0,0.0,0.0,0.0,158.683,15.500000000000114,157.053,178.49999999999966,1.0,1.0,-1.0,1.0,0.0,1.0,0.0,0.0,0.0,0.0,0.0,0.0,0.0,0.0,0.0,0.0,0.0,0.0,0.0,0.0,0.0,0.0,0.0,0.0,1.0,0.0,0.0,0.0,0.0,160.453,0.0,0.0,0.0,0.0,0.0,0.0,0.0,0.0,0.0,0.0,0.0,0.0,1.0,0.0,1.0,0.0,0.0,1.0,0.0,0.0,0.10000000000000003,0.20000000000000007,0.0
1.0,0.0,0.0,0.0,0.0,0.0,0.0,0.0,0.0,0.0,0.0,0.0,0.0,0.0,0.0,1.0,0.0,0.0,0.0,0.0,-0.25881904510252157,0.9659258262890681,98.968,100.76,-1.7920000000000016,138.0711226440101,-0.01810686282434728,0.0,-1.0,-0.0,0,0.0,11.884624452258375,0.6169858134120988,0.0,0.0,0.551853,0.00122224,1.17,0.0012945252716943451,0.71679,0.0,109.0,0.0,0.0,0.0,0.0,0.0,0.0,0.715135,16.55000000000073,0.0,0.0,0.0,0.0,0.0,0.0,0.7195050000000001,-27.15000000000023,0.7133050000000001,34.8499999999996,0.716585,2.0500000000001073,0.0,0.0,0.0,0.0,0.0,0.0,0.715135,16.55000000000073,0.7198,-30.09999999999957,1.0,-1.0,1.0,1.0,0.0,-1.0,0.0,0.0,0.0,0.0,0.0,0.0,0.0,0.0,0.0,0.0,0.0,0.0,0.0,0.0,0.0,0.0,0.0,0.0,1.0,0.0,0.0,0.0,0.0,0.0,0.0,0.0,0.0,0.0,0.0,0.0,0.0,0.0,0.0,0.0,0.0,0.0,0.0,0.0,0.0,1.0,0.0,0.0,0.0,0.0,0.0,0.0,-1.0
1.0,0.0,0.0,0.0,0.0,0.0,0.0,0.0,0.0,0.0,0.0,0.0,0.0,0.0,0.0,1.0,0.0,0.0,0.0,0.0,-0.25881904510252157,0.9659258262890681,98.968,100.76,-1.7920000000000016,72.03173332362896,-0.01810686282434728,0.0,-1.0,-0.0,0,0.0,0.3610342587311398,0.4219730346423659,0.0,0.0,0.58498,0.00041288,1.29,0.0004325898376098632,1.37395,0.0,109.0,0.0,0.0,0.0,0.0,0.0,0.0,1.37478,-8.299999999998864,0.0,0.0,0.0,0.0,0.0,0.0,1.37255,14.000000000000679,1.37138,25.699999999999612,1.37418,-2.2999999999995246,0.0,0.0,0.0,0.0,0.0,0.0,1.3748900000000002,-9.40000000000163,1.36724,67.09999999999994,-1.0,1.0,-1.0,-1.0,0.0,0.0,0.0,0.0,0.0,0.0,0.0,0.0,0.0,0.0,0.0,0.0,0.0,0.0,0.0,0.0,0.0,0.0,0.0,0.0,0.0,0.0,0.0,0.0,0.0,0.0,0.0,0.0,0.0,0.0,0.0,0.0,0.0,0.0,0.0,0.0,0.0,0.0,0.0,0.0,1.0,0.0,0.0,1.0,0.0,0.0,0.0,0.0,-1.0
1.0,0.0,0.0,0.0,0.0,0.0,0.0,0.0,0.0,0.0,0.0,0.0,0.0,0.0,0.0,1.0,0.0,0.0,0.0,0.0,-0.25881904510252157,0.9659258262890681,98.968,100.76,-1.7920000000000016,126.1703212646609,-0.01810686282434728,0.0,-1.0,-0.0,0,0.0,10.525967864476089,0.53640304833447,0.0,0.0,0.674984,0.00072379,1.76,0.0009205206877631661,0.7844,0.0,109.0,0.0,0.0,0.0,0.0,0.0,0.0,0.785865,-14.650000000000496,0.0,0.0,0.0,0.0,0.0,0.0,0.783845,5.549999999999722,0.7847649999999999,-3.649999999999487,0.7852250000000001,-8.250000000000757,0.0,0.0,0.0,0.0,0.0,0.0,0.785785,-13.849999999999696,0.781925,24.75000000000005,-1.0,1.0,-1.0,1.0,0.0,0.0,0.0,0.0,0.0,0.0,0.0,0.0,0.0,0.0,0.0,0.0,0.0,0.0,0.0,0.0,0.0,0.0,0.0,0.0,1.0,0.0,0.0,0.0,0.0,0.79247,0.0,0.0,0.0,0.0,0.0,0.0,0.0,0.0,0.0,0.0,0.0,0.0,0.0,1.0,1.0,0.0,0.0,1.0,0.0,0.0,0.0,0.0,-1.0
1.0,0.0,0.0,0.0,0.0,0.0,0.0,0.0,0.0,0.0,0.0,0.0,0.0,0.0,0.0,0.0,1.0,0.0,0.0,0.0,-0.25881904510252157,0.9659258262890681,99.312,100.76,-1.4480000000000075,85.57690650581645,-0.01458031255034646,1.0,-1.0,1.0,0,0.0,40.73675205725372,0.43857780607536734,0.5128,0.218,0.533934,0.00063125,1.1,0.0005928908874955665,1.1605,84.0,109.0,0.7706422018348624,-1.0,7.0,1.16271,1.15608,2.0,1.1627100000000001,-22.100000000000453,0.0,0.0,0.0,0.0,0.0,0.0,1.16568,-51.79999999999963,1.17206,-115.60000000000015,1.1608049999999999,-3.0499999999977767,0.0,0.0,0.0,0.0,0.0,0.0,1.1627100000000001,-22.100000000000453,1.168995,-84.94999999999919,-1.0,-1.0,-1.0,-1.0,0.0,-1.0,0.0,0.0,0.0,0.0,0.0,0.0,0.0,0.0,0.0,0.0,0.0,0.0,0.0,0.0,0.0,0.0,0.0,0.0,1.0,0.0,0.0,0.0,0.0,0.0,1.1449799999999999,0.0,0.0,0.0,0.0,0.0,0.0,0.0,0.0,0.0,0.0,0.0,0.0,0.0,0.0,1.0,0.0,0.0,0.0,0.0,0.10000000000000003,0.20000000000000007,0.0
1.0,0.0,0.0,0.0,0.0,0.0,0.0,0.0,0.0,0.0,0.0,0.0,0.0,0.0,0.0,0.0,1.0,0.0,0.0,0.0,-0.25881904510252157,0.9659258262890681,99.312,100.76,-1.4480000000000075,74.1261559819969,-0.01458031255034646,1.0,-1.0,1.0,0,0.0,34.584622173865526,0.6550743886392175,0.604,0.396,0.842342,0.00096565,4.04,0.0006353160430001214,1.3397700000000001,72.0,109.0,0.6605504587155964,-1.0,6.0,1.34085,1.3376,2.0,1.340855,-10.849999999997806,0.0,0.0,0.0,0.0,0.0,0.0,1.341725,-19.54999999999929,1.347995,-82.24999999999926,1.339865,-0.9499999999995623,0.0,0.0,0.0,0.0,0.0,0.0,1.33978,-0.09999999999843467,1.34775,-79.79999999999876,-1.0,-1.0,-1.0,-1.0,0.0,1.0,0.0,0.0,0.0,0.0,0.0,0.0,0.0,0.0,0.0,0.0,0.0,0.0,0.0,0.0,0.0,0.0,0.0,0.0,0.0,1.34786,1.3328,0.0,0.0,0.0,0.0,0.0,0.0,0.0,0.0,0.0,0.0,0.0,0.0,0.0,0.0,0.0,0.0,0.0,0.0,0.0,1.0,0.0,0.0,0.0,0.10000000000000003,0.20000000000000007,1.0
1.0,1.0,0.0,0.0,0.0,0.0,0.0,0.0,0.0,0.0,0.0,0.0,0.0,0.0,0.0,0.0,1.0,0.0,0.0,0.0,-0.25881904510252157,0.9659258262890681,99.312,100.76,-1.4480000000000075,0.6242857412261679,-0.01458031255034646,1.0,-1.0,-1.0,0,0.0,31.798704743788313,0.47126124318506063,0.5236,0.4764,0.455,0.00059623,0.88,0.0005951035756587096,159.081,60.0,109.0,0.5504587155963303,1.0,5.0,158.9645,159.314,2.0,158.9645,11.650000000000205,0.0,0.0,0.0,0.0,0.0,0.0,158.277,80.4000000000002,157.87650000000002,120.44999999999675,158.9645,11.650000000000205,0.0,0.0,0.0,0.0,0.0,0.0,158.929,15.199999999998681,157.6335,144.7499999999991,0.0,1.0,-1.0,1.0,0.0,1.0,0.0,0.0,0.0,0.0,0.0,0.0,0.0,0.0,0.0,0.0,0.0,0.0,0.0,0.0,0.0,0.0,0.0,0.0,0.0,0.0,0.0,0.0,0.0,160.453,0.0,0.0,0.0,0.0,0.0,0.0,0.0,0.0,0.0,0.0,0.0,0.0,1.0,0.0,1.0,0.0,0.0,1.0,0.0,0.0,0.10000000000000003,0.20000000000000007,0.0
1.0,0.0,0.0,0.0,0.0,0.0,0.0,0.0,0.0,0.0,0.0,0.0,0.0,0.0,0.0,0.0,1.0,0.0,0.0,0.0,-0.25881904510252157,0.9659258262890681,99.312,100.76,-1.4480000000000075,139.7500844309355,-0.01458031255034646,1.0,-1.0,1.0,0,0.0,19.627809145272675,0.6748130737123511,0.424,0.1348,0.499109,0.00127443,1.0,0.0012276785437610237,0.71064,84.0,109.0,0.7706422018348624,-1.0,7.0,0.7128,0.70632,2.0,0.7128,-21.599999999999397,0.0,0.0,0.0,0.0,0.0,0.0,0.71755,-69.09999999999971,0.71772,-70.79999999999976,0.710115,5.249999999999977,0.0,0.0,0.0,0.0,0.0,0.0,0.7131799999999999,-25.399999999998755,0.71755,-69.09999999999971,-1.0,-1.0,-1.0,1.0,0.0,-1.0,0.0,0.0,0.0,0.0,0.0,0.0,0.0,0.0,0.0,0.0,0.0,0.0,0.0,0.0,0.0,0.0,0.0,0.0,0.0,0.0,0.0,0.0,0.0,0.0,0.0,0.0,0.0,0.0,0.0,0.0,0.0,0.0,0.0,0.0,0.0,0.0,0.0,1.0,0.0,1.0,0.0,0.0,0.0,0.0,0.10000000000000003,0.20000000000000007,0.0
1.0,0.0,0.0,0.0,0.0,0.0,0.0,0.0,0.0,0.0,0.0,0.0,0.0,0.0,0.0,0.0,1.0,0.0,0.0,0.0,-0.25881904510252157,0.9659258262890681,99.312,100.76,-1.4480000000000075,72.2531829756275,-0.01458031255034646,0.0,-1.0,-1.0,0,0.0,5.6855776199730474,0.4715032223565044,0.6244,0.3496,0.485127,0.00044052,0.96,0.00043331265473912006,1.3745,60.0,109.0,0.5504587155963303,1.0,5.0,1.37331,1.37688,2.0,1.375475,-9.749999999999481,0.0,0.0,0.0,0.0,0.0,0.0,1.37331,11.900000000000244,1.367065,74.3500000000008,1.375795,-12.950000000000461,0.0,0.0,0.0,0.0,0.0,0.0,1.3753000000000002,-8.00000000000134,1.3697,48.00000000000138,1.0,1.0,1.0,-1.0,0.0,0.0,0.0,0.0,0.0,0.0,0.0,0.0,0.0,0.0,0.0,0.0,0.0,0.0,0.0,0.0,0.0,0.0,0.0,0.0,0.0,0.0,0.0,0.0,0.0,0.0,0.0,0.0,0.0,0.0,0.0,0.0,0.0,0.0,0.0,0.0,0.0,0.0,0.0,0.0,1.0,0.0,0.0,1.0,0.0,0.0,0.10000000000000003,0.20000000000000007,1.0
1.0,0.0,0.0,0.0,0.0,0.0,0.0,0.0,0.0,0.0,0.0,0.0,0.0,0.0,0.0,0.0,1.0,0.0,0.0,0.0,-0.25881904510252157,0.9659258262890681,99.312,100.76,-1.4480000000000075,125.87869953735978,-0.01458031255034646,0.0,-1.0,-1.0,0,0.0,45.80422841060306,0.41007912761159987,0.3908,0.1146,0.600918,0.00079796,1.36,0.0007131760199608715,0.78895,72.0,109.0,0.6605504587155964,1.0,6.0,0.78719,0.79247,2.0,0.7871900000000001,17.599999999999838,0.0,0.0,0.0,0.0,0.0,0.0,0.785695,32.55000000000008,0.784295,46.55000000000076,0.78886,0.900000000000345,0.0,0.0,0.0,0.0,0.0,0.0,0.7871900000000001,17.599999999999838,0.78337,55.800000000000296,1.0,1.0,-1.0,1.0,0.0,1.0,0.0,0.0,0.0,0.0,0.0,0.0,0.0,0.0,0.0,0.0,0.0,0.0,0.0,0.0,0.0,0.0,0.0,0.0,1.0,0.0,0.0,0.0,0.0,0.0,0.0,0.0,0.0,0.0,0.0,0.0,0.0,0.0,0.0,0.0,0.0,0.0,0.0,1.0,0.0,0.0,0.0,1.0,0.0,0.0,0.10000000000000003,0.20000000000000007,0.0
1.0,0.0,0.0,0.0,0.0,0.0,0.0,0.0,0.0,0.0,0.0,0.0,0.0,0.0,0.0,0.0,0.0,1.0,0.0,0.0,-0.25881904510252157,0.9659258262890681,99.119,100.76,-1.6410000000000053,85.25925543627855,-0.016555857101060396,1.0,-1.0,1.0,0,0.0,5.441506552626263,0.5991299563408294,0.5936,0.3242,0.481466,0.00062963,0.95,0.0006215466179796004,1.16256,48.0,109.0,0.44036697247706424,-1.0,4.0,1.16413,1.15941,2.0,1.161375,11.849999999999916,0.0,0.0,0.0,0.0,0.0,0.0,1.164135,-15.74999999999882,1.1715849999999999,-90.24999999999838,1.161375,11.849999999999916,0.0,0.0,0.0,0.0,0.0,0.0,1.161375,11.849999999999916,1.16852,-59.59999999999965,0.0,-1.0,-1.0,-1.0,0.0,0.0,0.0,0.0,0.0,0.0,0.0,0.0,0.0,0.0,0.0,0.0,0.0,0.0,0.0,0.0,0.0,0.0,0.0,0.0,1.0,0.0,0.0,0.0,0.0,1.18268,1.1449799999999999,0.0,0.0,0.0,0.0,0.0,0.0,0.0,0.0,0.0,0.0,0.0,0.0,0.0,0.0,1.0,0.0,0.0,0.0,0.0,0.10000000000000003,0.20000000000000007,1.0
1.0,0.0,0.0,0.0,0.0,0.0,0.0,0.0,0.0,0.0,0.0,0.0,0.0,0.0,0.0,0.0,0.0,1.0,0.0,0.0,-0.25881904510252157,0.9659258262890681,99.119,100.76,-1.6410000000000053,73.77835009341482,-0.016555857101060396,0.0,-1.0,-1.0,0,0.0,15.047608938400527,0.6693738182430228,0.6148,0.381,0.747876,0.00081352,2.39,0.0007593399755840253,1.34347,60.0,109.0,0.5504587155963303,1.0,5.0,1.3418,1.34681,2.0,1.3417999999999999,16.700000000000603,0.0,0.0,0.0,0.0,0.0,0.0,1.34074,27.29999999999899,1.347995,-45.25000000000112,1.342305,11.649999999998606,0.0,0.0,0.0,0.0,0.0,0.0,1.3417999999999999,16.700000000000603,1.34775,-42.800000000000615,1.0,1.0,-1.0,-1.0,0.0,1.0,0.0,0.0,0.0,0.0,0.0,0.0,0.0,0.0,0.0,0.0,0.0,0.0,0.0,0.0,0.0,0.0,0.0,0.0,2.0,0.0,0.0,0.0,0.0,0.0,0.0,0.0,0.0,0.0,0.0,0.0,0.0,0.0,0.0,0.0,0.0,0.0,0.0,0.0,0.0,0.0,0.0,0.0,0.0,0.0,0.10000000000000003,0.20000000000000007,0.0
1.0,1.0,0.0,0.0,0.0,0.0,0.0,0.0,0.0,0.0,0.0,0.0,0.0,0.0,0.0,0.0,0.0,1.0,0.0,0.0,-0.25881904510252157,0.9659258262890681,99.119,100.76,-1.6410000000000053,0.6237587001120158,-0.016555857101060396,1.0,-1.0,-1.0,0,0.0,8.544374953403938,0.3807022351076937,0.5196,0.4804,0.455,0.00054582,0.88,0.0005443480721637749,158.906,48.0,109.0,0.44036697247706424,1.0,4.0,158.877,158.964,2.0,158.877,2.899999999999636,0.0,0.0,0.0,0.0,0.0,0.0,158.277,62.90000000000191,157.87650000000002,102.94999999999845,158.877,2.899999999999636,0.0,0.0,0.0,0.0,0.0,0.0,158.9185,-1.2499999999988631,157.8395,106.65000000000191,0.0,1.0,-1.0,1.0,0.0,0.0,0.0,0.0,0.0,0.0,0.0,0.0,0.0,0.0,0.0,0.0,0.0,0.0,0.0,0.0,0.0,0.0,0.0,0.0,0.0,0.0,0.0,0.0,0.0,159.896,0.0,0.0,0.0,0.0,0.0,0.0,0.0,0.0,0.0,0.0,0.0,0.0,0.0,0.0,1.0,0.0,0.0,1.0,0.0,0.0,0.10000000000000003,0.20000000000000007,0.0
1.0,0.0,0.0,0.0,0.0,0.0,0.0,0.0,0.0,0.0,0.0,0.0,0.0,0.0,0.0,0.0,0.0,1.0,0.0,0.0,-0.25881904510252157,0.9659258262890681,99.119,100.76,-1.6410000000000053,138.56595649499525,-0.016555857101060396,0.0,-1.0,-0.0,0,0.0,24.78434188629545,0.741878817899208,0.0,0.0,0.455,0.00120586,0.88,0.0012024379062670247,0.71532,0.0,109.0,0.0,0.0,0.0,0.0,0.0,0.0,0.71305,22.699999999999942,0.0,0.0,0.0,0.0,0.0,0.0,0.715775,-4.550000000000942,0.7178450000000001,-25.250000000001105,0.71446,8.599999999999719,0.0,0.0,0.0,0.0,0.0,0.0,0.712685,26.34999999999943,0.71755,-22.30000000000065,1.0,-1.0,-1.0,1.0,0.0,1.0,0.0,0.0,0.0,0.0,0.0,0.0,0.0,0.0,0.0,0.0,0.0,0.0,0.0,0.0,0.0,0.0,0.0,0.0,1.0,0.0,0.0,0.0,0.0,0.0,0.0,0.0,0.0,0.0,0.0,0.0,0.0,0.0,0.0,0.0,0.0,0.0,0.0,1.0,0.0,0.0,0.0,0.0,0.0,0.0,0.0,0.0,-1.0
1.0,0.0,0.0,0.0,0.0,0.0,0.0,0.0,0.0,0.0,0.0,0.0,0.0,0.0,0.0,0.0,0.0,1.0,0.0,0.0,-0.25881904510252157,0.9659258262890681,99.119,100.76,-1.6410000000000053,72.12378755575607,-0.016555857101060396,0.0,-1.0,-0.0,0,0.0,29.860692173294602,0.5000746186185677,0.0,0.0,0.719428,0.00052162,2.1,0.00042626616529020753,1.37429,0.0,109.0,0.0,0.0,0.0,0.0,0.0,0.0,1.37547,-11.799999999999589,0.0,0.0,0.0,0.0,0.0,0.0,1.374595,-3.049999999999997,1.36692,73.70000000000098,1.3753449999999998,-10.549999999998061,0.0,0.0,0.0,0.0,0.0,0.0,1.37547,-11.799999999999589,1.3710499999999999,32.40000000000131,-1.0,1.0,1.0,-1.0,0.0,-1.0,0.0,0.0,0.0,0.0,0.0,0.0,0.0,0.0,0.0,0.0,0.0,0.0,0.0,0.0,0.0,0.0,0.0,0.0,1.0,0.0,0.0,0.0,1.365,0.0,1.35765,0.0,0.0,0.0,0.0,0.0,0.0,0.0,0.0,0.0,0.0,0.0,0.0,1.0,1.0,0.0,0.0,1.0,0.0,0.0,0.0,0.0,-1.0
1.0,0.0,0.0,0.0,0.0,0.0,0.0,0.0,0.0,0.0,0.0,0.0,0.0,0.0,0.0,0.0,0.0,1.0,0.0,0.0,-0.25881904510252157,0.9659258262890681,99.119,100.76,-1.6410000000000053,125.91976218303776,-0.016555857101060396,0.0,-1.0,-0.0,0,0.0,3.1558045724904207,0.5657670937984893,0.0,0.0,0.455,0.00083499,0.88,0.0008320475967319508,0.78716,0.0,109.0,0.0,0.0,0.0,0.0,0.0,0.0,0.788205,-10.450000000000736,0.0,0.0,0.0,0.0,0.0,0.0,0.786225,9.350000000000191,0.784295,28.650000000000063,0.788195,-10.350000000000081,0.0,0.0,0.0,0.0,0.0,0.0,0.788205,-10.450000000000736,0.7833950000000001,37.649999999999075,-1.0,1.0,-1.0,1.0,0.0,-1.0,0.0,0.0,0.0,0.0,0.0,0.0,0.0,0.0,0.0,0.0,0.0,0.0,0.0,0.0,0.0,0.0,0.0,0.0,0.0,0.0,0.0,0.0,0.0,0.79247,0.76715,0.0,0.0,0.0,0.0,0.0,0.0,0.0,0.0,0.0,0.0,0.0,0.0,0.0,0.0,0.0,0.0,1.0,0.0,0.0,0.0,0.0,-1.0
1.0,0.0,0.0,0.0,0.0,0.0,0.0,0.0,0.0,0.0,0.0,0.0,0.0,0.0,0.0,0.0,0.0,0.0,1.0,0.0,-0.25881904510252157,0.9659258262890681,99.199,100.76,-1.561000000000007,85.3868268833494,-0.015736045726267474,1.0,-1.0,1.0,0,0.0,5.436279167701714,0.5828377937025238,0.52,0.48,0.503478,0.0007178,1.01,0.0007313526954810826,1.16176,60.0,109.0,0.5504587155963303,-1.0,5.0,1.16192,1.16145,2.0,1.1605850000000002,11.74999999999704,0.0,0.0,0.0,0.0,0.0,0.0,1.161915,-1.5500000000012726,1.171265,-95.05000000000096,1.160315,14.449999999999186,0.0,0.0,0.0,0.0,0.0,0.0,1.1610550000000002,7.049999999997336,1.1682000000000001,-64.40000000000224,-1.0,-1.0,-1.0,-1.0,0.0,0.0,0.0,0.0,0.0,0.0,0.0,0.0,0.0,0.0,0.0,0.0,0.0,0.0,0.0,0.0,0.0,0.0,0.0,0.0,0.0,0.0,0.0,0.0,0.0,0.0,1.1449799999999999,0.0,0.0,0.0,0.0,0.0,0.0,0.0,0.0,0.0,0.0,0.0,0.0,0.0,0.0,1.0,0.0,0.0,0.0,0.0,0.10000000000000003,0.20000000000000007,0.0
1.0,0.0,0.0,0.0,0.0,0.0,0.0,0.0,0.0,0.0,0.0,0.0,0.0,0.0,0.0,0.0,0.0,0.0,1.0,0.0,-0.25881904510252157,0.9659258262890681,99.199,100.76,-1.561000000000007,73.84614239347289,-0.015736045726267474,0.0,-1.0,-0.0,0,0.0,31.356095427811475,0.5921115530543704,0.0,0.0,0.479332,0.00075007,0.94,0.0007534514448180188,1.34332,0.0,109.0,0.0,0.0,0.0,0.0,0.0,0.0,1.342325,9.950000000000792,0.0,0.0,0.0,0.0,0.0,0.0,1.33826,50.60000000000065,1.347995,-46.749999999999844,1.342055,12.650000000000716,0.0,0.0,0.0,0.0,0.0,0.0,1.3421599999999998,11.60000000000272,1.34775,-44.29999999999934,-1.0,1.0,-1.0,-1.0,0.0,1.0,0.0,0.0,0.0,0.0,0.0,0.0,0.0,0.0,0.0,0.0,0.0,0.0,0.0,0.0,0.0,0.0,0.0,0.0,1.0,0.0,0.0,1.35206,0.0,0.0,0.0,0.0,0.0,0.0,0.0,0.0,0.0,0.0,0.0,0.0,0.0,0.0,0.0,1.0,0.0,1.0,0.0,0.0,0.0,0.0,0.0,0.0,-1.0
1.0,1.0,0.0,0.0,0.0,0.0,0.0,0.0,0.0,0.0,0.0,0.0,0.0,0.0,0.0,0.0,0.0,0.0,1.0,0.0,-0.25881904510252157,0.9659258262890681,99.199,100.76,-1.561000000000007,0.6239676439322938,-0.015736045726267474,1.0,-1.0,-1.0,0,0.0,3.7118480197699597,0.3717808719812433,0.5214,0.4786,0.508846,0.00054087,1.03,0.0005728642625078043,158.981,72.0,109.0,0.6605504587155964,1.0,6.0,158.92,159.103,2.0,159.06,-7.900000000000773,0.0,0.0,0.0,0.0,0.0,0.0,158.92000000000002,6.099999999997863,157.87650000000002,110.44999999999732,159.0805,-9.950000000000614,0.0,0.0,0.0,0.0,0.0,0.0,158.9655,1.5500000000002956,157.921,106.00000000000023,1.0,1.0,1.0,1.0,0.0,1.0,0.0,0.0,0.0,0.0,0.0,0.0,0.0,0.0,0.0,0.0,0.0,0.0,0.0,0.0,0.0,0.0,0.0,0.0,0.0,0.0,0.0,0.0,0.0,159.896,0.0,0.0,0.0,0.0,0.0,0.0,0.0,0.0,0.0,0.0,0.0,0.0,0.0,0.0,0.0,1.0,0.0,1.0,0.0,0.0,0.10000000000000003,0.20000000000000007,0.0
1.0,0.0,0.0,0.0,0.0,0.0,0.0,0.0,0.0,0.0,0.0,0.0,0.0,0.0,0.0,0.0,0.0,0.0,1.0,0.0,-0.25881904510252157,0.9659258262890681,99.199,100.76,-1.561000000000007,138.72433853554847,-0.015736045726267474,0.0,-1.0,-1.0,0,0.0,37.849439617904885,0.7058651539385851,0.5248,0.2308,0.455,0.00131058,0.88,0.0013100018453355265,0.71508,60.0,109.0,0.5504587155963303,1.0,5.0,0.71341,0.71842,2.0,0.7134100000000001,16.69999999999949,0.0,0.0,0.0,0.0,0.0,0.0,0.7131799999999999,19.000000000001236,0.7178450000000001,-27.650000000000176,0.714225,8.550000000000502,0.0,0.0,0.0,0.0,0.0,0.0,0.713705,13.750000000000151,0.71755,-24.699999999999722,1.0,1.0,-1.0,1.0,0.0,1.0,0.0,0.0,0.0,0.0,0.0,0.0,0.0,0.0,0.0,0.0,0.0,0.0,0.0,0.0,0.0,0.0,0.0,0.0,0.0,0.0,0.0,0.0,0.0,0.0,0.0,0.0,0.0,0.0,0.0,0.0,0.0,0.0,0.0,0.0,0.0,0.0,0.0,1.0,0.0,0.0,0.0,1.0,0.0,0.0,0.10000000000000003,0.20000000000000007,0.0
1.0,0.0,0.0,0.0,0.0,0.0,0.0,0.0,0.0,0.0,0.0,0.0,0.0,0.0,0.0,0.0,0.0,0.0,1.0,0.0,-0.25881904510252157,0.9659258262890681,99.199,100.76,-1.561000000000007,71.99445520985289,-0.015736045726267474,0.0,-1.0,-1.0,0,0.0,43.96759221964308,0.5247360598473227,0.634,0.36,0.72515,0.00048856,2.16,0.000382967787611514,1.37787,84.0,109.0,0.7706422018348624,1.0,7.0,1.37679,1.38002,2.0,1.376795,10.749999999999371,0.0,0.0,0.0,0.0,0.0,0.0,1.3765399999999999,13.300000000000534,1.3675,103.6999999999999,1.378275,-4.049999999999887,0.0,0.0,0.0,0.0,0.0,0.0,1.376545,13.250000000000206,1.37241,54.60000000000021,1.0,1.0,1.0,-1.0,0.0,1.0,0.0,0.0,0.0,0.0,0.0,0.0,0.0,0.0,0.0,0.0,0.0,0.0,0.0,0.0,0.0,0.0,0.0,0.0,0.0,0.0,0.0,0.0,0.0,0.0,1.35765,0.0,0.0,0.0,0.0,0.0,0.0,0.0,0.0,0.0,0.0,0.0,0.0,0.0,0.0,0.0,0.0,1.0,0.0,0.0,0.10000000000000003,0.20000000000000007,1.0
1.0,0.0,0.0,0.0,0.0,0.0,0.0,0.0,0.0,0.0,0.0,0.0,0.0,0.0,0.0,0.0,0.0,0.0,1.0,0.0,-0.25881904510252157,0.9659258262890681,99.199,100.76,-1.561000000000007,126.112714374706,-0.015736045726267474,0.0,-1.0,-0.0,0,0.0,23.2434124880719,0.5932159278524451,0.0,0.0,0.455,0.00095968,0.88,0.0009622989821787707,0.78659,0.0,109.0,0.0,0.0,0.0,0.0,0.0,0.0,0.788075,-14.849999999999586,0.0,0.0,0.0,0.0,0.0,0.0,0.787215,-6.249999999999867,0.784295,22.950000000000472,0.788075,-14.849999999999586,0.0,0.0,0.0,0.0,0.0,0.0,0.788195,-16.049999999999677,0.7833950000000001,31.949999999999477,0.0,1.0,-1.0,1.0,0.0,-1.0,0.0,0.0,0.0,0.0,0.0,0.0,0.0,0.0,0.0,0.0,0.0,0.0,0.0,0.0,0.0,0.0,0.0,0.0,1.0,0.79061,0.0,0.0,0.0,0.79247,0.0,0.0,0.0,0.0,0.0,0.0,0.0,0.0,0.0,0.0,0.0,0.0,0.0,0.0,1.0,0.0,0.0,1.0,0.0,0.0,0.0,0.0,-1.0
1.0,0.0,0.0,0.0,0.0,0.0,0.0,0.0,0.0,0.0,0.0,0.0,0.0,0.0,0.0,0.0,0.0,0.0,0.0,1.0,-0.25881904510252157,0.9659258262890681,99.323,100.76,-1.4370000000000118,85.60556436599325,-0.014467948008014377,1.0,-1.0,1.0,0,0.0,18.873599283669996,0.45777446122303983,0.5722,0.4278,0.58498,0.00064837,1.29,0.0005904763124510475,1.16024,84.0,109.0,0.7706422018348624,-1.0,7.0,1.16063,1.15946,2.0,1.16063,-3.900000000001125,0.0,0.0,0.0,0.0,0.0,0.0,1.161915,-16.75000000000093,1.171265,-110.25000000000063,1.160365,-1.2500000000015277,0.0,0.0,0.0,0.0,0.0,0.0,1.160485,-2.4500000000005073,1.1682000000000001,-79.6000000000019,-1.0,-1.0,-1.0,-1.0,0.0,-1.0,0.0,0.0,0.0,0.0,0.0,0.0,0.0,0.0,0.0,0.0,0.0,0.0,0.0,0.0,0.0,0.0,0.0,0.0,0.0,0.0,0.0,0.0,0.0,0.0,1.1449799999999999,0.0,0.0,0.0,0.0,0.0,0.0,0.0,0.0,0.0,0.0,0.0,0.0,1.0,0.0,1.0,0.0,0.0,0.0,0.0,0.10000000000000003,0.20000000000000007,0.0
1.0,0.0,0.0,0.0,0.0,0.0,0.0,0.0,0.0,0.0,0.0,0.0,0.0,0.0,0.0,0.0,0.0,0.0,0.0,1.0,-0.25881904510252157,0.9659258262890681,99.323,100.76,-1.4370000000000118,73.9323969242908,-0.014467948008014377,0.0,-1.0,-0.0,0,0.0,20.326581910849466,0.4986121129115324,0.0,0.0,0.461111,0.00063569,0.9,0.0006328277733119136,1.3434300000000001,0.0,109.0,0.0,0.0,0.0,0.0,0.0,0.0,1.34379,-3.5999999999991594,0.0,0.0,0.0,0.0,0.0,0.0,1.3417999999999999,16.300000000002424,1.347995,-45.6499999999993,1.34397,-5.399999999999849,0.0,0.0,0.0,0.0,0.0,0.0,1.342735,6.950000000001122,1.345595,-21.649999999999725,1.0,1.0,-1.0,-1.0,0.0,1.0,0.0,0.0,0.0,0.0,0.0,0.0,0.0,0.0,0.0,0.0,0.0,0.0,0.0,0.0,0.0,0.0,0.0,0.0,0.0,0.0,0.0,1.35206,1.3302100000000001,0.0,0.0,0.0,0.0,0.0,0.0,0.0,0.0,0.0,0.0,0.0,0.0,0.0,0.0,0.0,0.0,0.0,0.0,1.0,0.0,0.0,0.0,0.0,-1.0
1.0,1.0,0.0,0.0,0.0,0.0,0.0,0.0,0.0,0.0,0.0,0.0,0.0,0.0,0.0,0.0,0.0,0.0,0.0,1.0,-0.25881904510252157,0.9659258262890681,99.323,100.76,-1.4370000000000118,0.6239469799290134,-0.014467948008014377,1.0,-1.0,-1.0,0,0.0,52.66718107003786,0.45322243137218626,0.5288,0.4712,0.53046,0.00048826,1.09,0.00045504944015224924,159.185,84.0,109.0,0.7706422018348624,1.0,7.0,159.0525,159.45,2.0,159.0525,13.249999999999318,0.0,0.0,0.0,0.0,0.0,0.0,158.9655,21.95000000000107,157.87650000000002,130.8499999999981,159.109,7.599999999999341,0.0,0.0,0.0,0.0,0.0,0.0,159.0805,10.45000000000016,158.0335,115.14999999999986,1.0,1.0,1.0,1.0,0.0,1.0,0.0,0.0,0.0,0.0,0.0,0.0,0.0,0.0,0.0,0.0,0.0,0.0,0.0,0.0,0.0,0.0,0.0,0.0,0.0,0.0,0.0,0.0,0.0,160.453,0.0,0.0,0.0,0.0,0.0,0.0,0.0,0.0,0.0,0.0,0.0,0.0,0.0,0.0,1.0,0.0,0.0,1.0,0.0,0.0,0.10000000000000003,0.20000000000000007,0.0
1.0,0.0,0.0,0.0,0.0,0.0,0.0,0.0,0.0,0.0,0.0,0.0,0.0,0.0,0.0,0.0,0.0,0.0,0.0,1.0,-0.25881904510252157,0.9659258262890681,99.323,100.76,-1.4370000000000118,139.32639434406912,-0.014467948008014377,1.0,-1.0,1.0,0,0.0,2.513545490230222,0.6402304106516762,0.5376,0.4624,0.477596,0.00119805,0.94,0.0011747768464441988,0.71288,60.0,109.0,0.5504587155963303,-1.0,5.0,0.71301,0.71261,2.0,0.7137100000000001,-8.300000000001084,0.0,0.0,0.0,0.0,0.0,0.0,0.713015,-1.3499999999999623,0.7178450000000001,-49.650000000001086,0.71295,-0.700000000000145,0.0,0.0,0.0,0.0,0.0,0.0,0.714225,-13.450000000000406,0.71755,-46.70000000000063,-1.0,1.0,-1.0,1.0,0.0,0.0,0.0,0.0,0.0,0.0,0.0,0.0,0.0,0.0,0.0,0.0,0.0,0.0,0.0,0.0,0.0,0.0,0.0,0.0,0.0,0.0,0.0,0.0,0.0,0.0,0.0,0.0,0.0,0.0,0.0,0.0,0.0,0.0,0.0,0.0,0.0,0.0,1.0,0.0,0.0,0.0,0.0,1.0,0.0,0.0,0.10000000000000003,0.20000000000000007,0.0
1.0,0.0,0.0,0.0,0.0,0.0,0.0,0.0,0.0,0.0,0.0,0.0,0.0,0.0,0.0,0.0,0.0,0.0,0.0,1.0,-0.25881904510252157,0.9659258262890681,99.323,100.76,-1.4370000000000118,71.86487034035656,-0.014467948008014377,0.0,-1.0,-1.0,0,0.0,13.827376590950996,0.4022709593994996,0.5344,0.2368,0.769595,0.00049743,2.65,0.00043859513400902324,1.38208,84.0,109.0,0.7706422018348624,1.0,7.0,1.37972,1.3868,2.0,1.3797199999999998,23.600000000001398,0.0,0.0,0.0,0.0,0.0,0.0,1.377735,43.45000000000043,1.36869,133.90000000000012,1.380735,13.449999999999296,0.0,0.0,0.0,0.0,0.0,0.0,1.3792149999999999,28.650000000001175,1.3747,73.79999999999941,1.0,1.0,1.0,-1.0,0.0,1.0,0.0,0.0,0.0,0.0,0.0,0.0,0.0,0.0,0.0,0.0,0.0,0.0,0.0,0.0,0.0,0.0,0.0,0.0,0.0,0.0,0.0,0.0,0.0,0.0,1.35765,0.0,0.0,0.0,0.0,0.0,0.0,0.0,0.0,0.0,0.0,0.0,1.0,0.0,0.0,0.0,0.0,0.0,0.0,0.0,0.10000000000000003,0.20000000000000007,0.0
1.0,0.0,0.0,0.0,0.0,0.0,0.0,0.0,0.0,0.0,0.0,0.0,0.0,0.0,0.0,0.0,0.0,0.0,0.0,1.0,-0.25881904510252157,0.9659258262890681,99.323,100.76,-1.4370000000000118,126.542234679577,-0.014467948008014377,1.0,-1.0,1.0,0,0.0,40.269990953808275,0.42539827735920743,0.6116,0.369,0.455,0.00088669,0.88,0.0008835902409499428,0.7849,72.0,109.0,0.6605504587155964,-1.0,6.0,0.78569,0.78332,2.0,0.78569,-7.899999999999574,0.0,0.0,0.0,0.0,0.0,0.0,0.787215,-23.149999999999558,0.784295,6.050000000000777,0.78544,-5.399999999999849,0.0,0.0,0.0,0.0,0.0,0.0,0.7871,-21.999999999999797,0.7834099999999999,14.900000000001024,-1.0,-1.0,-1.0,1.0,0.0,-1.0,0.0,0.0,0.0,0.0,0.0,0.0,0.0,0.0,0.0,0.0,0.0,0.0,0.0,0.0,0.0,0.0,0.0,0.0,1.0,0.78948,0.0,0.0,0.0,0.79247,0.0,0.0,0.0,0.0,0.0,0.0,0.0,0.0,0.0,0.0,0.0,0.0,1.0,0.0,0.0,0.0,0.0,0.0,0.0,0.0,0.10000000000000003,0.20000000000000007,1.0
1.0,0.0,0.0,0.0,0.0,0.0,0.0,0.0,0.0,0.0,0.0,0.0,0.0,0.0,0.0,1.0,0.0,0.0,0.0,0.0,-0.25881904510252157,0.9659258262890681,98.976,100.76,-1.784000000000006,85.00901829425406,-0.018024571613320464,0.0,-1.0,-1.0,0,0.0,38.721412052585165,0.627355950151591,0.5832,0.31,0.645263,0.00067198,1.58,0.0005429211455377231,1.1643,60.0,109.0,0.5504587155963303,1.0,5.0,1.16253,1.16784,2.0,1.16253,17.699999999998273,0.0,0.0,0.0,0.0,0.0,0.0,1.16145,28.49999999999797,1.1686450000000002,-43.45000000000265,1.164475,-1.7500000000003624,0.0,0.0,0.0,0.0,0.0,0.0,1.162055,22.449999999998305,1.1659000000000002,-16.00000000000268,1.0,1.0,-1.0,-1.0,0.0,1.0,0.0,0.0,0.0,0.0,0.0,0.0,0.0,0.0,0.0,0.0,0.0,0.0,0.0,0.0,0.0,0.0,0.0,0.0,0.0,0.0,1.15845,0.0,0.0,0.0,1.1449799999999999,0.0,0.0,0.0,0.0,0.0,0.0,0.0,0.0,0.0,0.0,0.0,1.0,0.0,1.0,0.0,0.0,1.0,0.0,0.0,0.10000000000000003,0.20000000000000007,0.0
1.0,0.0,0.0,0.0,0.0,0.0,0.0,0.0,0.0,0.0,0.0,0.0,0.0,0.0,0.0,1.0,0.0,0.0,0.0,0.0,-0.25881904510252157,0.9659258262890681,98.976,100.76,-1.784000000000006,73.28027246140748,-0.018024571613320464,0.0,-1.0,-1.0,0,0.0,30.029281780402105,0.5559671545834837,0.5768,0.2786,0.697206,0.00067928,1.92,0.0005148940067981265,1.35065,72.0,109.0,0.6605504587155964,1.0,6.0,1.348,1.35596,2.0,1.3470300000000002,36.199999999997345,0.0,0.0,0.0,0.0,0.0,0.0,1.3440949999999998,65.55000000000089,1.347995,26.54999999999852,1.35007,5.799999999998029,0.0,0.0,0.0,0.0,0.0,0.0,1.3462649999999998,43.85000000000083,1.3426550000000002,79.94999999999752,1.0,1.0,-1.0,-1.0,0.0,1.0,0.0,0.0,0.0,0.0,0.0,0.0,0.0,0.0,0.0,0.0,0.0,0.0,0.0,0.0,0.0,0.0,0.0,0.0,0.0,0.0,1.34387,1.35955,1.3302100000000001,0.0,0.0,0.0,0.0,0.0,0.0,0.0,0.0,0.0,0.0,0.0,0.0,0.0,0.0,0.0,0.0,0.0,0.0,1.0,0.0,0.0,0.10000000000000003,0.20000000000000007,0.0
1.0,1.0,0.0,0.0,0.0,0.0,0.0,0.0,0.0,0.0,0.0,0.0,0.0,0.0,0.0,1.0,0.0,0.0,0.0,0.0,-0.25881904510252157,0.9659258262890681,98.976,100.76,-1.784000000000006,0.6228352799033428,-0.018024571613320464,0.0,-1.0,-0.0,0,0.0,22.188904245918497,0.5196874116166799,0.0,0.0,0.493783,0.00047743,0.98,0.00045821914308332345,158.912,0.0,109.0,0.0,0.0,0.0,0.0,0.0,0.0,158.95850000000002,-4.650000000000887,0.0,0.0,0.0,0.0,0.0,0.0,158.9655,-5.349999999998545,157.87650000000002,103.54999999999848,158.911,0.10000000000047748,0.0,0.0,0.0,0.0,0.0,0.0,158.9785,-6.649999999999068,158.324,58.799999999999386,-1.0,1.0,1.0,1.0,0.0,-1.0,0.0,0.0,0.0,0.0,0.0,0.0,0.0,0.0,0.0,0.0,0.0,0.0,0.0,0.0,0.0,0.0,0.0,0.0,1.0,0.0,0.0,0.0,0.0,159.896,0.0,0.0,0.0,0.0,0.0,0.0,0.0,0.0,0.0,0.0,0.0,0.0,0.0,1.0,0.0,1.0,0.0,0.0,0.0,0.0,0.0,0.0,-1.0
1.0,0.0,0.0,0.0,0.0,0.0,0.0,0.0,0.0,0.0,0.0,0.0,0.0,0.0,0.0,1.0,0.0,0.0,0.0,0.0,-0.25881904510252157,0.9659258262890681,98.976,100.76,-1.784000000000006,137.95141260261752,-0.018024571613320464,0.0,-1.0,-1.0,0,0.0,42.15294158850782,0.6380191313197107,0.3834,0.1036,0.954151,0.0011279,14.77,0.001022245830937788,0.71747,60.0,109.0,0.5504587155963303,1.0,5.0,0.71536,0.72169,2.0,0.71536,21.100000000000563,0.0,0.0,0.0,0.0,0.0,0.0,0.71306,44.10000000000025,0.7178450000000001,-3.750000000000142,0.717435,0.3500000000000725,0.0,0.0,0.0,0.0,0.0,0.0,0.714905,25.650000000000396,0.71755,-0.7999999999996898,1.0,1.0,-1.0,1.0,0.0,1.0,0.0,0.0,0.0,0.0,0.0,0.0,0.0,0.0,0.0,0.0,0.0,0.0,0.0,0.0,0.0,0.0,0.0,0.0,0.0,0.0,0.71324,0.0,0.0,0.0,0.0,0.0,0.0,0.0,0.0,0.0,0.0,0.0,0.0,0.0,0.0,0.0,0.0,0.0,0.0,0.0,0.0,1.0,0.0,0.0,0.10000000000000003,0.20000000000000007,0.0
1.0,0.0,0.0,0.0,0.0,0.0,0.0,0.0,0.0,0.0,0.0,0.0,0.0,0.0,0.0,1.0,0.0,0.0,0.0,0.0,-0.25881904510252157,0.9659258262890681,98.976,100.76,-1.784000000000006,71.7139441365069,-0.018024571613320464,0.0,-1.0,-1.0,0,0.0,9.185523947340723,0.5239735008344573,0.494,0.2164,0.455,0.00046438,0.88,0.00046264072202620873,1.38015,60.0,109.0,0.5504587155963303,1.0,5.0,1.37773,1.38498,2.0,1.38093,-7.800000000000029,0.0,0.0,0.0,0.0,0.0,0.0,1.377735,24.15000000000056,1.36869,114.60000000000025,1.380435,-2.8500000000009074,0.0,0.0,0.0,0.0,0.0,0.0,1.380385,-2.349999999999852,1.37539,47.600000000000975,-1.0,1.0,1.0,1.0,0.0,1.0,0.0,0.0,0.0,0.0,0.0,0.0,0.0,0.0,0.0,0.0,0.0,0.0,0.0,0.0,0.0,0.0,0.0,0.0,1.0,0.0,0.0,0.0,0.0,0.0,1.35765,0.0,0.0,0.0,0.0,0.0,0.0,0.0,0.0,0.0,0.0,0.0,1.0,0.0,0.0,0.0,0.0,0.0,0.0,1.0,0.10000000000000003,0.20000000000000007,1.0
1.0,0.0,0.0,0.0,0.0,0.0,0.0,0.0,0.0,0.0,0.0,0.0,0.0,0.0,0.0,1.0,0.0,0.0,0.0,0.0,-0.25881904510252157,0.9659258262890681,98.976,100.76,-1.784000000000006,126.47558684846084,-0.018024571613320464,1.0,-1.0,1.0,0,0.0,24.752900205386595,0.5691026595289066,0.6022,0.3978,0.455,0.00091862,0.88,0.00091465087506625,0.78257,72.0,109.0,0.6605504587155964,-1.0,6.0,0.78297,0.78177,2.0,0.7829699999999999,-3.9999999999995595,0.0,0.0,0.0,0.0,0.0,0.0,0.785725,-31.55000000000019,0.784295,-17.249999999999766,0.782135,4.349999999999632,0.0,0.0,0.0,0.0,0.0,0.0,0.78393,-13.600000000000279,0.785315,-27.449999999999974,-1.0,-1.0,1.0,1.0,0.0,-1.0,0.0,0.0,0.0,0.0,0.0,0.0,0.0,0.0,0.0,0.0,0.0,0.0,0.0,0.0,0.0,0.0,0.0,0.0,1.0,0.78948,0.0,0.0,0.0,0.79247,0.0,0.0,0.0,0.0,0.0,0.0,0.0,0.0,0.0,0.0,0.0,0.0,0.0,1.0,0.0,1.0,0.0,0.0,0.0,0.0,0.10000000000000003,0.20000000000000007,0.0
1.0,0.0,0.0,0.0,0.0,0.0,0.0,0.0,0.0,0.0,0.0,0.0,0.0,0.0,0.0,0.0,1.0,0.0,0.0,0.0,-0.25881904510252157,0.9659258262890681,99.141,100.76,-1.6189999999999998,85.237853685378,-0.01633027708011821,0.0,-1.0,-0.0,0,0.0,3.4210570247220478,0.5740886226317284,0.0,0.0,0.596091,0.00054811,1.34,0.00048185568114014776,1.16311,0.0,109.0,0.0,0.0,0.0,0.0,0.0,0.0,1.16306,0.5000000000010552,0.0,0.0,0.0,0.0,0.0,0.0,1.16145,16.599999999999948,1.1686450000000002,-55.350000000000676,1.16265,4.60000000000127,0.0,0.0,0.0,0.0,0.0,0.0,1.163455,-3.4499999999981767,1.164885,-17.7499999999986,-1.0,1.0,-1.0,-1.0,0.0,0.0,0.0,0.0,0.0,0.0,0.0,0.0,0.0,0.0,0.0,0.0,0.0,0.0,0.0,0.0,0.0,0.0,0.0,0.0,1.0,0.0,0.0,1.17418,0.0,0.0,1.1449799999999999,0.0,0.0,0.0,0.0,0.0,0.0,0.0,0.0,0.0,0.0,0.0,0.0,0.0,0.0,0.0,0.0,1.0,0.0,0.0,0.0,0.0,-1.0
1.0,0.0,0.0,0.0,0.0,0.0,0.0,0.0,0.0,0.0,0.0,0.0,0.0,0.0,0.0,0.0,1.0,0.0,0.0,0.0,-0.25881904510252157,0.9659258262890681,99.141,100.76,-1.6189999999999998,73.72448410485221,-0.01633027708011821,1.0,-1.0,1.0,0,0.0,29.978468089492928,0.7242644916121382,0.5538,0.2854,0.600918,0.00061154,1.36,0.0005327284212133191,1.34475,60.0,109.0,0.5504587155963303,-1.0,5.0,1.34717,1.33991,2.0,1.34717,-24.200000000000887,0.0,0.0,0.0,0.0,0.0,0.0,1.3446,1.4999999999987246,1.347995,-32.450000000001644,1.345465,-7.150000000000212,0.0,0.0,0.0,0.0,0.0,0.0,1.34717,-24.200000000000887,1.341725,30.249999999998334,-1.0,1.0,-1.0,-1.0,0.0,-1.0,0.0,0.0,0.0,0.0,0.0,0.0,0.0,0.0,0.0,0.0,0.0,0.0,0.0,0.0,0.0,0.0,0.0,0.0,1.0,0.0,0.0,1.35206,1.3302100000000001,0.0,1.3252,0.0,0.0,0.0,0.0,0.0,0.0,0.0,0.0,0.0,0.0,0.0,1.0,0.0,1.0,0.0,0.0,1.0,0.0,0.0,0.10000000000000003,0.20000000000000007,1.0
1.0,1.0,0.0,0.0,0.0,0.0,0.0,0.0,0.0,0.0,0.0,0.0,0.0,0.0,0.0,0.0,1.0,0.0,0.0,0.0,-0.25881904510252157,0.9659258262890681,99.141,100.76,-1.6189999999999998,0.6223227960931027,-0.01633027708011821,1.0,-1.0,-1.0,0,0.0,56.64316822503385,0.6650573606883602,0.5234,0.4766,0.508846,0.00043783,1.03,0.00041601520586573927,159.308,84.0,109.0,0.7706422018348624,1.0,7.0,159.0895,159.745,2.0,159.0895,21.85000000000059,0.0,0.0,0.0,0.0,0.0,0.0,158.98250000000002,32.54999999999768,157.87650000000002,143.14999999999714,159.27949999999998,2.8500000000008185,0.0,0.0,0.0,0.0,0.0,0.0,159.0895,21.85000000000059,158.341,96.69999999999845,1.0,1.0,1.0,1.0,0.0,1.0,0.0,0.0,0.0,0.0,0.0,0.0,0.0,0.0,0.0,0.0,0.0,0.0,0.0,0.0,0.0,0.0,0.0,0.0,1.0,0.0,0.0,0.0,0.0,160.453,157.505,0.0,0.0,0.0,0.0,0.0,0.0,0.0,0.0,0.0,0.0,0.0,0.0,1.0,0.0,0.0,0.0,0.0,0.0,0.0,0.10000000000000003,0.20000000000000007,-1.0
1.0,0.0,0.0,0.0,0.0,0.0,0.0,0.0,0.0,0.0,0.0,0.0,0.0,0.0,0.0,0.0,1.0,0.0,0.0,0.0,-0.25881904510252157,0.9659258262890681,99.141,100.76,-1.6189999999999998,138.3414266577361,-0.01633027708011821,0.0,-1.0,-1.0,0,0.0,13.83909283426911,0.7133429461031442,0.5358,0.4642,0.508846,0.00082336,1.03,0.0007880309500700521,0.71664,60.0,109.0,0.5504587155963303,1.0,5.0,0.71657,0.71677,2.0,0.716575,0.6500000000009276,0.0,0.0,0.0,0.0,0.0,0.0,0.71408,25.600000000000065,0.7178450000000001,-12.050000000000116,0.716715,-0.7499999999993623,0.0,0.0,0.0,0.0,0.0,0.0,0.716845,-2.049999999998997,0.7171799999999999,-5.399999999998739,1.0,1.0,-1.0,1.0,0.0,1.0,0.0,0.0,0.0,0.0,0.0,0.0,0.0,0.0,0.0,0.0,0.0,0.0,0.0,0.0,0.0,0.0,0.0,0.0,0.0,0.0,0.71254,0.0,0.71254,0.0,0.0,0.0,0.0,0.0,0.0,0.0,0.0,0.0,0.0,0.0,0.0,0.0,0.0,0.0,1.0,0.0,0.0,1.0,0.0,0.0,0.10000000000000003,0.20000000000000007,1.0
1.0,0.0,0.0,0.0,0.0,0.0,0.0,0.0,0.0,0.0,0.0,0.0,0.0,0.0,0.0,0.0,1.0,0.0,0.0,0.0,-0.25881904510252157,0.9659258262890681,99.141,100.76,-1.6189999999999998,71.7716130713655,-0.01633027708011821,0.0,-1.0,-1.0,0,0.0,26.6834197340172,0.47007061402005523,0.5954,0.4046,0.787363,0.00038537,2.9,0.00038096228426612815,1.38134,84.0,109.0,0.7706422018348624,1.0,7.0,1.38087,1.38229,2.0,1.380865,4.750000000000032,0.0,0.0,0.0,0.0,0.0,0.0,1.377735,36.05000000000081,1.36869,126.5000000000005,1.38104,2.9999999999996696,0.0,0.0,0.0,0.0,0.0,0.0,1.380795,5.450000000000177,1.376255,50.850000000000065,1.0,1.0,1.0,1.0,0.0,1.0,0.0,0.0,0.0,0.0,0.0,0.0,0.0,0.0,0.0,0.0,0.0,0.0,0.0,0.0,0.0,0.0,0.0,0.0,1.0,0.0,0.0,0.0,0.0,0.0,1.35765,0.0,0.0,0.0,0.0,0.0,0.0,0.0,0.0,0.0,0.0,0.0,0.0,0.0,0.0,0.0,1.0,0.0,0.0,0.0,0.10000000000000003,0.20000000000000007,0.0
1.0,0.0,0.0,0.0,0.0,0.0,0.0,0.0,0.0,0.0,0.0,0.0,0.0,0.0,0.0,0.0,1.0,0.0,0.0,0.0,-0.25881904510252157,0.9659258262890681,99.141,100.76,-1.6189999999999998,126.19781059063138,-0.01633027708011821,0.0,-1.0,-1.0,0,0.0,34.94546756662722,0.5165456015554388,0.5064,0.205,0.490287,0.0007763,0.97,0.0007496568830872417,0.7856,60.0,109.0,0.5504587155963303,1.0,5.0,0.78432,0.78816,2.0,0.78432,12.799999999999478,0.0,0.0,0.0,0.0,0.0,0.0,0.7857149999999999,-1.1499999999997623,0.784295,13.050000000000006,0.78549,1.0999999999994348,0.0,0.0,0.0,0.0,0.0,0.0,0.78361,19.899999999999363,0.78572,-1.2000000000000899,1.0,-1.0,1.0,1.0,0.0,1.0,0.0,0.0,0.0,0.0,0.0,0.0,0.0,0.0,0.0,0.0,0.0,0.0,0.0,0.0,0.0,0.0,0.0,0.0,0.0,0.0,0.78078,0.7906,0.0,0.79247,0.0,0.0,0.0,0.0,0.0,0.0,0.0,0.0,0.0,0.0,0.0,0.0,1.0,0.0,0.0,1.0,0.0,0.0,0.0,0.0,0.10000000000000003,0.20000000000000007,0.0
1.0,0.0,0.0,0.0,0.0,0.0,0.0,0.0,0.0,0.0,0.0,0.0,0.0,0.0,0.0,0.0,0.0,1.0,0.0,0.0,-0.25881904510252157,0.9659258262890681,99.219,100.76,-1.541000000000011,85.34086803942819,-0.015531299448694415,0.0,-1.0,-0.0,0,0.0,33.717259884064006,0.6744584544186351,0.0,0.0,0.498077,0.00046588,0.99,0.00045072928304758724,1.16262,0.0,109.0,0.0,0.0,0.0,0.0,0.0,0.0,1.1641650000000001,-15.450000000001296,0.0,0.0,0.0,0.0,0.0,0.0,1.1618650000000001,7.549999999998391,1.1686450000000002,-60.25000000000169,1.1641650000000001,-15.450000000001296,0.0,0.0,0.0,0.0,0.0,0.0,1.16387,-12.499999999999734,1.16243,1.8999999999991246,0.0,1.0,-1.0,-1.0,0.0,0.0,0.0,0.0,0.0,0.0,0.0,0.0,0.0,0.0,0.0,0.0,0.0,0.0,0.0,0.0,0.0,0.0,0.0,0.0,0.0,0.0,0.0,0.0,0.0,0.0,1.1449799999999999,0.0,0.0,0.0,0.0,0.0,0.0,0.0,0.0,0.0,0.0,0.0,1.0,0.0,1.0,0.0,0.0,1.0,0.0,0.0,0.0,0.0,-1.0
1.0,0.0,0.0,0.0,0.0,0.0,0.0,0.0,0.0,0.0,0.0,0.0,0.0,0.0,0.0,0.0,0.0,1.0,0.0,0.0,-0.25881904510252157,0.9659258262890681,99.219,100.76,-1.541000000000011,73.88743260552262,-0.015531299448694415,1.0,-1.0,1.0,0,0.0,41.87434931658809,0.6782564669675997,0.6042,0.3952,0.747373,0.00055479,2.38,0.000410181465453074,1.34284,72.0,109.0,0.6605504587155964,-1.0,6.0,1.34376,1.34101,2.0,1.343755,-9.149999999999991,0.0,0.0,0.0,0.0,0.0,0.0,1.34505,-22.100000000000453,1.347995,-51.55000000000021,1.3436949999999999,-8.549999999998281,0.0,0.0,0.0,0.0,0.0,0.0,1.34528,-24.399999999999977,1.3405550000000002,22.849999999998705,-1.0,1.0,-1.0,-1.0,0.0,-1.0,0.0,0.0,0.0,0.0,0.0,0.0,0.0,0.0,0.0,0.0,0.0,0.0,0.0,0.0,0.0,0.0,0.0,0.0,0.0,0.0,0.0,1.35127,1.3302100000000001,0.0,1.3252,0.0,0.0,0.0,0.0,0.0,0.0,0.0,0.0,0.0,0.0,0.0,0.0,1.0,1.0,0.0,0.0,0.0,0.0,0.0,0.10000000000000003,0.20000000000000007,1.0
1.0,1.0,0.0,0.0,0.0,0.0,0.0,0.0,0.0,0.0,0.0,0.0,0.0,0.0,0.0,0.0,0.0,1.0,0.0,0.0,-0.25881904510252157,0.9659258262890681,99.219,100.76,-1.541000000000011,0.6219730070271998,-0.015531299448694415,1.0,-1.0,-1.0,0,0.0,9.617599306484987,0.641627154971583,0.5234,0.4766,0.455,0.00036931,0.88,0.0003679039325865571,159.523,84.0,109.0,0.7706422018348624,1.0,7.0,159.3765,159.816,2.0,159.37650000000002,14.649999999997476,0.0,0.0,0.0,0.0,0.0,0.0,159.151,37.19999999999857,157.87650000000002,164.64999999999748,159.4115,11.15000000000066,0.0,0.0,0.0,0.0,0.0,0.0,159.34199999999998,18.10000000000116,158.91250000000002,61.04999999999734,1.0,1.0,1.0,1.0,0.0,1.0,0.0,0.0,0.0,0.0,0.0,0.0,0.0,0.0,0.0,0.0,0.0,0.0,0.0,0.0,0.0,0.0,0.0,0.0,0.0,0.0,0.0,0.0,0.0,160.453,157.505,0.0,0.0,0.0,0.0,0.0,0.0,0.0,0.0,0.0,0.0,0.0,1.0,0.0,1.0,0.0,1.0,0.0,0.0,0.0,0.10000000000000003,0.20000000000000007,0.0
1.0,0.0,0.0,0.0,0.0,0.0,0.0,0.0,0.0,0.0,0.0,0.0,0.0,0.0,0.0,0.0,0.0,1.0,0.0,0.0,-0.25881904510252157,0.9659258262890681,99.219,100.76,-1.541000000000011,138.9388338094438,-0.015531299448694415,1.0,-1.0,1.0,0,0.0,46.02995076297494,0.64616506088683,0.5858,0.298,0.455,0.00076959,0.88,0.000766714292082873,0.71412,72.0,109.0,0.6605504587155964,-1.0,6.0,0.7149,0.71257,2.0,0.715165,-10.450000000000736,0.0,0.0,0.0,0.0,0.0,0.0,0.7148950000000001,-7.750000000000812,0.7178450000000001,-37.250000000000895,0.7136549999999999,4.650000000000487,0.0,0.0,0.0,0.0,0.0,0.0,0.715165,-10.450000000000736,0.715105,-9.850000000000136,-1.0,1.0,-1.0,1.0,0.0,-1.0,0.0,0.0,0.0,0.0,0.0,0.0,0.0,0.0,0.0,0.0,0.0,0.0,0.0,0.0,0.0,0.0,0.0,0.0,0.0,0.0,0.0,0.0,0.0,0.0,0.0,0.0,0.0,0.0,0.0,0.0,0.0,0.0,0.0,0.0,0.0,0.0,0.0,0.0,0.0,1.0,0.0,1.0,0.0,0.0,0.10000000000000003,0.20000000000000007,1.0
1.0,0.0,0.0,0.0,0.0,0.0,0.0,0.0,0.0,0.0,0.0,0.0,0.0,0.0,0.0,0.0,0.0,1.0,0.0,0.0,-0.25881904510252157,0.9659258262890681,99.219,100.76,-1.541000000000011,71.69469112875836,-0.015531299448694415,0.0,-1.0,-1.0,0,0.0,72.48361334860256,0.3586216369723672,0.6166,0.3724,0.872731,0.00045797,5.09,0.0005229430616381965,1.38391,84.0,109.0,0.7706422018348624,1.0,7.0,1.38278,1.38618,2.0,1.382775,11.349999999998861,0.0,0.0,0.0,0.0,0.0,0.0,1.380965,29.449999999999754,1.3700999999999999,138.100000000001,1.38361,2.9999999999996696,0.0,0.0,0.0,0.0,0.0,0.0,1.38256,13.499999999999623,1.37835,55.600000000000094,1.0,1.0,1.0,1.0,0.0,1.0,0.0,0.0,0.0,0.0,0.0,0.0,0.0,0.0,0.0,0.0,0.0,0.0,0.0,0.0,0.0,0.0,0.0,0.0,1.0,0.0,0.0,0.0,0.0,0.0,1.35765,0.0,0.0,0.0,0.0,0.0,0.0,0.0,0.0,0.0,0.0,0.0,0.0,0.0,0.0,0.0,1.0,0.0,0.0,0.0,0.10000000000000003,0.20000000000000007,1.0
1.0,0.0,0.0,0.0,0.0,0.0,0.0,0.0,0.0,0.0,0.0,0.0,0.0,0.0,0.0,0.0,0.0,1.0,0.0,0.0,-0.25881904510252157,0.9659258262890681,99.219,100.76,-1.541000000000011,126.06601951616182,-0.015531299448694415,0.0,-1.0,-1.0,0,0.0,38.23946213275018,0.6012458569592246,0.5182,0.2214,0.455,0.00067602,0.88,0.0006733603231161772,0.78704,72.0,109.0,0.6605504587155964,1.0,6.0,0.78593,0.78926,2.0,0.78593,11.099999999999444,0.0,0.0,0.0,0.0,0.0,0.0,0.78559,14.499999999999513,0.784295,27.449999999999974,0.78593,11.099999999999444,0.0,0.0,0.0,0.0,0.0,0.0,0.78576,12.799999999999478,0.785725,13.149999999999551,0.0,1.0,1.0,1.0,0.0,1.0,0.0,0.0,0.0,0.0,0.0,0.0,0.0,0.0,0.0,0.0,0.0,0.0,0.0,0.0,0.0,0.0,0.0,0.0,1.0,0.0,0.78078,0.0,0.0,0.79247,0.0,0.0,0.0,0.0,0.0,0.0,0.0,0.0,0.0,0.0,0.0,0.0,1.0,0.0,0.0,0.0,1.0,0.0,0.0,0.0,0.10000000000000003,0.20000000000000007,1.0
1.0,0.0,0.0,0.0,0.0,0.0,0.0,0.0,0.0,0.0,0.0,0.0,0.0,0.0,0.0,0.0,0.0,0.0,1.0,0.0,-0.25881904510252157,0.9659258262890681,99.003,100.76,-1.757000000000005,84.98914060555074,-0.01774693696150627,0.0,-1.0,-0.0,0,0.0,39.12981134980245,0.6882490967496827,0.0,0.0,0.820121,0.00054202,3.5,0.00041628929494664396,1.16489,0.0,109.0,0.0,0.0,0.0,0.0,0.0,0.0,1.162375,25.15000000000045,0.0,0.0,0.0,0.0,0.0,0.0,1.162375,25.15000000000045,1.1686450000000002,-37.550000000001745,1.163845,10.449999999999626,0.0,0.0,0.0,0.0,0.0,0.0,1.162375,25.15000000000045,1.161915,29.7499999999995,1.0,0.0,-1.0,-1.0,0.0,1.0,0.0,0.0,0.0,0.0,0.0,0.0,0.0,0.0,0.0,0.0,0.0,0.0,0.0,0.0,0.0,0.0,0.0,0.0,1.0,0.0,0.0,0.0,0.0,0.0,1.1449799999999999,0.0,0.0,0.0,0.0,0.0,0.0,0.0,0.0,0.0,0.0,0.0,0.0,0.0,0.0,0.0,0.0,1.0,0.0,0.0,0.0,0.0,-1.0
1.0,0.0,0.0,0.0,0.0,0.0,0.0,0.0,0.0,0.0,0.0,0.0,0.0,0.0,0.0,0.0,0.0,0.0,1.0,0.0,-0.25881904510252157,0.9659258262890681,99.003,100.76,-1.757000000000005,73.64650747600982,-0.01774693696150627,0.0,-1.0,-0.0,0,0.0,11.03097530361543,0.6481302955551513,0.0,0.0,0.747373,0.00062759,2.38,0.000488438250961292,1.3443,0.0,109.0,0.0,0.0,0.0,0.0,0.0,0.0,1.34091,33.90000000000004,0.0,0.0,0.0,0.0,0.0,0.0,1.34381,4.900000000001015,1.347995,-36.95000000000004,1.342655,16.450000000001186,0.0,0.0,0.0,0.0,0.0,0.0,1.341245,30.5500000000003,1.3405550000000002,37.44999999999887,1.0,-1.0,-1.0,-1.0,0.0,0.0,0.0,0.0,0.0,0.0,0.0,0.0,0.0,0.0,0.0,0.0,0.0,0.0,0.0,0.0,0.0,0.0,0.0,0.0,2.0,0.0,0.0,0.0,1.3302100000000001,0.0,1.3252,0.0,0.0,0.0,0.0,0.0,0.0,0.0,0.0,0.0,0.0,0.0,0.0,1.0,0.0,1.0,0.0,0.0,0.0,0.0,0.0,0.0,-1.0
1.0,1.0,0.0,0.0,0.0,0.0,0.0,0.0,0.0,0.0,0.0,0.0,0.0,0.0,0.0,0.0,0.0,0.0,1.0,0.0,-0.25881904510252157,0.9659258262890681,99.003,100.76,-1.757000000000005,0.6216946002122489,-0.01774693696150627,0.0,-1.0,-0.0,0,0.0,21.874668816601986,0.7176232412488903,0.0,0.0,0.674984,0.00033368,1.76,0.00028901992716664273,159.247,0.0,109.0,0.0,0.0,0.0,0.0,0.0,0.0,159.37900000000002,-13.2000000000005,0.0,0.0,0.0,0.0,0.0,0.0,159.1875,5.95000000000141,157.87650000000002,137.04999999999927,159.2975,-5.0499999999999545,0.0,0.0,0.0,0.0,0.0,0.0,159.37900000000002,-13.2000000000005,159.074,17.300000000000182,-1.0,1.0,1.0,1.0,0.0,0.0,0.0,0.0,0.0,0.0,0.0,0.0,0.0,0.0,0.0,0.0,0.0,0.0,0.0,0.0,0.0,0.0,0.0,0.0,1.0,0.0,0.0,0.0,0.0,160.453,157.505,0.0,0.0,0.0,0.0,0.0,0.0,0.0,0.0,0.0,0.0,0.0,1.0,0.0,1.0,0.0,1.0,0.0,0.0,0.0,0.0,0.0,-1.0
1.0,0.0,0.0,0.0,0.0,0.0,0.0,0.0,0.0,0.0,0.0,0.0,0.0,0.0,0.0,0.0,0.0,0.0,1.0,0.0,-0.25881904510252157,0.9659258262890681,99.003,100.76,-1.757000000000005,138.2356637205211,-0.01774693696150627,0.0,-1.0,-0.0,0,0.0,20.754931296567904,0.5432304178491291,0.0,0.0,0.736262,0.00093397,2.26,0.0006991541540066265,0.71619,0.0,109.0,0.0,0.0,0.0,0.0,0.0,0.0,0.71336,28.29999999999999,0.0,0.0,0.0,0.0,0.0,0.0,0.713975,22.14999999999967,0.7178450000000001,-16.55000000000073,0.714345,18.449999999999854,0.0,0.0,0.0,0.0,0.0,0.0,0.71336,28.29999999999999,0.7131799999999999,30.100000000000684,1.0,-1.0,-1.0,1.0,0.0,1.0,0.0,0.0,0.0,0.0,0.0,0.0,0.0,0.0,0.0,0.0,0.0,0.0,0.0,0.0,0.0,0.0,0.0,0.0,0.0,0.0,0.0,0.0,0.0,0.0,0.0,0.0,0.0,0.0,0.0,0.0,0.0,0.0,0.0,0.0,0.0,0.0,0.0,1.0,0.0,1.0,0.0,1.0,0.0,0.0,0.0,0.0,-1.0
1.0,0.0,0.0,0.0,0.0,0.0,0.0,0.0,0.0,0.0,0.0,0.0,0.0,0.0,0.0,0.0,0.0,0.0,1.0,0.0,-0.25881904510252157,0.9659258262890681,99.003,100.76,-1.757000000000005,71.83760838805645,-0.01774693696150627,0.0,-1.0,-0.0,0,0.0,39.52465152308306,0.39336647914651796,0.0,0.0,0.551853,0.00052899,1.17,0.0004887343267207982,1.37815,0.0,109.0,0.0,0.0,0.0,0.0,0.0,0.0,1.382185,-40.35000000000011,0.0,0.0,0.0,0.0,0.0,0.0,1.382185,-40.35000000000011,1.370995,71.55000000000022,1.3813900000000001,-32.40000000000131,0.0,0.0,0.0,0.0,0.0,0.0,1.382185,-40.35000000000011,1.38004,-18.899999999999473,-1.0,0.0,1.0,1.0,0.0,-1.0,0.0,0.0,0.0,0.0,0.0,0.0,0.0,0.0,0.0,0.0,0.0,0.0,0.0,0.0,0.0,0.0,0.0,0.0,2.0,1.38519,0.0,1.38699,0.0,0.0,1.35765,0.0,0.0,0.0,0.0,0.0,0.0,0.0,0.0,0.0,0.0,0.0,1.0,0.0,0.0,0.0,1.0,0.0,0.0,0.0,0.0,0.0,-1.0
1.0,0.0,0.0,0.0,0.0,0.0,0.0,0.0,0.0,0.0,0.0,0.0,0.0,0.0,0.0,0.0,0.0,0.0,1.0,0.0,-0.25881904510252157,0.9659258262890681,99.003,100.76,-1.757000000000005,126.2938347514383,-0.01774693696150627,1.0,-1.0,1.0,0,0.0,32.67786924920621,0.5953698552571535,0.6176,0.3822,0.906959,0.00076546,7.1,0.0005102809652096029,0.78391,60.0,109.0,0.5504587155963303,-1.0,5.0,0.78429,0.78314,2.0,0.78662,-27.099999999999902,0.0,0.0,0.0,0.0,0.0,0.0,0.78535,-14.399999999999968,0.784295,-3.849999999999687,0.786205,-22.950000000000472,0.0,0.0,0.0,0.0,0.0,0.0,0.78662,-27.099999999999902,0.785725,-18.150000000000112,-1.0,1.0,1.0,1.0,0.0,-1.0,0.0,0.0,0.0,0.0,0.0,0.0,0.0,0.0,0.0,0.0,0.0,0.0,0.0,0.0,0.0,0.0,0.0,0.0,1.0,0.0,0.0,0.0,0.0,0.79247,0.0,0.0,0.0,0.0,0.0,0.0,0.0,0.0,0.0,0.0,0.0,0.0,1.0,0.0,1.0,0.0,1.0,0.0,0.0,0.0,0.10000000000000003,0.20000000000000007,1.0
1.0,0.0,0.0,0.0,0.0,0.0,0.0,0.0,0.0,0.0,0.0,0.0,0.0,0.0,0.0,0.0,0.0,0.0,0.0,1.0,-0.25881904510252157,0.9659258262890681,98.919,100.76,-1.8410000000000082,84.84128549741409,-0.01861118693072118,0.0,-1.0,-1.0,0,0.0,34.26825274753675,0.7609442869074656,0.5722,0.4278,0.740234,0.00063088,2.3,0.0005788997657982898,1.16593,60.0,109.0,0.5504587155963303,1.0,5.0,1.16554,1.16671,2.0,1.16554,3.8999999999989043,0.0,0.0,0.0,0.0,0.0,0.0,1.16361,23.199999999998777,1.1686450000000002,-27.15000000000245,1.166315,-3.8500000000007972,0.0,0.0,0.0,0.0,0.0,0.0,1.1644700000000001,14.599999999997948,1.163105,28.249999999998554,1.0,1.0,-1.0,-1.0,0.0,1.0,0.0,0.0,0.0,0.0,0.0,0.0,0.0,0.0,0.0,0.0,0.0,0.0,0.0,0.0,0.0,0.0,0.0,0.0,0.0,0.0,0.0,0.0,0.0,0.0,1.1449799999999999,0.0,0.0,0.0,0.0,0.0,0.0,0.0,0.0,0.0,0.0,0.0,1.0,0.0,1.0,0.0,0.0,1.0,0.0,0.0,0.10000000000000003,0.20000000000000007,0.0
1.0,0.0,0.0,0.0,0.0,0.0,0.0,0.0,0.0,0.0,0.0,0.0,0.0,0.0,0.0,0.0,0.0,0.0,0.0,1.0,-0.25881904510252157,0.9659258262890681,98.919,100.76,-1.8410000000000082,73.51566274014343,-0.01861118693072118,0.0,-1.0,-0.0,0,0.0,37.03883767371188,0.6262043396595958,0.0,0.0,0.488333,0.00073378,0.97,0.0007342538690533832,1.34555,0.0,109.0,0.0,0.0,0.0,0.0,0.0,0.0,1.3446799999999999,8.700000000001484,0.0,0.0,0.0,0.0,0.0,0.0,1.34381,17.400000000000748,1.347995,-24.450000000000305,1.3452899999999999,2.60000000000149,0.0,0.0,0.0,0.0,0.0,0.0,1.34358,19.700000000000273,1.34381,17.400000000000748,1.0,-1.0,-1.0,-1.0,0.0,1.0,0.0,0.0,0.0,0.0,0.0,0.0,0.0,0.0,0.0,0.0,0.0,0.0,0.0,0.0,0.0,0.0,0.0,0.0,1.0,0.0,0.0,0.0,1.3302100000000001,0.0,1.3252,0.0,0.0,0.0,0.0,0.0,0.0,0.0,0.0,0.0,0.0,0.0,0.0,0.0,0.0,0.0,0.0,0.0,0.0,0.0,0.0,0.0,-1.0
1.0,1.0,0.0,0.0,0.0,0.0,0.0,0.0,0.0,0.0,0.0,0.0,0.0,0.0,0.0,0.0,0.0,0.0,0.0,1.0,-0.25881904510252157,0.9659258262890681,98.919,100.76,-1.8410000000000082,0.6211359141000282,-0.01861118693072118,1.0,-1.0,-1.0,0,0.0,27.587670543213765,0.6325231976018854,0.5228,0.4772,0.634152,0.00034051,1.52,0.00029058834890293225,159.255,60.0,109.0,0.5504587155963303,1.0,5.0,159.234,159.297,2.0,159.234,2.0999999999986585,0.0,0.0,0.0,0.0,0.0,0.0,159.2265,2.8500000000008185,157.87650000000002,137.8499999999974,159.2245,3.0499999999989313,0.0,0.0,0.0,0.0,0.0,0.0,159.292,-3.700000000000614,159.11950000000002,13.549999999997908,-1.0,1.0,1.0,1.0,0.0,-1.0,0.0,0.0,0.0,0.0,0.0,0.0,0.0,0.0,0.0,0.0,0.0,0.0,0.0,0.0,0.0,0.0,0.0,0.0,0.0,0.0,0.0,0.0,0.0,160.453,157.505,0.0,0.0,0.0,0.0,0.0,0.0,0.0,0.0,0.0,0.0,0.0,0.0,0.0,0.0,1.0,1.0,0.0,0.0,1.0,0.10000000000000003,0.20000000000000007,1.0
1.0,0.0,0.0,0.0,0.0,0.0,0.0,0.0,0.0,0.0,0.0,0.0,0.0,0.0,0.0,0.0,0.0,0.0,0.0,1.0,-0.25881904510252157,0.9659258262890681,98.919,100.76,-1.8410000000000082,137.69348552338528,-0.01861118693072118,0.0,-1.0,-1.0,0,0.0,39.61722585657216,0.6462044127802865,0.626,0.37,0.612029,0.0009614,1.41,0.0008517786320351724,0.7184,72.0,109.0,0.6605504587155964,1.0,6.0,0.71785,0.71951,2.0,0.717475,9.250000000000647,0.0,0.0,0.0,0.0,0.0,0.0,0.7149099999999999,34.90000000000104,0.7178450000000001,5.549999999999722,0.718395,0.05000000000032756,0.0,0.0,0.0,0.0,0.0,0.0,0.715435,29.649999999999956,0.7139949999999999,44.050000000001035,1.0,1.0,-1.0,1.0,0.0,1.0,0.0,0.0,0.0,0.0,0.0,0.0,0.0,0.0,0.0,0.0,0.0,0.0,0.0,0.0,0.0,0.0,0.0,0.0,1.0,0.0,0.71253,0.0,0.0,0.0,0.0,0.0,0.0,0.0,0.0,0.0,0.0,0.0,0.0,0.0,0.0,0.0,1.0,0.0,1.0,0.0,0.0,1.0,0.0,0.0,0.10000000000000003,0.20000000000000007,0.0
1.0,0.0,0.0,0.0,0.0,0.0,0.0,0.0,0.0,0.0,0.0,0.0,0.0,0.0,0.0,0.0,0.0,0.0,0.0,1.0,-0.25881904510252157,0.9659258262890681,98.919,100.76,-1.8410000000000082,71.7090144622857,-0.01861118693072118,0.0,-1.0,-0.0,0,0.0,25.690716787135454,0.6463407980587064,0.0,0.0,0.674984,0.00062778,1.76,0.0005611838023904081,1.37945,0.0,109.0,0.0,0.0,0.0,0.0,0.0,0.0,1.37998,-5.299999999999194,0.0,0.0,0.0,0.0,0.0,0.0,1.382005,-25.54999999999863,1.370995,84.550000000001,1.37998,-5.299999999999194,0.0,0.0,0.0,0.0,0.0,0.0,1.382005,-25.54999999999863,1.38004,-5.899999999998684,0.0,0.0,1.0,1.0,0.0,-1.0,0.0,0.0,0.0,0.0,0.0,0.0,0.0,0.0,0.0,0.0,0.0,0.0,0.0,0.0,0.0,0.0,0.0,0.0,0.0,0.0,0.0,1.38699,0.0,0.0,0.0,0.0,0.0,0.0,0.0,0.0,0.0,0.0,0.0,0.0,0.0,0.0,0.0,0.0,0.0,1.0,1.0,0.0,0.0,0.0,0.0,0.0,-1.0
1.0,0.0,0.0,0.0,0.0,0.0,0.0,0.0,0.0,0.0,0.0,0.0,0.0,0.0,0.0,0.0,0.0,0.0,0.0,1.0,-0.25881904510252157,0.9659258262890681,98.919,100.76,-1.8410000000000082,126.64225633409723,-0.01861118693072118,1.0,-1.0,1.0,0,0.0,22.142869396697606,0.5992188545245959,0.5842,0.309,0.895848,0.00083736,6.3,0.001031002013925589,0.78109,72.0,109.0,0.6605504587155964,-1.0,6.0,0.78211,0.77905,2.0,0.78211,-10.200000000000209,0.0,0.0,0.0,0.0,0.0,0.0,0.78472,-36.300000000000225,0.784295,-32.05000000000013,0.7811699999999999,-0.7999999999996898,0.0,0.0,0.0,0.0,0.0,0.0,0.784705,-36.15000000000035,0.785095,-40.05000000000037,-1.0,-1.0,1.0,1.0,0.0,-1.0,0.0,0.0,0.0,0.0,0.0,0.0,0.0,0.0,0.0,0.0,0.0,0.0,0.0,0.0,0.0,0.0,0.0,0.0,0.0,0.0,0.0,0.0,0.0,0.79247,0.0,0.0,0.0,0.0,0.0,0.0,0.0,0.0,0.0,0.0,0.0,0.0,0.0,1.0,0.0,0.0,1.0,0.0,0.0,0.0,0.10000000000000003,0.20000000000000007,0.0
1.0,0.0,0.0,0.0,0.0,0.0,0.0,0.0,0.0,0.0,0.0,0.0,0.0,0.0,0.0,1.0,0.0,0.0,0.0,0.0,-0.25881904510252157,0.9659258262890681,99.173,100.76,-1.5870000000000033,85.26463305591857,-0.016002339346394716,1.0,-1.0,1.0,0,0.0,11.181523859929095,0.7497762351794199,0.5782,0.4218,0.455,0.00075191,0.88,0.0007488317514178175,1.16312,72.0,109.0,0.6605504587155964,-1.0,6.0,1.16361,1.16214,2.0,1.16369,-5.699999999999594,0.0,0.0,0.0,0.0,0.0,0.0,1.16361,-4.900000000001015,1.1686450000000002,-55.250000000002245,1.162745,3.750000000000142,0.0,0.0,0.0,0.0,0.0,0.0,1.164515,-13.950000000000351,1.163105,0.14999999999876223,-1.0,1.0,-1.0,-1.0,0.0,-1.0,0.0,0.0,0.0,0.0,0.0,0.0,0.0,0.0,0.0,0.0,0.0,0.0,0.0,0.0,0.0,0.0,0.0,0.0,0.0,0.0,0.0,0.0,0.0,0.0,1.1449799999999999,0.0,0.0,0.0,0.0,0.0,0.0,0.0,0.0,0.0,0.0,0.0,1.0,0.0,0.0,0.0,0.0,0.0,0.0,0.0,0.10000000000000003,0.20000000000000007,0.0
1.0,0.0,0.0,0.0,0.0,0.0,0.0,0.0,0.0,0.0,0.0,0.0,0.0,0.0,0.0,1.0,0.0,0.0,0.0,0.0,-0.25881904510252157,0.9659258262890681,99.173,100.76,-1.5870000000000033,73.70498089986177,-0.016002339346394716,0.0,-1.0,-0.0,0,0.0,25.896725222737217,0.683383575529376,0.0,0.0,0.469121,0.0008847,0.92,0.0008723913825664053,1.34554,0.0,109.0,0.0,0.0,0.0,0.0,0.0,0.0,1.3441200000000002,14.199999999997548,0.0,0.0,0.0,0.0,0.0,0.0,1.342625,29.15000000000001,1.347995,-24.55000000000096,1.34381,17.300000000000093,0.0,0.0,0.0,0.0,0.0,0.0,1.3445900000000002,9.499999999997844,1.34381,17.300000000000093,-1.0,1.0,-1.0,-1.0,0.0,1.0,0.0,0.0,0.0,0.0,0.0,0.0,0.0,0.0,0.0,0.0,0.0,0.0,0.0,0.0,0.0,0.0,0.0,0.0,0.0,0.0,0.0,0.0,0.0,0.0,1.3252,0.0,0.0,0.0,0.0,0.0,0.0,0.0,0.0,0.0,0.0,0.0,0.0,0.0,0.0,0.0,1.0,0.0,0.0,0.0,0.0,0.0,-1.0
1.0,1.0,0.0,0.0,0.0,0.0,0.0,0.0,0.0,0.0,0.0,0.0,0.0,0.0,0.0,1.0,0.0,0.0,0.0,0.0,-0.25881904510252157,0.9659258262890681,99.173,100.76,-1.5870000000000033,0.6211434154651702,-0.016002339346394716,1.0,-1.0,-1.0,0,0.0,42.15907634084823,0.6555118954651431,0.5136,0.4864,0.503478,0.00038818,1.01,0.0003864760460699181,159.662,72.0,109.0,0.6605504587155964,1.0,6.0,159.487,160.012,2.0,159.487,17.500000000001137,0.0,0.0,0.0,0.0,0.0,0.0,159.4275,23.449999999999704,157.87650000000002,178.54999999999848,159.59449999999998,6.750000000002387,0.0,0.0,0.0,0.0,0.0,0.0,159.4275,23.449999999999704,159.1735,48.850000000001614,1.0,0.0,1.0,1.0,0.0,1.0,0.0,0.0,0.0,0.0,0.0,0.0,0.0,0.0,0.0,0.0,0.0,0.0,0.0,0.0,0.0,0.0,0.0,0.0,0.0,0.0,0.0,0.0,0.0,0.0,157.505,0.0,0.0,0.0,0.0,0.0,0.0,0.0,0.0,0.0,0.0,0.0,0.0,1.0,0.0,0.0,1.0,0.0,0.0,0.0,0.10000000000000003,0.20000000000000007,0.0
1.0,0.0,0.0,0.0,0.0,0.0,0.0,0.0,0.0,0.0,0.0,0.0,0.0,0.0,0.0,1.0,0.0,0.0,0.0,0.0,-0.25881904510252157,0.9659258262890681,99.173,100.76,-1.5870000000000033,138.5136456325596,-0.016002339346394716,0.0,-1.0,-0.0,0,0.0,1.929833031424302,0.7120470431543435,0.0,0.0,0.483333,0.00107118,0.95,0.0010625288734056543,0.71598,0.0,109.0,0.0,0.0,0.0,0.0,0.0,0.0,0.716145,-1.6500000000008175,0.0,0.0,0.0,0.0,0.0,0.0,0.7149099999999999,10.700000000000154,0.7178450000000001,-18.650000000001164,0.7153499999999999,6.300000000000194,0.0,0.0,0.0,0.0,0.0,0.0,0.716665,-6.850000000000467,0.71436,16.199999999999548,-1.0,1.0,-1.0,1.0,0.0,0.0,0.0,0.0,0.0,0.0,0.0,0.0,0.0,0.0,0.0,0.0,0.0,0.0,0.0,0.0,0.0,0.0,0.0,0.0,0.0,0.0,0.0,0.0,0.0,0.0,0.0,0.0,0.0,0.0,0.0,0.0,0.0,0.0,0.0,0.0,0.0,0.0,0.0,0.0,0.0,0.0,0.0,0.0,0.0,0.0,0.0,0.0,-1.0
1.0,0.0,0.0,0.0,0.0,0.0,0.0,0.0,0.0,0.0,0.0,0.0,0.0,0.0,0.0,1.0,0.0,0.0,0.0,0.0,-0.25881904510252157,0.9659258262890681,99.173,100.76,-1.5870000000000033,71.65316783110681,-0.016002339346394716,0.0,-1.0,-1.0,0,0.0,24.762442828808798,0.6051449017243211,0.6164,0.33,0.758484,0.0006418,2.51,0.000491114762711258,1.38407,72.0,109.0,0.6605504587155964,1.0,6.0,1.382,1.3882,2.0,1.3816950000000001,23.74999999999794,0.0,0.0,0.0,0.0,0.0,0.0,1.382005,20.649999999999835,1.370995,130.7499999999995,1.38367,3.9999999999995595,0.0,0.0,0.0,0.0,0.0,0.0,1.3809749999999998,30.9500000000007,1.38004,40.299999999999784,1.0,-1.0,1.0,1.0,0.0,1.0,0.0,0.0,0.0,0.0,0.0,0.0,0.0,0.0,0.0,0.0,0.0,0.0,0.0,0.0,0.0,0.0,0.0,0.0,1.0,0.0,0.0,0.0,0.0,0.0,0.0,0.0,0.0,0.0,0.0,0.0,0.0,0.0,0.0,0.0,0.0,0.0,1.0,0.0,0.0,1.0,1.0,0.0,0.0,0.0,0.10000000000000003,0.20000000000000007,0.0
1.0,0.0,0.0,0.0,0.0,0.0,0.0,0.0,0.0,0.0,0.0,0.0,0.0,0.0,0.0,1.0,0.0,0.0,0.0,0.0,-0.25881904510252157,0.9659258262890681,99.173,100.76,-1.5870000000000033,126.08767513413177,-0.016002339346394716,0.0,-1.0,-1.0,0,0.0,16.93326679649981,0.6873609803294546,0.4456,0.1636,0.809009,0.00094106,3.27,0.0005882227669410072,0.78654,72.0,109.0,0.6605504587155964,1.0,6.0,0.78472,0.79018,2.0,0.78413,24.100000000000232,0.0,0.0,0.0,0.0,0.0,0.0,0.78472,18.200000000000436,0.784295,22.450000000000525,0.78603,5.1000000000001044,0.0,0.0,0.0,0.0,0.0,0.0,0.78398,25.600000000000065,0.785095,14.450000000000296,1.0,-1.0,1.0,1.0,0.0,1.0,0.0,0.0,0.0,0.0,0.0,0.0,0.0,0.0,0.0,0.0,0.0,0.0,0.0,0.0,0.0,0.0,0.0,0.0,0.0,0.0,0.0,0.0,0.0,0.79247,0.0,0.0,0.0,0.0,0.0,0.0,0.0,0.0,0.0,0.0,0.0,0.0,0.0,0.0,0.0,1.0,0.0,0.0,0.0,0.0,0.10000000000000003,0.20000000000000007,0.0
1.0,0.0,0.0,0.0,0.0,0.0,0.0,0.0,0.0,0.0,0.0,0.0,0.0,0.0,0.0,0.0,1.0,0.0,0.0,0.0,-0.25881904510252157,0.9659258262890681,99.209,100.76,-1.551000000000002,85.30291826451824,-0.015633662268544204,1.0,-1.0,1.0,0,0.0,39.95996398650854,0.5751050891796681,0.5838,0.4162,0.455,0.00065503,0.88,0.0006529214703042591,1.16302,72.0,109.0,0.6605504587155964,-1.0,6.0,1.16345,1.16216,2.0,1.16345,-4.300000000001525,0.0,0.0,0.0,0.0,0.0,0.0,1.16361,-5.9000000000009045,1.1686450000000002,-56.25000000000213,1.16345,-4.300000000001525,0.0,0.0,0.0,0.0,0.0,0.0,1.163255,-2.349999999999852,1.163105,-0.8500000000011276,0.0,-1.0,-1.0,-1.0,0.0,-1.0,0.0,0.0,0.0,0.0,0.0,0.0,0.0,0.0,0.0,0.0,0.0,0.0,0.0,0.0,0.0,0.0,0.0,0.0,0.0,0.0,0.0,0.0,0.0,0.0,1.1449799999999999,0.0,0.0,0.0,0.0,0.0,0.0,0.0,0.0,0.0,0.0,0.0,0.0,0.0,0.0,1.0,0.0,0.0,0.0,0.0,0.10000000000000003,0.20000000000000007,1.0
1.0,0.0,0.0,0.0,0.0,0.0,0.0,0.0,0.0,0.0,0.0,0.0,0.0,0.0,0.0,0.0,1.0,0.0,0.0,0.0,-0.25881904510252157,0.9659258262890681,99.209,100.76,-1.551000000000002,73.67260251592877,-0.015633662268544204,0.0,-1.0,-1.0,0,0.0,25.9716023372195,0.5247134540606686,0.5112,0.4888,0.479332,0.00077555,0.94,0.0007588133647376714,1.34662,60.0,109.0,0.5504587155963303,1.0,5.0,1.34653,1.34679,2.0,1.3465349999999998,0.8500000000011276,0.0,0.0,0.0,0.0,0.0,0.0,1.342625,39.949999999999704,1.347995,-13.750000000001261,1.34666,-0.40000000000040004,0.0,0.0,0.0,0.0,0.0,0.0,1.344395,22.249999999999215,1.34381,28.099999999999792,1.0,1.0,-1.0,-1.0,0.0,1.0,0.0,0.0,0.0,0.0,0.0,0.0,0.0,0.0,0.0,0.0,0.0,0.0,0.0,0.0,0.0,0.0,0.0,0.0,0.0,0.0,0.0,0.0,0.0,0.0,1.3252,0.0,0.0,0.0,0.0,0.0,0.0,0.0,0.0,0.0,0.0,0.0,1.0,0.0,0.0,0.0,0.0,0.0,0.0,0.0,0.10000000000000003,0.20000000000000007,0.0
1.0,1.0,0.0,0.0,0.0,0.0,0.0,0.0,0.0,0.0,0.0,0.0,0.0,0.0,0.0,0.0,1.0,0.0,0.0,0.0,-0.25881904510252157,0.9659258262890681,99.209,100.76,-1.551000000000002,0.6203819505240251,-0.015633662268544204,1.0,-1.0,-1.0,0,0.0,11.110294850924985,0.39745060262207993,0.4988,0.5012,0.588753,0.00036146,1.31,0.00034850500411632353,159.916,84.0,109.0,0.7706422018348624,1.0,7.0,159.7735,160.201,2.0,159.7735,14.249999999998408,0.0,0.0,0.0,0.0,0.0,0.0,159.54000000000002,37.599999999997635,157.87650000000002,203.94999999999754,159.8585,5.750000000000455,0.0,0.0,0.0,0.0,0.0,0.0,159.707,20.90000000000032,159.35399999999998,56.20000000000118,1.0,1.0,1.0,1.0,0.0,1.0,0.0,0.0,0.0,0.0,0.0,0.0,0.0,0.0,0.0,0.0,0.0,0.0,0.0,0.0,0.0,0.0,0.0,0.0,0.0,0.0,0.0,0.0,0.0,0.0,157.505,0.0,0.0,0.0,0.0,0.0,0.0,0.0,0.0,0.0,0.0,0.0,0.0,0.0,0.0,0.0,1.0,0.0,0.0,0.0,0.10000000000000003,0.20000000000000007,0.0
1.0,0.0,0.0,0.0,0.0,0.0,0.0,0.0,0.0,0.0,0.0,0.0,0.0,0.0,0.0,0.0,1.0,0.0,0.0,0.0,-0.25881904510252157,0.9659258262890681,99.209,100.76,-1.551000000000002,138.17217030403475,-0.015633662268544204,0.0,-1.0,-1.0,0,0.0,22.22105508071441,0.6039916084238551,0.5664,0.4336,0.461111,0.00094429,0.9,0.0009371870780612426,0.71801,72.0,109.0,0.6605504587155964,1.0,6.0,0.71785,0.71834,2.0,0.7170300000000001,9.799999999999809,0.0,0.0,0.0,0.0,0.0,0.0,0.7149099999999999,31.000000000001027,0.7178450000000001,1.6499999999997073,0.7178100000000001,1.9999999999997797,0.0,0.0,0.0,0.0,0.0,0.0,0.716035,19.7500000000006,0.7149099999999999,31.000000000001027,1.0,1.0,-1.0,1.0,0.0,1.0,0.0,0.0,0.0,0.0,0.0,0.0,0.0,0.0,0.0,0.0,0.0,0.0,0.0,0.0,0.0,0.0,0.0,0.0,0.0,0.0,0.0,0.0,0.71082,0.0,0.0,0.0,0.0,0.0,0.0,0.0,0.0,0.0,0.0,0.0,0.0,0.0,0.0,0.0,0.0,0.0,1.0,0.0,0.0,0.0,0.10000000000000003,0.20000000000000007,0.0
1.0,0.0,0.0,0.0,0.0,0.0,0.0,0.0,0.0,0.0,0.0,0.0,0.0,0.0,0.0,0.0,1.0,0.0,0.0,0.0,-0.25881904510252157,0.9659258262890681,99.209,100.76,-1.551000000000002,71.68798323578292,-0.015633662268544204,0.0,-1.0,-1.0,0,0.0,38.510554050283844,0.5238110151163617,0.5614,0.4386,0.831231,0.0005899,3.75,0.00043047694282853785,1.3839000000000001,72.0,109.0,0.6605504587155964,1.0,6.0,1.38345,1.3848,2.0,1.3834499999999998,4.500000000002835,0.0,0.0,0.0,0.0,0.0,0.0,1.382005,18.95000000000202,1.370995,129.05000000000166,1.38305,8.500000000002395,0.0,0.0,0.0,0.0,0.0,0.0,1.3833,6.00000000000156,1.38029,36.10000000000113,-1.0,1.0,1.0,1.0,0.0,1.0,0.0,0.0,0.0,0.0,0.0,0.0,0.0,0.0,0.0,0.0,0.0,0.0,0.0,0.0,0.0,0.0,0.0,0.0,1.0,0.0,0.0,0.0,0.0,0.0,0.0,0.0,0.0,0.0,0.0,0.0,0.0,0.0,0.0,0.0,0.0,0.0,0.0,0.0,0.0,0.0,1.0,0.0,0.0,1.0,0.10000000000000003,0.20000000000000007,0.0
1.0,0.0,0.0,0.0,0.0,0.0,0.0,0.0,0.0,0.0,0.0,0.0,0.0,0.0,0.0,0.0,1.0,0.0,0.0,0.0,-0.25881904510252157,0.9659258262890681,99.209,100.76,-1.551000000000002,126.03890081689175,-0.015633662268544204,0.0,-1.0,-1.0,0,0.0,47.1181212080303,0.609320999176808,0.6144,0.3752,0.551923,0.00088322,1.17,0.0008205695254048678,0.78713,84.0,109.0,0.7706422018348624,1.0,7.0,0.78641,0.78856,2.0,0.786415,7.150000000000212,0.0,0.0,0.0,0.0,0.0,0.0,0.78472,24.100000000000232,0.784295,28.35000000000032,0.7867,4.300000000000415,0.0,0.0,0.0,0.0,0.0,0.0,0.78565,14.800000000000368,0.78496,21.700000000000053,1.0,1.0,1.0,1.0,0.0,1.0,0.0,0.0,0.0,0.0,0.0,0.0,0.0,0.0,0.0,0.0,0.0,0.0,0.0,0.0,0.0,0.0,0.0,0.0,0.0,0.0,0.0,0.0,0.0,0.79247,0.0,0.0,0.0,0.0,0.0,0.0,0.0,0.0,0.0,0.0,0.0,0.0,0.0,0.0,0.0,0.0,0.0,1.0,0.0,0.0,0.10000000000000003,0.20000000000000007,0.0
1.0,0.0,0.0,0.0,0.0,0.0,0.0,0.0,0.0,0.0,0.0,0.0,0.0,0.0,0.0,0.0,0.0,1.0,0.0,0.0,-0.25881904510252157,0.9659258262890681,99.526,100.76,-1.2340000000000089,85.80937190153898,-0.012398770170608775,1.0,-1.0,1.0,0,0.0,38.228475086048554,0.5275803460612758,0.5984,0.305,0.455,0.00062043,0.88,0.0006177407372311393,1.15985,84.0,109.0,0.7706422018348624,-1.0,7.0,1.16148,1.15659,2.0,1.16148,-16.300000000000203,0.0,0.0,0.0,0.0,0.0,0.0,1.16404,-41.89999999999916,1.1686450000000002,-87.95000000000108,1.1606649999999998,-8.149999999997881,0.0,0.0,0.0,0.0,0.0,0.0,1.162525,-26.74999999999983,1.16361,-37.59999999999985,-1.0,-1.0,-1.0,-1.0,0.0,-1.0,0.0,0.0,0.0,0.0,0.0,0.0,0.0,0.0,0.0,0.0,0.0,0.0,0.0,0.0,0.0,0.0,0.0,0.0,0.0,0.0,0.0,0.0,0.0,0.0,1.1449799999999999,0.0,0.0,0.0,0.0,0.0,0.0,0.0,0.0,0.0,0.0,0.0,0.0,1.0,0.0,0.0,0.0,0.0,0.0,0.0,0.10000000000000003,0.20000000000000007,0.0
1.0,0.0,0.0,0.0,0.0,0.0,0.0,0.0,0.0,0.0,0.0,0.0,0.0,0.0,0.0,0.0,0.0,1.0,0.0,0.0,-0.25881904510252157,0.9659258262890681,99.526,100.76,-1.2340000000000089,74.17128718774221,-0.012398770170608775,1.0,-1.0,1.0,0,0.0,80.01741091348448,0.5322632738518867,0.6084,0.3342,0.503478,0.00078835,1.01,0.0007523995522106351,1.34184,72.0,109.0,0.6605504587155964,-1.0,6.0,1.34421,1.3371,2.0,1.34421,-23.699999999999832,0.0,0.0,0.0,0.0,0.0,0.0,1.3445900000000002,-27.500000000002522,1.347995,-61.550000000001326,1.343135,-12.950000000000461,0.0,0.0,0.0,0.0,0.0,0.0,1.34462,-27.800000000000047,1.34381,-19.700000000000273,-1.0,1.0,-1.0,-1.0,0.0,-1.0,0.0,0.0,0.0,0.0,0.0,0.0,0.0,0.0,0.0,0.0,0.0,0.0,0.0,0.0,0.0,0.0,0.0,0.0,0.0,0.0,0.0,0.0,0.0,0.0,1.3252,0.0,0.0,0.0,0.0,0.0,0.0,0.0,0.0,0.0,0.0,0.0,0.0,1.0,0.0,0.0,0.0,0.0,0.0,0.0,0.10000000000000003,0.20000000000000007,0.0
1.0,1.0,0.0,0.0,0.0,0.0,0.0,0.0,0.0,0.0,0.0,0.0,0.0,0.0,0.0,0.0,0.0,1.0,0.0,0.0,-0.25881904510252157,0.9659258262890681,99.526,100.76,-1.2340000000000089,0.6217266366816591,-0.012398770170608775,1.0,-1.0,-1.0,0,0.0,10.955697011308493,0.5291066580789472,0.5352,0.4648,0.455,0.00036585,0.88,0.0003643935673081447,160.08,84.0,109.0,0.7706422018348624,1.0,7.0,159.7255,160.789,2.0,159.7255,35.45000000000016,0.0,0.0,0.0,0.0,0.0,0.0,159.5885,49.150000000000205,157.87650000000002,220.3499999999991,159.9325,14.750000000000796,0.0,0.0,0.0,0.0,0.0,0.0,159.7255,35.45000000000016,159.40249999999997,67.75000000000375,1.0,1.0,1.0,1.0,0.0,1.0,0.0,0.0,0.0,0.0,0.0,0.0,0.0,0.0,0.0,0.0,0.0,0.0,0.0,0.0,0.0,0.0,0.0,0.0,0.0,0.0,0.0,0.0,0.0,0.0,157.505,0.0,0.0,0.0,0.0,0.0,0.0,0.0,0.0,0.0,0.0,0.0,1.0,0.0,1.0,0.0,1.0,0.0,0.0,0.0,0.10000000000000003,0.20000000000000007,0.0
1.0,0.0,0.0,0.0,0.0,0.0,0.0,0.0,0.0,0.0,0.0,0.0,0.0,0.0,0.0,0.0,0.0,1.0,0.0,0.0,-0.25881904510252157,0.9659258262890681,99.526,100.76,-1.2340000000000089,139.63465963297605,-0.012398770170608775,1.0,-1.0,1.0,0,0.0,41.954704026590846,0.5675706882130253,0.1894,0.0096,0.468354,0.00088956,0.91,0.0008756068327039894,0.71276,84.0,109.0,0.7706422018348624,-1.0,7.0,0.71546,0.70736,2.0,0.71546,-27.000000000000355,0.0,0.0,0.0,0.0,0.0,0.0,0.716275,-35.15000000000046,0.7178450000000001,-50.850000000001174,0.714635,-18.75000000000071,0.0,0.0,0.0,0.0,0.0,0.0,0.71572,-29.600000000000737,0.7149099999999999,-21.49999999999985,-1.0,-1.0,-1.0,1.0,0.0,-1.0,0.0,0.0,0.0,0.0,0.0,0.0,0.0,0.0,0.0,0.0,0.0,0.0,0.0,0.0,0.0,0.0,0.0,0.0,0.0,0.71742,0.0,0.0,0.0,0.0,0.0,0.0,0.0,0.0,0.0,0.0,0.0,0.0,0.0,0.0,0.0,0.0,0.0,0.0,0.0,0.0,1.0,0.0,0.0,0.0,0.10000000000000003,0.20000000000000007,1.0
1.0,0.0,0.0,0.0,0.0,0.0,0.0,0.0,0.0,0.0,0.0,0.0,0.0,0.0,0.0,0.0,0.0,1.0,0.0,0.0,-0.25881904510252157,0.9659258262890681,99.526,100.76,-1.2340000000000089,71.62617306695837,-0.012398770170608775,0.0,-1.0,-1.0,0,0.0,40.153944386231785,0.5576860637197877,0.4366,0.1608,0.73358,0.00050795,2.24,0.000399589865580819,1.38952,84.0,109.0,0.7706422018348624,1.0,7.0,1.38639,1.39579,2.0,1.3863850000000002,31.34999999999888,0.0,0.0,0.0,0.0,0.0,0.0,1.383475,60.450000000000784,1.372465,170.5500000000004,1.38758,19.400000000000528,0.0,0.0,0.0,0.0,0.0,0.0,1.38571,38.10000000000091,1.383475,60.450000000000784,1.0,1.0,1.0,1.0,0.0,1.0,0.0,0.0,0.0,0.0,0.0,0.0,0.0,0.0,0.0,0.0,0.0,0.0,0.0,0.0,0.0,0.0,0.0,0.0,0.0,0.0,0.0,0.0,0.0,0.0,0.0,0.0,0.0,0.0,0.0,0.0,0.0,0.0,0.0,0.0,0.0,0.0,0.0,0.0,1.0,0.0,1.0,0.0,0.0,0.0,0.10000000000000003,0.20000000000000007,1.0
1.0,0.0,0.0,0.0,0.0,0.0,0.0,0.0,0.0,0.0,0.0,0.0,0.0,0.0,0.0,0.0,0.0,1.0,0.0,0.0,-0.25881904510252157,0.9659258262890681,99.526,100.76,-1.2340000000000089,125.65144934855064,-0.012398770170608775,0.0,-1.0,-1.0,0,0.0,28.234050742720235,0.5197316522176024,0.27,0.031,0.485556,0.00082185,0.96,0.0008004221095449135,0.79208,84.0,109.0,0.7706422018348624,1.0,7.0,0.78953,0.79719,2.0,0.789525,25.54999999999974,0.0,0.0,0.0,0.0,0.0,0.0,0.78611,59.70000000000031,0.78441,76.69999999999955,0.790665,14.150000000000551,0.0,0.0,0.0,0.0,0.0,0.0,0.78882,32.600000000000406,0.78611,59.70000000000031,1.0,1.0,1.0,1.0,0.0,1.0,0.0,0.0,0.0,0.0,0.0,0.0,0.0,0.0,0.0,0.0,0.0,0.0,0.0,0.0,0.0,0.0,0.0,0.0,1.0,0.0,0.78362,0.0,0.0,0.0,0.0,0.0,0.0,0.0,0.0,0.0,0.0,0.0,0.0,0.0,0.0,0.0,1.0,0.0,0.0,0.0,0.0,1.0,0.0,0.0,0.10000000000000003,0.20000000000000007,0.0
1.0,0.0,0.0,0.0,0.0,0.0,0.0,0.0,0.0,0.0,0.0,0.0,0.0,0.0,0.0,0.0,0.0,0.0,1.0,0.0,-0.25881904510252157,0.9659258262890681,99.435,100.76,-1.3250000000000028,85.6386185513737,-0.013325287876502266,1.0,-1.0,1.0,0,0.0,30.070927092891246,0.5250468918283419,0.6204,0.3574,0.493783,0.0004581,0.98,0.0004446142235528825,1.1611,72.0,109.0,0.6605504587155964,-1.0,6.0,1.16198,1.15934,2.0,1.16198,-8.799999999999919,0.0,0.0,0.0,0.0,0.0,0.0,1.164015,-29.15000000000001,1.1686450000000002,-75.45000000000135,1.16265,-15.499999999999403,0.0,0.0,0.0,0.0,0.0,0.0,1.16198,-8.799999999999919,1.16361,-25.100000000000122,1.0,-1.0,-1.0,-1.0,0.0,-1.0,0.0,0.0,0.0,0.0,0.0,0.0,0.0,0.0,0.0,0.0,0.0,0.0,0.0,0.0,0.0,0.0,0.0,0.0,0.0,0.0,0.0,0.0,0.0,0.0,1.1449799999999999,0.0,0.0,0.0,0.0,0.0,0.0,0.0,0.0,0.0,0.0,0.0,0.0,1.0,0.0,1.0,0.0,0.0,0.0,1.0,0.10000000000000003,0.20000000000000007,0.0
1.0,0.0,0.0,0.0,0.0,0.0,0.0,0.0,0.0,0.0,0.0,0.0,0.0,0.0,0.0,0.0,0.0,0.0,1.0,0.0,-0.25881904510252157,0.9659258262890681,99.435,100.76,-1.3250000000000028,74.07641936036593,-0.013325287876502266,1.0,-1.0,1.0,0,0.0,50.79260656384675,0.5528030073102724,0.6234,0.368,0.551853,0.00056222,1.17,0.000513047312104864,1.34233,72.0,109.0,0.6605504587155964,-1.0,6.0,1.34359,1.33981,2.0,1.3435899999999998,-12.599999999998168,0.0,0.0,0.0,0.0,0.0,0.0,1.3445900000000002,-22.600000000001508,1.347995,-56.65000000000031,1.344115,-17.849999999999255,0.0,0.0,0.0,0.0,0.0,0.0,1.3435899999999998,-12.599999999998168,1.34381,-14.799999999999258,1.0,-1.0,-1.0,-1.0,0.0,-1.0,0.0,0.0,0.0,0.0,0.0,0.0,0.0,0.0,0.0,0.0,0.0,0.0,0.0,0.0,0.0,0.0,0.0,0.0,0.0,0.0,0.0,0.0,0.0,0.0,1.3252,0.0,0.0,0.0,0.0,0.0,0.0,0.0,0.0,0.0,0.0,0.0,0.0,1.0,0.0,0.0,0.0,0.0,0.0,1.0,0.10000000000000003,0.20000000000000007,0.0
1.0,1.0,0.0,0.0,0.0,0.0,0.0,0.0,0.0,0.0,0.0,0.0,0.0,0.0,0.0,0.0,0.0,0.0,1.0,0.0,-0.25881904510252157,0.9659258262890681,99.435,100.76,-1.3250000000000028,0.6214066093390661,-0.013325287876502266,1.0,-1.0,-1.0,0,0.0,34.79890848956253,0.5743747973552011,0.506,0.494,0.455,0.00033951,0.88,0.00033804079713823905,160.016,84.0,109.0,0.7706422018348624,1.0,7.0,159.815,160.418,2.0,159.815,20.09999999999934,0.0,0.0,0.0,0.0,0.0,0.0,159.5885,42.74999999999807,157.87650000000002,213.94999999999698,159.8985,11.74999999999784,0.0,0.0,0.0,0.0,0.0,0.0,159.815,20.09999999999934,159.40249999999997,61.350000000001614,1.0,1.0,1.0,1.0,0.0,1.0,0.0,0.0,0.0,0.0,0.0,0.0,0.0,0.0,0.0,0.0,0.0,0.0,0.0,0.0,0.0,0.0,0.0,0.0,0.0,0.0,0.0,0.0,0.0,0.0,157.505,0.0,0.0,0.0,0.0,0.0,0.0,0.0,0.0,0.0,0.0,0.0,1.0,0.0,1.0,0.0,1.0,0.0,0.0,0.0,0.10000000000000003,0.20000000000000007,0.0
1.0,0.0,0.0,0.0,0.0,0.0,0.0,0.0,0.0,0.0,0.0,0.0,0.0,0.0,0.0,0.0,0.0,0.0,1.0,0.0,-0.25881904510252157,0.9659258262890681,99.435,100.76,-1.3250000000000028,139.40332823956595,-0.013325287876502266,1.0,-1.0,1.0,0,0.0,36.94239920033395,0.49120099545239526,0.6144,0.3856,0.519349,0.00070908,1.06,0.0006722743822282097,0.71329,72.0,109.0,0.6605504587155964,-1.0,6.0,0.71355,0.71276,2.0,0.7135549999999999,-2.649999999999597,0.0,0.0,0.0,0.0,0.0,0.0,0.71614,-28.500000000000192,0.7178450000000001,-45.550000000000864,0.7140599999999999,-7.699999999999374,0.0,0.0,0.0,0.0,0.0,0.0,0.71495,-16.599999999999948,0.7149099999999999,-16.199999999999548,1.0,-1.0,-1.0,1.0,0.0,-1.0,0.0,0.0,0.0,0.0,0.0,0.0,0.0,0.0,0.0,0.0,0.0,0.0,0.0,0.0,0.0,0.0,0.0,0.0,1.0,0.0,0.0,0.0,0.0,0.0,0.0,0.0,0.0,0.0,0.0,0.0,0.0,0.0,0.0,0.0,0.0,0.0,0.0,1.0,0.0,1.0,1.0,0.0,0.0,1.0,0.10000000000000003,0.20000000000000007,0.0
1.0,0.0,0.0,0.0,0.0,0.0,0.0,0.0,0.0,0.0,0.0,0.0,0.0,0.0,0.0,0.0,0.0,0.0,1.0,0.0,-0.25881904510252157,0.9659258262890681,99.435,100.76,-1.3250000000000028,71.49071091682963,-0.013325287876502266,0.0,-1.0,-1.0,0,0.0,48.74909222076403,0.5685284770644622,0.6018,0.3982,0.610449,0.00039569,1.4,0.00037649237203463723,1.3908800000000001,72.0,109.0,0.6605504587155964,1.0,6.0,1.3903,1.39204,2.0,1.3903,5.800000000000249,0.0,0.0,0.0,0.0,0.0,0.0,1.384765,61.15000000000093,1.373755,171.25000000000057,1.389615,12.650000000000716,0.0,0.0,0.0,0.0,0.0,0.0,1.3886100000000001,22.699999999999942,1.384765,61.15000000000093,-1.0,1.0,1.0,1.0,0.0,1.0,0.0,0.0,0.0,0.0,0.0,0.0,0.0,0.0,0.0,0.0,0.0,0.0,0.0,0.0,0.0,0.0,0.0,0.0,0.0,0.0,0.0,0.0,0.0,0.0,0.0,0.0,0.0,0.0,0.0,0.0,0.0,0.0,0.0,0.0,0.0,0.0,1.0,0.0,1.0,0.0,1.0,0.0,0.0,1.0,0.10000000000000003,0.20000000000000007,0.0
1.0,0.0,0.0,0.0,0.0,0.0,0.0,0.0,0.0,0.0,0.0,0.0,0.0,0.0,0.0,0.0,0.0,0.0,1.0,0.0,-0.25881904510252157,0.9659258262890681,99.435,100.76,-1.3250000000000028,125.95158777407629,-0.013325287876502266,0.0,-1.0,-0.0,0,0.0,8.748368369576724,0.6140012492534892,0.0,0.0,0.512665,0.00074846,1.04,0.0007290396143014595,0.78947,0.0,109.0,0.0,0.0,0.0,0.0,0.0,0.0,0.789575,-1.0500000000002174,0.0,0.0,0.0,0.0,0.0,0.0,0.78611,33.60000000000029,0.78441,50.59999999999953,0.788285,11.849999999999916,0.0,0.0,0.0,0.0,0.0,0.0,0.78974,-2.6999999999999247,0.78611,33.60000000000029,-1.0,1.0,1.0,1.0,0.0,0.0,0.0,0.0,0.0,0.0,0.0,0.0,0.0,0.0,0.0,0.0,0.0,0.0,0.0,0.0,0.0,0.0,0.0,0.0,0.0,0.0,0.0,0.0,0.0,0.0,0.0,0.0,0.0,0.0,0.0,0.0,0.0,0.0,0.0,0.0,0.0,0.0,0.0,0.0,1.0,0.0,0.0,1.0,0.0,0.0,0.0,0.0,-1.0
1.0,0.0,0.0,0.0,0.0,0.0,0.0,0.0,0.0,0.0,0.0,0.0,0.0,0.0,0.0,0.0,0.0,0.0,0.0,1.0,-0.25881904510252157,0.9659258262890681,100.051,100.76,-0.7090000000000032,86.83475091130012,-0.007086385943169016,1.0,-1.0,1.0,0,0.0,0.0,0.4797422893542682,0.0,0.0,0.654685,0.00074364,1.64,0.0007313165651267763,1.1522000000000001,84.0,109.0,0.7706422018348624,-1.0,7.0,1.1581,1.14039,2.0,1.158105,-59.04999999999827,0.0,0.0,0.0,0.0,0.0,0.0,1.158665,-64.64999999999944,1.1657199999999999,-135.19999999999754,1.1580300000000001,-58.30000000000002,0.0,0.0,0.0,0.0,0.0,0.0,1.158145,-59.44999999999867,1.16018,-79.79999999999876,-1.0,-1.0,-1.0,-1.0,0.0,-1.0,0.0,0.0,0.0,0.0,0.0,0.0,0.0,0.0,0.0,0.0,0.0,0.0,0.0,0.0,0.0,0.0,0.0,0.0,0.0,1.1642000000000001,0.0,1.16399,0.0,0.0,1.1449799999999999,0.0,0.0,0.0,0.0,0.0,0.0,0.0,0.0,0.0,0.0,0.0,1.0,0.0,0.0,0.0,0.0,0.0,0.0,0.0,0.10000000000000003,0.20000000000000007,-1.0
1.0,0.0,0.0,0.0,0.0,0.0,0.0,0.0,0.0,0.0,0.0,0.0,0.0,0.0,0.0,0.0,0.0,0.0,0.0,1.0,-0.25881904510252157,0.9659258262890681,100.051,100.76,-0.7090000000000032,75.02887139107612,-0.007086385943169016,1.0,-1.0,1.0,0,0.0,100.0,0.5274154128216156,0.241,0.027,0.856855,0.00077389,4.49,0.0007246420139178432,1.3335,72.0,109.0,0.6605504587155964,-1.0,6.0,1.34066,1.31918,2.0,1.3406600000000002,-71.60000000000278,0.0,0.0,0.0,0.0,0.0,0.0,1.3406600000000002,-71.60000000000278,1.347995,-144.95000000000147,1.33996,-64.60000000000133,0.0,0.0,0.0,0.0,0.0,0.0,1.3406600000000002,-71.60000000000278,1.341755,-82.55000000000123,-1.0,0.0,-1.0,-1.0,0.0,-1.0,0.0,0.0,0.0,0.0,0.0,0.0,0.0,0.0,0.0,0.0,0.0,0.0,0.0,0.0,0.0,0.0,0.0,0.0,0.0,1.34752,0.0,0.0,0.0,0.0,1.3252,0.0,0.0,0.0,0.0,0.0,0.0,0.0,0.0,0.0,0.0,0.0,0.0,0.0,1.0,0.0,0.0,0.0,0.0,0.0,0.10000000000000003,0.20000000000000007,0.0
1.0,1.0,0.0,0.0,0.0,0.0,0.0,0.0,0.0,0.0,0.0,0.0,0.0,0.0,0.0,0.0,0.0,0.0,0.0,1.0,-0.25881904510252157,0.9659258262890681,100.051,100.76,-0.7090000000000032,0.6243899699197444,-0.007086385943169016,1.0,-1.0,-1.0,0,0.0,68.34087672588446,0.5931622854023887,0.5102,0.4898,0.455,0.00044148,0.88,0.00044139739466491295,160.238,72.0,109.0,0.6605504587155964,1.0,6.0,160.0325,160.649,2.0,160.0325,20.550000000000068,0.0,0.0,0.0,0.0,0.0,0.0,159.85500000000002,38.299999999998136,157.685,255.29999999999973,160.0325,20.550000000000068,0.0,0.0,0.0,0.0,0.0,0.0,160.0325,20.550000000000068,159.571,66.70000000000016,0.0,1.0,1.0,1.0,0.0,1.0,0.0,0.0,0.0,0.0,0.0,0.0,0.0,0.0,0.0,0.0,0.0,0.0,0.0,0.0,0.0,0.0,0.0,0.0,0.0,0.0,0.0,0.0,0.0,0.0,157.505,0.0,0.0,0.0,0.0,0.0,0.0,0.0,0.0,0.0,0.0,0.0,1.0,0.0,0.0,0.0,1.0,0.0,0.0,0.0,0.10000000000000003,0.20000000000000007,0.0
1.0,0.0,0.0,0.0,0.0,0.0,0.0,0.0,0.0,0.0,0.0,0.0,0.0,0.0,0.0,0.0,0.0,0.0,0.0,1.0,-0.25881904510252157,0.9659258262890681,100.051,100.76,-0.7090000000000032,142.07955239353015,-0.007086385943169016,1.0,-1.0,1.0,0,0.0,0.0,0.6308570043890281,0.0,0.0,0.795155,0.00101814,3.02,0.0010704042619326644,0.70419,84.0,109.0,0.7706422018348624,-1.0,7.0,0.70905,0.69447,2.0,0.70905,-48.59999999999975,0.0,0.0,0.0,0.0,0.0,0.0,0.711265,-70.75000000000054,0.7157450000000001,-115.55000000000094,0.70902,-48.30000000000001,0.0,0.0,0.0,0.0,0.0,0.0,0.70931,-51.20000000000013,0.711895,-77.04999999999961,-1.0,-1.0,-1.0,1.0,0.0,-1.0,0.0,0.0,0.0,0.0,0.0,0.0,0.0,0.0,0.0,0.0,0.0,0.0,0.0,0.0,0.0,0.0,0.0,0.0,0.0,0.71436,0.0,0.0,0.0,0.0,0.0,0.0,0.0,0.0,0.0,0.0,0.0,0.0,0.0,0.0,0.0,0.0,1.0,0.0,0.0,1.0,1.0,0.0,0.0,0.0,0.10000000000000003,0.20000000000000007,-1.0
1.0,0.0,0.0,0.0,0.0,0.0,0.0,0.0,0.0,0.0,0.0,0.0,0.0,0.0,0.0,0.0,0.0,0.0,0.0,1.0,-0.25881904510252157,0.9659258262890681,100.051,100.76,-0.7090000000000032,71.76899294870415,-0.007086385943169016,0.0,-1.0,-1.0,0,0.0,16.569428216603285,0.6394237199260758,0.383,0.1014,0.747373,0.00044197,2.38,0.0004233283144351079,1.39407,72.0,109.0,0.6605504587155964,1.0,6.0,1.39081,1.40059,2.0,1.39081,32.59999999999819,0.0,0.0,0.0,0.0,0.0,0.0,1.388265,58.04999999999838,1.3750200000000001,190.4999999999979,1.39081,32.59999999999819,0.0,0.0,0.0,0.0,0.0,0.0,1.39081,32.59999999999819,1.3860299999999999,80.40000000000047,0.0,1.0,1.0,1.0,0.0,1.0,0.0,0.0,0.0,0.0,0.0,0.0,0.0,0.0,0.0,0.0,0.0,0.0,0.0,0.0,0.0,0.0,0.0,0.0,0.0,0.0,0.0,0.0,0.0,0.0,0.0,0.0,0.0,0.0,0.0,0.0,0.0,0.0,0.0,0.0,0.0,0.0,1.0,0.0,0.0,1.0,1.0,0.0,0.0,0.0,0.10000000000000003,0.20000000000000007,0.0
1.0,0.0,0.0,0.0,0.0,0.0,0.0,0.0,0.0,0.0,0.0,0.0,0.0,0.0,0.0,0.0,0.0,0.0,0.0,1.0,-0.25881904510252157,0.9659258262890681,100.051,100.76,-0.7090000000000032,125.64959121905886,-0.007086385943169016,0.0,-1.0,-1.0,0,0.0,11.813733087720363,0.6227075901694687,0.1428,0.0058,0.455,0.00102125,0.88,0.0010175375599246618,0.79627,84.0,109.0,0.7706422018348624,1.0,7.0,0.79198,0.80485,2.0,0.79198,42.90000000000016,0.0,0.0,0.0,0.0,0.0,0.0,0.790605,56.65000000000031,0.7864500000000001,98.19999999999939,0.792335,39.35000000000022,0.0,0.0,0.0,0.0,0.0,0.0,0.79178,44.89999999999994,0.78815,81.20000000000016,1.0,1.0,1.0,1.0,0.0,1.0,0.0,0.0,0.0,0.0,0.0,0.0,0.0,0.0,0.0,0.0,0.0,0.0,0.0,0.0,0.0,0.0,0.0,0.0,0.0,0.0,0.78752,0.0,0.78718,0.0,0.0,0.0,0.0,0.0,0.0,0.0,0.0,0.0,0.0,0.0,0.0,0.0,1.0,0.0,1.0,0.0,0.0,1.0,0.0,0.0,0.10000000000000003,0.20000000000000007,-1.0
1.0,0.0,0.0,0.0,0.0,0.0,0.0,0.0,0.0,0.0,0.0,0.0,0.0,0.0,0.0,1.0,0.0,0.0,0.0,0.0,-0.25881904510252157,0.9659258262890681,100.006,100.76,-0.7540000000000049,86.72644651033718,-0.00753954762714242,1.0,-1.0,1.0,0,0.0,8.61898291312242,0.6787465991600171,0.3252,0.0664,0.625128,0.00077215,1.48,0.0007398598541524589,1.15312,60.0,109.0,0.5504587155963303,-1.0,5.0,1.15759,1.14417,2.0,1.15272,3.9999999999995595,0.0,0.0,0.0,0.0,0.0,0.0,1.157595,-44.75000000000007,1.16482,-117.00000000000044,1.15411,-9.900000000000464,0.0,0.0,0.0,0.0,0.0,0.0,1.1572049999999998,-40.84999999999894,1.1592799999999999,-61.59999999999943,1.0,-1.0,-1.0,-1.0,0.0,-1.0,0.0,0.0,0.0,0.0,0.0,0.0,0.0,0.0,0.0,0.0,0.0,0.0,0.0,0.0,0.0,0.0,0.0,0.0,0.0,1.1642000000000001,0.0,0.0,0.0,0.0,1.1449799999999999,0.0,0.0,0.0,0.0,0.0,0.0,0.0,0.0,0.0,0.0,0.0,0.0,1.0,0.0,1.0,0.0,0.0,0.0,1.0,0.10000000000000003,0.20000000000000007,0.0
1.0,0.0,0.0,0.0,0.0,0.0,0.0,0.0,0.0,0.0,0.0,0.0,0.0,0.0,0.0,1.0,0.0,0.0,0.0,0.0,-0.25881904510252157,0.9659258262890681,100.006,100.76,-0.7540000000000049,74.97657122721786,-0.00753954762714242,0.0,-1.0,-0.0,0,0.0,2.9444026433544765,0.687594380903079,0.0,0.0,0.895911,0.00081101,6.31,0.0005008225980165806,1.33383,0.0,109.0,0.0,0.0,0.0,0.0,0.0,0.0,1.33377,0.6000000000017103,0.0,0.0,0.0,0.0,0.0,0.0,1.339445,-56.14999999999925,1.34775,-139.19999999999933,1.3351199999999999,-12.899999999997913,0.0,0.0,0.0,0.0,0.0,0.0,1.339445,-56.14999999999925,1.3395549999999998,-57.249999999997584,1.0,0.0,-1.0,-1.0,0.0,-1.0,0.0,0.0,0.0,0.0,0.0,0.0,0.0,0.0,0.0,0.0,0.0,0.0,0.0,0.0,0.0,0.0,0.0,0.0,1.0,1.34752,0.0,0.0,0.0,0.0,1.3252,0.0,0.0,0.0,0.0,0.0,0.0,0.0,0.0,0.0,0.0,0.0,0.0,0.0,0.0,1.0,0.0,0.0,0.0,0.0,0.0,0.0,-1.0
1.0,1.0,0.0,0.0,0.0,0.0,0.0,0.0,0.0,0.0,0.0,0.0,0.0,0.0,0.0,1.0,0.0,0.0,0.0,0.0,-0.25881904510252157,0.9659258262890681,100.006,100.76,-0.7540000000000049,0.6243546121429686,-0.00753954762714242,1.0,-1.0,-1.0,0,0.0,21.66745704072136,0.6299210223888199,0.5194,0.4806,0.461111,0.00042534,0.9,0.00042305156826857583,160.175,72.0,109.0,0.6605504587155964,1.0,6.0,160.111,160.303,2.0,160.111,6.400000000002137,0.0,0.0,0.0,0.0,0.0,0.0,159.88,29.50000000000159,157.70999999999998,246.50000000000318,160.0885,8.650000000000091,0.0,0.0,0.0,0.0,0.0,0.0,160.0575,11.750000000000682,159.743,43.20000000000164,-1.0,1.0,1.0,1.0,0.0,1.0,0.0,0.0,0.0,0.0,0.0,0.0,0.0,0.0,0.0,0.0,0.0,0.0,0.0,0.0,0.0,0.0,0.0,0.0,0.0,0.0,0.0,0.0,0.0,0.0,157.505,0.0,0.0,0.0,0.0,0.0,0.0,0.0,0.0,0.0,0.0,0.0,1.0,0.0,1.0,0.0,1.0,0.0,0.0,1.0,0.10000000000000003,0.20000000000000007,0.0
1.0,0.0,0.0,0.0,0.0,0.0,0.0,0.0,0.0,0.0,0.0,0.0,0.0,0.0,0.0,1.0,0.0,0.0,0.0,0.0,-0.25881904510252157,0.9659258262890681,100.006,100.76,-0.7540000000000049,141.96927969109336,-0.00753954762714242,1.0,-1.0,1.0,0,0.0,28.000472380210635,0.7169789495966905,0.6118,0.3876,0.834571,0.00109436,3.83,0.0008949480721471398,0.70442,72.0,109.0,0.6605504587155964,-1.0,6.0,0.70489,0.70348,2.0,0.70489,-4.699999999999704,0.0,0.0,0.0,0.0,0.0,0.0,0.71038,-59.59999999999965,0.71486,-104.40000000000005,0.70591,-14.899999999999913,0.0,0.0,0.0,0.0,0.0,0.0,0.7081649999999999,-37.44999999999887,0.7110099999999999,-65.89999999999874,1.0,-1.0,-1.0,1.0,0.0,-1.0,0.0,0.0,0.0,0.0,0.0,0.0,0.0,0.0,0.0,0.0,0.0,0.0,0.0,0.0,0.0,0.0,0.0,0.0,0.0,0.71436,0.0,0.0,0.0,0.0,0.0,0.0,0.0,0.0,0.0,0.0,0.0,0.0,0.0,0.0,0.0,0.0,0.0,0.0,0.0,1.0,1.0,0.0,0.0,1.0,0.10000000000000003,0.20000000000000007,1.0
1.0,0.0,0.0,0.0,0.0,0.0,0.0,0.0,0.0,0.0,0.0,0.0,0.0,0.0,0.0,1.0,0.0,0.0,0.0,0.0,-0.25881904510252157,0.9659258262890681,100.006,100.76,-0.7540000000000049,71.67193423777888,-0.00753954762714242,0.0,-1.0,-1.0,0,0.0,16.442989372837776,0.7761433316817011,0.6208,0.3764,0.769595,0.00045535,2.65,0.0003316667819191114,1.39533,72.0,109.0,0.6605504587155964,1.0,6.0,1.39436,1.39728,2.0,1.394355,9.749999999999481,0.0,0.0,0.0,0.0,0.0,0.0,1.388795,65.34999999999957,1.376785,185.45000000000033,1.394355,9.749999999999481,0.0,0.0,0.0,0.0,0.0,0.0,1.39134,39.89999999999938,1.38656,87.69999999999945,0.0,1.0,1.0,1.0,0.0,1.0,0.0,0.0,0.0,0.0,0.0,0.0,0.0,0.0,0.0,0.0,0.0,0.0,0.0,0.0,0.0,0.0,0.0,0.0,0.0,0.0,0.0,0.0,0.0,0.0,0.0,0.0,0.0,0.0,0.0,0.0,0.0,0.0,0.0,0.0,0.0,0.0,1.0,0.0,0.0,0.0,1.0,0.0,0.0,0.0,0.10000000000000003,0.20000000000000007,0.0
1.0,0.0,0.0,0.0,0.0,0.0,0.0,0.0,0.0,0.0,0.0,0.0,0.0,0.0,0.0,1.0,0.0,0.0,0.0,0.0,-0.25881904510252157,0.9659258262890681,100.006,100.76,-0.7540000000000049,125.33650833437774,-0.00753954762714242,0.0,-1.0,-1.0,0,0.0,8.75068049878691,0.6982191754760817,0.5092,0.225,0.455,0.00103291,0.88,0.001028961739120984,0.7979,84.0,109.0,0.7706422018348624,1.0,7.0,0.79617,0.80136,2.0,0.79617,17.300000000000093,0.0,0.0,0.0,0.0,0.0,0.0,0.79194,59.60000000000076,0.787385,105.15000000000052,0.79647,14.300000000000423,0.0,0.0,0.0,0.0,0.0,0.0,0.7929299999999999,49.70000000000141,0.789085,88.15000000000018,1.0,1.0,1.0,1.0,0.0,1.0,0.0,0.0,0.0,0.0,0.0,0.0,0.0,0.0,0.0,0.0,0.0,0.0,0.0,0.0,0.0,0.0,0.0,0.0,0.0,0.0,0.78752,0.0,0.78718,0.0,0.0,0.0,0.0,0.0,0.0,0.0,0.0,0.0,0.0,0.0,0.0,0.0,1.0,0.0,1.0,0.0,0.0,1.0,0.0,0.0,0.10000000000000003,0.20000000000000007,0.0
1.0,0.0,0.0,0.0,0.0,0.0,0.0,0.0,0.0,0.0,0.0,0.0,0.0,0.0,0.0,0.0,1.0,0.0,0.0,0.0,-0.25881904510252157,0.9659258262890681,99.944,100.76,-0.8160000000000025,86.5825767551459,-0.008164572160409854,1.0,-1.0,1.0,0,0.0,8.228328236971636,0.5598292768292585,0.6102,0.3894,0.635449,0.00078288,1.53,0.0007631486188631663,1.15432,60.0,109.0,0.5504587155963303,-1.0,5.0,1.15524,1.15248,2.0,1.15524,-9.200000000000319,0.0,0.0,0.0,0.0,0.0,0.0,1.157245,-29.250000000000664,1.16482,-104.99999999999955,1.15533,-10.099999999999554,0.0,0.0,0.0,0.0,0.0,0.0,1.1538849999999998,4.350000000001852,1.1592799999999999,-49.59999999999853,1.0,-1.0,-1.0,-1.0,0.0,0.0,0.0,0.0,0.0,0.0,0.0,0.0,0.0,0.0,0.0,0.0,0.0,0.0,0.0,0.0,0.0,0.0,0.0,0.0,0.0,1.1642000000000001,0.0,0.0,0.0,0.0,0.0,0.0,0.0,0.0,0.0,0.0,0.0,0.0,0.0,0.0,0.0,0.0,0.0,1.0,0.0,0.0,0.0,0.0,0.0,1.0,0.10000000000000003,0.20000000000000007,0.0
1.0,0.0,0.0,0.0,0.0,0.0,0.0,0.0,0.0,0.0,0.0,0.0,0.0,0.0,0.0,0.0,1.0,0.0,0.0,0.0,-0.25881904510252157,0.9659258262890681,99.944,100.76,-0.8160000000000025,74.70047012922949,-0.008164572160409854,0.0,-1.0,-0.0,0,0.0,18.224701948947352,0.6663460955036028,0.0,0.0,0.78279,0.00081913,2.83,0.0007201762356159905,1.33793,0.0,109.0,0.0,0.0,0.0,0.0,0.0,0.0,1.337055,8.749999999999591,0.0,0.0,0.0,0.0,0.0,0.0,1.339445,-15.14999999999933,1.34775,-98.19999999999939,1.33843,-4.999999999999449,0.0,0.0,0.0,0.0,0.0,0.0,1.335815,21.15000000000089,1.3395549999999998,-16.249999999997655,1.0,-1.0,-1.0,-1.0,0.0,0.0,0.0,0.0,0.0,0.0,0.0,0.0,0.0,0.0,0.0,0.0,0.0,0.0,0.0,0.0,0.0,0.0,0.0,0.0,0.0,1.34752,0.0,0.0,0.0,0.0,0.0,0.0,0.0,0.0,0.0,0.0,0.0,0.0,0.0,0.0,0.0,0.0,0.0,0.0,0.0,0.0,0.0,0.0,0.0,0.0,0.0,0.0,-1.0
1.0,1.0,0.0,0.0,0.0,0.0,0.0,0.0,0.0,0.0,0.0,0.0,0.0,0.0,0.0,0.0,1.0,0.0,0.0,0.0,-0.25881904510252157,0.9659258262890681,99.944,100.76,-0.8160000000000025,0.6231971715937222,-0.008164572160409854,1.0,-1.0,-1.0,0,0.0,42.659687817565334,0.6767085777855666,0.514,0.486,0.461111,0.00041969,0.9,0.0004175069702996959,160.373,84.0,109.0,0.7706422018348624,1.0,7.0,160.2465,160.626,2.0,160.24650000000003,12.649999999996453,0.0,0.0,0.0,0.0,0.0,0.0,159.996,37.69999999999811,157.7365,263.6499999999984,160.293,7.999999999998408,0.0,0.0,0.0,0.0,0.0,0.0,160.16250000000002,21.04999999999677,159.7695,60.34999999999968,1.0,1.0,1.0,1.0,0.0,1.0,0.0,0.0,0.0,0.0,0.0,0.0,0.0,0.0,0.0,0.0,0.0,0.0,0.0,0.0,0.0,0.0,0.0,0.0,0.0,0.0,0.0,0.0,0.0,0.0,157.505,0.0,0.0,0.0,0.0,0.0,0.0,0.0,0.0,0.0,0.0,0.0,1.0,0.0,0.0,0.0,1.0,0.0,0.0,0.0,0.10000000000000003,0.20000000000000007,0.0
1.0,0.0,0.0,0.0,0.0,0.0,0.0,0.0,0.0,0.0,0.0,0.0,0.0,0.0,0.0,0.0,1.0,0.0,0.0,0.0,-0.25881904510252157,0.9659258262890681,99.944,100.76,-0.8160000000000025,142.23259520692207,-0.008164572160409854,1.0,-1.0,1.0,0,0.0,2.8934372635554566,0.7280752472555051,0.6064,0.3144,0.672087,0.00117929,1.74,0.00110641901611726,0.70268,84.0,109.0,0.7706422018348624,-1.0,7.0,0.70377,0.7005,2.0,0.70377,-10.900000000000354,0.0,0.0,0.0,0.0,0.0,0.0,0.7079850000000001,-53.05000000000115,0.714125,-114.45000000000039,0.70338,-7.000000000000339,0.0,0.0,0.0,0.0,0.0,0.0,0.7041550000000001,-14.750000000001151,0.710275,-75.95000000000019,-1.0,-1.0,-1.0,1.0,0.0,-1.0,0.0,0.0,0.0,0.0,0.0,0.0,0.0,0.0,0.0,0.0,0.0,0.0,0.0,0.0,0.0,0.0,0.0,0.0,1.0,0.71436,0.0,0.0,0.0,0.0,0.0,0.0,0.0,0.0,0.0,0.0,0.0,0.0,0.0,0.0,0.0,0.0,1.0,0.0,0.0,0.0,1.0,0.0,0.0,0.0,0.10000000000000003,0.20000000000000007,1.0
1.0,0.0,0.0,0.0,0.0,0.0,0.0,0.0,0.0,0.0,0.0,0.0,0.0,0.0,0.0,0.0,1.0,0.0,0.0,0.0,-0.25881904510252157,0.9659258262890681,99.944,100.76,-0.8160000000000025,71.64444444444445,-0.008164572160409854,0.0,-1.0,-1.0,0,0.0,11.122611748853776,0.6835113437334541,0.5964,0.4036,0.607202,0.00048316,1.39,0.0004490142606631216,1.395,72.0,109.0,0.6605504587155964,1.0,6.0,1.3944,1.3962,2.0,1.3944,5.999999999999339,0.0,0.0,0.0,0.0,0.0,0.0,1.39161,33.90000000000004,1.377345,176.54999999999976,1.3944,5.999999999999339,0.0,0.0,0.0,0.0,0.0,0.0,1.3944,5.999999999999339,1.386965,80.35000000000014,0.0,1.0,1.0,1.0,0.0,1.0,0.0,0.0,0.0,0.0,0.0,0.0,0.0,0.0,0.0,0.0,0.0,0.0,0.0,0.0,0.0,0.0,0.0,0.0,1.0,0.0,0.0,0.0,0.0,0.0,0.0,0.0,0.0,0.0,0.0,0.0,0.0,0.0,0.0,0.0,0.0,0.0,0.0,0.0,0.0,0.0,1.0,0.0,0.0,0.0,0.10000000000000003,0.20000000000000007,0.0
1.0,0.0,0.0,0.0,0.0,0.0,0.0,0.0,0.0,0.0,0.0,0.0,0.0,0.0,0.0,0.0,1.0,0.0,0.0,0.0,-0.25881904510252157,0.9659258262890681,99.944,100.76,-0.8160000000000025,125.1976098911423,-0.008164572160409854,0.0,-1.0,-1.0,0,0.0,1.2483033699113313,0.6513946453122019,0.5748,0.2866,0.455,0.00097213,0.88,0.000969437298091013,0.79829,72.0,109.0,0.6605504587155964,1.0,6.0,0.797,0.80088,2.0,0.796995,12.950000000000461,0.0,0.0,0.0,0.0,0.0,0.0,0.79297,53.200000000001026,0.78764,106.50000000000048,0.796995,12.950000000000461,0.0,0.0,0.0,0.0,0.0,0.0,0.796935,13.550000000001061,0.7893399999999999,89.50000000000125,0.0,1.0,1.0,1.0,0.0,1.0,0.0,0.0,0.0,0.0,0.0,0.0,0.0,0.0,0.0,0.0,0.0,0.0,0.0,0.0,0.0,0.0,0.0,0.0,0.0,0.0,0.78752,0.0,0.78718,0.0,0.0,0.0,0.0,0.0,0.0,0.0,0.0,0.0,0.0,0.0,0.0,0.0,1.0,0.0,0.0,0.0,0.0,1.0,0.0,0.0,0.10000000000000003,0.20000000000000007,0.0
1.0,0.0,0.0,0.0,0.0,0.0,0.0,0.0,0.0,0.0,0.0,0.0,0.0,0.0,0.0,0.0,0.0,1.0,0.0,0.0,-0.25881904510252157,0.9659258262890681,100.048,100.76,-0.7120000000000033,86.73127936612515,-0.007116584039660995,1.0,-1.0,1.0,0,0.0,5.430343529104229,0.681734047801254,0.5628,0.2896,0.623141,0.00063725,1.47,0.000591801133462934,1.15354,72.0,109.0,0.6605504587155964,-1.0,6.0,1.1553,1.15002,2.0,1.1553,-17.599999999999838,0.0,0.0,0.0,0.0,0.0,0.0,1.1572049999999998,-36.64999999999807,1.16482,-112.79999999999957,1.155375,-18.35000000000031,0.0,0.0,0.0,0.0,0.0,0.0,1.15533,-17.899999999999583,1.1592799999999999,-57.39999999999856,1.0,-1.0,-1.0,-1.0,0.0,-1.0,0.0,0.0,0.0,0.0,0.0,0.0,0.0,0.0,0.0,0.0,0.0,0.0,0.0,0.0,0.0,0.0,0.0,0.0,0.0,0.0,0.0,1.16399,0.0,0.0,0.0,0.0,0.0,0.0,0.0,0.0,0.0,0.0,0.0,0.0,0.0,0.0,0.0,0.0,1.0,0.0,0.0,1.0,0.0,1.0,0.10000000000000003,0.20000000000000007,0.0
1.0,0.0,0.0,0.0,0.0,0.0,0.0,0.0,0.0,0.0,0.0,0.0,0.0,0.0,0.0,0.0,0.0,1.0,0.0,0.0,-0.25881904510252157,0.9659258262890681,100.048,100.76,-0.7120000000000033,74.84589143575317,-0.007116584039660995,1.0,-1.0,1.0,0,0.0,13.09172419386981,0.7701773389999925,0.5468,0.2978,0.58498,0.00068294,1.29,0.0006387723147885828,1.3367200000000001,60.0,109.0,0.5504587155963303,-1.0,5.0,1.33933,1.33151,2.0,1.339325,-26.049999999999685,0.0,0.0,0.0,0.0,0.0,0.0,1.339445,-27.249999999998664,1.34775,-110.29999999999873,1.3395000000000001,-27.800000000000047,0.0,0.0,0.0,0.0,0.0,0.0,1.33907,-23.499999999998522,1.3395549999999998,-28.34999999999699,1.0,-1.0,-1.0,-1.0,0.0,0.0,0.0,0.0,0.0,0.0,0.0,0.0,0.0,0.0,0.0,0.0,0.0,0.0,0.0,0.0,0.0,0.0,0.0,0.0,0.0,0.0,0.0,0.0,0.0,0.0,0.0,0.0,0.0,0.0,0.0,0.0,0.0,0.0,0.0,0.0,0.0,0.0,0.0,0.0,1.0,0.0,0.0,1.0,0.0,1.0,0.10000000000000003,0.20000000000000007,0.0
1.0,1.0,0.0,0.0,0.0,0.0,0.0,0.0,0.0,0.0,0.0,0.0,0.0,0.0,0.0,0.0,0.0,1.0,0.0,0.0,-0.25881904510252157,0.9659258262890681,100.048,100.76,-0.7120000000000033,0.6231074406930613,-0.007116584039660995,1.0,-1.0,-1.0,0,0.0,41.07161096641774,0.5781490504412117,0.5148,0.4852,0.455,0.00033499,0.88,0.000333902096646659,160.563,84.0,109.0,0.7706422018348624,1.0,7.0,160.401,160.887,2.0,160.401,16.19999999999777,0.0,0.0,0.0,0.0,0.0,0.0,160.14600000000002,41.69999999999732,157.7985,276.4499999999998,160.429,13.399999999998613,0.0,0.0,0.0,0.0,0.0,0.0,160.3535,20.949999999999136,159.8315,73.14999999999827,1.0,1.0,1.0,1.0,0.0,1.0,0.0,0.0,0.0,0.0,0.0,0.0,0.0,0.0,0.0,0.0,0.0,0.0,0.0,0.0,0.0,0.0,0.0,0.0,0.0,0.0,0.0,0.0,0.0,0.0,0.0,0.0,0.0,0.0,0.0,0.0,0.0,0.0,0.0,0.0,0.0,0.0,0.0,0.0,1.0,0.0,1.0,0.0,0.0,0.0,0.10000000000000003,0.20000000000000007,0.0
1.0,0.0,0.0,0.0,0.0,0.0,0.0,0.0,0.0,0.0,0.0,0.0,0.0,0.0,0.0,0.0,0.0,1.0,0.0,0.0,-0.25881904510252157,0.9659258262890681,100.048,100.76,-0.7120000000000033,143.01969865911883,-0.007116584039660995,1.0,-1.0,1.0,0,0.0,55.8707510832856,0.6415566252843502,0.3566,0.0882,0.573869,0.00105017,1.25,0.0010004534446914433,0.69954,72.0,109.0,0.6605504587155964,-1.0,6.0,0.70158,0.69546,2.0,0.70158,-20.39999999999931,0.0,0.0,0.0,0.0,0.0,0.0,0.707005,-74.64999999999944,0.71359,-140.49999999999895,0.70158,-20.39999999999931,0.0,0.0,0.0,0.0,0.0,0.0,0.7028449999999999,-33.04999999999892,0.70974,-101.99999999999987,0.0,-1.0,-1.0,1.0,0.0,-1.0,0.0,0.0,0.0,0.0,0.0,0.0,0.0,0.0,0.0,0.0,0.0,0.0,0.0,0.0,0.0,0.0,0.0,0.0,1.0,0.0,0.0,0.0,0.0,0.0,0.0,0.0,0.0,0.0,0.0,0.0,0.0,0.0,0.0,0.0,0.0,0.0,0.0,0.0,0.0,1.0,1.0,0.0,0.0,0.0,0.10000000000000003,0.20000000000000007,0.0
1.0,0.0,0.0,0.0,0.0,0.0,0.0,0.0,0.0,0.0,0.0,0.0,0.0,0.0,0.0,0.0,0.0,1.0,0.0,0.0,-0.25881904510252157,0.9659258262890681,100.048,100.76,-0.7120000000000033,71.7508856983032,-0.007116584039660995,0.0,-1.0,-1.0,0,0.0,0.3615334124813652,0.6349585829387857,0.6144,0.3058,0.508846,0.00048564,1.03,0.00047323047547335166,1.39438,60.0,109.0,0.5504587155963303,1.0,5.0,1.39282,1.39751,2.0,1.3928150000000001,15.649999999998165,0.0,0.0,0.0,0.0,0.0,0.0,1.391745,26.34999999999943,1.377345,170.3499999999991,1.392465,19.14999999999889,0.0,0.0,0.0,0.0,0.0,0.0,1.393415,9.649999999998826,1.386965,74.1499999999995,-1.0,1.0,1.0,1.0,0.0,0.0,0.0,0.0,0.0,0.0,0.0,0.0,0.0,0.0,0.0,0.0,0.0,0.0,0.0,0.0,0.0,0.0,0.0,0.0,0.0,0.0,0.0,0.0,0.0,0.0,0.0,0.0,0.0,0.0,0.0,0.0,0.0,0.0,0.0,0.0,0.0,0.0,1.0,0.0,0.0,0.0,1.0,0.0,0.0,1.0,0.10000000000000003,0.20000000000000007,1.0
1.0,0.0,0.0,0.0,0.0,0.0,0.0,0.0,0.0,0.0,0.0,0.0,0.0,0.0,0.0,0.0,0.0,1.0,0.0,0.0,-0.25881904510252157,0.9659258262890681,100.048,100.76,-0.7120000000000033,125.04749525047495,-0.007116584039660995,0.0,-1.0,-1.0,0,0.0,69.50774174305988,0.525049949943488,0.3644,0.0892,0.455,0.00073314,0.88,0.0007306483867331543,0.80008,72.0,109.0,0.6605504587155964,1.0,6.0,0.79832,0.8036,2.0,0.79832,17.599999999999838,0.0,0.0,0.0,0.0,0.0,0.0,0.7936650000000001,64.14999999999948,0.788135,119.44999999999983,0.79832,17.599999999999838,0.0,0.0,0.0,0.0,0.0,0.0,0.79749,25.899999999999814,0.7898350000000001,102.44999999999949,0.0,1.0,1.0,1.0,0.0,1.0,0.0,0.0,0.0,0.0,0.0,0.0,0.0,0.0,0.0,0.0,0.0,0.0,0.0,0.0,0.0,0.0,0.0,0.0,0.0,0.0,0.0,0.0,0.78718,0.0,0.0,0.0,0.0,0.0,0.0,0.0,0.0,0.0,0.0,0.0,0.0,0.0,0.0,0.0,0.0,0.0,0.0,1.0,0.0,0.0,0.10000000000000003,0.20000000000000007,0.0
1.0,0.0,0.0,0.0,0.0,0.0,0.0,0.0,0.0,0.0,0.0,0.0,0.0,0.0,0.0,0.0,0.0,0.0,1.0,0.0,-0.25881904510252157,0.9659258262890681,99.676,100.76,-1.0840000000000032,86.08937485965002,-0.010875235763874986,0.0,-1.0,-0.0,0,0.0,77.90021960129381,0.5879743553186478,0.0,0.0,0.762028,0.00071459,2.55,0.0009906228497980375,1.15782,0.0,109.0,0.0,0.0,0.0,0.0,0.0,0.0,1.15462,32.00000000000092,0.0,0.0,0.0,0.0,0.0,0.0,1.15496,28.600000000000847,1.164375,-65.54999999999866,1.15462,32.00000000000092,0.0,0.0,0.0,0.0,0.0,0.0,1.15462,32.00000000000092,1.1582249999999998,-4.049999999997667,0.0,-1.0,-1.0,-1.0,0.0,1.0,0.0,0.0,0.0,0.0,0.0,0.0,0.0,0.0,0.0,0.0,0.0,0.0,0.0,0.0,0.0,0.0,0.0,0.0,0.0,0.0,1.1507100000000001,0.0,1.1507100000000001,0.0,0.0,0.0,0.0,0.0,0.0,0.0,0.0,0.0,0.0,0.0,0.0,0.0,0.0,0.0,0.0,1.0,0.0,1.0,0.0,0.0,0.0,0.0,-1.0
1.0,0.0,0.0,0.0,0.0,0.0,0.0,0.0,0.0,0.0,0.0,0.0,0.0,0.0,0.0,0.0,0.0,0.0,1.0,0.0,-0.25881904510252157,0.9659258262890681,99.676,100.76,-1.0840000000000032,74.30743998807218,-0.010875235763874986,0.0,-1.0,-0.0,0,0.0,52.53131290671374,0.7907914980896622,0.0,0.0,0.909105,0.00078267,7.27,0.0012895025616936789,1.3414,0.0,109.0,0.0,0.0,0.0,0.0,0.0,0.0,1.33786,35.39999999999877,0.0,0.0,0.0,0.0,0.0,0.0,1.33693,44.69999999999974,1.34775,-63.50000000000078,1.33786,35.39999999999877,0.0,0.0,0.0,0.0,0.0,0.0,1.33786,35.39999999999877,1.339445,19.54999999999929,0.0,1.0,-1.0,-1.0,0.0,1.0,0.0,0.0,0.0,0.0,0.0,0.0,0.0,0.0,0.0,0.0,0.0,0.0,0.0,0.0,0.0,0.0,0.0,0.0,0.0,0.0,1.33277,0.0,1.33244,0.0,0.0,0.0,0.0,0.0,0.0,0.0,0.0,0.0,0.0,0.0,0.0,0.0,0.0,0.0,1.0,0.0,0.0,1.0,0.0,0.0,0.0,0.0,-1.0
1.0,1.0,0.0,0.0,0.0,0.0,0.0,0.0,0.0,0.0,0.0,0.0,0.0,0.0,0.0,0.0,0.0,0.0,1.0,0.0,-0.25881904510252157,0.9659258262890681,99.676,100.76,-1.0840000000000032,0.6232009103299946,-0.010875235763874986,0.0,-1.0,-0.0,0,0.0,72.52613057169923,0.48652027326792135,0.0,0.0,0.651647,0.00044421,1.62,0.0007330234573406902,159.942,0.0,109.0,0.0,0.0,0.0,0.0,0.0,0.0,160.065,-12.299999999999045,0.0,0.0,0.0,0.0,0.0,0.0,160.065,-12.299999999999045,158.30450000000002,163.74999999999886,160.065,-12.299999999999045,0.0,0.0,0.0,0.0,0.0,0.0,160.065,-12.299999999999045,159.94299999999998,-0.09999999999763531,0.0,0.0,1.0,1.0,0.0,-1.0,0.0,0.0,0.0,0.0,0.0,0.0,0.0,0.0,0.0,0.0,0.0,0.0,0.0,0.0,0.0,0.0,0.0,0.0,0.0,0.0,0.0,0.0,0.0,0.0,0.0,0.0,0.0,0.0,0.0,0.0,0.0,0.0,0.0,0.0,0.0,0.0,1.0,0.0,1.0,0.0,1.0,0.0,0.0,0.0,0.0,0.0,-1.0
1.0,0.0,0.0,0.0,0.0,0.0,0.0,0.0,0.0,0.0,0.0,0.0,0.0,0.0,0.0,0.0,0.0,0.0,1.0,0.0,-0.25881904510252157,0.9659258262890681,99.676,100.76,-1.0840000000000032,141.44057214212737,-0.010875235763874986,0.0,-1.0,-0.0,0,0.0,39.49932601829102,0.5010378291697576,0.0,0.0,0.634252,0.00110737,1.52,0.0013917185298185652,0.70472,0.0,109.0,0.0,0.0,0.0,0.0,0.0,0.0,0.7017,30.200000000000227,0.0,0.0,0.0,0.0,0.0,0.0,0.704485,2.349999999999852,0.7125250000000001,-78.05000000000062,0.7017,30.200000000000227,0.0,0.0,0.0,0.0,0.0,0.0,0.7017,30.200000000000227,0.70845,-37.30000000000011,0.0,-1.0,-1.0,1.0,0.0,1.0,0.0,0.0,0.0,0.0,0.0,0.0,0.0,0.0,0.0,0.0,0.0,0.0,0.0,0.0,0.0,0.0,0.0,0.0,0.0,0.0,0.69881,0.0,0.69795,0.0,0.0,0.0,0.0,0.0,0.0,0.0,0.0,0.0,0.0,0.0,0.0,0.0,1.0,0.0,0.0,1.0,1.0,0.0,0.0,0.0,0.0,0.0,-1.0
1.0,0.0,0.0,0.0,0.0,0.0,0.0,0.0,0.0,0.0,0.0,0.0,0.0,0.0,0.0,0.0,0.0,0.0,1.0,0.0,-0.25881904510252157,0.9659258262890681,99.676,100.76,-1.0840000000000032,71.36536120856304,-0.010875235763874986,0.0,-1.0,-1.0,0,0.0,22.178339455439957,0.6801239961030231,0.6164,0.382,0.732263,0.00055506,2.22,0.0007386684914646983,1.3967,72.0,109.0,0.6605504587155964,1.0,6.0,1.3956,1.39891,2.0,1.39777,-10.699999999999044,0.0,0.0,0.0,0.0,0.0,0.0,1.3955950000000001,11.049999999999116,1.3822,144.99999999999957,1.39886,-21.599999999999397,0.0,0.0,0.0,0.0,0.0,0.0,1.396155,5.450000000000177,1.390545,61.550000000001326,1.0,1.0,1.0,1.0,0.0,1.0,0.0,0.0,0.0,0.0,0.0,0.0,0.0,0.0,0.0,0.0,0.0,0.0,0.0,0.0,0.0,0.0,0.0,0.0,0.0,0.0,0.0,0.0,0.0,0.0,0.0,0.0,0.0,0.0,0.0,0.0,0.0,0.0,0.0,0.0,0.0,0.0,0.0,0.0,0.0,0.0,1.0,0.0,0.0,0.0,0.10000000000000003,0.20000000000000007,0.0
1.0,0.0,0.0,0.0,0.0,0.0,0.0,0.0,0.0,0.0,0.0,0.0,0.0,0.0,0.0,0.0,0.0,0.0,1.0,0.0,-0.25881904510252157,0.9659258262890681,99.676,100.76,-1.0840000000000032,125.41174398268726,-0.010875235763874986,0.0,-1.0,-0.0,0,0.0,78.56821580309735,0.6373282596116465,0.0,0.0,0.70217,0.00086596,1.96,0.0010392567192574604,0.79479,0.0,109.0,0.0,0.0,0.0,0.0,0.0,0.0,0.79772,-29.299999999999883,0.0,0.0,0.0,0.0,0.0,0.0,0.79644,-16.500000000000405,0.7887,60.9000000000004,0.79772,-29.299999999999883,0.0,0.0,0.0,0.0,0.0,0.0,0.79772,-29.299999999999883,0.79055,42.40000000000022,0.0,1.0,1.0,1.0,0.0,-1.0,0.0,0.0,0.0,0.0,0.0,0.0,0.0,0.0,0.0,0.0,0.0,0.0,0.0,0.0,0.0,0.0,0.0,0.0,0.0,0.80105,0.0,0.80105,0.0,0.0,0.0,0.0,0.0,0.0,0.0,0.0,0.0,0.0,0.0,0.0,0.0,0.0,0.0,0.0,1.0,0.0,0.0,1.0,0.0,0.0,0.0,0.0,-1.0
1.0,0.0,0.0,0.0,0.0,0.0,0.0,0.0,0.0,0.0,0.0,0.0,0.0,0.0,0.0,0.0,0.0,0.0,0.0,1.0,-0.25881904510252157,0.9659258262890681,99.804,100.76,-0.9560000000000031,86.27966284849795,-0.009578774397819758,0.0,-1.0,-0.0,0,0.0,29.628208200743206,0.5694411214076267,0.0,0.0,0.556156,0.00074484,1.18,0.0006925671139772349,1.15675,0.0,109.0,0.0,0.0,0.0,0.0,0.0,0.0,1.15733,-5.800000000000249,0.0,0.0,0.0,0.0,0.0,0.0,1.15462,21.299999999999653,1.164375,-76.24999999999993,1.15719,-4.3999999999999595,0.0,0.0,0.0,0.0,0.0,0.0,1.15462,21.299999999999653,1.157765,-10.149999999999881,-1.0,0.0,-1.0,-1.0,0.0,1.0,0.0,0.0,0.0,0.0,0.0,0.0,0.0,0.0,0.0,0.0,0.0,0.0,0.0,0.0,0.0,0.0,0.0,0.0,0.0,0.0,1.1507100000000001,0.0,1.1507100000000001,0.0,0.0,0.0,0.0,0.0,0.0,0.0,0.0,0.0,0.0,0.0,0.0,0.0,0.0,0.0,0.0,0.0,0.0,1.0,0.0,0.0,0.0,0.0,-1.0
1.0,0.0,0.0,0.0,0.0,0.0,0.0,0.0,0.0,0.0,0.0,0.0,0.0,0.0,0.0,0.0,0.0,0.0,0.0,1.0,-0.25881904510252157,0.9659258262890681,99.804,100.76,-0.9560000000000031,74.46170374681051,-0.009578774397819758,0.0,-1.0,-0.0,0,0.0,25.022994349447508,0.6685474004308215,0.0,0.0,0.754028,0.00082716,2.46,0.000775263504022038,1.3403399999999999,0.0,109.0,0.0,0.0,0.0,0.0,0.0,0.0,1.340805,-4.650000000001597,0.0,0.0,0.0,0.0,0.0,0.0,1.33786,24.799999999998157,1.34775,-74.10000000000139,1.34067,-3.300000000001635,0.0,0.0,0.0,0.0,0.0,0.0,1.33786,24.799999999998157,1.339445,8.949999999998681,-1.0,0.0,-1.0,-1.0,0.0,1.0,0.0,0.0,0.0,0.0,0.0,0.0,0.0,0.0,0.0,0.0,0.0,0.0,0.0,0.0,0.0,0.0,0.0,0.0,0.0,0.0,1.33277,0.0,1.33244,0.0,0.0,0.0,0.0,0.0,0.0,0.0,0.0,0.0,0.0,0.0,0.0,0.0,0.0,0.0,0.0,0.0,0.0,1.0,0.0,0.0,0.0,0.0,-1.0
1.0,1.0,0.0,0.0,0.0,0.0,0.0,0.0,0.0,0.0,0.0,0.0,0.0,0.0,0.0,0.0,0.0,0.0,0.0,1.0,-0.25881904510252157,0.9659258262890681,99.804,100.76,-0.9560000000000031,0.6230390351397412,-0.009578774397819758,1.0,-1.0,-1.0,0,0.0,31.766704403742622,0.5796929590662496,0.5118,0.4882,0.654168,0.00047921,1.63,0.0004352371545841277,160.189,60.0,109.0,0.5504587155963303,1.0,5.0,160.065,160.437,2.0,159.9565,23.24999999999875,0.0,0.0,0.0,0.0,0.0,0.0,160.065,12.399999999999523,158.5105,167.84999999999854,160.2465,-5.750000000000455,0.0,0.0,0.0,0.0,0.0,0.0,160.065,12.399999999999523,159.9805,20.84999999999866,1.0,0.0,1.0,1.0,0.0,-1.0,0.0,0.0,0.0,0.0,0.0,0.0,0.0,0.0,0.0,0.0,0.0,0.0,0.0,0.0,0.0,0.0,0.0,0.0,0.0,0.0,0.0,0.0,0.0,0.0,0.0,0.0,0.0,0.0,0.0,0.0,0.0,0.0,0.0,0.0,0.0,0.0,0.0,1.0,0.0,1.0,1.0,0.0,0.0,0.0,0.10000000000000003,0.20000000000000007,0.0
1.0,0.0,0.0,0.0,0.0,0.0,0.0,0.0,0.0,0.0,0.0,0.0,0.0,0.0,0.0,0.0,0.0,0.0,0.0,1.0,-0.25881904510252157,0.9659258262890681,99.804,100.76,-0.9560000000000031,141.67045196456962,-0.009578774397819758,0.0,-1.0,-0.0,0,0.0,43.37539551362512,0.6101710305214106,0.0,0.0,0.53046,0.00111082,1.09,0.0010518518980583802,0.70448,0.0,109.0,0.0,0.0,0.0,0.0,0.0,0.0,0.704035,4.450000000000287,0.0,0.0,0.0,0.0,0.0,0.0,0.70268,18.000000000000238,0.7125250000000001,-80.4500000000008,0.704555,-0.7500000000004725,0.0,0.0,0.0,0.0,0.0,0.0,0.7019299999999999,25.500000000000522,0.70834,-38.599999999999746,1.0,-1.0,-1.0,1.0,0.0,1.0,0.0,0.0,0.0,0.0,0.0,0.0,0.0,0.0,0.0,0.0,0.0,0.0,0.0,0.0,0.0,0.0,0.0,0.0,0.0,0.0,0.69881,0.0,0.69795,0.0,0.0,0.0,0.0,0.0,0.0,0.0,0.0,0.0,0.0,0.0,0.0,0.0,0.0,1.0,1.0,0.0,1.0,0.0,0.0,0.0,0.0,0.0,-1.0
1.0,0.0,0.0,0.0,0.0,0.0,0.0,0.0,0.0,0.0,0.0,0.0,0.0,0.0,0.0,0.0,0.0,0.0,0.0,1.0,-0.25881904510252157,0.9659258262890681,99.804,100.76,-0.9560000000000031,71.3481981370145,-0.009578774397819758,0.0,-1.0,-1.0,0,0.0,25.599426089870413,0.7696712614508979,0.622,0.363,0.682992,0.00054303,1.82,0.0004953754826040932,1.39883,84.0,109.0,0.7706422018348624,1.0,7.0,1.39735,1.40178,2.0,1.397355,14.750000000001151,0.0,0.0,0.0,0.0,0.0,0.0,1.396155,26.74999999999983,1.3833199999999999,155.10000000000136,1.397635,11.950000000000571,0.0,0.0,0.0,0.0,0.0,0.0,1.398755,0.7500000000004725,1.39194,68.90000000000063,1.0,1.0,1.0,1.0,0.0,1.0,0.0,0.0,0.0,0.0,0.0,0.0,0.0,0.0,0.0,0.0,0.0,0.0,0.0,0.0,0.0,0.0,0.0,0.0,0.0,0.0,0.0,0.0,0.0,0.0,0.0,0.0,0.0,0.0,0.0,0.0,0.0,0.0,0.0,0.0,0.0,0.0,1.0,0.0,0.0,0.0,1.0,0.0,0.0,0.0,0.10000000000000003,0.20000000000000007,0.0
1.0,0.0,0.0,0.0,0.0,0.0,0.0,0.0,0.0,0.0,0.0,0.0,0.0,0.0,0.0,0.0,0.0,0.0,0.0,1.0,-0.25881904510252157,0.9659258262890681,99.804,100.76,-0.9560000000000031,125.2293059964616,-0.009578774397819758,0.0,-1.0,-0.0,0,0.0,23.053912256537277,0.6272754774565595,0.0,0.0,0.542261,0.00087752,1.13,0.0008422671148882847,0.79697,0.0,109.0,0.0,0.0,0.0,0.0,0.0,0.0,0.795795,11.749999999999261,0.0,0.0,0.0,0.0,0.0,0.0,0.7976449999999999,-6.749999999999812,0.7887,82.69999999999999,0.7967,2.6999999999999247,0.0,0.0,0.0,0.0,0.0,0.0,0.7976449999999999,-6.749999999999812,0.792855,41.1499999999998,1.0,0.0,1.0,1.0,0.0,-1.0,0.0,0.0,0.0,0.0,0.0,0.0,0.0,0.0,0.0,0.0,0.0,0.0,0.0,0.0,0.0,0.0,0.0,0.0,0.0,0.80105,0.0,0.80105,0.78718,0.0,0.0,0.0,0.0,0.0,0.0,0.0,0.0,0.0,0.0,0.0,0.0,0.0,0.0,0.0,0.0,0.0,0.0,1.0,0.0,0.0,0.0,0.0,-1.0
1.0,0.0,0.0,0.0,0.0,0.0,0.0,0.0,0.0,0.0,0.0,0.0,0.0,0.0,0.0,1.0,0.0,0.0,0.0,0.0,-0.25881904510252157,0.9659258262890681,99.682,100.76,-1.078000000000003,86.02100430614165,-0.010814389759435033,0.0,-1.0,-0.0,0,0.0,14.369454292724338,0.5281182936315516,0.0,0.0,0.455,0.00079079,0.88,0.0007886010842111684,1.15881,0.0,109.0,0.0,0.0,0.0,0.0,0.0,0.0,1.159405,-5.950000000001232,0.0,0.0,0.0,0.0,0.0,0.0,1.15624,25.699999999999612,1.164375,-55.65000000000042,1.1602000000000001,-13.900000000002244,0.0,0.0,0.0,0.0,0.0,0.0,1.159105,-2.9500000000015625,1.157245,15.649999999998165,1.0,1.0,-1.0,-1.0,0.0,1.0,0.0,0.0,0.0,0.0,0.0,0.0,0.0,0.0,0.0,0.0,0.0,0.0,0.0,0.0,0.0,0.0,0.0,0.0,0.0,0.0,1.1507100000000001,0.0,1.1507100000000001,0.0,0.0,0.0,0.0,0.0,0.0,0.0,0.0,0.0,0.0,0.0,0.0,0.0,1.0,0.0,1.0,0.0,0.0,0.0,0.0,0.0,0.0,0.0,-1.0
1.0,0.0,0.0,0.0,0.0,0.0,0.0,0.0,0.0,0.0,0.0,0.0,0.0,0.0,0.0,1.0,0.0,0.0,0.0,0.0,-0.25881904510252157,0.9659258262890681,99.682,100.76,-1.078000000000003,74.33518769854882,-0.010814389759435033,0.0,-1.0,-0.0,0,0.0,8.389464962511715,0.5743320409338346,0.0,0.0,0.679575,0.00084045,1.79,0.0008205124850999445,1.34098,0.0,109.0,0.0,0.0,0.0,0.0,0.0,0.0,1.34293,-19.499999999998963,0.0,0.0,0.0,0.0,0.0,0.0,1.3392650000000001,17.14999999999911,1.34775,-67.69999999999942,1.342505,-15.249999999999986,0.0,0.0,0.0,0.0,0.0,0.0,1.3425150000000001,-15.350000000000641,1.339445,15.350000000000641,-1.0,1.0,-1.0,-1.0,0.0,1.0,0.0,0.0,0.0,0.0,0.0,0.0,0.0,0.0,0.0,0.0,0.0,0.0,0.0,0.0,0.0,0.0,0.0,0.0,1.0,0.0,1.33277,0.0,1.33244,0.0,0.0,0.0,0.0,0.0,0.0,0.0,0.0,0.0,0.0,0.0,0.0,0.0,0.0,0.0,1.0,0.0,0.0,0.0,0.0,0.0,0.0,0.0,-1.0
1.0,1.0,0.0,0.0,0.0,0.0,0.0,0.0,0.0,0.0,0.0,0.0,0.0,0.0,0.0,1.0,0.0,0.0,0.0,0.0,-0.25881904510252157,0.9659258262890681,99.682,100.76,-1.078000000000003,0.6216448812612253,-0.010814389759435033,1.0,-1.0,-1.0,0,0.0,13.561139008800977,0.598068280465705,0.5182,0.4818,0.542179,0.00057921,1.13,0.0005548919649452117,160.352,72.0,109.0,0.6605504587155964,1.0,6.0,160.065,160.926,2.0,160.06099999999998,29.100000000002524,0.0,0.0,0.0,0.0,0.0,0.0,160.065,28.700000000000614,158.54500000000002,180.6999999999988,160.20850000000002,14.349999999998886,0.0,0.0,0.0,0.0,0.0,0.0,160.06099999999998,29.100000000002524,159.9805,37.14999999999975,1.0,-1.0,1.0,1.0,0.0,1.0,0.0,0.0,0.0,0.0,0.0,0.0,0.0,0.0,0.0,0.0,0.0,0.0,0.0,0.0,0.0,0.0,0.0,0.0,0.0,0.0,0.0,0.0,0.0,0.0,0.0,0.0,0.0,0.0,0.0,0.0,0.0,0.0,0.0,0.0,0.0,0.0,0.0,1.0,0.0,0.0,1.0,0.0,0.0,0.0,0.10000000000000003,0.20000000000000007,0.0
1.0,0.0,0.0,0.0,0.0,0.0,0.0,0.0,0.0,0.0,0.0,0.0,0.0,0.0,0.0,1.0,0.0,0.0,0.0,0.0,-0.25881904510252157,0.9659258262890681,99.682,100.76,-1.078000000000003,140.9989108448732,-0.010814389759435033,0.0,-1.0,-1.0,0,0.0,13.651830294180847,0.5533908138456136,0.6294,0.3668,0.455,0.00114979,0.88,0.001145231096319623,0.70697,60.0,109.0,0.5504587155963303,1.0,5.0,0.70635,0.70821,2.0,0.70635,6.199999999999539,0.0,0.0,0.0,0.0,0.0,0.0,0.70336,36.10000000000002,0.7125250000000001,-55.55000000000088,0.707625,-6.549999999999612,0.0,0.0,0.0,0.0,0.0,0.0,0.705985,9.850000000000136,0.708025,-10.550000000000281,1.0,1.0,-1.0,1.0,0.0,1.0,0.0,0.0,0.0,0.0,0.0,0.0,0.0,0.0,0.0,0.0,0.0,0.0,0.0,0.0,0.0,0.0,0.0,0.0,1.0,0.0,0.70159,0.0,0.69795,0.0,0.0,0.0,0.0,0.0,0.0,0.0,0.0,0.0,0.0,0.0,0.0,0.0,1.0,0.0,1.0,0.0,0.0,0.0,0.0,0.0,0.10000000000000003,0.20000000000000007,0.0
1.0,0.0,0.0,0.0,0.0,0.0,0.0,0.0,0.0,0.0,0.0,0.0,0.0,0.0,0.0,1.0,0.0,0.0,0.0,0.0,-0.25881904510252157,0.9659258262890681,99.682,100.76,-1.078000000000003,71.24926736523095,-0.010814389759435033,0.0,-1.0,-1.0,0,0.0,29.722135365707587,0.6204390412408141,0.624,0.325,0.590885,0.00057309,1.32,0.0005655046759382336,1.39906,84.0,109.0,0.7706422018348624,1.0,7.0,1.39722,1.40275,2.0,1.397215,18.449999999998745,0.0,0.0,0.0,0.0,0.0,0.0,1.396155,29.049999999999354,1.383605,154.54999999999995,1.3981999999999999,8.60000000000083,0.0,0.0,0.0,0.0,0.0,0.0,1.397215,18.449999999998745,1.3926150000000002,64.44999999999811,1.0,1.0,1.0,1.0,0.0,1.0,0.0,0.0,0.0,0.0,0.0,0.0,0.0,0.0,0.0,0.0,0.0,0.0,0.0,0.0,0.0,0.0,0.0,0.0,1.0,0.0,0.0,0.0,0.0,0.0,0.0,0.0,0.0,0.0,0.0,0.0,0.0,0.0,0.0,0.0,0.0,0.0,0.0,1.0,0.0,1.0,1.0,0.0,0.0,0.0,0.10000000000000003,0.20000000000000007,1.0
1.0,0.0,0.0,0.0,0.0,0.0,0.0,0.0,0.0,0.0,0.0,0.0,0.0,0.0,0.0,1.0,0.0,0.0,0.0,0.0,-0.25881904510252157,0.9659258262890681,99.682,100.76,-1.078000000000003,125.42718373304477,-0.010814389759435033,0.0,-1.0,-0.0,0,0.0,13.832646220937741,0.5923662195546271,0.0,0.0,0.455,0.00093712,0.88,0.00093467876636946,0.79474,0.0,109.0,0.0,0.0,0.0,0.0,0.0,0.0,0.7945599999999999,1.80000000000069,0.0,0.0,0.0,0.0,0.0,0.0,0.796685,-19.449999999999747,0.7887,60.40000000000045,0.7935,12.400000000000189,0.0,0.0,0.0,0.0,0.0,0.0,0.794835,-0.9499999999995623,0.7938149999999999,9.250000000000647,-1.0,-1.0,1.0,1.0,0.0,-1.0,0.0,0.0,0.0,0.0,0.0,0.0,0.0,0.0,0.0,0.0,0.0,0.0,0.0,0.0,0.0,0.0,0.0,0.0,0.0,0.80105,0.0,0.80105,0.78718,0.0,0.0,0.0,0.0,0.0,0.0,0.0,0.0,0.0,0.0,0.0,0.0,0.0,0.0,1.0,0.0,1.0,0.0,0.0,0.0,0.0,0.0,0.0,-1.0
1.0,0.0,0.0,0.0,0.0,0.0,0.0,0.0,0.0,0.0,0.0,0.0,0.0,0.0,0.0,0.0,1.0,0.0,0.0,0.0,-0.25881904510252157,0.9659258262890681,99.553,100.76,-1.2070000000000078,85.76018883040582,-0.012124195152330998,0.0,-1.0,-1.0,0,0.0,24.106776249816715,0.5111836887444341,0.6162,0.3808,0.488333,0.00079323,0.97,0.0007896334796435766,1.16083,60.0,109.0,0.5504587155963303,1.0,5.0,1.15972,1.16304,2.0,1.159725,11.050000000001337,0.0,0.0,0.0,0.0,0.0,0.0,1.15624,45.900000000000944,1.164375,-35.44999999999909,1.160375,4.550000000000942,0.0,0.0,0.0,0.0,0.0,0.0,1.1597650000000002,10.649999999998716,1.157245,35.8499999999995,1.0,1.0,-1.0,-1.0,0.0,1.0,0.0,0.0,0.0,0.0,0.0,0.0,0.0,0.0,0.0,0.0,0.0,0.0,0.0,0.0,0.0,0.0,0.0,0.0,1.0,0.0,1.1507100000000001,0.0,1.1507100000000001,0.0,0.0,0.0,0.0,0.0,0.0,0.0,0.0,0.0,0.0,0.0,0.0,0.0,0.0,1.0,1.0,0.0,0.0,0.0,0.0,0.0,0.10000000000000003,0.20000000000000007,0.0
1.0,0.0,0.0,0.0,0.0,0.0,0.0,0.0,0.0,0.0,0.0,0.0,0.0,0.0,0.0,0.0,1.0,0.0,0.0,0.0,-0.25881904510252157,0.9659258262890681,99.553,100.76,-1.2070000000000078,74.15769674848225,-0.012124195152330998,0.0,-1.0,-0.0,0,0.0,8.315552642997424,0.5280755019835691,0.0,0.0,0.882118,0.00084018,5.53,0.0005977534414595484,1.34245,0.0,109.0,0.0,0.0,0.0,0.0,0.0,0.0,1.3416649999999999,7.850000000000357,0.0,0.0,0.0,0.0,0.0,0.0,1.3392650000000001,31.849999999997713,1.345595,-31.450000000001754,1.3422749999999999,1.7500000000003624,0.0,0.0,0.0,0.0,0.0,0.0,1.3417400000000002,7.099999999997664,1.339445,30.049999999999244,1.0,1.0,-1.0,-1.0,0.0,0.0,0.0,0.0,0.0,0.0,0.0,0.0,0.0,0.0,0.0,0.0,0.0,0.0,0.0,0.0,0.0,0.0,0.0,0.0,1.0,0.0,1.33277,0.0,1.33244,0.0,0.0,0.0,0.0,0.0,0.0,0.0,0.0,0.0,0.0,0.0,0.0,0.0,0.0,1.0,1.0,0.0,0.0,0.0,0.0,0.0,0.0,0.0,-1.0
1.0,1.0,0.0,0.0,0.0,0.0,0.0,0.0,0.0,0.0,0.0,0.0,0.0,0.0,0.0,0.0,1.0,0.0,0.0,0.0,-0.25881904510252157,0.9659258262890681,99.553,100.76,-1.2070000000000078,0.6203954707198364,-0.012124195152330998,1.0,-1.0,-1.0,0,0.0,58.59150232966909,0.48692266832776226,0.5192,0.4808,0.61527,0.00058806,1.43,0.0005561078286265738,160.467,84.0,109.0,0.7706422018348624,1.0,7.0,160.2625,160.876,2.0,160.2625,20.450000000002433,0.0,0.0,0.0,0.0,0.0,0.0,160.065,40.20000000000152,158.6575,180.9500000000014,160.397,7.00000000000216,0.0,0.0,0.0,0.0,0.0,0.0,160.253,21.400000000002706,160.065,40.20000000000152,1.0,1.0,1.0,1.0,0.0,1.0,0.0,0.0,0.0,0.0,0.0,0.0,0.0,0.0,0.0,0.0,0.0,0.0,0.0,0.0,0.0,0.0,0.0,0.0,0.0,0.0,0.0,0.0,0.0,0.0,0.0,0.0,0.0,0.0,0.0,0.0,0.0,0.0,0.0,0.0,0.0,0.0,1.0,0.0,1.0,0.0,1.0,0.0,0.0,0.0,0.10000000000000003,0.20000000000000007,0.0
1.0,0.0,0.0,0.0,0.0,0.0,0.0,0.0,0.0,0.0,0.0,0.0,0.0,0.0,0.0,0.0,1.0,0.0,0.0,0.0,-0.25881904510252157,0.9659258262890681,99.553,100.76,-1.2070000000000078,140.88818442988352,-0.012124195152330998,0.0,-1.0,-0.0,0,0.0,3.495081624397383,0.5888487697215598,0.0,0.0,0.455,0.00114057,0.88,0.0011364220924409386,0.70661,0.0,109.0,0.0,0.0,0.0,0.0,0.0,0.0,0.70608,5.299999999999194,0.0,0.0,0.0,0.0,0.0,0.0,0.70336,32.49999999999975,0.7125250000000001,-59.15000000000114,0.70713,-5.20000000000076,0.0,0.0,0.0,0.0,0.0,0.0,0.706515,0.9499999999995623,0.706385,2.249999999999197,1.0,1.0,-1.0,1.0,0.0,0.0,0.0,0.0,0.0,0.0,0.0,0.0,0.0,0.0,0.0,0.0,0.0,0.0,0.0,0.0,0.0,0.0,0.0,0.0,1.0,0.0,0.70159,0.71436,0.69795,0.0,0.0,0.0,0.0,0.0,0.0,0.0,0.0,0.0,0.0,0.0,0.0,0.0,0.0,0.0,0.0,0.0,0.0,0.0,0.0,0.0,0.0,0.0,-1.0
1.0,0.0,0.0,0.0,0.0,0.0,0.0,0.0,0.0,0.0,0.0,0.0,0.0,0.0,0.0,0.0,1.0,0.0,0.0,0.0,-0.25881904510252157,0.9659258262890681,99.553,100.76,-1.2070000000000078,71.13519925115577,-0.012124195152330998,0.0,-1.0,-1.0,0,0.0,28.279043942829258,0.5527917042027563,0.4662,0.1792,0.558041,0.00058048,1.19,0.0005787205338858979,1.3994900000000001,60.0,109.0,0.5504587155963303,1.0,5.0,1.39616,1.40616,2.0,1.39987,-3.7999999999982492,0.0,0.0,0.0,0.0,0.0,0.0,1.396155,33.350000000000875,1.384705,147.85000000000048,1.399785,-2.949999999999342,0.0,0.0,0.0,0.0,0.0,0.0,1.399245,2.4500000000005073,1.394485,50.05000000000148,-1.0,1.0,1.0,1.0,0.0,1.0,0.0,0.0,0.0,0.0,0.0,0.0,0.0,0.0,0.0,0.0,0.0,0.0,0.0,0.0,0.0,0.0,0.0,0.0,0.0,0.0,0.0,0.0,0.0,0.0,0.0,0.0,0.0,0.0,0.0,0.0,0.0,0.0,0.0,0.0,0.0,0.0,1.0,0.0,0.0,0.0,1.0,0.0,0.0,1.0,0.10000000000000003,0.20000000000000007,1.0
1.0,0.0,0.0,0.0,0.0,0.0,0.0,0.0,0.0,0.0,0.0,0.0,0.0,0.0,0.0,0.0,1.0,0.0,0.0,0.0,-0.25881904510252157,0.9659258262890681,99.553,100.76,-1.2070000000000078,125.51598058374834,-0.012124195152330998,1.0,-1.0,1.0,0,0.0,27.605073370183554,0.6503442970071442,0.6246,0.3348,0.510556,0.0009242,1.03,0.0009199589663457487,0.79315,60.0,109.0,0.5504587155963303,-1.0,5.0,0.79405,0.79135,2.0,0.7940499999999999,-8.999999999999009,0.0,0.0,0.0,0.0,0.0,0.0,0.796685,-35.34999999999955,0.788715,44.34999999999967,0.7939350000000001,-7.850000000000357,0.0,0.0,0.0,0.0,0.0,0.0,0.794025,-8.749999999999591,0.79403,-8.799999999999919,-1.0,-1.0,1.0,1.0,0.0,-1.0,0.0,0.0,0.0,0.0,0.0,0.0,0.0,0.0,0.0,0.0,0.0,0.0,0.0,0.0,0.0,0.0,0.0,0.0,0.0,0.79863,0.0,0.80105,0.78718,0.0,0.0,0.0,0.0,0.0,0.0,0.0,0.0,0.0,0.0,0.0,0.0,0.0,1.0,0.0,0.0,1.0,0.0,0.0,0.0,0.0,0.10000000000000003,0.20000000000000007,1.0
1.0,0.0,0.0,0.0,0.0,0.0,0.0,0.0,0.0,0.0,0.0,0.0,0.0,0.0,0.0,0.0,0.0,1.0,0.0,0.0,-0.25881904510252157,0.9659258262890681,100.397,100.76,-0.36299999999999955,87.29566638842516,-0.0036156458858332373,1.0,-1.0,1.0,0,0.0,32.828193539452386,0.48662349442825276,0.3698,0.0926,0.551853,0.00090146,1.17,0.0013475182950045018,1.15008,84.0,109.0,0.7706422018348624,-1.0,7.0,1.15471,1.14082,2.0,1.1547100000000001,-46.30000000000134,0.0,0.0,0.0,0.0,0.0,0.0,1.154985,-49.04999999999937,1.16098,-108.99999999999909,1.1540300000000001,-39.5000000000012,0.0,0.0,0.0,0.0,0.0,0.0,1.154875,-47.95000000000105,1.15611,-60.2999999999998,-1.0,-1.0,-1.0,-1.0,0.0,-1.0,0.0,0.0,0.0,0.0,0.0,0.0,0.0,0.0,0.0,0.0,0.0,0.0,0.0,0.0,0.0,0.0,0.0,0.0,0.0,1.15955,0.0,1.16028,0.0,0.0,0.0,0.0,0.0,0.0,0.0,0.0,0.0,0.0,0.0,0.0,0.0,0.0,1.0,0.0,0.0,0.0,0.0,0.0,0.0,0.0,0.10000000000000003,0.20000000000000007,-1.0
1.0,0.0,0.0,0.0,0.0,0.0,0.0,0.0,0.0,0.0,0.0,0.0,0.0,0.0,0.0,0.0,0.0,1.0,0.0,0.0,-0.25881904510252157,0.9659258262890681,100.397,100.76,-0.36299999999999955,75.51599121461022,-0.0036156458858332373,1.0,-1.0,1.0,0,0.0,0.0,0.5010277535913227,0.0,0.0,0.612029,0.00088475,1.41,0.0015314961037720268,1.32948,84.0,109.0,0.7706422018348624,-1.0,7.0,1.33486,1.31872,2.0,1.33486,-53.7999999999994,0.0,0.0,0.0,0.0,0.0,0.0,1.3361450000000001,-66.65000000000143,1.3406500000000001,-111.70000000000124,1.3340049999999999,-45.249999999998906,0.0,0.0,0.0,0.0,0.0,0.0,1.33524,-57.59999999999987,1.337255,-77.75000000000088,-1.0,-1.0,-1.0,-1.0,0.0,-1.0,0.0,0.0,0.0,0.0,0.0,0.0,0.0,0.0,0.0,0.0,0.0,0.0,0.0,0.0,0.0,0.0,0.0,0.0,1.0,1.34013,0.0,1.34181,0.0,0.0,0.0,0.0,0.0,0.0,0.0,0.0,0.0,0.0,0.0,0.0,0.0,0.0,1.0,0.0,0.0,0.0,0.0,0.0,0.0,0.0,0.10000000000000003,0.20000000000000007,1.0
1.0,1.0,0.0,0.0,0.0,0.0,0.0,0.0,0.0,0.0,0.0,0.0,0.0,0.0,0.0,0.0,0.0,1.0,0.0,0.0,-0.25881904510252157,0.9659258262890681,100.397,100.76,-0.36299999999999955,0.6248762969371433,-0.0036156458858332373,1.0,-1.0,-1.0,0,0.0,77.52071322489162,0.6608853198889872,0.5182,0.4818,0.519349,0.00052588,1.06,0.0006113109963851633,160.667,84.0,109.0,0.7706422018348624,1.0,7.0,160.454,161.093,2.0,160.454,21.299999999999386,0.0,0.0,0.0,0.0,0.0,0.0,160.16699999999997,50.00000000000284,159.05,161.69999999999902,160.474,19.300000000001205,0.0,0.0,0.0,0.0,0.0,0.0,160.454,21.299999999999386,160.16699999999997,50.00000000000284,1.0,1.0,1.0,1.0,0.0,1.0,0.0,0.0,0.0,0.0,0.0,0.0,0.0,0.0,0.0,0.0,0.0,0.0,0.0,0.0,0.0,0.0,0.0,0.0,0.0,0.0,0.0,0.0,0.0,0.0,0.0,0.0,0.0,0.0,0.0,0.0,0.0,0.0,0.0,0.0,0.0,0.0,0.0,0.0,1.0,0.0,1.0,0.0,0.0,0.0,0.10000000000000003,0.20000000000000007,1.0
1.0,0.0,0.0,0.0,0.0,0.0,0.0,0.0,0.0,0.0,0.0,0.0,0.0,0.0,0.0,0.0,0.0,1.0,0.0,0.0,-0.25881904510252157,0.9659258262890681,100.397,100.76,-0.36299999999999955,143.16046143535485,-0.0036156458858332373,1.0,-1.0,1.0,0,0.0,100.0,0.5803039542158369,0.3702,0.0964,0.600918,0.00112099,1.36,0.0017605583280623093,0.70129,60.0,109.0,0.5504587155963303,-1.0,5.0,0.70339,0.69709,2.0,0.70351,-22.199999999999996,0.0,0.0,0.0,0.0,0.0,0.0,0.70339,-20.999999999999908,0.7125250000000001,-112.35000000000106,0.70351,-22.199999999999996,0.0,0.0,0.0,0.0,0.0,0.0,0.70372,-24.30000000000043,0.706125,-48.350000000000335,0.0,1.0,-1.0,1.0,0.0,-1.0,0.0,0.0,0.0,0.0,0.0,0.0,0.0,0.0,0.0,0.0,0.0,0.0,0.0,0.0,0.0,0.0,0.0,0.0,0.0,0.7074,0.0,0.70625,0.0,0.0,0.0,0.0,0.0,0.0,0.0,0.0,0.0,0.0,0.0,0.0,0.0,0.0,0.0,0.0,0.0,0.0,0.0,1.0,0.0,0.0,0.10000000000000003,0.20000000000000007,0.0
1.0,0.0,0.0,0.0,0.0,0.0,0.0,0.0,0.0,0.0,0.0,0.0,0.0,0.0,0.0,0.0,0.0,1.0,0.0,0.0,-0.25881904510252157,0.9659258262890681,100.397,100.76,-0.36299999999999955,71.1924380593099,-0.0036156458858332373,0.0,-1.0,-1.0,0,0.0,0.0,0.5462111817040534,0.0,0.0,0.667485,0.00071654,1.71,0.0014429037060276206,1.41022,84.0,109.0,0.7706422018348624,1.0,7.0,1.40556,1.41954,2.0,1.40556,46.60000000000109,0.0,0.0,0.0,0.0,0.0,0.0,1.40366,65.60000000000122,1.3903400000000001,198.799999999999,1.4062299999999999,39.9000000000016,0.0,0.0,0.0,0.0,0.0,0.0,1.40514,50.799999999999734,1.39943,107.90000000000077,1.0,1.0,1.0,1.0,0.0,1.0,0.0,0.0,0.0,0.0,0.0,0.0,0.0,0.0,0.0,0.0,0.0,0.0,0.0,0.0,0.0,0.0,0.0,0.0,0.0,0.0,1.40247,0.0,1.4004400000000001,0.0,0.0,0.0,0.0,0.0,0.0,0.0,0.0,0.0,0.0,0.0,0.0,0.0,0.0,0.0,1.0,0.0,1.0,0.0,0.0,0.0,0.10000000000000003,0.20000000000000007,-1.0
1.0,0.0,0.0,0.0,0.0,0.0,0.0,0.0,0.0,0.0,0.0,0.0,0.0,0.0,0.0,0.0,0.0,1.0,0.0,0.0,-0.25881904510252157,0.9659258262890681,100.397,100.76,-0.36299999999999955,125.54803856590844,-0.0036156458858332373,0.0,-1.0,-1.0,0,0.0,93.74929195571728,0.4678595623395414,0.2872,0.0454,0.736262,0.00117442,2.26,0.0024394407918659215,0.79967,72.0,109.0,0.6605504587155964,1.0,6.0,0.79626,0.80649,2.0,0.79626,34.10000000000024,0.0,0.0,0.0,0.0,0.0,0.0,0.79626,34.10000000000024,0.7905249999999999,91.4500000000007,0.79668,29.899999999999373,0.0,0.0,0.0,0.0,0.0,0.0,0.79626,34.10000000000024,0.7943549999999999,53.150000000000695,1.0,0.0,1.0,1.0,0.0,1.0,0.0,0.0,0.0,0.0,0.0,0.0,0.0,0.0,0.0,0.0,0.0,0.0,0.0,0.0,0.0,0.0,0.0,0.0,0.0,0.0,0.79185,0.0,0.79218,0.0,0.0,0.0,0.0,0.0,0.0,0.0,0.0,0.0,0.0,0.0,0.0,0.0,0.0,0.0,0.0,1.0,0.0,0.0,0.0,0.0,0.10000000000000003,0.20000000000000007,1.0
1.0,0.0,0.0,0.0,0.0,0.0,0.0,0.0,0.0,0.0,0.0,0.0,0.0,0.0,0.0,0.0,0.0,0.0,1.0,0.0,-0.25881904510252157,0.9659258262890681,100.811,100.76,0.05100000000000193,87.98767608707037,0.0005058971739195319,0.0,1.0,-1.0,0,0.0,100.0,0.6374856634645998,0.4388,0.1488,0.562964,0.00091333,1.21,0.0008202928937810402,1.14574,84.0,109.0,0.7706422018348624,-1.0,7.0,1.14966,1.1379,2.0,1.14966,-39.199999999999235,0.0,0.0,0.0,0.0,0.0,0.0,1.15366,-79.19999999999928,1.1586400000000001,-129.00000000000134,1.1469399999999998,-11.999999999998678,0.0,0.0,0.0,0.0,0.0,0.0,1.15286,-71.20000000000016,1.15366,-79.19999999999928,-1.0,-1.0,-1.0,-1.0,0.0,-1.0,0.0,0.0,0.0,0.0,0.0,0.0,0.0,0.0,0.0,0.0,0.0,0.0,0.0,0.0,0.0,0.0,0.0,0.0,0.0,1.15955,0.0,1.16028,0.0,0.0,0.0,0.0,0.0,0.0,0.0,0.0,0.0,0.0,0.0,0.0,0.0,0.0,0.0,1.0,0.0,1.0,0.0,0.0,0.0,0.0,0.10000000000000003,0.20000000000000007,1.0
1.0,0.0,0.0,0.0,0.0,0.0,0.0,0.0,0.0,0.0,0.0,0.0,0.0,0.0,0.0,0.0,0.0,0.0,1.0,0.0,-0.25881904510252157,0.9659258262890681,100.811,100.76,0.05100000000000193,76.35866477810686,0.0005058971739195319,0.0,1.0,-1.0,0,0.0,0.0,0.606326637350977,0.0,0.0,0.634152,0.00100292,1.52,0.0008556614585477017,1.32023,84.0,109.0,0.7706422018348624,-1.0,7.0,1.32663,1.30743,2.0,1.32663,-63.999999999999616,0.0,0.0,0.0,0.0,0.0,0.0,1.3326799999999999,-124.4999999999985,1.336255,-160.24999999999955,1.322305,-20.75000000000049,0.0,0.0,0.0,0.0,0.0,0.0,1.3306149999999999,-103.84999999999866,1.3326799999999999,-124.4999999999985,-1.0,-1.0,-1.0,-1.0,0.0,-1.0,0.0,0.0,0.0,0.0,0.0,0.0,0.0,0.0,0.0,0.0,0.0,0.0,0.0,0.0,0.0,0.0,0.0,0.0,0.0,1.33164,0.0,1.34181,0.0,0.0,0.0,0.0,0.0,0.0,0.0,0.0,0.0,0.0,0.0,0.0,0.0,0.0,0.0,1.0,0.0,1.0,0.0,0.0,0.0,0.0,0.10000000000000003,0.20000000000000007,0.0
1.0,1.0,0.0,0.0,0.0,0.0,0.0,0.0,0.0,0.0,0.0,0.0,0.0,0.0,0.0,0.0,0.0,0.0,1.0,0.0,-0.25881904510252157,0.9659258262890681,100.811,100.76,0.05100000000000193,0.6245995997546484,0.0005058971739195319,0.0,1.0,1.0,0,0.0,77.58006027288825,0.5991779668664218,0.529,0.471,0.968004,0.00061337,21.32,0.0009128440170084624,161.401,84.0,109.0,0.7706422018348624,1.0,7.0,161.1345,161.934,2.0,161.1345,26.650000000000773,0.0,0.0,0.0,0.0,0.0,0.0,160.7695,63.15000000000168,159.5565,184.45000000000107,161.302,9.900000000001796,0.0,0.0,0.0,0.0,0.0,0.0,160.9805,42.05000000000041,160.6735,72.75000000000205,1.0,1.0,1.0,1.0,0.0,1.0,0.0,0.0,0.0,0.0,0.0,0.0,0.0,0.0,0.0,0.0,0.0,0.0,0.0,0.0,0.0,0.0,0.0,0.0,0.0,0.0,0.0,0.0,0.0,0.0,0.0,0.0,0.0,0.0,0.0,0.0,0.0,0.0,0.0,0.0,0.0,0.0,1.0,0.0,1.0,0.0,1.0,0.0,0.0,0.0,0.10000000000000003,0.20000000000000007,0.0
1.0,0.0,0.0,0.0,0.0,0.0,0.0,0.0,0.0,0.0,0.0,0.0,0.0,0.0,0.0,0.0,0.0,0.0,1.0,0.0,-0.25881904510252157,0.9659258262890681,100.811,100.76,0.05100000000000193,143.7344055206239,0.0005058971739195319,0.0,1.0,-1.0,0,0.0,26.3561598619878,0.7039645061624925,0.6172,0.378,0.674984,0.00108291,1.76,0.0008611662741800481,0.70137,84.0,109.0,0.7706422018348624,-1.0,7.0,0.70199,0.70012,2.0,0.7019949999999999,-6.2499999999987566,0.0,0.0,0.0,0.0,0.0,0.0,0.704155,-27.849999999999262,0.712155,-107.84999999999934,0.7019299999999999,-5.599999999998939,0.0,0.0,0.0,0.0,0.0,0.0,0.70351,-21.399999999999196,0.70336,-19.899999999999363,-1.0,-1.0,-1.0,1.0,0.0,-1.0,0.0,0.0,0.0,0.0,0.0,0.0,0.0,0.0,0.0,0.0,0.0,0.0,0.0,0.0,0.0,0.0,0.0,0.0,0.0,0.7074,0.0,0.70625,0.0,0.0,0.0,0.0,0.0,0.0,0.0,0.0,0.0,0.0,0.0,0.0,0.0,0.0,0.0,0.0,0.0,0.0,0.0,1.0,0.0,0.0,0.10000000000000003,0.20000000000000007,1.0
1.0,0.0,0.0,0.0,0.0,0.0,0.0,0.0,0.0,0.0,0.0,0.0,0.0,0.0,0.0,0.0,0.0,0.0,1.0,0.0,-0.25881904510252157,0.9659258262890681,100.811,100.76,0.05100000000000193,71.31609105957922,0.0005058971739195319,1.0,1.0,1.0,0,0.0,100.0,0.7313389279009048,0.5836,0.2982,0.678596,0.00070093,1.79,0.0005723304915259939,1.41358,84.0,109.0,0.7706422018348624,1.0,7.0,1.41068,1.41937,2.0,1.410685,28.95000000000092,0.0,0.0,0.0,0.0,0.0,0.0,1.404845,87.35000000000159,1.39239,211.90000000000043,1.41284,7.399999999999629,0.0,0.0,0.0,0.0,0.0,0.0,1.407095,64.85000000000073,1.402285,112.95000000000056,1.0,1.0,1.0,1.0,0.0,1.0,0.0,0.0,0.0,0.0,0.0,0.0,0.0,0.0,0.0,0.0,0.0,0.0,0.0,0.0,0.0,0.0,0.0,0.0,0.0,0.0,1.40247,0.0,1.4004400000000001,0.0,0.0,0.0,0.0,0.0,0.0,0.0,0.0,0.0,0.0,0.0,0.0,0.0,1.0,0.0,1.0,0.0,1.0,0.0,0.0,0.0,0.10000000000000003,0.20000000000000007,1.0
1.0,0.0,0.0,0.0,0.0,0.0,0.0,0.0,0.0,0.0,0.0,0.0,0.0,0.0,0.0,0.0,0.0,0.0,1.0,0.0,-0.25881904510252157,0.9659258262890681,100.811,100.76,0.05100000000000193,125.30888750776882,0.0005058971739195319,1.0,1.0,1.0,0,0.0,68.34717904627892,0.6515755230704404,0.3752,0.0944,0.831231,0.00119143,3.75,0.0008137572758032209,0.8045,84.0,109.0,0.7706422018348624,1.0,7.0,0.80157,0.81037,2.0,0.8015650000000001,29.3499999999991,0.0,0.0,0.0,0.0,0.0,0.0,0.7985949999999999,59.050000000000495,0.79286,116.39999999999984,0.804145,3.549999999999942,0.0,0.0,0.0,0.0,0.0,0.0,0.79871,57.89999999999962,0.7985949999999999,59.050000000000495,1.0,1.0,1.0,1.0,0.0,1.0,0.0,0.0,0.0,0.0,0.0,0.0,0.0,0.0,0.0,0.0,0.0,0.0,0.0,0.0,0.0,0.0,0.0,0.0,0.0,0.0,0.79185,0.0,0.79218,0.0,0.0,0.0,0.0,0.0,0.0,0.0,0.0,0.0,0.0,0.0,0.0,0.0,1.0,0.0,0.0,0.0,0.0,0.0,0.0,0.0,0.10000000000000003,0.20000000000000007,1.0
1.0,0.0,0.0,0.0,0.0,0.0,0.0,0.0,0.0,0.0,0.0,0.0,0.0,0.0,0.0,0.0,0.0,0.0,0.0,1.0,-0.25881904510252157,0.9659258262890681,100.724,100.76,-0.036000000000001364,87.8067491347822,-0.0003574123346968087,1.0,-1.0,1.0,0,0.0,22.534453418435703,0.5861562462416424,0.3628,0.0906,0.551853,0.00093014,1.17,0.0008481182821727606,1.14711,60.0,109.0,0.5504587155963303,-1.0,5.0,1.15192,1.1375,2.0,1.14492,21.900000000001363,0.0,0.0,0.0,0.0,0.0,0.0,1.151915,-48.049999999999486,1.155185,-80.74999999999832,1.146865,2.4500000000005073,0.0,0.0,0.0,0.0,0.0,0.0,1.145265,18.450000000000966,1.151985,-48.74999999999963,1.0,-1.0,-1.0,-1.0,0.0,-1.0,0.0,0.0,0.0,0.0,0.0,0.0,0.0,0.0,0.0,0.0,0.0,0.0,0.0,0.0,0.0,0.0,0.0,0.0,1.0,1.15955,0.0,1.16028,0.0,0.0,0.0,0.0,0.0,0.0,0.0,0.0,0.0,0.0,0.0,0.0,0.0,0.0,0.0,1.0,0.0,1.0,0.0,0.0,0.0,1.0,0.10000000000000003,0.20000000000000007,1.0
1.0,0.0,0.0,0.0,0.0,0.0,0.0,0.0,0.0,0.0,0.0,0.0,0.0,0.0,0.0,0.0,0.0,0.0,0.0,1.0,-0.25881904510252157,0.9659258262890681,100.724,100.76,-0.036000000000001364,76.15720788156483,-0.0003574123346968087,1.0,-1.0,1.0,0,0.0,28.983763215626123,0.5820075565331774,0.342,0.0688,0.600918,0.00107007,1.36,0.0009268511664389782,1.3225799999999999,60.0,109.0,0.5504587155963303,-1.0,5.0,1.33035,1.30703,2.0,1.32016,24.199999999998667,0.0,0.0,0.0,0.0,0.0,0.0,1.330355,-77.75000000000088,1.33359,-110.10000000000187,1.322655,-0.7500000000004725,0.0,0.0,0.0,0.0,0.0,0.0,1.3208099999999998,17.700000000000493,1.331185,-86.05000000000196,1.0,-1.0,-1.0,-1.0,0.0,-1.0,0.0,0.0,0.0,0.0,0.0,0.0,0.0,0.0,0.0,0.0,0.0,0.0,0.0,0.0,0.0,0.0,0.0,0.0,1.0,1.33164,0.0,1.34181,0.0,0.0,0.0,0.0,0.0,0.0,0.0,0.0,0.0,0.0,0.0,0.0,0.0,0.0,0.0,1.0,0.0,1.0,0.0,0.0,0.0,1.0,0.10000000000000003,0.20000000000000007,-1.0
1.0,1.0,0.0,0.0,0.0,0.0,0.0,0.0,0.0,0.0,0.0,0.0,0.0,0.0,0.0,0.0,0.0,0.0,0.0,1.0,-0.25881904510252157,0.9659258262890681,100.724,100.76,-0.036000000000001364,0.6245558773012222,-0.0003574123346968087,1.0,-1.0,-1.0,0,0.0,3.565995054689937,0.6073840799443901,0.5226,0.4774,0.705211,0.0006468,1.98,0.0006107778774827644,161.273,60.0,109.0,0.5504587155963303,1.0,5.0,160.917,161.985,2.0,161.3645,-9.149999999999636,0.0,0.0,0.0,0.0,0.0,0.0,160.917,35.599999999999454,160.0275,124.54999999999927,161.2345,3.849999999999909,0.0,0.0,0.0,0.0,0.0,0.0,161.139,13.399999999998613,160.6735,59.950000000000614,-1.0,1.0,1.0,1.0,0.0,1.0,0.0,0.0,0.0,0.0,0.0,0.0,0.0,0.0,0.0,0.0,0.0,0.0,0.0,0.0,0.0,0.0,0.0,0.0,0.0,0.0,160.17,0.0,0.0,0.0,0.0,0.0,0.0,0.0,0.0,0.0,0.0,0.0,0.0,0.0,0.0,0.0,1.0,0.0,0.0,0.0,1.0,0.0,0.0,1.0,0.10000000000000003,0.20000000000000007,-1.0
1.0,0.0,0.0,0.0,0.0,0.0,0.0,0.0,0.0,0.0,0.0,0.0,0.0,0.0,0.0,0.0,0.0,0.0,0.0,1.0,-0.25881904510252157,0.9659258262890681,100.724,100.76,-0.036000000000001364,143.7230672640621,-0.0003574123346968087,1.0,-1.0,1.0,0,0.0,15.365497240221634,0.6040857775218237,0.2022,0.0136,0.674984,0.00110288,1.76,0.0008657220331294513,0.70082,60.0,109.0,0.5504587155963303,-1.0,5.0,0.70387,0.69472,2.0,0.7006600000000001,1.5999999999993797,0.0,0.0,0.0,0.0,0.0,0.0,0.70387,-30.49999999999997,0.71008,-92.60000000000046,0.701435,-6.150000000000322,0.0,0.0,0.0,0.0,0.0,0.0,0.701325,-5.049999999999777,0.70336,-25.399999999999867,1.0,-1.0,-1.0,1.0,0.0,-1.0,0.0,0.0,0.0,0.0,0.0,0.0,0.0,0.0,0.0,0.0,0.0,0.0,0.0,0.0,0.0,0.0,0.0,0.0,1.0,0.7074,0.0,0.70733,0.0,0.0,0.0,0.0,0.0,0.0,0.0,0.0,0.0,0.0,0.0,0.0,0.0,0.0,0.0,0.0,0.0,1.0,0.0,1.0,0.0,1.0,0.10000000000000003,0.20000000000000007,1.0
1.0,0.0,0.0,0.0,0.0,0.0,0.0,0.0,0.0,0.0,0.0,0.0,0.0,0.0,0.0,0.0,0.0,0.0,0.0,1.0,-0.25881904510252157,0.9659258262890681,100.724,100.76,-0.036000000000001364,71.10113438230167,-0.0003574123346968087,0.0,-1.0,-1.0,0,0.0,47.614254420221286,0.5293556559860437,0.6062,0.3938,0.656374,0.00070857,1.65,0.0006588186715318096,1.41663,84.0,109.0,0.7706422018348624,1.0,7.0,1.41536,1.41916,2.0,1.415365,12.650000000000716,0.0,0.0,0.0,0.0,0.0,0.0,1.4076549999999999,89.75000000000178,1.3948999999999998,217.30000000000248,1.416505,1.2500000000015277,0.0,0.0,0.0,0.0,0.0,0.0,1.4146649999999998,19.650000000002166,1.40411,125.20000000000087,1.0,1.0,1.0,1.0,0.0,1.0,0.0,0.0,0.0,0.0,0.0,0.0,0.0,0.0,0.0,0.0,0.0,0.0,0.0,0.0,0.0,0.0,0.0,0.0,3.0,0.0,1.40247,0.0,1.4004400000000001,0.0,0.0,0.0,0.0,0.0,0.0,0.0,0.0,0.0,0.0,0.0,0.0,0.0,1.0,0.0,1.0,0.0,1.0,0.0,0.0,0.0,0.10000000000000003,0.20000000000000007,1.0
1.0,0.0,0.0,0.0,0.0,0.0,0.0,0.0,0.0,0.0,0.0,0.0,0.0,0.0,0.0,0.0,0.0,0.0,0.0,1.0,-0.25881904510252157,0.9659258262890681,100.724,100.76,-0.036000000000001364,124.90420505698096,-0.0003574123346968087,0.0,-1.0,-1.0,0,0.0,35.13497371085526,0.5072744672179109,0.523,0.477,0.873626,0.0012457,5.13,0.0007764665179538501,0.80641,84.0,109.0,0.7706422018348624,1.0,7.0,0.8063,0.80663,2.0,0.8063,1.0999999999994348,0.0,0.0,0.0,0.0,0.0,0.0,0.8000799999999999,63.30000000000058,0.794345,120.64999999999992,0.807015,-6.050000000000777,0.0,0.0,0.0,0.0,0.0,0.0,0.805595,8.150000000000102,0.8000799999999999,63.30000000000058,1.0,1.0,1.0,1.0,0.0,1.0,0.0,0.0,0.0,0.0,0.0,0.0,0.0,0.0,0.0,0.0,0.0,0.0,0.0,0.0,0.0,0.0,0.0,0.0,0.0,0.0,0.79871,0.0,0.79218,0.0,0.0,0.0,0.0,0.0,0.0,0.0,0.0,0.0,0.0,0.0,0.0,0.0,1.0,0.0,0.0,0.0,1.0,0.0,0.0,0.0,0.10000000000000003,0.20000000000000007,1.0
1.0,0.0,0.0,0.0,0.0,0.0,0.0,0.0,0.0,0.0,0.0,0.0,0.0,0.0,0.0,1.0,0.0,0.0,0.0,0.0,-0.25881904510252157,0.9659258262890681,100.978,100.76,0.2179999999999893,88.36171441572306,0.002158886094000568,0.0,1.0,-1.0,0,0.0,33.144012983541785,0.6322080885722571,0.5996,0.3494,0.545045,0.00098587,1.14,0.0009124048384890062,1.14278,84.0,109.0,0.7706422018348624,-1.0,7.0,1.14486,1.13861,2.0,1.1448649999999998,-20.849999999998925,0.0,0.0,0.0,0.0,0.0,0.0,1.151875,-90.95000000000076,1.155185,-124.05,1.14404,-12.600000000000389,0.0,0.0,0.0,0.0,0.0,0.0,1.1449799999999999,-21.999999999999797,1.151985,-92.05000000000129,-1.0,-1.0,-1.0,-1.0,0.0,-1.0,0.0,0.0,0.0,0.0,0.0,0.0,0.0,0.0,0.0,0.0,0.0,0.0,0.0,0.0,0.0,0.0,0.0,0.0,1.0,1.15229,0.0,1.16028,0.0,0.0,0.0,0.0,0.0,0.0,0.0,0.0,0.0,0.0,0.0,0.0,0.0,0.0,0.0,0.0,0.0,1.0,0.0,0.0,0.0,0.0,0.10000000000000003,0.20000000000000007,1.0
1.0,0.0,0.0,0.0,0.0,0.0,0.0,0.0,0.0,0.0,0.0,0.0,0.0,0.0,0.0,1.0,0.0,0.0,0.0,0.0,-0.25881904510252157,0.9659258262890681,100.978,100.76,0.2179999999999893,76.21728924347295,0.002158886094000568,0.0,1.0,0.0,0,0.0,21.30788766768111,0.40003168887989504,0.0,0.0,0.519349,0.0012038,1.06,0.0011326513208417082,1.32487,0.0,109.0,0.0,0.0,0.0,0.0,0.0,0.0,1.3226399999999998,22.300000000001763,0.0,0.0,0.0,0.0,0.0,0.0,1.33028,-54.09999999999915,1.33359,-87.20000000000061,1.32538,-5.1000000000001044,0.0,0.0,0.0,0.0,0.0,0.0,1.3226399999999998,22.300000000001763,1.331185,-63.1500000000007,1.0,-1.0,-1.0,-1.0,0.0,0.0,0.0,0.0,0.0,0.0,0.0,0.0,0.0,0.0,0.0,0.0,0.0,0.0,0.0,0.0,0.0,0.0,0.0,0.0,2.0,1.33164,0.0,1.34181,0.0,0.0,0.0,0.0,0.0,0.0,0.0,0.0,0.0,0.0,0.0,0.0,0.0,0.0,0.0,1.0,1.0,0.0,0.0,0.0,0.0,0.0,0.0,0.0,-1.0
1.0,1.0,0.0,0.0,0.0,0.0,0.0,0.0,0.0,0.0,0.0,0.0,0.0,0.0,0.0,1.0,0.0,0.0,0.0,0.0,-0.25881904510252157,0.9659258262890681,100.978,100.76,0.2179999999999893,0.6248522614060382,0.002158886094000568,0.0,1.0,1.0,0,0.0,17.08282790207797,0.5390867760572967,0.5372,0.4628,0.455,0.00078325,0.88,0.000782052823490919,161.603,72.0,109.0,0.6605504587155964,1.0,6.0,161.502,161.805,2.0,161.502,10.099999999999909,0.0,0.0,0.0,0.0,0.0,0.0,161.01850000000002,58.449999999999136,160.21050000000002,139.2499999999984,161.502,10.099999999999909,0.0,0.0,0.0,0.0,0.0,0.0,161.502,10.099999999999909,160.73149999999998,87.15000000000259,0.0,1.0,1.0,1.0,0.0,1.0,0.0,0.0,0.0,0.0,0.0,0.0,0.0,0.0,0.0,0.0,0.0,0.0,0.0,0.0,0.0,0.0,0.0,0.0,1.0,0.0,0.0,0.0,0.0,0.0,0.0,0.0,0.0,0.0,0.0,0.0,0.0,0.0,0.0,0.0,0.0,0.0,1.0,0.0,0.0,0.0,1.0,0.0,0.0,0.0,0.10000000000000003,0.20000000000000007,0.0
1.0,0.0,0.0,0.0,0.0,0.0,0.0,0.0,0.0,0.0,0.0,0.0,0.0,0.0,0.0,1.0,0.0,0.0,0.0,0.0,-0.25881904510252157,0.9659258262890681,100.978,100.76,0.2179999999999893,144.26252928738785,0.002158886094000568,0.0,1.0,-1.0,0,0.0,26.208578196704735,0.5461848576383653,0.6208,0.368,0.645263,0.00112262,1.58,0.0009121190723907611,0.69996,84.0,109.0,0.7706422018348624,-1.0,7.0,0.70064,0.69861,2.0,0.700635,-6.749999999999812,0.0,0.0,0.0,0.0,0.0,0.0,0.703435,-34.75000000000006,0.70897,-90.09999999999962,0.7004349999999999,-4.749999999998922,0.0,0.0,0.0,0.0,0.0,0.0,0.700895,-9.350000000000191,0.70336,-33.99999999999959,-1.0,-1.0,-1.0,1.0,0.0,-1.0,0.0,0.0,0.0,0.0,0.0,0.0,0.0,0.0,0.0,0.0,0.0,0.0,0.0,0.0,0.0,0.0,0.0,0.0,0.0,0.70374,0.0,0.70625,0.0,0.0,0.0,0.0,0.0,0.0,0.0,0.0,0.0,0.0,0.0,0.0,0.0,0.0,0.0,0.0,0.0,0.0,0.0,1.0,0.0,0.0,0.10000000000000003,0.20000000000000007,1.0
1.0,0.0,0.0,0.0,0.0,0.0,0.0,0.0,0.0,0.0,0.0,0.0,0.0,0.0,0.0,1.0,0.0,0.0,0.0,0.0,-0.25881904510252157,0.9659258262890681,100.978,100.76,0.2179999999999893,71.31063607409446,0.002158886094000568,1.0,1.0,1.0,0,0.0,4.149362022078434,0.5486484771216724,0.2286,0.0244,0.612029,0.00075232,1.41,0.0006473609370011403,1.4160300000000001,60.0,109.0,0.5504587155963303,1.0,5.0,1.40867,1.43076,2.0,1.41686,-8.299999999998864,0.0,0.0,0.0,0.0,0.0,0.0,1.408665,73.65000000000066,1.39621,198.2000000000017,1.41609,-0.5999999999994898,0.0,0.0,0.0,0.0,0.0,0.0,1.41639,-3.5999999999991594,1.404625,114.05000000000109,-1.0,1.0,1.0,1.0,0.0,1.0,0.0,0.0,0.0,0.0,0.0,0.0,0.0,0.0,0.0,0.0,0.0,0.0,0.0,0.0,0.0,0.0,0.0,0.0,2.0,0.0,1.40247,0.0,1.4004400000000001,0.0,0.0,0.0,0.0,0.0,0.0,0.0,0.0,0.0,0.0,0.0,0.0,0.0,0.0,1.0,1.0,0.0,1.0,0.0,0.0,1.0,0.10000000000000003,0.20000000000000007,-1.0
1.0,0.0,0.0,0.0,0.0,0.0,0.0,0.0,0.0,0.0,0.0,0.0,0.0,0.0,0.0,1.0,0.0,0.0,0.0,0.0,-0.25881904510252157,0.9659258262890681,100.978,100.76,0.2179999999999893,124.87540655182222,0.002158886094000568,1.0,1.0,1.0,0,0.0,13.756950015759987,0.46446308574094364,0.6134,0.3866,0.862514,0.00127273,4.69,0.0007744180531115134,0.80863,84.0,109.0,0.7706422018348624,1.0,7.0,0.80803,0.80983,2.0,0.80803,5.999999999999339,0.0,0.0,0.0,0.0,0.0,0.0,0.80036,82.69999999999999,0.7946249999999999,140.05000000000047,0.808515,1.1499999999997623,0.0,0.0,0.0,0.0,0.0,0.0,0.807545,10.850000000000026,0.80036,82.69999999999999,1.0,1.0,1.0,1.0,0.0,1.0,0.0,0.0,0.0,0.0,0.0,0.0,0.0,0.0,0.0,0.0,0.0,0.0,0.0,0.0,0.0,0.0,0.0,0.0,1.0,0.0,0.79871,0.0,0.79218,0.0,0.0,0.0,0.0,0.0,0.0,0.0,0.0,0.0,0.0,0.0,0.0,0.0,0.0,0.0,1.0,0.0,1.0,0.0,0.0,0.0,0.10000000000000003,0.20000000000000007,0.0
1.0,0.0,0.0,0.0,0.0,0.0,0.0,0.0,0.0,0.0,0.0,0.0,0.0,0.0,0.0,0.0,1.0,0.0,0.0,0.0,-0.25881904510252157,0.9659258262890681,101.385,100.76,0.625,89.08424715309997,0.006164620012822409,0.0,1.0,-1.0,0,0.0,18.351950304786314,0.5837967764606942,0.435,0.1646,0.786787,0.00063927,2.89,0.0004343943918430203,1.13808,84.0,109.0,0.7706422018348624,-1.0,7.0,1.14074,1.13276,2.0,1.14074,-26.600000000001067,0.0,0.0,0.0,0.0,0.0,0.0,1.148925,-108.44999999999993,1.15308,-150.00000000000125,1.138785,-7.049999999999557,0.0,0.0,0.0,0.0,0.0,0.0,1.141965,-38.84999999999916,1.14988,-118.00000000000033,-1.0,-1.0,-1.0,-1.0,0.0,-1.0,0.0,0.0,0.0,0.0,0.0,0.0,0.0,0.0,0.0,0.0,0.0,0.0,0.0,0.0,0.0,0.0,0.0,0.0,1.0,1.14618,0.0,1.1526399999999999,0.0,0.0,0.0,0.0,0.0,0.0,0.0,0.0,0.0,0.0,0.0,0.0,0.0,0.0,0.0,0.0,0.0,1.0,0.0,0.0,0.0,0.0,0.10000000000000003,0.20000000000000007,1.0
1.0,0.0,0.0,0.0,0.0,0.0,0.0,0.0,0.0,0.0,0.0,0.0,0.0,0.0,0.0,0.0,1.0,0.0,0.0,0.0,-0.25881904510252157,0.9659258262890681,101.385,100.76,0.625,76.79750939280088,0.006164620012822409,0.0,1.0,-1.0,0,0.0,26.875672757145292,0.6570318680959856,0.62,0.3772,0.600918,0.00087398,1.36,0.000790217847404969,1.32016,84.0,109.0,0.7706422018348624,-1.0,7.0,1.32179,1.3169,2.0,1.32179,-16.300000000000203,0.0,0.0,0.0,0.0,0.0,0.0,1.3290449999999998,-88.84999999999809,1.33359,-134.30000000000052,1.3202,-0.40000000000040004,0.0,0.0,0.0,0.0,0.0,0.0,1.322755,-25.94999999999903,1.331185,-110.25000000000063,-1.0,-1.0,-1.0,-1.0,0.0,-1.0,0.0,0.0,0.0,0.0,0.0,0.0,0.0,0.0,0.0,0.0,0.0,0.0,0.0,0.0,0.0,0.0,0.0,0.0,0.0,0.0,0.0,1.33193,0.0,0.0,0.0,0.0,0.0,0.0,0.0,0.0,0.0,0.0,0.0,0.0,0.0,0.0,0.0,0.0,1.0,0.0,0.0,1.0,0.0,0.0,0.10000000000000003,0.20000000000000007,1.0
1.0,1.0,0.0,0.0,0.0,0.0,0.0,0.0,0.0,0.0,0.0,0.0,0.0,0.0,0.0,0.0,1.0,0.0,0.0,0.0,-0.25881904510252157,0.9659258262890681,101.385,100.76,0.625,0.6274833822273386,0.006164620012822409,0.0,1.0,1.0,0,0.0,17.332181701207276,0.5742145543600027,0.5204,0.4796,0.574601,0.00071871,1.25,0.0006851927196031215,161.574,84.0,109.0,0.7706422018348624,1.0,7.0,161.503,161.716,2.0,161.503,7.1000000000026375,0.0,0.0,0.0,0.0,0.0,0.0,161.0385,53.55000000000132,160.256,131.8000000000012,161.529,4.500000000001592,0.0,0.0,0.0,0.0,0.0,0.0,161.502,7.200000000000273,160.73149999999998,84.25000000000296,1.0,1.0,1.0,1.0,0.0,1.0,0.0,0.0,0.0,0.0,0.0,0.0,0.0,0.0,0.0,0.0,0.0,0.0,0.0,0.0,0.0,0.0,0.0,0.0,1.0,0.0,0.0,0.0,160.47,0.0,0.0,0.0,0.0,0.0,0.0,0.0,0.0,0.0,0.0,0.0,0.0,0.0,0.0,0.0,0.0,0.0,1.0,0.0,0.0,0.0,0.10000000000000003,0.20000000000000007,0.0
1.0,0.0,0.0,0.0,0.0,0.0,0.0,0.0,0.0,0.0,0.0,0.0,0.0,0.0,0.0,0.0,1.0,0.0,0.0,0.0,-0.25881904510252157,0.9659258262890681,101.385,100.76,0.625,146.61181166126792,0.006164620012822409,0.0,1.0,-1.0,0,0.0,0.0,0.7007394038837018,0.0,0.0,0.708317,0.00082004,2.01,0.0006996137532783421,0.69152,84.0,109.0,0.7706422018348624,-1.0,7.0,0.69552,0.68351,2.0,0.695525,-40.04999999999925,0.0,0.0,0.0,0.0,0.0,0.0,0.699105,-75.84999999999953,0.70536,-138.39999999999964,0.69242,-9.000000000000119,0.0,0.0,0.0,0.0,0.0,0.0,0.696025,-45.04999999999981,0.69975,-82.2999999999996,-1.0,-1.0,-1.0,1.0,0.0,-1.0,0.0,0.0,0.0,0.0,0.0,0.0,0.0,0.0,0.0,0.0,0.0,0.0,0.0,0.0,0.0,0.0,0.0,0.0,0.0,0.0,0.0,0.70733,0.0,0.0,0.0,0.0,0.0,0.0,0.0,0.0,0.0,0.0,0.0,0.0,0.0,0.0,0.0,1.0,0.0,0.0,0.0,1.0,0.0,0.0,0.10000000000000003,0.20000000000000007,-1.0
1.0,0.0,0.0,0.0,0.0,0.0,0.0,0.0,0.0,0.0,0.0,0.0,0.0,0.0,0.0,0.0,1.0,0.0,0.0,0.0,-0.25881904510252157,0.9659258262890681,101.385,100.76,0.625,71.35919255051839,0.006164620012822409,1.0,1.0,1.0,0,0.0,45.70793362459277,0.4741148753274511,0.5394,0.258,0.551853,0.00051874,1.17,0.00048472430931779774,1.42077,84.0,109.0,0.7706422018348624,1.0,7.0,1.4183,1.42571,2.0,1.4183,24.700000000001943,0.0,0.0,0.0,0.0,0.0,0.0,1.41107,97.00000000000043,1.397395,233.75000000000145,1.419295,14.750000000001151,0.0,0.0,0.0,0.0,0.0,0.0,1.418045,27.250000000000885,1.407425,133.45000000000164,1.0,1.0,1.0,1.0,0.0,1.0,0.0,0.0,0.0,0.0,0.0,0.0,0.0,0.0,0.0,0.0,0.0,0.0,0.0,0.0,0.0,0.0,0.0,0.0,1.0,0.0,1.41166,0.0,1.4004400000000001,0.0,0.0,0.0,0.0,0.0,0.0,0.0,0.0,0.0,0.0,0.0,0.0,0.0,0.0,0.0,1.0,0.0,1.0,0.0,0.0,0.0,0.10000000000000003,0.20000000000000007,0.0
1.0,0.0,0.0,0.0,0.0,0.0,0.0,0.0,0.0,0.0,0.0,0.0,0.0,0.0,0.0,0.0,1.0,0.0,0.0,0.0,-0.25881904510252157,0.9659258262890681,101.385,100.76,0.625,125.23314846152897,0.006164620012822409,1.0,1.0,1.0,0,0.0,25.21700364320009,0.44750896459208694,0.6238,0.3752,0.786787,0.00080009,2.89,0.000603756224543629,0.80957,72.0,109.0,0.6605504587155964,1.0,6.0,0.80906,0.81059,2.0,0.80906,5.1000000000001044,0.0,0.0,0.0,0.0,0.0,0.0,0.80123,83.40000000000015,0.795075,144.95000000000036,0.80906,5.1000000000001044,0.0,0.0,0.0,0.0,0.0,0.0,0.80877,8.00000000000023,0.80081,87.5999999999999,0.0,1.0,1.0,1.0,0.0,1.0,0.0,0.0,0.0,0.0,0.0,0.0,0.0,0.0,0.0,0.0,0.0,0.0,0.0,0.0,0.0,0.0,0.0,0.0,0.0,0.0,0.0,0.0,0.80343,0.0,0.0,0.0,0.0,0.0,0.0,0.0,0.0,0.0,0.0,0.0,0.0,0.0,1.0,0.0,1.0,0.0,1.0,0.0,0.0,0.0,0.10000000000000003,0.20000000000000007,1.0
1.0,0.0,0.0,0.0,0.0,0.0,0.0,0.0,0.0,0.0,0.0,0.0,0.0,0.0,0.0,0.0,0.0,1.0,0.0,0.0,-0.25881904510252157,0.9659258262890681,101.597,100.76,0.8369999999999891,89.4418522757285,0.008238432237172251,0.0,1.0,-1.0,0,0.0,40.1947524179555,0.45404048922240975,0.1706,0.0106,0.786787,0.00059128,2.89,0.0005736825203387944,1.1359,72.0,109.0,0.6605504587155964,-1.0,6.0,1.1406,1.1265,2.0,1.135405,4.949999999999122,0.0,0.0,0.0,0.0,0.0,0.0,1.1406,-47.000000000001485,1.15052,-146.20000000000078,1.13462,12.799999999999478,0.0,0.0,0.0,0.0,0.0,0.0,1.13686,-9.600000000000719,1.1473200000000001,-114.20000000000208,-1.0,-1.0,-1.0,-1.0,0.0,-1.0,0.0,0.0,0.0,0.0,0.0,0.0,0.0,0.0,0.0,0.0,0.0,0.0,0.0,0.0,0.0,0.0,0.0,0.0,2.0,0.0,0.0,1.16028,0.0,0.0,0.0,0.0,0.0,0.0,0.0,0.0,0.0,0.0,0.0,0.0,0.0,0.0,0.0,0.0,0.0,1.0,0.0,0.0,0.0,0.0,0.10000000000000003,0.20000000000000007,0.0
1.0,0.0,0.0,0.0,0.0,0.0,0.0,0.0,0.0,0.0,0.0,0.0,0.0,0.0,0.0,0.0,0.0,1.0,0.0,0.0,-0.25881904510252157,0.9659258262890681,101.597,100.76,0.8369999999999891,77.16559953213175,0.008238432237172251,0.0,1.0,-1.0,0,0.0,32.53393404740583,0.5667336130757609,0.5936,0.4064,0.667485,0.00079145,1.71,0.0006916888480880891,1.31661,84.0,109.0,0.7706422018348624,-1.0,7.0,1.31744,1.31494,2.0,1.317445,-8.349999999999191,0.0,0.0,0.0,0.0,0.0,0.0,1.32065,-40.40000000000043,1.3324500000000001,-158.40000000000077,1.3159399999999999,6.700000000001705,0.0,0.0,0.0,0.0,0.0,0.0,1.318575,-19.649999999999945,1.3300450000000001,-134.35000000000085,-1.0,-1.0,-1.0,-1.0,0.0,-1.0,0.0,0.0,0.0,0.0,0.0,0.0,0.0,0.0,0.0,0.0,0.0,0.0,0.0,0.0,0.0,0.0,0.0,0.0,0.0,0.0,0.0,1.33193,0.0,0.0,0.0,0.0,0.0,0.0,0.0,0.0,0.0,0.0,0.0,0.0,0.0,0.0,0.0,1.0,0.0,0.0,0.0,1.0,0.0,0.0,0.10000000000000003,0.20000000000000007,1.0
1.0,1.0,0.0,0.0,0.0,0.0,0.0,0.0,0.0,0.0,0.0,0.0,0.0,0.0,0.0,0.0,0.0,1.0,0.0,0.0,-0.25881904510252157,0.9659258262890681,101.597,100.76,0.8369999999999891,0.6278861366557895,0.008238432237172251,0.0,1.0,1.0,0,0.0,45.96251380530701,0.5157397334595785,0.5246,0.4754,0.769595,0.00055743,2.65,0.00040734170185418786,161.808,84.0,109.0,0.7706422018348624,1.0,7.0,161.6445,162.135,2.0,161.6445,16.34999999999991,0.0,0.0,0.0,0.0,0.0,0.0,161.36,44.79999999999791,160.256,155.19999999999925,161.7355,7.2499999999990905,0.0,0.0,0.0,0.0,0.0,0.0,161.5885,21.949999999998226,160.8275,98.05000000000064,1.0,1.0,1.0,1.0,0.0,1.0,0.0,0.0,0.0,0.0,0.0,0.0,0.0,0.0,0.0,0.0,0.0,0.0,0.0,0.0,0.0,0.0,0.0,0.0,0.0,0.0,0.0,0.0,160.47,0.0,0.0,0.0,0.0,0.0,0.0,0.0,0.0,0.0,0.0,0.0,0.0,0.0,0.0,0.0,0.0,0.0,1.0,0.0,0.0,0.0,0.10000000000000003,0.20000000000000007,0.0
1.0,0.0,0.0,0.0,0.0,0.0,0.0,0.0,0.0,0.0,0.0,0.0,0.0,0.0,0.0,0.0,0.0,1.0,0.0,0.0,-0.25881904510252157,0.9659258262890681,101.597,100.76,0.8369999999999891,147.24416295888346,0.008238432237172251,0.0,1.0,-1.0,0,0.0,100.0,0.5308515238154536,0.6156,0.384,0.70386,0.00078684,1.97,0.0010016142480210285,0.68999,84.0,109.0,0.7706422018348624,-1.0,7.0,0.69027,0.68942,2.0,0.690275,-2.849999999999797,0.0,0.0,0.0,0.0,0.0,0.0,0.6959850000000001,-59.950000000000834,0.70414,-141.49999999999997,0.689415,5.749999999999922,0.0,0.0,0.0,0.0,0.0,0.0,0.692105,-21.14999999999978,0.69853,-85.39999999999992,-1.0,-1.0,-1.0,1.0,0.0,-1.0,0.0,0.0,0.0,0.0,0.0,0.0,0.0,0.0,0.0,0.0,0.0,0.0,0.0,0.0,0.0,0.0,0.0,0.0,0.0,0.0,0.0,0.70733,0.0,0.0,0.0,0.0,0.0,0.0,0.0,0.0,0.0,0.0,0.0,0.0,0.0,0.0,0.0,1.0,0.0,0.0,0.0,1.0,0.0,0.0,0.10000000000000003,0.20000000000000007,1.0
1.0,0.0,0.0,0.0,0.0,0.0,0.0,0.0,0.0,0.0,0.0,0.0,0.0,0.0,0.0,0.0,0.0,1.0,0.0,0.0,-0.25881904510252157,0.9659258262890681,101.597,100.76,0.8369999999999891,71.38230003934572,0.008238432237172251,1.0,1.0,1.0,0,0.0,12.642060692189396,0.47902989318414174,0.6096,0.3904,0.697206,0.00050321,1.92,0.0004509047233599683,1.42328,84.0,109.0,0.7706422018348624,1.0,7.0,1.42246,1.42491,2.0,1.4224649999999999,8.150000000002322,0.0,0.0,0.0,0.0,0.0,0.0,1.4179650000000001,53.14999999999959,1.39894,243.4000000000003,1.423155,1.2500000000015277,0.0,0.0,0.0,0.0,0.0,0.0,1.42084,24.399999999999977,1.409915,133.65000000000072,1.0,1.0,1.0,1.0,0.0,1.0,0.0,0.0,0.0,0.0,0.0,0.0,0.0,0.0,0.0,0.0,0.0,0.0,0.0,0.0,0.0,0.0,0.0,0.0,1.0,0.0,0.0,0.0,1.4004400000000001,0.0,0.0,0.0,0.0,0.0,0.0,0.0,0.0,0.0,0.0,0.0,0.0,0.0,0.0,0.0,1.0,0.0,1.0,0.0,0.0,0.0,0.10000000000000003,0.20000000000000007,0.0
1.0,0.0,0.0,0.0,0.0,0.0,0.0,0.0,0.0,0.0,0.0,0.0,0.0,0.0,0.0,0.0,0.0,1.0,0.0,0.0,-0.25881904510252157,0.9659258262890681,101.597,100.76,0.8369999999999891,125.0824879346006,0.008238432237172251,1.0,1.0,1.0,0,0.0,25.237853213017548,0.39636009427130336,0.6156,0.3514,0.708317,0.0006703,2.01,0.0006778562603187867,0.81224,84.0,109.0,0.7706422018348624,1.0,7.0,0.81156,0.81359,2.0,0.811565,6.749999999999812,0.0,0.0,0.0,0.0,0.0,0.0,0.80802,42.20000000000002,0.796735,155.0499999999999,0.8126549999999999,-4.149999999999432,0.0,0.0,0.0,0.0,0.0,0.0,0.81072,15.199999999999658,0.80247,97.69999999999945,1.0,1.0,1.0,1.0,0.0,1.0,0.0,0.0,0.0,0.0,0.0,0.0,0.0,0.0,0.0,0.0,0.0,0.0,0.0,0.0,0.0,0.0,0.0,0.0,1.0,0.0,0.0,0.0,0.80343,0.0,0.0,0.0,0.0,0.0,0.0,0.0,0.0,0.0,0.0,0.0,0.0,0.0,1.0,0.0,1.0,0.0,1.0,0.0,0.0,0.0,0.10000000000000003,0.20000000000000007,0.0
1.0,0.0,0.0,0.0,0.0,0.0,0.0,0.0,0.0,0.0,0.0,0.0,0.0,0.0,0.0,0.0,0.0,0.0,1.0,0.0,-0.25881904510252157,0.9659258262890681,101.415,100.76,0.6550000000000011,89.1889752699898,0.006458610659172717,0.0,1.0,0.0,0,0.0,11.684687694187613,0.632212166898879,0.0,0.0,0.862514,0.00058552,4.69,0.0003394697191577402,1.13708,0.0,109.0,0.0,0.0,0.0,0.0,0.0,0.0,1.13606,10.200000000000209,0.0,0.0,0.0,0.0,0.0,0.0,1.140255,-31.74999999999928,1.15052,-134.39999999999895,1.1362100000000002,8.699999999999264,0.0,0.0,0.0,0.0,0.0,0.0,1.135625,14.54999999999984,1.1473200000000001,-102.40000000000026,1.0,-1.0,-1.0,-1.0,0.0,0.0,0.0,0.0,0.0,0.0,0.0,0.0,0.0,0.0,0.0,0.0,0.0,0.0,0.0,0.0,0.0,0.0,0.0,0.0,2.0,0.0,0.0,1.16028,0.0,0.0,0.0,0.0,0.0,0.0,0.0,0.0,0.0,0.0,0.0,0.0,0.0,0.0,0.0,1.0,0.0,0.0,0.0,0.0,0.0,0.0,0.0,0.0,-1.0
1.0,0.0,0.0,0.0,0.0,0.0,0.0,0.0,0.0,0.0,0.0,0.0,0.0,0.0,0.0,0.0,0.0,0.0,1.0,0.0,-0.25881904510252157,0.9659258262890681,101.415,100.76,0.6550000000000011,76.8767198053351,0.006458610659172717,0.0,1.0,0.0,0,0.0,5.079861244827739,0.6381855685302334,0.0,0.0,0.809009,0.00066545,3.27,0.0005473775649240192,1.3191899999999999,0.0,109.0,0.0,0.0,0.0,0.0,0.0,0.0,1.31839,7.999999999999119,0.0,0.0,0.0,0.0,0.0,0.0,1.32065,-14.600000000002389,1.3324500000000001,-132.60000000000272,1.3185799999999999,6.099999999999994,0.0,0.0,0.0,0.0,0.0,0.0,1.3179500000000002,12.399999999996858,1.3300450000000001,-108.55000000000281,1.0,-1.0,-1.0,-1.0,0.0,0.0,0.0,0.0,0.0,0.0,0.0,0.0,0.0,0.0,0.0,0.0,0.0,0.0,0.0,0.0,0.0,0.0,0.0,0.0,0.0,0.0,0.0,1.33193,0.0,0.0,0.0,0.0,0.0,0.0,0.0,0.0,0.0,0.0,0.0,0.0,0.0,0.0,0.0,0.0,0.0,0.0,0.0,1.0,0.0,0.0,0.0,0.0,-1.0
1.0,1.0,0.0,0.0,0.0,0.0,0.0,0.0,0.0,0.0,0.0,0.0,0.0,0.0,0.0,0.0,0.0,0.0,1.0,0.0,-0.25881904510252157,0.9659258262890681,101.415,100.76,0.6550000000000011,0.6268310773224551,0.006458610659172717,0.0,1.0,1.0,0,0.0,40.13135973427944,0.4071417570530702,0.5216,0.4784,0.856494,0.0005334,4.47,0.0002956882979349905,161.79,72.0,109.0,0.6605504587155964,1.0,6.0,161.75,161.87,2.0,161.75,3.999999999999204,0.0,0.0,0.0,0.0,0.0,0.0,161.514,27.599999999998204,160.336,145.39999999999793,161.728,6.19999999999834,0.0,0.0,0.0,0.0,0.0,0.0,161.75,3.999999999999204,160.8395,95.05000000000052,-1.0,1.0,1.0,1.0,0.0,1.0,0.0,0.0,0.0,0.0,0.0,0.0,0.0,0.0,0.0,0.0,0.0,0.0,0.0,0.0,0.0,0.0,0.0,0.0,0.0,0.0,0.0,0.0,160.47,0.0,0.0,0.0,0.0,0.0,0.0,0.0,0.0,0.0,0.0,0.0,0.0,0.0,1.0,0.0,1.0,0.0,1.0,0.0,0.0,1.0,0.10000000000000003,0.20000000000000007,0.0
1.0,0.0,0.0,0.0,0.0,0.0,0.0,0.0,0.0,0.0,0.0,0.0,0.0,0.0,0.0,0.0,0.0,0.0,1.0,0.0,-0.25881904510252157,0.9659258262890681,101.415,100.76,0.6550000000000011,146.7804263818332,0.006458610659172717,0.0,1.0,0.0,0,0.0,19.417568822422812,0.5802662943453488,0.0,0.0,0.667485,0.00092869,1.71,0.0007601284920439323,0.69093,0.0,109.0,0.0,0.0,0.0,0.0,0.0,0.0,0.690525,4.049999999999887,0.0,0.0,0.0,0.0,0.0,0.0,0.69522,-42.899999999999054,0.70414,-132.09999999999945,0.690615,3.1500000000006523,0.0,0.0,0.0,0.0,0.0,0.0,0.690475,4.550000000000942,0.69853,-75.9999999999994,1.0,-1.0,-1.0,1.0,0.0,0.0,0.0,0.0,0.0,0.0,0.0,0.0,0.0,0.0,0.0,0.0,0.0,0.0,0.0,0.0,0.0,0.0,0.0,0.0,0.0,0.0,0.0,0.70733,0.0,0.0,0.0,0.0,0.0,0.0,0.0,0.0,0.0,0.0,0.0,0.0,0.0,0.0,0.0,1.0,0.0,0.0,0.0,1.0,0.0,0.0,0.0,0.0,-1.0
1.0,0.0,0.0,0.0,0.0,0.0,0.0,0.0,0.0,0.0,0.0,0.0,0.0,0.0,0.0,0.0,0.0,0.0,1.0,0.0,-0.25881904510252157,0.9659258262890681,101.415,100.76,0.6550000000000011,71.42454697194853,0.006458610659172717,0.0,1.0,0.0,0,0.0,20.335579693308844,0.5428325863240171,0.0,0.0,0.708317,0.00050208,2.01,0.0004030128243248371,1.41989,0.0,109.0,0.0,0.0,0.0,0.0,0.0,0.0,1.42127,-13.799999999999368,0.0,0.0,0.0,0.0,0.0,0.0,1.4195950000000002,2.949999999999342,1.3991950000000002,206.94999999999908,1.421265,-13.74999999999904,0.0,0.0,0.0,0.0,0.0,0.0,1.42127,-13.799999999999368,1.40992,99.70000000000034,-1.0,1.0,1.0,1.0,0.0,0.0,0.0,0.0,0.0,0.0,0.0,0.0,0.0,0.0,0.0,0.0,0.0,0.0,0.0,0.0,0.0,0.0,0.0,0.0,1.0,0.0,0.0,0.0,1.4004400000000001,0.0,0.0,0.0,0.0,0.0,0.0,0.0,0.0,0.0,0.0,0.0,0.0,0.0,0.0,0.0,1.0,0.0,1.0,0.0,0.0,0.0,0.0,0.0,-1.0
1.0,0.0,0.0,0.0,0.0,0.0,0.0,0.0,0.0,0.0,0.0,0.0,0.0,0.0,0.0,0.0,0.0,0.0,1.0,0.0,-0.25881904510252157,0.9659258262890681,101.415,100.76,0.6550000000000011,125.20524944752405,0.006458610659172717,0.0,1.0,0.0,0,0.0,13.078868538073026,0.5420735715766397,0.0,0.0,0.736262,0.00071406,2.26,0.0005417023954265574,0.80999,0.0,109.0,0.0,0.0,0.0,0.0,0.0,0.0,0.81121,-12.199999999999989,0.0,0.0,0.0,0.0,0.0,0.0,0.81014,-1.4999999999998348,0.796735,132.55000000000018,0.81121,-12.199999999999989,0.0,0.0,0.0,0.0,0.0,0.0,0.81145,-14.600000000000168,0.80247,75.1999999999997,0.0,1.0,1.0,1.0,0.0,-1.0,0.0,0.0,0.0,0.0,0.0,0.0,0.0,0.0,0.0,0.0,0.0,0.0,0.0,0.0,0.0,0.0,0.0,0.0,0.0,0.0,0.0,0.0,0.79218,0.0,0.0,0.0,0.0,0.0,0.0,0.0,0.0,0.0,0.0,0.0,0.0,0.0,0.0,0.0,0.0,0.0,1.0,0.0,0.0,0.0,0.0,0.0,-1.0
1.0,0.0,0.0,0.0,0.0,0.0,0.0,0.0,0.0,0.0,0.0,0.0,0.0,0.0,0.0,0.0,0.0,0.0,0.0,1.0,-0.25881904510252157,0.9659258262890681,101.331,100.76,0.570999999999998,89.03288728001195,0.005634998174300046,0.0,1.0,-1.0,0,0.0,22.848634865989972,0.665079531179294,0.6196,0.3796,0.845383,0.00072045,4.13,0.0005725792429873319,1.13813,60.0,109.0,0.5504587155963303,-1.0,5.0,1.13898,1.13643,2.0,1.13941,-12.799999999999478,0.0,0.0,0.0,0.0,0.0,0.0,1.13898,-8.500000000000174,1.15052,-123.89999999999901,1.140745,-26.14999999999812,0.0,0.0,0.0,0.0,0.0,0.0,1.13836,-2.2999999999995246,1.1472099999999998,-90.79999999999755,1.0,-1.0,-1.0,-1.0,0.0,1.0,0.0,0.0,0.0,0.0,0.0,0.0,0.0,0.0,0.0,0.0,0.0,0.0,0.0,0.0,0.0,0.0,0.0,0.0,0.0,0.0,0.0,1.16028,0.0,0.0,0.0,0.0,0.0,0.0,0.0,0.0,0.0,0.0,0.0,0.0,0.0,0.0,0.0,0.0,1.0,0.0,0.0,1.0,0.0,1.0,0.10000000000000003,0.20000000000000007,0.0
1.0,0.0,0.0,0.0,0.0,0.0,0.0,0.0,0.0,0.0,0.0,0.0,0.0,0.0,0.0,0.0,0.0,0.0,0.0,1.0,-0.25881904510252157,0.9659258262890681,101.331,100.76,0.570999999999998,76.8159558500235,0.005634998174300046,0.0,1.0,-1.0,0,0.0,10.0774283173652,0.5194038248080001,0.6164,0.382,0.786787,0.00069649,2.89,0.0005683426590381829,1.31914,60.0,109.0,0.5504587155963303,-1.0,5.0,1.32037,1.31669,2.0,1.320595,-14.54999999999984,0.0,0.0,0.0,0.0,0.0,0.0,1.320365,-12.250000000000316,1.3324500000000001,-133.10000000000156,1.3211300000000001,-19.900000000001583,0.0,0.0,0.0,0.0,0.0,0.0,1.319125,0.14999999999876223,1.32914,-100.00000000000009,1.0,-1.0,-1.0,-1.0,0.0,1.0,0.0,0.0,0.0,0.0,0.0,0.0,0.0,0.0,0.0,0.0,0.0,0.0,0.0,0.0,0.0,0.0,0.0,0.0,0.0,0.0,0.0,1.33193,0.0,0.0,0.0,0.0,0.0,0.0,0.0,0.0,0.0,0.0,0.0,0.0,0.0,0.0,0.0,0.0,1.0,0.0,0.0,1.0,0.0,1.0,0.10000000000000003,0.20000000000000007,0.0
1.0,1.0,0.0,0.0,0.0,0.0,0.0,0.0,0.0,0.0,0.0,0.0,0.0,0.0,0.0,0.0,0.0,0.0,0.0,1.0,-0.25881904510252157,0.9659258262890681,101.331,100.76,0.570999999999998,0.6264435322337348,0.005634998174300046,0.0,1.0,1.0,0,0.0,13.082521549074015,0.3967835118112127,0.5074,0.4926,0.573869,0.00031142,1.25,0.00028112661352974353,161.756,72.0,109.0,0.6605504587155964,1.0,6.0,161.6865,161.895,2.0,161.6865,6.9500000000005,0.0,0.0,0.0,0.0,0.0,0.0,161.514,24.199999999999022,160.336,141.99999999999875,161.6765,7.949999999999591,0.0,0.0,0.0,0.0,0.0,0.0,161.738,1.8000000000000682,160.9965,75.95000000000027,-1.0,1.0,1.0,1.0,0.0,1.0,0.0,0.0,0.0,0.0,0.0,0.0,0.0,0.0,0.0,0.0,0.0,0.0,0.0,0.0,0.0,0.0,0.0,0.0,1.0,0.0,0.0,0.0,160.47,0.0,0.0,0.0,0.0,0.0,0.0,0.0,0.0,0.0,0.0,0.0,0.0,0.0,0.0,0.0,0.0,1.0,1.0,0.0,0.0,1.0,0.10000000000000003,0.20000000000000007,1.0
1.0,0.0,0.0,0.0,0.0,0.0,0.0,0.0,0.0,0.0,0.0,0.0,0.0,0.0,0.0,0.0,0.0,0.0,0.0,1.0,-0.25881904510252157,0.9659258262890681,101.331,100.76,0.570999999999998,147.04619001320543,0.005634998174300046,0.0,1.0,-1.0,0,0.0,32.61764033526852,0.44733636067323346,0.6226,0.3686,0.634252,0.00092425,1.52,0.0008376112826725478,0.68911,72.0,109.0,0.6605504587155964,-1.0,6.0,0.68962,0.6881,2.0,0.6896150000000001,-5.050000000000887,0.0,0.0,0.0,0.0,0.0,0.0,0.69445,-53.40000000000011,0.703785,-146.74999999999994,0.6903950000000001,-12.850000000000916,0.0,0.0,0.0,0.0,0.0,0.0,0.6901200000000001,-10.100000000000664,0.69774,-86.30000000000027,1.0,-1.0,-1.0,1.0,0.0,-1.0,0.0,0.0,0.0,0.0,0.0,0.0,0.0,0.0,0.0,0.0,0.0,0.0,0.0,0.0,0.0,0.0,0.0,0.0,1.0,0.0,0.0,0.70733,0.0,0.0,0.0,0.0,0.0,0.0,0.0,0.0,0.0,0.0,0.0,0.0,0.0,0.0,0.0,0.0,0.0,0.0,0.0,1.0,0.0,1.0,0.10000000000000003,0.20000000000000007,0.0
1.0,0.0,0.0,0.0,0.0,0.0,0.0,0.0,0.0,0.0,0.0,0.0,0.0,0.0,0.0,0.0,0.0,0.0,0.0,1.0,-0.25881904510252157,0.9659258262890681,101.331,100.76,0.570999999999998,71.39756913862956,0.005634998174300046,0.0,1.0,0.0,0,0.0,37.917888066778524,0.5996126339789647,0.0,0.0,0.589807,0.00056304,1.31,0.0006238946795864639,1.41925,0.0,109.0,0.0,0.0,0.0,0.0,0.0,0.0,1.418925,3.249999999999087,0.0,0.0,0.0,0.0,0.0,0.0,1.419775,-5.250000000001087,1.40091,183.39999999999802,1.4184700000000001,7.799999999997809,0.0,0.0,0.0,0.0,0.0,0.0,1.4208500000000002,-16.00000000000268,1.411355,78.94999999999985,-1.0,1.0,1.0,1.0,0.0,-1.0,0.0,0.0,0.0,0.0,0.0,0.0,0.0,0.0,0.0,0.0,0.0,0.0,0.0,0.0,0.0,0.0,0.0,0.0,1.0,0.0,0.0,0.0,1.4004400000000001,0.0,0.0,0.0,0.0,0.0,0.0,0.0,0.0,0.0,0.0,0.0,0.0,0.0,0.0,0.0,0.0,0.0,1.0,0.0,0.0,0.0,0.0,0.0,-1.0
1.0,0.0,0.0,0.0,0.0,0.0,0.0,0.0,0.0,0.0,0.0,0.0,0.0,0.0,0.0,0.0,0.0,0.0,0.0,1.0,-0.25881904510252157,0.9659258262890681,101.331,100.76,0.570999999999998,125.08918982310172,0.005634998174300046,0.0,1.0,0.0,0,0.0,15.267349292158247,0.5478725461002765,0.0,0.0,0.708317,0.00080266,2.01,0.0007367366586158093,0.81007,0.0,109.0,0.0,0.0,0.0,0.0,0.0,0.0,0.808835,12.349999999999861,0.0,0.0,0.0,0.0,0.0,0.0,0.8102199999999999,-1.4999999999998348,0.796735,133.34999999999985,0.80829,17.80000000000004,0.0,0.0,0.0,0.0,0.0,0.0,0.80998,0.8999999999992347,0.80247,75.9999999999994,-1.0,-1.0,1.0,1.0,0.0,-1.0,0.0,0.0,0.0,0.0,0.0,0.0,0.0,0.0,0.0,0.0,0.0,0.0,0.0,0.0,0.0,0.0,0.0,0.0,0.0,0.0,0.0,0.0,0.79218,0.0,0.0,0.0,0.0,0.0,0.0,0.0,0.0,0.0,0.0,0.0,0.0,0.0,0.0,0.0,0.0,0.0,1.0,0.0,0.0,0.0,0.0,0.0,-1.0
1.0,0.0,0.0,0.0,0.0,0.0,0.0,0.0,0.0,0.0,0.0,0.0,0.0,0.0,0.0,1.0,0.0,0.0,0.0,0.0,-0.25881904510252157,0.9659258262890681,101.099,100.76,0.33899999999999864,88.50244675356508,0.0033531488936586772,1.0,1.0,1.0,0,0.0,34.64672919534995,0.6259888563541302,0.549,0.3398,0.831231,0.00072898,3.75,0.00045222770460880997,1.14233,60.0,109.0,0.5504587155963303,1.0,5.0,1.14046,1.14607,2.0,1.14046,18.700000000000383,0.0,0.0,0.0,0.0,0.0,0.0,1.137925,44.049999999999926,1.15052,-81.8999999999992,1.1415549999999999,7.750000000001922,0.0,0.0,0.0,0.0,0.0,0.0,1.14063,17.000000000000348,1.1470449999999999,-47.14999999999803,1.0,1.0,-1.0,-1.0,0.0,1.0,0.0,0.0,0.0,0.0,0.0,0.0,0.0,0.0,0.0,0.0,0.0,0.0,0.0,0.0,0.0,0.0,0.0,0.0,0.0,0.0,0.0,1.16028,0.0,0.0,0.0,0.0,0.0,0.0,0.0,0.0,0.0,0.0,0.0,0.0,0.0,0.0,0.0,1.0,1.0,0.0,0.0,1.0,0.0,0.0,0.10000000000000003,0.20000000000000007,0.0
1.0,0.0,0.0,0.0,0.0,0.0,0.0,0.0,0.0,0.0,0.0,0.0,0.0,0.0,0.0,1.0,0.0,0.0,0.0,0.0,-0.25881904510252157,0.9659258262890681,101.099,100.76,0.33899999999999864,76.24991515133232,0.0033531488936586772,1.0,1.0,1.0,0,0.0,23.957728646093667,0.5321680799216466,0.478,0.167,0.862514,0.00064954,4.69,0.0003613227517119757,1.32589,60.0,109.0,0.5504587155963303,1.0,5.0,1.32249,1.33269,2.0,1.3224900000000002,33.99999999999848,0.0,0.0,0.0,0.0,0.0,0.0,1.3201,57.89999999999962,1.3324500000000001,-65.60000000000122,1.324475,14.14999999999944,0.0,0.0,0.0,0.0,0.0,0.0,1.3224900000000002,33.99999999999848,1.32876,-28.69999999999928,1.0,1.0,-1.0,-1.0,0.0,1.0,0.0,0.0,0.0,0.0,0.0,0.0,0.0,0.0,0.0,0.0,0.0,0.0,0.0,0.0,0.0,0.0,0.0,0.0,1.0,0.0,0.0,1.34181,1.31833,0.0,0.0,0.0,0.0,0.0,0.0,0.0,0.0,0.0,0.0,0.0,0.0,0.0,0.0,0.0,1.0,0.0,0.0,1.0,0.0,0.0,0.10000000000000003,0.20000000000000007,0.0
1.0,1.0,0.0,0.0,0.0,0.0,0.0,0.0,0.0,0.0,0.0,0.0,0.0,0.0,0.0,1.0,0.0,0.0,0.0,0.0,-0.25881904510252157,0.9659258262890681,101.099,100.76,0.33899999999999864,0.6242528650464335,0.0033531488936586772,0.0,1.0,1.0,0,0.0,54.63691260270367,0.46170569252250665,0.5012,0.4988,0.758484,0.00028816,2.51,0.00021718819276749172,161.952,84.0,109.0,0.7706422018348624,1.0,7.0,161.8315,162.193,2.0,161.8315,12.049999999999272,0.0,0.0,0.0,0.0,0.0,0.0,161.7105,24.150000000000205,160.35,160.2000000000004,161.8945,5.750000000000455,0.0,0.0,0.0,0.0,0.0,0.0,161.752,19.999999999998863,161.0445,90.74999999999989,1.0,1.0,1.0,1.0,0.0,1.0,0.0,0.0,0.0,0.0,0.0,0.0,0.0,0.0,0.0,0.0,0.0,0.0,0.0,0.0,0.0,0.0,0.0,0.0,1.0,0.0,0.0,0.0,160.47,0.0,0.0,0.0,0.0,0.0,0.0,0.0,0.0,0.0,0.0,0.0,0.0,0.0,1.0,0.0,0.0,1.0,1.0,0.0,0.0,0.0,0.10000000000000003,0.20000000000000007,1.0
1.0,0.0,0.0,0.0,0.0,0.0,0.0,0.0,0.0,0.0,0.0,0.0,0.0,0.0,0.0,1.0,0.0,0.0,0.0,0.0,-0.25881904510252157,0.9659258262890681,101.099,100.76,0.33899999999999864,146.81391769045337,0.0033531488936586772,0.0,1.0,-1.0,0,0.0,40.33512118915874,0.5809051184597808,0.6226,0.3748,0.656374,0.00092287,1.65,0.0007716738313372121,0.68862,84.0,109.0,0.7706422018348624,-1.0,7.0,0.68907,0.68772,2.0,0.6890700000000001,-4.500000000000615,0.0,0.0,0.0,0.0,0.0,0.0,0.6908449999999999,-22.249999999999215,0.703785,-151.64999999999984,0.6889449999999999,-3.249999999999087,0.0,0.0,0.0,0.0,0.0,0.0,0.6897150000000001,-10.950000000000681,0.69753,-89.09999999999974,-1.0,-1.0,-1.0,1.0,0.0,-1.0,0.0,0.0,0.0,0.0,0.0,0.0,0.0,0.0,0.0,0.0,0.0,0.0,0.0,0.0,0.0,0.0,0.0,0.0,0.0,0.0,0.0,0.70733,0.0,0.0,0.0,0.0,0.0,0.0,0.0,0.0,0.0,0.0,0.0,0.0,0.0,0.0,0.0,0.0,0.0,0.0,0.0,1.0,0.0,0.0,0.10000000000000003,0.20000000000000007,1.0
1.0,0.0,0.0,0.0,0.0,0.0,0.0,0.0,0.0,0.0,0.0,0.0,0.0,0.0,0.0,1.0,0.0,0.0,0.0,0.0,-0.25881904510252157,0.9659258262890681,101.099,100.76,0.33899999999999864,71.13936698706672,0.0033531488936586772,1.0,1.0,1.0,0,0.0,14.414745287159361,0.496640447408404,0.559,0.441,0.562964,0.00055568,1.21,0.00054062096327965,1.42114,72.0,109.0,0.6605504587155964,1.0,6.0,1.42084,1.42173,2.0,1.419635,15.050000000000896,0.0,0.0,0.0,0.0,0.0,0.0,1.420845,2.9500000000015625,1.40091,202.2999999999997,1.4206750000000001,4.649999999999377,0.0,0.0,0.0,0.0,0.0,0.0,1.419335,18.050000000000566,1.41182,93.19999999999995,1.0,-1.0,1.0,1.0,0.0,1.0,0.0,0.0,0.0,0.0,0.0,0.0,0.0,0.0,0.0,0.0,0.0,0.0,0.0,0.0,0.0,0.0,0.0,0.0,1.0,0.0,0.0,0.0,1.4004400000000001,0.0,0.0,0.0,0.0,0.0,0.0,0.0,0.0,0.0,0.0,0.0,0.0,0.0,1.0,0.0,0.0,0.0,1.0,0.0,0.0,0.0,0.10000000000000003,0.20000000000000007,0.0
1.0,0.0,0.0,0.0,0.0,0.0,0.0,0.0,0.0,0.0,0.0,0.0,0.0,0.0,0.0,1.0,0.0,0.0,0.0,0.0,-0.25881904510252157,0.9659258262890681,101.099,100.76,0.33899999999999864,125.20310100559767,0.0033531488936586772,0.0,1.0,-1.0,0,0.0,35.078258550439294,0.5852737390662611,0.5232,0.247,0.797898,0.00076692,3.07,0.0005045012893205616,0.80748,60.0,109.0,0.5504587155963303,-1.0,5.0,0.80873,0.80498,2.0,0.80873,-12.499999999999734,0.0,0.0,0.0,0.0,0.0,0.0,0.8102199999999999,-27.399999999999647,0.796735,107.45000000000005,0.80806,-5.800000000000249,0.0,0.0,0.0,0.0,0.0,0.0,0.8084100000000001,-9.300000000000974,0.80247,50.09999999999959,-1.0,-1.0,1.0,1.0,0.0,-1.0,0.0,0.0,0.0,0.0,0.0,0.0,0.0,0.0,0.0,0.0,0.0,0.0,0.0,0.0,0.0,0.0,0.0,0.0,0.0,0.0,0.0,0.0,0.80343,0.0,0.0,0.0,0.0,0.0,0.0,0.0,0.0,0.0,0.0,0.0,0.0,0.0,1.0,0.0,0.0,1.0,1.0,0.0,0.0,0.0,0.10000000000000003,0.20000000000000007,0.0
1.0,0.0,0.0,0.0,0.0,0.0,0.0,0.0,0.0,0.0,0.0,0.0,0.0,0.0,0.0,0.0,1.0,0.0,0.0,0.0,-0.25881904510252157,0.9659258262890681,101.156,100.76,0.3960000000000008,88.56474955567036,0.003914745541539808,1.0,1.0,1.0,0,0.0,35.07815495474646,0.5973865290580483,0.631,0.3626,0.533934,0.00081301,1.1,0.0007756321655001524,1.14217,60.0,109.0,0.5504587155963303,1.0,5.0,1.14095,1.14461,2.0,1.1409500000000001,12.199999999997768,0.0,0.0,0.0,0.0,0.0,0.0,1.1380599999999998,41.10000000000058,1.15052,-83.5000000000008,1.141265,9.049999999999336,0.0,0.0,0.0,0.0,0.0,0.0,1.1409500000000001,12.199999999997768,1.1426349999999998,-4.649999999999377,1.0,1.0,-1.0,-1.0,0.0,1.0,0.0,0.0,0.0,0.0,0.0,0.0,0.0,0.0,0.0,0.0,0.0,0.0,0.0,0.0,0.0,0.0,0.0,0.0,0.0,0.0,0.0,1.16028,0.0,0.0,0.0,0.0,0.0,0.0,0.0,0.0,0.0,0.0,0.0,0.0,0.0,0.0,1.0,0.0,0.0,0.0,0.0,1.0,0.0,0.0,0.10000000000000003,0.20000000000000007,0.0
1.0,0.0,0.0,0.0,0.0,0.0,0.0,0.0,0.0,0.0,0.0,0.0,0.0,0.0,0.0,0.0,1.0,0.0,0.0,0.0,-0.25881904510252157,0.9659258262890681,101.156,100.76,0.3960000000000008,76.28657616892912,0.003914745541539808,0.0,1.0,0.0,0,0.0,39.21357155040808,0.49964057823531005,0.0,0.0,0.719428,0.00073859,2.1,0.0006427007065617224,1.326,0.0,109.0,0.0,0.0,0.0,0.0,0.0,0.0,1.3244150000000001,15.849999999999476,0.0,0.0,0.0,0.0,0.0,0.0,1.32083,51.70000000000119,1.3322500000000002,-62.50000000000089,1.3244150000000001,15.849999999999476,0.0,0.0,0.0,0.0,0.0,0.0,1.32413,18.700000000000383,1.32324,27.600000000000957,0.0,1.0,-1.0,-1.0,0.0,1.0,0.0,0.0,0.0,0.0,0.0,0.0,0.0,0.0,0.0,0.0,0.0,0.0,0.0,0.0,0.0,0.0,0.0,0.0,0.0,0.0,0.0,1.34181,1.31833,0.0,0.0,0.0,0.0,0.0,0.0,0.0,0.0,0.0,0.0,0.0,0.0,0.0,1.0,0.0,1.0,0.0,0.0,1.0,0.0,0.0,0.0,0.0,-1.0
1.0,1.0,0.0,0.0,0.0,0.0,0.0,0.0,0.0,0.0,0.0,0.0,0.0,0.0,0.0,0.0,1.0,0.0,0.0,0.0,-0.25881904510252157,0.9659258262890681,101.156,100.76,0.3960000000000008,0.6222112870982625,0.003914745541539808,0.0,1.0,1.0,0,0.0,0.0,0.6033237739910191,0.0,0.0,0.573869,0.00032871,1.25,0.0003061557353864218,162.575,84.0,109.0,0.7706422018348624,1.0,7.0,162.2675,163.19,2.0,162.26749999999998,30.750000000000455,0.0,0.0,0.0,0.0,0.0,0.0,162.0975,47.749999999999204,160.7345,184.04999999999916,162.34,23.499999999998522,0.0,0.0,0.0,0.0,0.0,0.0,162.238,33.69999999999891,161.56400000000002,101.09999999999673,1.0,1.0,1.0,1.0,0.0,1.0,0.0,0.0,0.0,0.0,0.0,0.0,0.0,0.0,0.0,0.0,0.0,0.0,0.0,0.0,0.0,0.0,0.0,0.0,1.0,0.0,0.0,0.0,160.47,0.0,0.0,0.0,0.0,0.0,0.0,0.0,0.0,0.0,0.0,0.0,0.0,0.0,1.0,0.0,0.0,0.0,1.0,0.0,0.0,0.0,0.10000000000000003,0.20000000000000007,0.0
1.0,0.0,0.0,0.0,0.0,0.0,0.0,0.0,0.0,0.0,0.0,0.0,0.0,0.0,0.0,0.0,1.0,0.0,0.0,0.0,-0.25881904510252157,0.9659258262890681,101.156,100.76,0.3960000000000008,146.18341570565624,0.003914745541539808,0.0,1.0,0.0,0,0.0,50.59125099890053,0.5707670157118143,0.0,0.0,0.618313,0.00097551,1.44,0.0008769005182593433,0.69198,0.0,109.0,0.0,0.0,0.0,0.0,0.0,0.0,0.689745,22.34999999999987,0.0,0.0,0.0,0.0,0.0,0.0,0.689745,22.34999999999987,0.7032849999999999,-113.04999999999899,0.6905749999999999,14.050000000001006,0.0,0.0,0.0,0.0,0.0,0.0,0.689745,22.34999999999987,0.695335,-33.54999999999997,1.0,0.0,-1.0,1.0,0.0,1.0,0.0,0.0,0.0,0.0,0.0,0.0,0.0,0.0,0.0,0.0,0.0,0.0,0.0,0.0,0.0,0.0,0.0,0.0,0.0,0.0,0.68848,0.70733,0.0,0.0,0.0,0.0,0.0,0.0,0.0,0.0,0.0,0.0,0.0,0.0,0.0,0.0,0.0,1.0,0.0,1.0,0.0,1.0,0.0,0.0,0.0,0.0,-1.0
1.0,0.0,0.0,0.0,0.0,0.0,0.0,0.0,0.0,0.0,0.0,0.0,0.0,0.0,0.0,0.0,1.0,0.0,0.0,0.0,-0.25881904510252157,0.9659258262890681,101.156,100.76,0.3960000000000008,71.25368045870138,0.003914745541539808,0.0,1.0,0.0,0,0.0,6.645564225971191,0.3841510727091778,0.0,0.0,0.573869,0.00060568,1.25,0.0007241889343925288,1.41966,0.0,109.0,0.0,0.0,0.0,0.0,0.0,0.0,1.421275,-16.15000000000144,0.0,0.0,0.0,0.0,0.0,0.0,1.4208500000000002,-11.900000000002464,1.40091,187.49999999999824,1.4209,-12.400000000001299,0.0,0.0,0.0,0.0,0.0,0.0,1.421275,-16.15000000000144,1.4170150000000001,26.449999999997864,-1.0,1.0,1.0,1.0,0.0,0.0,0.0,0.0,0.0,0.0,0.0,0.0,0.0,0.0,0.0,0.0,0.0,0.0,0.0,0.0,0.0,0.0,0.0,0.0,1.0,0.0,0.0,0.0,1.4004400000000001,0.0,0.0,0.0,0.0,0.0,0.0,0.0,0.0,0.0,0.0,0.0,0.0,0.0,0.0,0.0,1.0,0.0,1.0,0.0,0.0,0.0,0.0,0.0,-1.0
1.0,0.0,0.0,0.0,0.0,0.0,0.0,0.0,0.0,0.0,0.0,0.0,0.0,0.0,0.0,0.0,1.0,0.0,0.0,0.0,-0.25881904510252157,0.9659258262890681,101.156,100.76,0.3960000000000008,125.1729300978803,0.003914745541539808,0.0,1.0,-1.0,0,0.0,25.77746484349882,0.5485497967145121,0.5346,0.4654,0.656374,0.00079976,1.65,0.000681234711577524,0.80813,60.0,109.0,0.5504587155963303,-1.0,5.0,0.80822,0.80795,2.0,0.8082199999999999,-0.8999999999992347,0.0,0.0,0.0,0.0,0.0,0.0,0.810125,-19.94999999999969,0.796735,113.95000000000044,0.8080350000000001,0.9499999999995623,0.0,0.0,0.0,0.0,0.0,0.0,0.8082199999999999,-0.8999999999992347,0.806065,20.649999999999835,-1.0,-1.0,1.0,1.0,0.0,-1.0,0.0,0.0,0.0,0.0,0.0,0.0,0.0,0.0,0.0,0.0,0.0,0.0,0.0,0.0,0.0,0.0,0.0,0.0,0.0,0.0,0.0,0.0,0.80343,0.0,0.0,0.0,0.0,0.0,0.0,0.0,0.0,0.0,0.0,0.0,0.0,0.0,0.0,1.0,0.0,0.0,1.0,0.0,0.0,0.0,0.10000000000000003,0.20000000000000007,1.0
1.0,0.0,0.0,0.0,0.0,0.0,0.0,0.0,0.0,0.0,0.0,0.0,0.0,0.0,0.0,0.0,0.0,1.0,0.0,0.0,-0.25881904510252157,0.9659258262890681,101.416,100.76,0.6559999999999917,89.14673487865123,0.006468407351897055,0.0,1.0,-1.0,0,0.0,49.630556582643365,0.6465759446751727,0.6042,0.3454,0.545045,0.0007879,1.14,0.00072126591796443,1.13763,72.0,109.0,0.6605504587155964,-1.0,6.0,1.1393,1.13429,2.0,1.13945,-18.20000000000155,0.0,0.0,0.0,0.0,0.0,0.0,1.1393,-16.700000000000603,1.15052,-128.9000000000007,1.138675,-10.450000000001847,0.0,0.0,0.0,0.0,0.0,0.0,1.13992,-22.900000000001253,1.140255,-26.250000000000995,-1.0,1.0,-1.0,-1.0,0.0,-1.0,0.0,0.0,0.0,0.0,0.0,0.0,0.0,0.0,0.0,0.0,0.0,0.0,0.0,0.0,0.0,0.0,0.0,0.0,0.0,0.0,0.0,0.0,0.0,0.0,0.0,0.0,0.0,0.0,0.0,0.0,0.0,0.0,0.0,0.0,0.0,0.0,0.0,0.0,1.0,0.0,0.0,1.0,0.0,0.0,0.10000000000000003,0.20000000000000007,0.0
1.0,0.0,0.0,0.0,0.0,0.0,0.0,0.0,0.0,0.0,0.0,0.0,0.0,0.0,0.0,0.0,0.0,1.0,0.0,0.0,-0.25881904510252157,0.9659258262890681,101.416,100.76,0.6559999999999917,76.40371561810196,0.006468407351897055,0.0,1.0,0.0,0,0.0,35.87886247825744,0.5173329005540503,0.0,0.0,0.831231,0.00074258,3.75,0.0004863108543105465,1.32737,0.0,109.0,0.0,0.0,0.0,0.0,0.0,0.0,1.325525,18.449999999998745,0.0,0.0,0.0,0.0,0.0,0.0,1.32325,41.199999999999015,1.3312650000000001,-38.950000000002035,1.325525,18.449999999998745,0.0,0.0,0.0,0.0,0.0,0.0,1.325175,21.94999999999947,1.32159,57.79999999999896,0.0,1.0,-1.0,-1.0,0.0,1.0,0.0,0.0,0.0,0.0,0.0,0.0,0.0,0.0,0.0,0.0,0.0,0.0,0.0,0.0,0.0,0.0,0.0,0.0,0.0,0.0,0.0,0.0,1.31833,0.0,0.0,0.0,0.0,0.0,0.0,0.0,0.0,0.0,0.0,0.0,0.0,0.0,0.0,1.0,1.0,0.0,0.0,1.0,0.0,0.0,0.0,0.0,-1.0
1.0,1.0,0.0,0.0,0.0,0.0,0.0,0.0,0.0,0.0,0.0,0.0,0.0,0.0,0.0,0.0,0.0,1.0,0.0,0.0,-0.25881904510252157,0.9659258262890681,101.416,100.76,0.6559999999999917,0.623710801286585,0.006468407351897055,0.0,1.0,1.0,0,0.0,22.25751006169037,0.545720041758564,0.5216,0.4784,0.455,0.00035449,0.88,0.00035340896633398504,162.601,72.0,109.0,0.6605504587155964,1.0,6.0,162.5645,162.674,2.0,162.5645,3.649999999998954,0.0,0.0,0.0,0.0,0.0,0.0,162.183,41.80000000000064,160.96699999999998,163.40000000000146,162.526,7.499999999998863,0.0,0.0,0.0,0.0,0.0,0.0,162.4255,17.549999999999955,161.9105,69.04999999999859,-1.0,1.0,1.0,1.0,0.0,1.0,0.0,0.0,0.0,0.0,0.0,0.0,0.0,0.0,0.0,0.0,0.0,0.0,0.0,0.0,0.0,0.0,0.0,0.0,1.0,0.0,0.0,0.0,160.47,0.0,0.0,0.0,0.0,0.0,0.0,0.0,0.0,0.0,0.0,0.0,0.0,0.0,1.0,0.0,1.0,0.0,1.0,0.0,0.0,1.0,0.10000000000000003,0.20000000000000007,0.0
1.0,0.0,0.0,0.0,0.0,0.0,0.0,0.0,0.0,0.0,0.0,0.0,0.0,0.0,0.0,0.0,0.0,1.0,0.0,0.0,-0.25881904510252157,0.9659258262890681,101.416,100.76,0.6559999999999917,147.14604915701807,0.006468407351897055,0.0,1.0,-1.0,0,0.0,0.3772171574964277,0.6254838423041315,0.6194,0.3732,0.645363,0.00090172,1.58,0.0007385074807782707,0.68922,72.0,109.0,0.6605504587155964,-1.0,6.0,0.68975,0.68817,2.0,0.690315,-10.949999999999571,0.0,0.0,0.0,0.0,0.0,0.0,0.689745,-5.249999999999977,0.7032849999999999,-140.64999999999884,0.69003,-8.099999999999774,0.0,0.0,0.0,0.0,0.0,0.0,0.690495,-12.749999999999151,0.694465,-52.44999999999944,-1.0,1.0,-1.0,1.0,0.0,-1.0,0.0,0.0,0.0,0.0,0.0,0.0,0.0,0.0,0.0,0.0,0.0,0.0,0.0,0.0,0.0,0.0,0.0,0.0,0.0,0.0,0.0,0.0,0.0,0.0,0.0,0.0,0.0,0.0,0.0,0.0,0.0,0.0,0.0,0.0,0.0,0.0,0.0,0.0,1.0,0.0,0.0,1.0,0.0,0.0,0.10000000000000003,0.20000000000000007,0.0
1.0,0.0,0.0,0.0,0.0,0.0,0.0,0.0,0.0,0.0,0.0,0.0,0.0,0.0,0.0,0.0,0.0,1.0,0.0,0.0,-0.25881904510252157,0.9659258262890681,101.416,100.76,0.6559999999999917,71.34335077944735,0.006468407351897055,1.0,1.0,1.0,0,0.0,12.74630027876444,0.5780144669298126,0.5866,0.4134,0.797898,0.00060962,3.07,0.0003871365804746317,1.4215200000000001,72.0,109.0,0.6605504587155964,1.0,6.0,1.42083,1.42291,2.0,1.42065,8.700000000001484,0.0,0.0,0.0,0.0,0.0,0.0,1.420825,6.950000000001122,1.40091,206.10000000000016,1.421335,1.8500000000010175,0.0,0.0,0.0,0.0,0.0,0.0,1.421275,2.4500000000005073,1.418615,29.050000000001575,1.0,1.0,1.0,1.0,0.0,0.0,0.0,0.0,0.0,0.0,0.0,0.0,0.0,0.0,0.0,0.0,0.0,0.0,0.0,0.0,0.0,0.0,0.0,0.0,1.0,0.0,0.0,0.0,0.0,0.0,0.0,0.0,0.0,0.0,0.0,0.0,0.0,0.0,0.0,0.0,0.0,0.0,0.0,1.0,1.0,0.0,1.0,0.0,0.0,0.0,0.10000000000000003,0.20000000000000007,0.0
1.0,0.0,0.0,0.0,0.0,0.0,0.0,0.0,0.0,0.0,0.0,0.0,0.0,0.0,0.0,0.0,0.0,1.0,0.0,0.0,-0.25881904510252157,0.9659258262890681,101.416,100.76,0.6559999999999917,125.28227300802965,0.006468407351897055,1.0,1.0,1.0,0,0.0,20.225829592930697,0.6968918869329904,0.5614,0.4386,0.786787,0.00084046,2.89,0.0005626435567537188,0.8095,60.0,109.0,0.5504587155963303,1.0,5.0,0.80933,0.80984,2.0,0.8096099999999999,-1.0999999999994348,0.0,0.0,0.0,0.0,0.0,0.0,0.80933,1.7000000000000348,0.796735,127.65000000000026,0.8099000000000001,-4.00000000000067,0.0,0.0,0.0,0.0,0.0,0.0,0.8091550000000001,3.449999999999287,0.8086899999999999,8.100000000000884,1.0,-1.0,1.0,1.0,0.0,1.0,0.0,0.0,0.0,0.0,0.0,0.0,0.0,0.0,0.0,0.0,0.0,0.0,0.0,0.0,0.0,0.0,0.0,0.0,0.0,0.0,0.0,0.0,0.80343,0.0,0.0,0.0,0.0,0.0,0.0,0.0,0.0,0.0,0.0,0.0,0.0,0.0,0.0,0.0,0.0,1.0,1.0,0.0,0.0,0.0,0.10000000000000003,0.20000000000000007,0.0
1.0,0.0,0.0,0.0,0.0,0.0,0.0,0.0,0.0,0.0,0.0,0.0,0.0,0.0,0.0,0.0,0.0,0.0,1.0,0.0,-0.25881904510252157,0.9659258262890681,100.864,100.76,0.1039999999999992,88.21564134408509,0.0010310913705583677,0.0,1.0,0.0,0,0.0,40.92519578146603,0.4726380762593451,0.0,0.0,0.455,0.00084903,0.88,0.0008457406031145627,1.14338,0.0,109.0,0.0,0.0,0.0,0.0,0.0,0.0,1.142315,10.650000000000936,0.0,0.0,0.0,0.0,0.0,0.0,1.1417199999999998,16.60000000000217,1.15052,-71.39999999999924,1.1434,-0.1999999999990898,0.0,0.0,0.0,0.0,0.0,0.0,1.1417199999999998,16.60000000000217,1.139915,34.65000000000052,1.0,0.0,-1.0,-1.0,0.0,1.0,0.0,0.0,0.0,0.0,0.0,0.0,0.0,0.0,0.0,0.0,0.0,0.0,0.0,0.0,0.0,0.0,0.0,0.0,0.0,0.0,0.0,0.0,0.0,0.0,0.0,0.0,0.0,0.0,0.0,0.0,0.0,0.0,0.0,0.0,0.0,0.0,1.0,0.0,0.0,0.0,0.0,1.0,0.0,0.0,0.0,0.0,-1.0
1.0,0.0,0.0,0.0,0.0,0.0,0.0,0.0,0.0,0.0,0.0,0.0,0.0,0.0,0.0,0.0,0.0,0.0,1.0,0.0,-0.25881904510252157,0.9659258262890681,100.864,100.76,0.1039999999999992,75.56318033007949,0.0010310913705583677,1.0,1.0,1.0,0,0.0,15.857697256815253,0.4182652139326917,0.6188,0.35,0.831231,0.00090904,3.75,0.0005959380510971356,1.33483,72.0,109.0,0.6605504587155964,1.0,6.0,1.33231,1.33986,2.0,1.332315,25.15000000000045,0.0,0.0,0.0,0.0,0.0,0.0,1.32862,62.10000000000049,1.3312650000000001,35.64999999999819,1.33407,7.599999999998719,0.0,0.0,0.0,0.0,0.0,0.0,1.330165,46.649999999999196,1.32623,85.9999999999994,1.0,1.0,-1.0,-1.0,0.0,1.0,0.0,0.0,0.0,0.0,0.0,0.0,0.0,0.0,0.0,0.0,0.0,0.0,0.0,0.0,0.0,0.0,0.0,0.0,0.0,0.0,1.32132,0.0,0.0,0.0,0.0,0.0,0.0,0.0,0.0,0.0,0.0,0.0,0.0,0.0,0.0,0.0,1.0,0.0,1.0,0.0,0.0,1.0,0.0,0.0,0.10000000000000003,0.20000000000000007,1.0
1.0,1.0,0.0,0.0,0.0,0.0,0.0,0.0,0.0,0.0,0.0,0.0,0.0,0.0,0.0,0.0,0.0,0.0,1.0,0.0,-0.25881904510252157,0.9659258262890681,100.864,100.76,0.1039999999999992,0.6260800476710696,0.0010310913705583677,1.0,1.0,-1.0,0,0.0,70.84030658632918,0.6249308781057368,0.4912,0.5088,0.769595,0.0007633,2.65,0.0005663520361781435,161.104,60.0,109.0,0.5504587155963303,-1.0,5.0,161.622,160.068,2.0,161.622,-51.80000000000007,0.0,0.0,0.0,0.0,0.0,0.0,161.735,-63.10000000000002,160.96699999999998,13.700000000002888,161.1365,-3.2499999999998863,0.0,0.0,0.0,0.0,0.0,0.0,161.69650000000001,-59.250000000000114,161.735,-63.10000000000002,-1.0,-1.0,1.0,1.0,0.0,-1.0,0.0,0.0,0.0,0.0,0.0,0.0,0.0,0.0,0.0,0.0,0.0,0.0,0.0,0.0,0.0,0.0,0.0,0.0,1.0,0.0,0.0,162.584,0.0,162.838,0.0,0.0,0.0,0.0,0.0,0.0,0.0,0.0,0.0,0.0,0.0,0.0,0.0,1.0,0.0,0.0,1.0,0.0,0.0,0.0,0.10000000000000003,0.20000000000000007,0.0
1.0,0.0,0.0,0.0,0.0,0.0,0.0,0.0,0.0,0.0,0.0,0.0,0.0,0.0,0.0,0.0,0.0,0.0,1.0,0.0,-0.25881904510252157,0.9659258262890681,100.864,100.76,0.1039999999999992,145.71511123952615,0.0010310913705583677,1.0,1.0,1.0,0,0.0,41.4004941857455,0.6490452698587664,0.6132,0.344,0.831231,0.0011052,3.75,0.0007027128553707809,0.6922,60.0,109.0,0.5504587155963303,1.0,5.0,0.69136,0.69388,2.0,0.69136,8.40000000000063,0.0,0.0,0.0,0.0,0.0,0.0,0.6904250000000001,17.74999999999971,0.7032849999999999,-110.849999999999,0.6914899999999999,7.100000000000994,0.0,0.0,0.0,0.0,0.0,0.0,0.69136,8.40000000000063,0.694205,-20.049999999999237,1.0,1.0,-1.0,1.0,0.0,1.0,0.0,0.0,0.0,0.0,0.0,0.0,0.0,0.0,0.0,0.0,0.0,0.0,0.0,0.0,0.0,0.0,0.0,0.0,0.0,0.0,0.68848,0.0,0.0,0.0,0.0,0.0,0.0,0.0,0.0,0.0,0.0,0.0,0.0,0.0,0.0,0.0,0.0,0.0,0.0,0.0,0.0,1.0,0.0,0.0,0.10000000000000003,0.20000000000000007,0.0
1.0,0.0,0.0,0.0,0.0,0.0,0.0,0.0,0.0,0.0,0.0,0.0,0.0,0.0,0.0,0.0,0.0,0.0,1.0,0.0,-0.25881904510252157,0.9659258262890681,100.864,100.76,0.1039999999999992,71.12164096489187,0.0010310913705583677,0.0,1.0,-1.0,0,0.0,53.013287855563796,0.5019695139147676,0.5788,0.4212,0.769595,0.00061809,2.65,0.0004106161929060947,1.41819,60.0,109.0,0.5504587155963303,-1.0,5.0,1.41872,1.41714,2.0,1.4187150000000002,-5.250000000001087,0.0,0.0,0.0,0.0,0.0,0.0,1.41988,-16.899999999999693,1.40091,172.7999999999996,1.41845,-2.5999999999992696,0.0,0.0,0.0,0.0,0.0,0.0,1.4192550000000002,-10.650000000000936,1.4195950000000002,-14.050000000001006,-1.0,-1.0,1.0,1.0,0.0,-1.0,0.0,0.0,0.0,0.0,0.0,0.0,0.0,0.0,0.0,0.0,0.0,0.0,0.0,0.0,0.0,0.0,0.0,0.0,1.0,0.0,0.0,0.0,0.0,0.0,0.0,0.0,0.0,0.0,0.0,0.0,0.0,0.0,0.0,0.0,0.0,0.0,0.0,0.0,0.0,1.0,0.0,0.0,0.0,0.0,0.10000000000000003,0.20000000000000007,0.0
1.0,0.0,0.0,0.0,0.0,0.0,0.0,0.0,0.0,0.0,0.0,0.0,0.0,0.0,0.0,0.0,0.0,0.0,1.0,0.0,-0.25881904510252157,0.9659258262890681,100.864,100.76,0.1039999999999992,125.55736745795626,0.0010310913705583677,0.0,1.0,0.0,0,0.0,39.96751437660043,0.4822983242422669,0.0,0.0,0.831231,0.00098237,3.75,0.0006217963990282011,0.80333,0.0,109.0,0.0,0.0,0.0,0.0,0.0,0.0,0.80535,-20.200000000000216,0.0,0.0,0.0,0.0,0.0,0.0,0.806495,-31.649999999999736,0.796735,65.95000000000017,0.804195,-8.650000000000047,0.0,0.0,0.0,0.0,0.0,0.0,0.806495,-31.649999999999736,0.807465,-41.349999999999994,-1.0,0.0,1.0,1.0,0.0,-1.0,0.0,0.0,0.0,0.0,0.0,0.0,0.0,0.0,0.0,0.0,0.0,0.0,0.0,0.0,0.0,0.0,0.0,0.0,0.0,0.0,0.0,0.0,0.0,0.0,0.0,0.0,0.0,0.0,0.0,0.0,0.0,0.0,0.0,0.0,0.0,0.0,0.0,0.0,0.0,0.0,1.0,0.0,0.0,0.0,0.0,0.0,-1.0
1.0,0.0,0.0,0.0,0.0,0.0,0.0,0.0,0.0,0.0,0.0,0.0,0.0,0.0,0.0,0.0,0.0,0.0,0.0,1.0,-0.25881904510252157,0.9659258262890681,100.838,100.76,0.07799999999998875,88.18133324005491,0.0007735179198316978,0.0,1.0,0.0,0,0.0,17.02886571596104,0.5330672369426719,0.0,0.0,0.895848,0.00082035,6.3,0.0003926829064760076,1.14353,0.0,109.0,0.0,0.0,0.0,0.0,0.0,0.0,1.14414,-6.099999999999994,0.0,0.0,0.0,0.0,0.0,0.0,1.1417199999999998,18.100000000000893,1.15052,-69.90000000000052,1.14428,-7.500000000000284,0.0,0.0,0.0,0.0,0.0,0.0,1.1434,1.2999999999996348,1.13986,36.6999999999984,1.0,1.0,-1.0,-1.0,0.0,1.0,0.0,0.0,0.0,0.0,0.0,0.0,0.0,0.0,0.0,0.0,0.0,0.0,0.0,0.0,0.0,0.0,0.0,0.0,0.0,0.0,1.1369,0.0,0.0,0.0,0.0,0.0,0.0,0.0,0.0,0.0,0.0,0.0,0.0,0.0,0.0,0.0,0.0,0.0,0.0,0.0,0.0,0.0,0.0,0.0,0.0,0.0,-1.0
1.0,0.0,0.0,0.0,0.0,0.0,0.0,0.0,0.0,0.0,0.0,0.0,0.0,0.0,0.0,0.0,0.0,0.0,0.0,1.0,-0.25881904510252157,0.9659258262890681,100.838,100.76,0.07799999999998875,75.53917492565041,0.0007735179198316978,0.0,1.0,0.0,0,0.0,6.237722181848772,0.5075124383286803,0.0,0.0,0.906959,0.00089031,7.1,0.00048779783483700594,1.33491,0.0,109.0,0.0,0.0,0.0,0.0,0.0,0.0,1.335785,-8.749999999999591,0.0,0.0,0.0,0.0,0.0,0.0,1.329815,50.95000000000071,1.3312650000000001,36.44999999999898,1.335365,-4.549999999998722,0.0,0.0,0.0,0.0,0.0,0.0,1.33407,8.399999999999519,1.32623,86.80000000000021,-1.0,1.0,-1.0,-1.0,0.0,1.0,0.0,0.0,0.0,0.0,0.0,0.0,0.0,0.0,0.0,0.0,0.0,0.0,0.0,0.0,0.0,0.0,0.0,0.0,0.0,0.0,1.32338,0.0,1.32768,0.0,0.0,0.0,0.0,0.0,0.0,0.0,0.0,0.0,0.0,0.0,0.0,0.0,1.0,0.0,0.0,0.0,0.0,1.0,0.0,0.0,0.0,0.0,-1.0
1.0,1.0,0.0,0.0,0.0,0.0,0.0,0.0,0.0,0.0,0.0,0.0,0.0,0.0,0.0,0.0,0.0,0.0,0.0,1.0,-0.25881904510252157,0.9659258262890681,100.838,100.76,0.07799999999998875,0.6249062683977318,0.0007735179198316978,0.0,1.0,0.0,0,0.0,10.98002829318207,0.6179871126381943,0.0,0.0,0.747373,0.00083336,2.38,0.0005800749200475352,161.365,0.0,109.0,0.0,0.0,0.0,0.0,0.0,0.0,161.0,36.50000000000091,0.0,0.0,0.0,0.0,0.0,0.0,161.66,-29.49999999999875,160.96699999999998,39.800000000002456,161.26100000000002,10.3999999999985,0.0,0.0,0.0,0.0,0.0,0.0,161.0615,30.350000000001387,161.66,-29.49999999999875,1.0,-1.0,1.0,1.0,0.0,-1.0,0.0,0.0,0.0,0.0,0.0,0.0,0.0,0.0,0.0,0.0,0.0,0.0,0.0,0.0,0.0,0.0,0.0,0.0,3.0,162.331,0.0,162.584,0.0,162.838,0.0,0.0,0.0,0.0,0.0,0.0,0.0,0.0,0.0,0.0,0.0,0.0,0.0,0.0,0.0,1.0,1.0,0.0,0.0,0.0,0.0,0.0,-1.0
1.0,0.0,0.0,0.0,0.0,0.0,0.0,0.0,0.0,0.0,0.0,0.0,0.0,0.0,0.0,0.0,0.0,0.0,0.0,1.0,-0.25881904510252157,0.9659258262890681,100.838,100.76,0.07799999999998875,145.38560244524862,0.0007735179198316978,1.0,1.0,1.0,0,0.0,28.810977549900326,0.5107661837278603,0.623,0.3704,0.906959,0.00108178,7.1,0.0004833586788494087,0.69359,60.0,109.0,0.5504587155963303,1.0,5.0,0.693,0.69477,2.0,0.6930000000000001,5.899999999999794,0.0,0.0,0.0,0.0,0.0,0.0,0.6907300000000001,28.59999999999974,0.7032849999999999,-96.94999999999898,0.6936599999999999,-0.6999999999990347,0.0,0.0,0.0,0.0,0.0,0.0,0.6917949999999999,17.95000000000102,0.69345,1.40000000000029,1.0,1.0,-1.0,1.0,0.0,1.0,0.0,0.0,0.0,0.0,0.0,0.0,0.0,0.0,0.0,0.0,0.0,0.0,0.0,0.0,0.0,0.0,0.0,0.0,0.0,0.0,0.68896,0.0,0.0,0.0,0.0,0.0,0.0,0.0,0.0,0.0,0.0,0.0,0.0,0.0,0.0,0.0,0.0,0.0,1.0,0.0,0.0,1.0,0.0,0.0,0.10000000000000003,0.20000000000000007,0.0
1.0,0.0,0.0,0.0,0.0,0.0,0.0,0.0,0.0,0.0,0.0,0.0,0.0,0.0,0.0,0.0,0.0,0.0,0.0,1.0,-0.25881904510252157,0.9659258262890681,100.838,100.76,0.07799999999998875,71.00117586588087,0.0007735179198316978,1.0,1.0,1.0,0,0.0,8.820086697867696,0.4034127896280103,0.55,0.45,0.862514,0.00061079,4.69,0.0003331325132266562,1.42023,72.0,109.0,0.6605504587155964,1.0,6.0,1.41988,1.42093,2.0,1.418315,19.15000000000111,0.0,0.0,0.0,0.0,0.0,0.0,1.41988,3.5000000000007248,1.40091,193.20000000000005,1.41993,3.00000000000189,0.0,0.0,0.0,0.0,0.0,0.0,1.41845,17.80000000000115,1.41985,3.8000000000004697,1.0,-1.0,1.0,1.0,0.0,1.0,0.0,0.0,0.0,0.0,0.0,0.0,0.0,0.0,0.0,0.0,0.0,0.0,0.0,0.0,0.0,0.0,0.0,0.0,2.0,0.0,0.0,0.0,0.0,0.0,0.0,0.0,0.0,0.0,0.0,0.0,0.0,0.0,0.0,0.0,0.0,0.0,0.0,0.0,0.0,0.0,0.0,0.0,0.0,0.0,0.10000000000000003,0.20000000000000007,0.0
1.0,0.0,0.0,0.0,0.0,0.0,0.0,0.0,0.0,0.0,0.0,0.0,0.0,0.0,0.0,0.0,0.0,0.0,0.0,1.0,-0.25881904510252157,0.9659258262890681,100.838,100.76,0.07799999999998875,125.52500217843227,0.0007735179198316978,0.0,1.0,0.0,0,0.0,10.863250456215006,0.5874003416119516,0.0,0.0,0.906959,0.00097152,7.1,0.000587360251588693,0.80333,0.0,109.0,0.0,0.0,0.0,0.0,0.0,0.0,0.8028649999999999,4.650000000000487,0.0,0.0,0.0,0.0,0.0,0.0,0.806495,-31.649999999999736,0.796735,65.95000000000017,0.80313,1.9999999999997797,0.0,0.0,0.0,0.0,0.0,0.0,0.804195,-8.650000000000047,0.807465,-41.349999999999994,1.0,-1.0,1.0,1.0,0.0,-1.0,0.0,0.0,0.0,0.0,0.0,0.0,0.0,0.0,0.0,0.0,0.0,0.0,0.0,0.0,0.0,0.0,0.0,0.0,0.0,0.80829,0.0,0.8094,0.0,0.0,0.0,0.0,0.0,0.0,0.0,0.0,0.0,0.0,0.0,0.0,0.0,0.0,0.0,0.0,0.0,0.0,0.0,0.0,0.0,0.0,0.0,0.0,-1.0
1.0,0.0,0.0,0.0,0.0,0.0,0.0,0.0,0.0,0.0,0.0,0.0,0.0,0.0,0.0,1.0,0.0,0.0,0.0,0.0,-0.25881904510252157,0.9659258262890681,100.87,100.76,0.10999999999999943,88.16999405615189,0.0010905125408942147,0.0,1.0,0.0,0,0.0,11.440549487853723,0.6777517627209861,0.0,0.0,0.8848,0.00065084,5.66,0.0004496097789458969,1.14404,0.0,109.0,0.0,0.0,0.0,0.0,0.0,0.0,1.1426699999999999,13.700000000000934,0.0,0.0,0.0,0.0,0.0,0.0,1.1417199999999998,23.200000000000998,1.149465,-54.25000000000013,1.1426699999999999,13.700000000000934,0.0,0.0,0.0,0.0,0.0,0.0,1.1432799999999999,7.600000000000939,1.13986,41.799999999998505,0.0,1.0,-1.0,-1.0,0.0,0.0,0.0,0.0,0.0,0.0,0.0,0.0,0.0,0.0,0.0,0.0,0.0,0.0,0.0,0.0,0.0,0.0,0.0,0.0,0.0,0.0,0.0,0.0,1.13814,0.0,0.0,0.0,0.0,0.0,0.0,0.0,0.0,0.0,0.0,0.0,0.0,0.0,0.0,1.0,0.0,0.0,0.0,0.0,0.0,0.0,0.0,0.0,-1.0
1.0,0.0,0.0,0.0,0.0,0.0,0.0,0.0,0.0,0.0,0.0,0.0,0.0,0.0,0.0,1.0,0.0,0.0,0.0,0.0,-0.25881904510252157,0.9659258262890681,100.87,100.76,0.10999999999999943,75.33740131898335,0.0010905125408942147,1.0,1.0,1.0,0,0.0,32.16985571704474,0.5303090965254272,0.589,0.3046,0.831231,0.00076099,3.75,0.0005417390536358749,1.33891,72.0,109.0,0.6605504587155964,1.0,6.0,1.33625,1.34423,2.0,1.3362500000000002,26.599999999998847,0.0,0.0,0.0,0.0,0.0,0.0,1.3304900000000002,84.19999999999872,1.331155,77.54999999999956,1.33669,22.200000000001108,0.0,0.0,0.0,0.0,0.0,0.0,1.3362500000000002,26.599999999998847,1.3268300000000002,120.79999999999869,1.0,1.0,-1.0,-1.0,0.0,1.0,0.0,0.0,0.0,0.0,0.0,0.0,0.0,0.0,0.0,0.0,0.0,0.0,0.0,0.0,0.0,0.0,0.0,0.0,1.0,0.0,1.3308,0.0,1.32768,0.0,0.0,0.0,0.0,0.0,0.0,0.0,0.0,0.0,0.0,0.0,0.0,0.0,0.0,1.0,0.0,1.0,0.0,1.0,0.0,0.0,0.10000000000000003,0.20000000000000007,0.0
1.0,1.0,0.0,0.0,0.0,0.0,0.0,0.0,0.0,0.0,0.0,0.0,0.0,0.0,0.0,1.0,0.0,0.0,0.0,0.0,-0.25881904510252157,0.9659258262890681,100.87,100.76,0.10999999999999943,0.6223162726420217,0.0010905125408942147,0.0,1.0,1.0,0,0.0,30.785461385899232,0.6994990206890637,0.5194,0.4806,0.758484,0.00087013,2.51,0.0006315297971341136,162.088,84.0,109.0,0.7706422018348624,1.0,7.0,161.8355,162.593,2.0,161.8355,25.249999999999773,0.0,0.0,0.0,0.0,0.0,0.0,161.66,42.79999999999973,161.0665,102.15000000000032,162.219,-13.100000000000023,0.0,0.0,0.0,0.0,0.0,0.0,161.6925,39.54999999999984,161.66,42.79999999999973,1.0,1.0,1.0,1.0,0.0,1.0,0.0,0.0,0.0,0.0,0.0,0.0,0.0,0.0,0.0,0.0,0.0,0.0,0.0,0.0,0.0,0.0,0.0,0.0,1.0,0.0,160.713,0.0,0.0,0.0,0.0,0.0,0.0,0.0,0.0,0.0,0.0,0.0,0.0,0.0,0.0,0.0,0.0,1.0,0.0,0.0,1.0,0.0,0.0,0.0,0.10000000000000003,0.20000000000000007,0.0
1.0,0.0,0.0,0.0,0.0,0.0,0.0,0.0,0.0,0.0,0.0,0.0,0.0,0.0,0.0,1.0,0.0,0.0,0.0,0.0,-0.25881904510252157,0.9659258262890681,100.87,100.76,0.10999999999999943,145.0115008625647,0.0010905125408942147,1.0,1.0,1.0,0,0.0,26.90161894220717,0.6569024142788431,0.407,0.1148,0.906959,0.00090743,7.1,0.0005043721112796021,0.6956,60.0,109.0,0.5504587155963303,1.0,5.0,0.69403,0.69874,2.0,0.6940299999999999,15.700000000000713,0.0,0.0,0.0,0.0,0.0,0.0,0.69207,35.30000000000033,0.7027650000000001,-71.65000000000089,0.69413,14.699999999999713,0.0,0.0,0.0,0.0,0.0,0.0,0.6940299999999999,15.700000000000713,0.6912050000000001,43.949999999999264,1.0,1.0,-1.0,1.0,0.0,1.0,0.0,0.0,0.0,0.0,0.0,0.0,0.0,0.0,0.0,0.0,0.0,0.0,0.0,0.0,0.0,0.0,0.0,0.0,0.0,0.0,0.68896,0.0,0.68802,0.0,0.0,0.0,0.0,0.0,0.0,0.0,0.0,0.0,0.0,0.0,0.0,0.0,0.0,1.0,0.0,0.0,0.0,1.0,0.0,0.0,0.10000000000000003,0.20000000000000007,0.0
1.0,0.0,0.0,0.0,0.0,0.0,0.0,0.0,0.0,0.0,0.0,0.0,0.0,0.0,0.0,1.0,0.0,0.0,0.0,0.0,-0.25881904510252157,0.9659258262890681,100.87,100.76,0.10999999999999943,71.00570889559972,0.0010905125408942147,1.0,1.0,1.0,0,0.0,11.311473605374433,0.5171460882728264,0.6082,0.3868,0.786787,0.00048711,2.89,0.00033821345938682656,1.42059,72.0,109.0,0.6605504587155964,1.0,6.0,1.41944,1.4229,2.0,1.421255,-6.649999999999157,0.0,0.0,0.0,0.0,0.0,0.0,1.419435,11.550000000000171,1.40175,188.3999999999997,1.4221,-15.099999999999003,0.0,0.0,0.0,0.0,0.0,0.0,1.4208749999999999,-2.849999999998687,1.419905,6.850000000000467,1.0,1.0,1.0,1.0,0.0,1.0,0.0,0.0,0.0,0.0,0.0,0.0,0.0,0.0,0.0,0.0,0.0,0.0,0.0,0.0,0.0,0.0,0.0,0.0,1.0,0.0,0.0,0.0,0.0,0.0,0.0,0.0,0.0,0.0,0.0,0.0,0.0,0.0,0.0,0.0,0.0,0.0,0.0,0.0,1.0,0.0,0.0,1.0,0.0,0.0,0.10000000000000003,0.20000000000000007,0.0
1.0,0.0,0.0,0.0,0.0,0.0,0.0,0.0,0.0,0.0,0.0,0.0,0.0,0.0,0.0,1.0,0.0,0.0,0.0,0.0,-0.25881904510252157,0.9659258262890681,100.87,100.76,0.10999999999999943,125.26855680985557,0.0010905125408942147,0.0,1.0,0.0,0,0.0,15.35053385200029,0.6082128426275978,0.0,0.0,0.856494,0.00083718,4.47,0.0005384993104545066,0.80523,0.0,109.0,0.0,0.0,0.0,0.0,0.0,0.0,0.80487,3.6000000000002697,0.0,0.0,0.0,0.0,0.0,0.0,0.806495,-12.649999999999606,0.796885,83.45000000000047,0.80598,-7.500000000000284,0.0,0.0,0.0,0.0,0.0,0.0,0.8048200000000001,4.099999999999104,0.807465,-22.34999999999987,1.0,-1.0,1.0,1.0,0.0,0.0,0.0,0.0,0.0,0.0,0.0,0.0,0.0,0.0,0.0,0.0,0.0,0.0,0.0,0.0,0.0,0.0,0.0,0.0,0.0,0.0,0.0,0.8094,0.0,0.0,0.0,0.0,0.0,0.0,0.0,0.0,0.0,0.0,0.0,0.0,0.0,0.0,0.0,0.0,0.0,0.0,0.0,0.0,0.0,0.0,0.0,0.0,-1.0
1.0,0.0,0.0,0.0,0.0,0.0,0.0,0.0,0.0,0.0,0.0,0.0,0.0,0.0,0.0,0.0,1.0,0.0,0.0,0.0,-0.25881904510252157,0.9659258262890681,101.089,100.76,0.3289999999999935,88.59140981710149,0.0032545578648517,0.0,1.0,-1.0,0,0.0,58.58460949169137,0.7648569460650325,0.6374,0.3566,0.455,0.00042296,0.88,0.00042341840625956316,1.14107,72.0,109.0,0.6605504587155964,-1.0,6.0,1.14172,1.13977,2.0,1.1428099999999999,-17.399999999998528,0.0,0.0,0.0,0.0,0.0,0.0,1.1417199999999998,-6.499999999998174,1.1490049999999998,-79.34999999999803,1.142525,-14.54999999999984,0.0,0.0,0.0,0.0,0.0,0.0,1.1428099999999999,-17.399999999998528,1.140295,7.749999999999702,-1.0,1.0,-1.0,-1.0,0.0,-1.0,0.0,0.0,0.0,0.0,0.0,0.0,0.0,0.0,0.0,0.0,0.0,0.0,0.0,0.0,0.0,0.0,0.0,0.0,0.0,0.0,0.0,0.0,1.13253,0.0,0.0,0.0,0.0,0.0,0.0,0.0,0.0,0.0,0.0,0.0,0.0,0.0,0.0,0.0,0.0,1.0,0.0,0.0,0.0,0.0,0.10000000000000003,0.20000000000000007,0.0
1.0,0.0,0.0,0.0,0.0,0.0,0.0,0.0,0.0,0.0,0.0,0.0,0.0,0.0,0.0,0.0,1.0,0.0,0.0,0.0,-0.25881904510252157,0.9659258262890681,101.089,100.76,0.3289999999999935,75.68298033226272,0.0032545578648517,0.0,1.0,0.0,0,0.0,4.932323253189248,0.7849112286239712,0.0,0.0,0.487443,0.00050261,0.96,0.000494456395742043,1.33569,0.0,109.0,0.0,0.0,0.0,0.0,0.0,0.0,1.33751,-18.199999999999328,0.0,0.0,0.0,0.0,0.0,0.0,1.33102,46.69999999999952,1.331155,45.349999999999554,1.33705,-13.600000000000279,0.0,0.0,0.0,0.0,0.0,0.0,1.33664,-9.500000000000064,1.327525,81.64999999999978,-1.0,1.0,-1.0,-1.0,0.0,-1.0,0.0,0.0,0.0,0.0,0.0,0.0,0.0,0.0,0.0,0.0,0.0,0.0,0.0,0.0,0.0,0.0,0.0,0.0,0.0,0.0,0.0,0.0,1.32768,0.0,0.0,0.0,0.0,0.0,0.0,0.0,0.0,0.0,0.0,0.0,0.0,0.0,1.0,0.0,0.0,0.0,0.0,1.0,0.0,0.0,0.0,0.0,-1.0
1.0,1.0,0.0,0.0,0.0,0.0,0.0,0.0,0.0,0.0,0.0,0.0,0.0,0.0,0.0,0.0,1.0,0.0,0.0,0.0,-0.25881904510252157,0.9659258262890681,101.089,100.76,0.3289999999999935,0.6235981394889764,0.0032545578648517,0.0,1.0,1.0,0,0.0,1.533699913311711,0.8473336363759528,0.5198,0.4802,0.508846,0.00061576,1.03,0.0005970707175171211,162.106,84.0,109.0,0.7706422018348624,1.0,7.0,161.919,162.48,2.0,161.91899999999998,18.700000000001182,0.0,0.0,0.0,0.0,0.0,0.0,161.608,49.799999999999045,161.10399999999998,100.20000000000095,161.9425,16.34999999999991,0.0,0.0,0.0,0.0,0.0,0.0,162.0405,6.54999999999859,161.66,44.599999999999795,1.0,1.0,1.0,1.0,0.0,1.0,0.0,0.0,0.0,0.0,0.0,0.0,0.0,0.0,0.0,0.0,0.0,0.0,0.0,0.0,0.0,0.0,0.0,0.0,2.0,0.0,0.0,0.0,0.0,0.0,0.0,0.0,0.0,0.0,0.0,0.0,0.0,0.0,0.0,0.0,0.0,0.0,0.0,0.0,1.0,0.0,1.0,0.0,0.0,0.0,0.10000000000000003,0.20000000000000007,1.0
1.0,0.0,0.0,0.0,0.0,0.0,0.0,0.0,0.0,0.0,0.0,0.0,0.0,0.0,0.0,0.0,1.0,0.0,0.0,0.0,-0.25881904510252157,0.9659258262890681,101.089,100.76,0.3289999999999935,145.90525951157554,0.0032545578648517,0.0,1.0,-1.0,0,0.0,24.558613135428473,0.7016406155070795,0.3452,0.0664,0.533934,0.00062155,1.1,0.0006232118499511796,0.69284,60.0,109.0,0.5504587155963303,-1.0,5.0,0.69405,0.69042,2.0,0.6940500000000001,-12.100000000000444,0.0,0.0,0.0,0.0,0.0,0.0,0.69219,6.500000000000394,0.702655,-98.15000000000018,0.69379,-9.500000000000064,0.0,0.0,0.0,0.0,0.0,0.0,0.6940500000000001,-12.100000000000444,0.691255,15.850000000000586,-1.0,1.0,-1.0,1.0,0.0,-1.0,0.0,0.0,0.0,0.0,0.0,0.0,0.0,0.0,0.0,0.0,0.0,0.0,0.0,0.0,0.0,0.0,0.0,0.0,0.0,0.0,0.0,0.0,0.0,0.71488,0.0,0.0,0.0,0.0,0.0,0.0,0.0,0.0,0.0,0.0,0.0,0.0,1.0,0.0,1.0,0.0,0.0,1.0,0.0,0.0,0.10000000000000003,0.20000000000000007,0.0
1.0,0.0,0.0,0.0,0.0,0.0,0.0,0.0,0.0,0.0,0.0,0.0,0.0,0.0,0.0,0.0,1.0,0.0,0.0,0.0,-0.25881904510252157,0.9659258262890681,101.089,100.76,0.3289999999999935,71.18693003767473,0.0032545578648517,1.0,1.0,1.0,0,0.0,12.145106111572773,0.6225493979843176,0.6048,0.395,0.573869,0.00038241,1.25,0.0003701691829583339,1.42005,48.0,109.0,0.44036697247706424,1.0,4.0,1.41944,1.42128,2.0,1.420485,-4.349999999999632,0.0,0.0,0.0,0.0,0.0,0.0,1.419435,6.150000000000322,1.4031449999999999,169.0500000000017,1.420485,-4.349999999999632,0.0,0.0,0.0,0.0,0.0,0.0,1.4211049999999998,-10.549999999998061,1.419905,1.4500000000006175,0.0,1.0,1.0,1.0,0.0,0.0,0.0,0.0,0.0,0.0,0.0,0.0,0.0,0.0,0.0,0.0,0.0,0.0,0.0,0.0,0.0,0.0,0.0,0.0,1.0,0.0,0.0,0.0,0.0,0.0,0.0,0.0,0.0,0.0,0.0,0.0,0.0,0.0,0.0,0.0,0.0,0.0,0.0,0.0,1.0,0.0,0.0,1.0,0.0,0.0,0.10000000000000003,0.20000000000000007,0.0
1.0,0.0,0.0,0.0,0.0,0.0,0.0,0.0,0.0,0.0,0.0,0.0,0.0,0.0,0.0,0.0,1.0,0.0,0.0,0.0,-0.25881904510252157,0.9659258262890681,101.089,100.76,0.3289999999999935,125.03432324456702,0.0032545578648517,1.0,1.0,1.0,0,0.0,1.6062801433263398,0.6337048597571011,0.2444,0.0316,0.485127,0.00057773,0.96,0.0005760349570919508,0.80849,84.0,109.0,0.7706422018348624,1.0,7.0,0.80653,0.81241,2.0,0.80653,19.600000000000726,0.0,0.0,0.0,0.0,0.0,0.0,0.806495,19.9500000000008,0.79919,93.00000000000085,0.807065,14.250000000000096,0.0,0.0,0.0,0.0,0.0,0.0,0.80653,19.600000000000726,0.8072250000000001,12.649999999999606,1.0,1.0,1.0,1.0,0.0,1.0,0.0,0.0,0.0,0.0,0.0,0.0,0.0,0.0,0.0,0.0,0.0,0.0,0.0,0.0,0.0,0.0,0.0,0.0,0.0,0.0,0.0,0.0,0.0,0.0,0.0,0.0,0.0,0.0,0.0,0.0,0.0,0.0,0.0,0.0,0.0,0.0,0.0,0.0,1.0,0.0,0.0,0.0,0.0,0.0,0.10000000000000003,0.20000000000000007,0.0
1.0,0.0,0.0,0.0,0.0,0.0,0.0,0.0,0.0,0.0,0.0,0.0,0.0,0.0,0.0,0.0,0.0,1.0,0.0,0.0,-0.25881904510252157,0.9659258262890681,101.066,100.76,0.3059999999999974,88.52548044076171,0.0030277244572853123,0.0,1.0,-1.0,0,0.0,15.424693190064046,0.5910954459960034,0.6278,0.3388,0.907319,0.00050842,7.13,0.0006998145291376859,1.14166,72.0,109.0,0.6605504587155964,-1.0,6.0,1.14268,1.13961,2.0,1.14114,5.199999999998539,0.0,0.0,0.0,0.0,0.0,0.0,1.142685,-10.250000000000536,1.148485,-68.25000000000081,1.141085,5.749999999999922,0.0,0.0,0.0,0.0,0.0,0.0,1.141675,-0.15000000000098268,1.141345,3.149999999998432,-1.0,-1.0,-1.0,-1.0,0.0,-1.0,0.0,0.0,0.0,0.0,0.0,0.0,0.0,0.0,0.0,0.0,0.0,0.0,0.0,0.0,0.0,0.0,0.0,0.0,0.0,0.0,0.0,0.0,0.0,0.0,0.0,0.0,0.0,0.0,0.0,0.0,0.0,0.0,0.0,0.0,0.0,0.0,0.0,0.0,0.0,1.0,0.0,0.0,0.0,0.0,0.10000000000000003,0.20000000000000007,0.0
1.0,0.0,0.0,0.0,0.0,0.0,0.0,0.0,0.0,0.0,0.0,0.0,0.0,0.0,0.0,0.0,0.0,1.0,0.0,0.0,-0.25881904510252157,0.9659258262890681,101.066,100.76,0.3059999999999974,75.4950661457672,0.0030277244572853123,1.0,1.0,1.0,0,0.0,29.642218510114898,0.7138400327490476,0.5884,0.3236,0.878062,0.00062706,5.33,0.0007569834810312218,1.33871,60.0,109.0,0.5504587155963303,1.0,5.0,1.33661,1.34292,2.0,1.336605,21.050000000000235,0.0,0.0,0.0,0.0,0.0,0.0,1.336605,21.050000000000235,1.331155,75.54999999999978,1.337225,14.849999999999586,0.0,0.0,0.0,0.0,0.0,0.0,1.336605,21.050000000000235,1.32951,92.00000000000097,1.0,0.0,-1.0,-1.0,0.0,1.0,0.0,0.0,0.0,0.0,0.0,0.0,0.0,0.0,0.0,0.0,0.0,0.0,0.0,0.0,0.0,0.0,0.0,0.0,0.0,0.0,0.0,0.0,1.32768,0.0,0.0,0.0,0.0,0.0,0.0,0.0,0.0,0.0,0.0,0.0,0.0,0.0,0.0,1.0,0.0,0.0,0.0,1.0,0.0,0.0,0.10000000000000003,0.20000000000000007,1.0
1.0,1.0,0.0,0.0,0.0,0.0,0.0,0.0,0.0,0.0,0.0,0.0,0.0,0.0,0.0,0.0,0.0,1.0,0.0,0.0,-0.25881904510252157,0.9659258262890681,101.066,100.76,0.3059999999999974,0.6215124252058569,0.0030277244572853123,0.0,1.0,1.0,0,0.0,17.717416797131115,0.7071475305599879,0.5216,0.4784,0.455,0.0005188,0.88,0.0005197149462349118,162.613,84.0,109.0,0.7706422018348624,1.0,7.0,162.317,163.205,2.0,162.317,29.599999999999227,0.0,0.0,0.0,0.0,0.0,0.0,161.5935,101.94999999999936,161.10399999999998,150.90000000000146,162.5595,5.349999999998545,0.0,0.0,0.0,0.0,0.0,0.0,162.228,38.49999999999909,161.66,95.3000000000003,1.0,1.0,1.0,1.0,0.0,1.0,0.0,0.0,0.0,0.0,0.0,0.0,0.0,0.0,0.0,0.0,0.0,0.0,0.0,0.0,0.0,0.0,0.0,0.0,0.0,0.0,0.0,0.0,0.0,0.0,0.0,0.0,0.0,0.0,0.0,0.0,0.0,0.0,0.0,0.0,0.0,0.0,0.0,0.0,1.0,0.0,1.0,0.0,0.0,0.0,0.10000000000000003,0.20000000000000007,0.0
1.0,0.0,0.0,0.0,0.0,0.0,0.0,0.0,0.0,0.0,0.0,0.0,0.0,0.0,0.0,0.0,0.0,1.0,0.0,0.0,-0.25881904510252157,0.9659258262890681,101.066,100.76,0.3059999999999974,145.82996652429875,0.0030277244572853123,0.0,1.0,-1.0,0,0.0,18.537335029814912,0.5168180691811246,0.5846,0.4154,0.94802,0.00080869,12.99,0.0008856563876282822,0.69304,72.0,109.0,0.6605504587155964,-1.0,6.0,0.69332,0.69249,2.0,0.69265,3.9000000000000146,0.0,0.0,0.0,0.0,0.0,0.0,0.693315,-2.7500000000002522,0.70234,-92.99999999999974,0.69233,7.099999999999884,0.0,0.0,0.0,0.0,0.0,0.0,0.693055,-0.14999999999987246,0.691255,17.850000000000364,-1.0,-1.0,-1.0,1.0,0.0,-1.0,0.0,0.0,0.0,0.0,0.0,0.0,0.0,0.0,0.0,0.0,0.0,0.0,0.0,0.0,0.0,0.0,0.0,0.0,0.0,0.0,0.0,0.0,0.0,0.71488,0.0,0.0,0.0,0.0,0.0,0.0,0.0,0.0,0.0,0.0,0.0,0.0,0.0,1.0,0.0,1.0,0.0,1.0,0.0,0.0,0.10000000000000003,0.20000000000000007,1.0
1.0,0.0,0.0,0.0,0.0,0.0,0.0,0.0,0.0,0.0,0.0,0.0,0.0,0.0,0.0,0.0,0.0,1.0,0.0,0.0,-0.25881904510252157,0.9659258262890681,101.066,100.76,0.3059999999999974,71.30731727967375,0.0030277244572853123,0.0,1.0,-1.0,0,0.0,39.71378509373371,0.6261027941013257,0.6076,0.3914,0.820121,0.00045558,3.5,0.000523494251502776,1.41733,60.0,109.0,0.5504587155963303,-1.0,5.0,1.41818,1.41563,2.0,1.41818,-8.500000000000174,0.0,0.0,0.0,0.0,0.0,0.0,1.419675,-23.450000000000415,1.40382,135.0999999999991,1.4178600000000001,-5.300000000001415,0.0,0.0,0.0,0.0,0.0,0.0,1.4190550000000002,-17.250000000001986,1.41988,-25.500000000000522,-1.0,-1.0,1.0,1.0,0.0,-1.0,0.0,0.0,0.0,0.0,0.0,0.0,0.0,0.0,0.0,0.0,0.0,0.0,0.0,0.0,0.0,0.0,0.0,0.0,1.0,0.0,0.0,1.4248,0.0,0.0,0.0,0.0,0.0,0.0,0.0,0.0,0.0,0.0,0.0,0.0,0.0,0.0,1.0,0.0,0.0,1.0,0.0,1.0,0.0,0.0,0.10000000000000003,0.20000000000000007,1.0
1.0,0.0,0.0,0.0,0.0,0.0,0.0,0.0,0.0,0.0,0.0,0.0,0.0,0.0,0.0,0.0,0.0,1.0,0.0,0.0,-0.25881904510252157,0.9659258262890681,101.066,100.76,0.3059999999999974,125.00896755600084,0.0030277244572853123,1.0,1.0,1.0,0,0.0,19.037868334198684,0.5094046771725352,0.1856,0.0116,0.733518,0.00066586,2.24,0.0007381002708302187,0.80847,72.0,109.0,0.6605504587155964,1.0,6.0,0.80591,0.81358,2.0,0.8085800000000001,-1.100000000000545,0.0,0.0,0.0,0.0,0.0,0.0,0.8059149999999999,25.55000000000085,0.8001499999999999,83.20000000000105,0.80899,-5.199999999999649,0.0,0.0,0.0,0.0,0.0,0.0,0.80808,3.9000000000000146,0.806495,19.7500000000006,1.0,1.0,1.0,1.0,0.0,1.0,0.0,0.0,0.0,0.0,0.0,0.0,0.0,0.0,0.0,0.0,0.0,0.0,0.0,0.0,0.0,0.0,0.0,0.0,0.0,0.0,0.0,0.0,0.0,0.0,0.0,0.0,0.0,0.0,0.0,0.0,0.0,0.0,0.0,0.0,0.0,0.0,1.0,0.0,1.0,0.0,0.0,0.0,0.0,0.0,0.10000000000000003,0.20000000000000007,0.0
1.0,0.0,0.0,0.0,0.0,0.0,0.0,0.0,0.0,0.0,0.0,0.0,0.0,0.0,0.0,0.0,0.0,0.0,1.0,0.0,-0.25881904510252157,0.9659258262890681,100.934,100.76,0.17399999999999238,88.31471095206012,0.0017238987853448035,0.0,1.0,0.0,0,0.0,7.346548254242996,0.5776624556224795,0.0,0.0,0.769892,0.00054061,2.65,0.00048805568966154303,1.14289,0.0,109.0,0.0,0.0,0.0,0.0,0.0,0.0,1.14321,-3.20000000000098,0.0,0.0,0.0,0.0,0.0,0.0,1.142035,8.550000000000502,1.148485,-55.950000000000166,1.1434250000000001,-5.350000000001742,0.0,0.0,0.0,0.0,0.0,0.0,1.142035,8.550000000000502,1.1417199999999998,11.700000000001154,1.0,0.0,-1.0,-1.0,0.0,1.0,0.0,0.0,0.0,0.0,0.0,0.0,0.0,0.0,0.0,0.0,0.0,0.0,0.0,0.0,0.0,0.0,0.0,0.0,0.0,0.0,0.0,0.0,0.0,0.0,0.0,0.0,0.0,0.0,0.0,0.0,0.0,0.0,0.0,0.0,0.0,0.0,1.0,0.0,0.0,0.0,0.0,0.0,0.0,0.0,0.0,0.0,-1.0
1.0,0.0,0.0,0.0,0.0,0.0,0.0,0.0,0.0,0.0,0.0,0.0,0.0,0.0,0.0,0.0,0.0,0.0,1.0,0.0,-0.25881904510252157,0.9659258262890681,100.934,100.76,0.17399999999999238,75.27837650375518,0.0017238987853448035,0.0,1.0,0.0,0,0.0,32.03538885295904,0.6361356803625212,0.0,0.0,0.775418,0.00067509,2.73,0.0006650449088179307,1.34081,0.0,109.0,0.0,0.0,0.0,0.0,0.0,0.0,1.3405550000000002,2.549999999998942,0.0,0.0,0.0,0.0,0.0,0.0,1.33765,31.600000000000517,1.331155,96.5499999999997,1.33997,8.399999999999519,0.0,0.0,0.0,0.0,0.0,0.0,1.33765,31.600000000000517,1.3309350000000002,98.74999999999856,-1.0,0.0,-1.0,-1.0,0.0,1.0,0.0,0.0,0.0,0.0,0.0,0.0,0.0,0.0,0.0,0.0,0.0,0.0,0.0,0.0,0.0,0.0,0.0,0.0,0.0,0.0,1.33345,0.0,1.32768,0.0,0.0,0.0,0.0,0.0,0.0,0.0,0.0,0.0,0.0,0.0,0.0,0.0,1.0,0.0,1.0,0.0,0.0,1.0,0.0,0.0,0.0,0.0,-1.0
1.0,1.0,0.0,0.0,0.0,0.0,0.0,0.0,0.0,0.0,0.0,0.0,0.0,0.0,0.0,0.0,0.0,0.0,1.0,0.0,-0.25881904510252157,0.9659258262890681,100.934,100.76,0.17399999999999238,0.6215568788526316,0.0017238987853448035,0.0,1.0,0.0,0,0.0,17.24333916761581,0.5310723417863851,0.0,0.0,0.455,0.00045044,0.88,0.0004488178556724682,162.389,0.0,109.0,0.0,0.0,0.0,0.0,0.0,0.0,162.4315,-4.249999999998977,0.0,0.0,0.0,0.0,0.0,0.0,161.9355,45.350000000001955,161.18849999999998,120.05000000000337,162.363,2.600000000001046,0.0,0.0,0.0,0.0,0.0,0.0,162.4745,-8.549999999999613,161.66,72.90000000000134,-1.0,1.0,1.0,1.0,0.0,0.0,0.0,0.0,0.0,0.0,0.0,0.0,0.0,0.0,0.0,0.0,0.0,0.0,0.0,0.0,0.0,0.0,0.0,0.0,0.0,0.0,0.0,0.0,0.0,0.0,0.0,0.0,0.0,0.0,0.0,0.0,0.0,0.0,0.0,0.0,0.0,0.0,0.0,0.0,1.0,0.0,1.0,0.0,0.0,0.0,0.0,0.0,-1.0
1.0,0.0,0.0,0.0,0.0,0.0,0.0,0.0,0.0,0.0,0.0,0.0,0.0,0.0,0.0,0.0,0.0,0.0,1.0,0.0,-0.25881904510252157,0.9659258262890681,100.934,100.76,0.17399999999999238,145.42965823295486,0.0017238987853448035,0.0,1.0,0.0,0,0.0,7.755380058759882,0.5663259202627705,0.0,0.0,0.86424,0.00080443,4.75,0.0007966458275512254,0.69404,0.0,109.0,0.0,0.0,0.0,0.0,0.0,0.0,0.693445,5.950000000000122,0.0,0.0,0.0,0.0,0.0,0.0,0.693315,7.249999999999757,0.7007,-66.6,0.6938949999999999,1.4500000000006175,0.0,0.0,0.0,0.0,0.0,0.0,0.69267,13.699999999999823,0.691255,27.850000000000374,1.0,-1.0,-1.0,1.0,0.0,1.0,0.0,0.0,0.0,0.0,0.0,0.0,0.0,0.0,0.0,0.0,0.0,0.0,0.0,0.0,0.0,0.0,0.0,0.0,0.0,0.0,0.0,0.0,0.0,0.71488,0.0,0.0,0.0,0.0,0.0,0.0,0.0,0.0,0.0,0.0,0.0,0.0,1.0,0.0,0.0,1.0,0.0,1.0,0.0,0.0,0.0,0.0,-1.0
1.0,0.0,0.0,0.0,0.0,0.0,0.0,0.0,0.0,0.0,0.0,0.0,0.0,0.0,0.0,0.0,0.0,0.0,1.0,0.0,-0.25881904510252157,0.9659258262890681,100.934,100.76,0.17399999999999238,71.24384149526378,0.0017238987853448035,0.0,1.0,-1.0,0,0.0,21.222966848584498,0.49677150627926925,0.5712,0.4288,0.645263,0.00045338,1.58,0.00041050300179711286,1.4167399999999999,60.0,109.0,0.5504587155963303,-1.0,5.0,1.41711,1.41599,2.0,1.417115,-3.750000000000142,0.0,0.0,0.0,0.0,0.0,0.0,1.419565,-28.250000000000774,1.4056899999999999,110.50000000000004,1.41703,-2.900000000001235,0.0,0.0,0.0,0.0,0.0,0.0,1.41744,-7.0000000000014495,1.41988,-31.400000000001427,-1.0,-1.0,1.0,1.0,0.0,-1.0,0.0,0.0,0.0,0.0,0.0,0.0,0.0,0.0,0.0,0.0,0.0,0.0,0.0,0.0,0.0,0.0,0.0,0.0,1.0,0.0,0.0,0.0,0.0,0.0,1.39791,0.0,0.0,0.0,0.0,0.0,0.0,0.0,0.0,0.0,0.0,0.0,0.0,1.0,0.0,1.0,0.0,1.0,0.0,0.0,0.10000000000000003,0.20000000000000007,0.0
1.0,0.0,0.0,0.0,0.0,0.0,0.0,0.0,0.0,0.0,0.0,0.0,0.0,0.0,0.0,0.0,0.0,0.0,1.0,0.0,-0.25881904510252157,0.9659258262890681,100.934,100.76,0.17399999999999238,125.07931000297413,0.0017238987853448035,0.0,1.0,0.0,0,0.0,6.179191783137923,0.5745479756749254,0.0,0.0,0.75522,0.00065539,2.47,0.0006055743176442105,0.80696,0.0,109.0,0.0,0.0,0.0,0.0,0.0,0.0,0.80698,-0.20000000000020002,0.0,0.0,0.0,0.0,0.0,0.0,0.8066150000000001,3.449999999999287,0.800365,65.95000000000017,0.806795,1.6499999999997073,0.0,0.0,0.0,0.0,0.0,0.0,0.8080350000000001,-10.750000000000481,0.806495,4.650000000000487,-1.0,1.0,1.0,1.0,0.0,-1.0,0.0,0.0,0.0,0.0,0.0,0.0,0.0,0.0,0.0,0.0,0.0,0.0,0.0,0.0,0.0,0.0,0.0,0.0,0.0,0.0,0.0,0.0,0.0,0.0,0.0,0.0,0.0,0.0,0.0,0.0,0.0,0.0,0.0,0.0,0.0,0.0,0.0,0.0,0.0,1.0,0.0,0.0,0.0,0.0,0.0,0.0,-1.0
1.0,0.0,0.0,0.0,0.0,0.0,0.0,0.0,0.0,0.0,0.0,0.0,0.0,0.0,0.0,0.0,0.0,0.0,0.0,1.0,-0.25881904510252157,0.9659258262890681,100.989,100.76,0.2289999999999992,88.47740951980445,0.0022675736961451165,0.0,1.0,-1.0,0,0.0,22.578360681208938,0.3788184648446115,0.6178,0.3444,0.603641,0.00059015,1.37,0.0005596245714665971,1.14141,72.0,109.0,0.6605504587155964,-1.0,6.0,1.1426,1.13903,2.0,1.143605,-21.94999999999947,0.0,0.0,0.0,0.0,0.0,0.0,1.1425999999999998,-11.899999999998023,1.148445,-70.34999999999903,1.14266,-12.499999999999734,0.0,0.0,0.0,0.0,0.0,0.0,1.143605,-21.94999999999947,1.1417199999999998,-3.0999999999981043,-1.0,1.0,-1.0,-1.0,0.0,-1.0,0.0,0.0,0.0,0.0,0.0,0.0,0.0,0.0,0.0,0.0,0.0,0.0,0.0,0.0,0.0,0.0,0.0,0.0,0.0,0.0,0.0,0.0,0.0,0.0,0.0,0.0,0.0,0.0,0.0,0.0,0.0,0.0,0.0,0.0,0.0,0.0,0.0,0.0,0.0,0.0,0.0,0.0,0.0,0.0,0.10000000000000003,0.20000000000000007,1.0
1.0,0.0,0.0,0.0,0.0,0.0,0.0,0.0,0.0,0.0,0.0,0.0,0.0,0.0,0.0,0.0,0.0,0.0,0.0,1.0,-0.25881904510252157,0.9659258262890681,100.989,100.76,0.2289999999999992,75.38968019349637,0.0022675736961451165,0.0,1.0,0.0,0,0.0,0.6174061723947946,0.5564081232071673,0.0,0.0,0.737924,0.00071019,2.28,0.000707018831021371,1.33956,0.0,109.0,0.0,0.0,0.0,0.0,0.0,0.0,1.34216,-25.999999999999357,0.0,0.0,0.0,0.0,0.0,0.0,1.338685,8.750000000001812,1.331155,84.04999999999995,1.34144,-18.799999999998818,0.0,0.0,0.0,0.0,0.0,0.0,1.3415949999999999,-20.34999999999787,1.333165,63.95000000000151,-1.0,1.0,1.0,-1.0,0.0,0.0,0.0,0.0,0.0,0.0,0.0,0.0,0.0,0.0,0.0,0.0,0.0,0.0,0.0,0.0,0.0,0.0,0.0,0.0,1.0,0.0,0.0,0.0,1.32768,0.0,0.0,0.0,0.0,0.0,0.0,0.0,0.0,0.0,0.0,0.0,0.0,0.0,0.0,0.0,1.0,0.0,0.0,0.0,0.0,0.0,0.0,0.0,-1.0
1.0,1.0,0.0,0.0,0.0,0.0,0.0,0.0,0.0,0.0,0.0,0.0,0.0,0.0,0.0,0.0,0.0,0.0,0.0,1.0,-0.25881904510252157,0.9659258262890681,100.989,100.76,0.2289999999999992,0.6244373268698061,0.0022675736961451165,1.0,1.0,-1.0,0,0.0,36.662304815573535,0.5047024729041253,0.4894,0.5106,0.545045,0.00067025,1.14,0.0006378675360615322,161.728,60.0,109.0,0.5504587155963303,-1.0,5.0,161.851,161.482,2.0,161.851,-12.299999999999045,0.0,0.0,0.0,0.0,0.0,0.0,161.99099999999999,-26.29999999999768,161.18849999999998,53.95000000000323,161.584,14.400000000000546,0.0,0.0,0.0,0.0,0.0,0.0,161.891,-16.29999999999825,161.66,6.800000000001205,-1.0,-1.0,1.0,1.0,0.0,-1.0,0.0,0.0,0.0,0.0,0.0,0.0,0.0,0.0,0.0,0.0,0.0,0.0,0.0,0.0,0.0,0.0,0.0,0.0,0.0,0.0,0.0,162.584,0.0,162.838,0.0,0.0,0.0,0.0,0.0,0.0,0.0,0.0,0.0,0.0,0.0,0.0,1.0,0.0,0.0,0.0,0.0,0.0,0.0,0.0,0.10000000000000003,0.20000000000000007,0.0
1.0,0.0,0.0,0.0,0.0,0.0,0.0,0.0,0.0,0.0,0.0,0.0,0.0,0.0,0.0,0.0,0.0,0.0,0.0,1.0,-0.25881904510252157,0.9659258262890681,100.989,100.76,0.2289999999999992,145.24939592682085,0.0022675736961451165,0.0,1.0,0.0,0,0.0,41.5027677330408,0.3633337501939373,0.0,0.0,0.455,0.00083872,0.88,0.0008352837169691291,0.69528,0.0,109.0,0.0,0.0,0.0,0.0,0.0,0.0,0.6951499999999999,1.300000000000745,0.0,0.0,0.0,0.0,0.0,0.0,0.6937949999999999,14.850000000000696,0.70044,-51.599999999999426,0.69502,2.60000000000038,0.0,0.0,0.0,0.0,0.0,0.0,0.6949449999999999,3.3500000000008523,0.691735,35.4500000000002,-1.0,1.0,-1.0,1.0,0.0,1.0,0.0,0.0,0.0,0.0,0.0,0.0,0.0,0.0,0.0,0.0,0.0,0.0,0.0,0.0,0.0,0.0,0.0,0.0,0.0,0.0,0.69068,0.0,0.0,0.71488,0.0,0.0,0.0,0.0,0.0,0.0,0.0,0.0,0.0,0.0,0.0,0.0,1.0,0.0,0.0,0.0,0.0,0.0,0.0,0.0,0.0,0.0,-1.0
1.0,0.0,0.0,0.0,0.0,0.0,0.0,0.0,0.0,0.0,0.0,0.0,0.0,0.0,0.0,0.0,0.0,0.0,0.0,1.0,-0.25881904510252157,0.9659258262890681,100.989,100.76,0.2289999999999992,71.3451077357824,0.0022675736961451165,0.0,1.0,0.0,0,0.0,25.896569242538348,0.39214715059363564,0.0,0.0,0.758484,0.00055728,2.51,0.0005032688150005038,1.4155,0.0,109.0,0.0,0.0,0.0,0.0,0.0,0.0,1.41452,9.799999999999809,0.0,0.0,0.0,0.0,0.0,0.0,1.417715,-22.15000000000078,1.4056899999999999,98.10000000000096,1.414345,11.550000000000171,0.0,0.0,0.0,0.0,0.0,0.0,1.41535,1.4999999999987246,1.418245,-27.449999999999974,-1.0,-1.0,1.0,1.0,0.0,-1.0,0.0,0.0,0.0,0.0,0.0,0.0,0.0,0.0,0.0,0.0,0.0,0.0,0.0,0.0,0.0,0.0,0.0,0.0,1.0,0.0,0.0,0.0,0.0,0.0,1.39791,0.0,0.0,0.0,0.0,0.0,0.0,0.0,0.0,0.0,0.0,0.0,0.0,0.0,0.0,1.0,0.0,1.0,0.0,0.0,0.0,0.0,-1.0
1.0,0.0,0.0,0.0,0.0,0.0,0.0,0.0,0.0,0.0,0.0,0.0,0.0,0.0,0.0,0.0,0.0,0.0,0.0,1.0,-0.25881904510252157,0.9659258262890681,100.989,100.76,0.2289999999999992,124.87974378315548,0.0022675736961451165,1.0,1.0,1.0,0,0.0,29.494214129024094,0.539853471149784,0.4,0.1042,0.551853,0.00075155,1.17,0.000700683064027016,0.80869,72.0,109.0,0.6605504587155964,1.0,6.0,0.80692,0.81224,2.0,0.8059799999999999,27.10000000000101,0.0,0.0,0.0,0.0,0.0,0.0,0.806915,17.74999999999971,0.800565,81.25000000000048,0.807435,12.550000000000061,0.0,0.0,0.0,0.0,0.0,0.0,0.8059799999999999,27.10000000000101,0.806495,21.95000000000058,1.0,-1.0,1.0,1.0,0.0,1.0,0.0,0.0,0.0,0.0,0.0,0.0,0.0,0.0,0.0,0.0,0.0,0.0,0.0,0.0,0.0,0.0,0.0,0.0,1.0,0.0,0.0,0.0,0.0,0.0,0.0,0.0,0.0,0.0,0.0,0.0,0.0,0.0,0.0,0.0,0.0,0.0,0.0,1.0,0.0,1.0,0.0,0.0,0.0,0.0,0.10000000000000003,0.20000000000000007,0.0
1.0,0.0,0.0,0.0,0.0,0.0,0.0,0.0,0.0,0.0,0.0,0.0,0.0,0.0,0.0,1.0,0.0,0.0,0.0,0.0,-0.25881904510252157,0.9659258262890681,101.311,100.76,0.5510000000000019,89.03408941110301,0.005438698660560077,0.0,1.0,-1.0,0,0.0,58.93285718709872,0.5623342004733578,0.3606,0.0914,0.467222,0.00064929,0.91,0.0006422580371329242,1.13789,84.0,109.0,0.7706422018348624,-1.0,7.0,1.14115,1.13136,2.0,1.141155,-32.64999999999851,0.0,0.0,0.0,0.0,0.0,0.0,1.1419,-40.099999999998474,1.1473200000000001,-94.3000000000005,1.140525,-26.34999999999943,0.0,0.0,0.0,0.0,0.0,0.0,1.141155,-32.64999999999851,1.1417199999999998,-38.29999999999778,-1.0,-1.0,-1.0,-1.0,0.0,-1.0,0.0,0.0,0.0,0.0,0.0,0.0,0.0,0.0,0.0,0.0,0.0,0.0,0.0,0.0,0.0,0.0,0.0,0.0,0.0,0.0,0.0,0.0,0.0,0.0,0.0,0.0,0.0,0.0,0.0,0.0,0.0,0.0,0.0,0.0,0.0,0.0,0.0,1.0,0.0,1.0,0.0,0.0,0.0,0.0,0.10000000000000003,0.20000000000000007,0.0
1.0,0.0,0.0,0.0,0.0,0.0,0.0,0.0,0.0,0.0,0.0,0.0,0.0,0.0,0.0,1.0,0.0,0.0,0.0,0.0,-0.25881904510252157,0.9659258262890681,101.311,100.76,0.5510000000000019,75.92251199040767,0.005438698660560077,0.0,1.0,0.0,0,0.0,68.66363788108329,0.5200070695216673,0.0,0.0,0.455,0.00067793,0.88,0.000677168764204161,1.3344,0.0,109.0,0.0,0.0,0.0,0.0,0.0,0.0,1.3376700000000001,-32.70000000000106,0.0,0.0,0.0,0.0,0.0,0.0,1.338685,-42.84999999999872,1.3300450000000001,43.54999999999887,1.337205,-28.049999999999464,0.0,0.0,0.0,0.0,0.0,0.0,1.33898,-45.80000000000028,1.333515,8.850000000000247,-1.0,1.0,1.0,-1.0,0.0,-1.0,0.0,0.0,0.0,0.0,0.0,0.0,0.0,0.0,0.0,0.0,0.0,0.0,0.0,0.0,0.0,0.0,0.0,0.0,0.0,0.0,0.0,0.0,1.32768,0.0,0.0,0.0,0.0,0.0,0.0,0.0,0.0,0.0,0.0,0.0,0.0,0.0,0.0,1.0,0.0,1.0,0.0,0.0,0.0,0.0,0.0,0.0,-1.0
1.0,1.0,0.0,0.0,0.0,0.0,0.0,0.0,0.0,0.0,0.0,0.0,0.0,0.0,0.0,1.0,0.0,0.0,0.0,0.0,-0.25881904510252157,0.9659258262890681,101.311,100.76,0.5510000000000019,0.6235904569627734,0.005438698660560077,0.0,1.0,1.0,0,0.0,32.90386680348603,0.5357603475914217,0.5284,0.4716,0.533934,0.00074036,1.1,0.0006989296921144656,162.464,72.0,109.0,0.6605504587155964,1.0,6.0,162.059,163.274,2.0,162.059,40.500000000000114,0.0,0.0,0.0,0.0,0.0,0.0,161.99099999999999,47.30000000000132,161.18849999999998,127.55000000000223,162.27499999999998,18.900000000002137,0.0,0.0,0.0,0.0,0.0,0.0,161.879,58.500000000000796,161.66,80.4000000000002,1.0,-1.0,1.0,1.0,0.0,1.0,0.0,0.0,0.0,0.0,0.0,0.0,0.0,0.0,0.0,0.0,0.0,0.0,0.0,0.0,0.0,0.0,0.0,0.0,0.0,0.0,161.637,0.0,0.0,0.0,0.0,0.0,0.0,0.0,0.0,0.0,0.0,0.0,0.0,0.0,0.0,0.0,0.0,0.0,0.0,0.0,0.0,0.0,0.0,0.0,0.10000000000000003,0.20000000000000007,0.0
1.0,0.0,0.0,0.0,0.0,0.0,0.0,0.0,0.0,0.0,0.0,0.0,0.0,0.0,0.0,1.0,0.0,0.0,0.0,0.0,-0.25881904510252157,0.9659258262890681,101.311,100.76,0.5510000000000019,146.4793823376323,0.005438698660560077,0.0,1.0,-1.0,0,0.0,66.95540915538251,0.49033737140050726,0.289,0.0414,0.455,0.00076145,0.88,0.0007590681045783551,0.69164,72.0,109.0,0.6605504587155964,-1.0,6.0,0.69334,0.68825,2.0,0.693335,-16.95000000000002,0.0,0.0,0.0,0.0,0.0,0.0,0.6937949999999999,-21.54999999999907,0.697675,-60.35000000000012,0.6930499999999999,-14.099999999999113,0.0,0.0,0.0,0.0,0.0,0.0,0.693885,-22.449999999999413,0.6926,-9.599999999999609,-1.0,1.0,-1.0,1.0,0.0,-1.0,0.0,0.0,0.0,0.0,0.0,0.0,0.0,0.0,0.0,0.0,0.0,0.0,0.0,0.0,0.0,0.0,0.0,0.0,0.0,0.0,0.0,0.0,0.0,0.70189,0.0,0.0,0.0,0.0,0.0,0.0,0.0,0.0,0.0,0.0,0.0,0.0,0.0,0.0,0.0,1.0,0.0,0.0,0.0,0.0,0.10000000000000003,0.20000000000000007,0.0
1.0,0.0,0.0,0.0,0.0,0.0,0.0,0.0,0.0,0.0,0.0,0.0,0.0,0.0,0.0,1.0,0.0,0.0,0.0,0.0,-0.25881904510252157,0.9659258262890681,101.311,100.76,0.5510000000000019,71.55995055624227,0.005438698660560077,0.0,1.0,0.0,0,0.0,4.194510582391331,0.35107799634543185,0.0,0.0,0.72515,0.00055651,2.16,0.00043106415491521286,1.41575,0.0,109.0,0.0,0.0,0.0,0.0,0.0,0.0,1.414975,7.749999999999702,0.0,0.0,0.0,0.0,0.0,0.0,1.41718,-14.300000000000423,1.4073600000000002,83.89999999999898,1.414555,11.950000000000571,0.0,0.0,0.0,0.0,0.0,0.0,1.4146,11.499999999999844,1.4178,-20.499999999998852,-1.0,-1.0,1.0,1.0,0.0,1.0,0.0,0.0,0.0,0.0,0.0,0.0,0.0,0.0,0.0,0.0,0.0,0.0,0.0,0.0,0.0,0.0,0.0,0.0,1.0,0.0,0.0,0.0,0.0,0.0,1.39791,0.0,0.0,0.0,0.0,0.0,0.0,0.0,0.0,0.0,0.0,0.0,0.0,0.0,1.0,0.0,0.0,1.0,0.0,0.0,0.0,0.0,-1.0
1.0,0.0,0.0,0.0,0.0,0.0,0.0,0.0,0.0,0.0,0.0,0.0,0.0,0.0,0.0,1.0,0.0,0.0,0.0,0.0,-0.25881904510252157,0.9659258262890681,101.311,100.76,0.5510000000000019,124.34459227257106,0.005438698660560077,1.0,1.0,1.0,0,0.0,0.0,0.5787485776610064,0.0,0.0,0.551853,0.00079088,1.17,0.0007349871967962527,0.81476,84.0,109.0,0.7706422018348624,1.0,7.0,0.8108,0.82267,2.0,0.810805,39.550000000000416,0.0,0.0,0.0,0.0,0.0,0.0,0.8089649999999999,57.950000000001054,0.80294,118.20000000000053,0.812085,26.750000000000938,0.0,0.0,0.0,0.0,0.0,0.0,0.81042,43.400000000000105,0.8079350000000001,68.2499999999997,1.0,1.0,1.0,1.0,0.0,1.0,0.0,0.0,0.0,0.0,0.0,0.0,0.0,0.0,0.0,0.0,0.0,0.0,0.0,0.0,0.0,0.0,0.0,0.0,0.0,0.0,0.0,0.0,0.0,0.0,0.0,0.0,0.0,0.0,0.0,0.0,0.0,0.0,0.0,0.0,0.0,0.0,1.0,0.0,0.0,0.0,0.0,0.0,0.0,0.0,0.10000000000000003,0.20000000000000007,0.0
1.0,0.0,0.0,0.0,0.0,0.0,0.0,0.0,0.0,0.0,0.0,0.0,0.0,0.0,0.0,0.0,1.0,0.0,0.0,0.0,-0.25881904510252157,0.9659258262890681,100.931,100.76,0.17099999999999227,88.37549362123163,0.0016942267489670395,0.0,1.0,0.0,0,0.0,11.430057709356154,0.6637748243679762,0.0,0.0,0.72515,0.0007348,2.16,0.0005608060347262906,1.14207,0.0,109.0,0.0,0.0,0.0,0.0,0.0,0.0,1.1419899999999998,0.8000000000008001,0.0,0.0,0.0,0.0,0.0,0.0,1.1419899999999998,0.8000000000008001,1.1473200000000001,-52.50000000000199,1.1433200000000001,-12.500000000001954,0.0,0.0,0.0,0.0,0.0,0.0,1.1419899999999998,0.8000000000008001,1.14239,-3.20000000000098,1.0,0.0,-1.0,-1.0,0.0,0.0,0.0,0.0,0.0,0.0,0.0,0.0,0.0,0.0,0.0,0.0,0.0,0.0,0.0,0.0,0.0,0.0,0.0,0.0,1.0,0.0,0.0,0.0,0.0,0.0,0.0,0.0,0.0,0.0,0.0,0.0,0.0,0.0,0.0,0.0,0.0,0.0,0.0,1.0,0.0,0.0,0.0,0.0,0.0,0.0,0.0,0.0,-1.0
1.0,0.0,0.0,0.0,0.0,0.0,0.0,0.0,0.0,0.0,0.0,0.0,0.0,0.0,0.0,0.0,1.0,0.0,0.0,0.0,-0.25881904510252157,0.9659258262890681,100.931,100.76,0.17099999999999227,75.37507934729845,0.0016942267489670395,0.0,1.0,0.0,0,0.0,1.5327784359101648,0.7777725172959278,0.0,0.0,0.719363,0.00066723,2.1,0.0006612632148326569,1.33905,0.0,109.0,0.0,0.0,0.0,0.0,0.0,0.0,1.3392149999999998,-1.6499999999974868,0.0,0.0,0.0,0.0,0.0,0.0,1.339595,-5.450000000000177,1.3300450000000001,90.0499999999993,1.34051,-14.600000000000168,0.0,0.0,0.0,0.0,0.0,0.0,1.3392149999999998,-1.6499999999974868,1.335665,33.84999999999971,1.0,-1.0,1.0,-1.0,0.0,0.0,0.0,0.0,0.0,0.0,0.0,0.0,0.0,0.0,0.0,0.0,0.0,0.0,0.0,0.0,0.0,0.0,0.0,0.0,0.0,0.0,0.0,0.0,1.32768,0.0,0.0,0.0,0.0,0.0,0.0,0.0,0.0,0.0,0.0,0.0,0.0,0.0,0.0,1.0,0.0,0.0,0.0,0.0,0.0,0.0,0.0,0.0,-1.0
1.0,1.0,0.0,0.0,0.0,0.0,0.0,0.0,0.0,0.0,0.0,0.0,0.0,0.0,0.0,0.0,1.0,0.0,0.0,0.0,-0.25881904510252157,0.9659258262890681,100.931,100.76,0.17099999999999227,0.6220823805678994,0.0016942267489670395,0.0,1.0,1.0,0,0.0,20.858727036747414,0.5104098652624806,0.5356,0.4644,0.519349,0.00075999,1.06,0.0007158533893339835,162.247,72.0,109.0,0.6605504587155964,1.0,6.0,162.039,162.663,2.0,162.039,20.800000000002683,0.0,0.0,0.0,0.0,0.0,0.0,161.99099999999999,25.600000000002865,161.18849999999998,105.85000000000377,161.9395,30.750000000000455,0.0,0.0,0.0,0.0,0.0,0.0,162.039,20.800000000002683,161.5935,65.35000000000082,-1.0,1.0,1.0,1.0,0.0,1.0,0.0,0.0,0.0,0.0,0.0,0.0,0.0,0.0,0.0,0.0,0.0,0.0,0.0,0.0,0.0,0.0,0.0,0.0,1.0,0.0,0.0,0.0,0.0,0.0,0.0,0.0,0.0,0.0,0.0,0.0,0.0,0.0,0.0,0.0,0.0,0.0,1.0,0.0,0.0,0.0,0.0,0.0,0.0,1.0,0.10000000000000003,0.20000000000000007,0.0
1.0,0.0,0.0,0.0,0.0,0.0,0.0,0.0,0.0,0.0,0.0,0.0,0.0,0.0,0.0,0.0,1.0,0.0,0.0,0.0,-0.25881904510252157,0.9659258262890681,100.931,100.76,0.17099999999999227,144.73299300217965,0.0016942267489670395,1.0,1.0,1.0,0,0.0,40.16287311738465,0.6193770269843755,0.2594,0.0342,0.672087,0.00088224,1.74,0.0008130046661574166,0.69736,60.0,109.0,0.5504587155963303,1.0,5.0,0.69525,0.70157,2.0,0.695255,21.050000000000235,0.0,0.0,0.0,0.0,0.0,0.0,0.694965,23.94999999999925,0.697675,-3.1500000000006523,0.6966650000000001,6.9499999999989015,0.0,0.0,0.0,0.0,0.0,0.0,0.695255,21.050000000000235,0.69382,35.39999999999988,1.0,1.0,-1.0,1.0,0.0,1.0,0.0,0.0,0.0,0.0,0.0,0.0,0.0,0.0,0.0,0.0,0.0,0.0,0.0,0.0,0.0,0.0,0.0,0.0,1.0,0.0,0.0,0.0,0.0,0.71488,0.0,0.0,0.0,0.0,0.0,0.0,0.0,0.0,0.0,0.0,0.0,0.0,0.0,0.0,0.0,0.0,0.0,0.0,0.0,0.0,0.10000000000000003,0.20000000000000007,1.0
1.0,0.0,0.0,0.0,0.0,0.0,0.0,0.0,0.0,0.0,0.0,0.0,0.0,0.0,0.0,0.0,1.0,0.0,0.0,0.0,-0.25881904510252157,0.9659258262890681,100.931,100.76,0.17099999999999227,71.79102354363754,0.0016942267489670395,0.0,1.0,-1.0,0,0.0,6.418915530286388,0.46542990049108596,0.6106,0.387,0.758843,0.00069071,2.51,0.0005908281363036005,1.4059,72.0,109.0,0.6605504587155964,-1.0,6.0,1.40736,1.40298,2.0,1.410385,-44.85000000000072,0.0,0.0,0.0,0.0,0.0,0.0,1.412185,-62.85000000000096,1.4073600000000002,-14.600000000002389,1.408145,-22.450000000000525,0.0,0.0,0.0,0.0,0.0,0.0,1.410385,-44.85000000000072,1.41431,-84.10000000000028,-1.0,-1.0,1.0,1.0,0.0,-1.0,0.0,0.0,0.0,0.0,0.0,0.0,0.0,0.0,0.0,0.0,0.0,0.0,0.0,0.0,0.0,0.0,0.0,0.0,1.0,0.0,0.0,0.0,0.0,0.0,0.0,0.0,0.0,0.0,0.0,0.0,0.0,0.0,0.0,0.0,0.0,0.0,1.0,0.0,0.0,0.0,0.0,1.0,0.0,0.0,0.10000000000000003,0.20000000000000007,0.0
1.0,0.0,0.0,0.0,0.0,0.0,0.0,0.0,0.0,0.0,0.0,0.0,0.0,0.0,0.0,0.0,1.0,0.0,0.0,0.0,-0.25881904510252157,0.9659258262890681,100.931,100.76,0.17099999999999227,124.71857352923004,0.0016942267489670395,0.0,1.0,0.0,0,0.0,11.204910255660385,0.7916579743523666,0.0,0.0,0.758484,0.00093067,2.51,0.0006911560763288391,0.80927,0.0,109.0,0.0,0.0,0.0,0.0,0.0,0.0,0.810515,-12.449999999999406,0.0,0.0,0.0,0.0,0.0,0.0,0.80909,1.80000000000069,0.8030649999999999,62.05000000000127,0.80878,4.899999999999904,0.0,0.0,0.0,0.0,0.0,0.0,0.810515,-12.449999999999406,0.80806,12.100000000000444,-1.0,1.0,1.0,1.0,0.0,0.0,0.0,0.0,0.0,0.0,0.0,0.0,0.0,0.0,0.0,0.0,0.0,0.0,0.0,0.0,0.0,0.0,0.0,0.0,1.0,0.0,0.0,0.0,0.0,0.0,0.0,0.0,0.0,0.0,0.0,0.0,0.0,0.0,0.0,0.0,0.0,0.0,1.0,0.0,1.0,0.0,0.0,0.0,0.0,0.0,0.0,0.0,-1.0
1.0,0.0,0.0,0.0,0.0,0.0,0.0,0.0,0.0,0.0,0.0,0.0,0.0,0.0,0.0,0.0,0.0,1.0,0.0,0.0,-0.25881904510252157,0.9659258262890681,100.501,100.76,-0.25900000000000034,87.67119702706005,-0.0025770887851862202,0.0,-1.0,-0.0,0,0.0,48.16664938907353,0.5528261040749064,0.0,0.0,0.562964,0.00080181,1.21,0.0007755778335421154,1.14634,0.0,109.0,0.0,0.0,0.0,0.0,0.0,0.0,1.1444200000000002,19.199999999996997,0.0,0.0,0.0,0.0,0.0,0.0,1.14298,33.599999999998076,1.1473200000000001,-9.80000000000203,1.1444200000000002,19.199999999996997,0.0,0.0,0.0,0.0,0.0,0.0,1.143605,27.34999999999932,1.14298,33.599999999998076,0.0,1.0,-1.0,-1.0,0.0,1.0,0.0,0.0,0.0,0.0,0.0,0.0,0.0,0.0,0.0,0.0,0.0,0.0,0.0,0.0,0.0,0.0,0.0,0.0,0.0,0.0,1.13898,0.0,0.0,0.0,0.0,0.0,0.0,0.0,0.0,0.0,0.0,0.0,0.0,0.0,0.0,0.0,1.0,0.0,0.0,0.0,0.0,1.0,0.0,0.0,0.0,0.0,-1.0
1.0,0.0,0.0,0.0,0.0,0.0,0.0,0.0,0.0,0.0,0.0,0.0,0.0,0.0,0.0,0.0,0.0,1.0,0.0,0.0,-0.25881904510252157,0.9659258262890681,100.501,100.76,-0.25900000000000034,74.23896583564174,-0.0025770887851862202,0.0,-1.0,-1.0,0,0.0,0.0,0.6323372053217222,0.0,0.0,0.82012,0.00076456,3.5,0.0007045357048826657,1.35375,84.0,109.0,0.7706422018348624,1.0,7.0,1.34633,1.36859,2.0,1.34633,74.19999999999982,0.0,0.0,0.0,0.0,0.0,0.0,1.3449849999999999,87.65000000000134,1.334895,188.55000000000067,1.3480150000000002,57.34999999999823,0.0,0.0,0.0,0.0,0.0,0.0,1.34619,75.60000000000011,1.3439999999999999,97.50000000000148,1.0,1.0,1.0,-1.0,0.0,1.0,0.0,0.0,0.0,0.0,0.0,0.0,0.0,0.0,0.0,0.0,0.0,0.0,0.0,0.0,0.0,0.0,0.0,0.0,1.0,0.0,0.0,0.0,1.33806,0.0,0.0,0.0,0.0,0.0,0.0,0.0,0.0,0.0,0.0,0.0,0.0,0.0,0.0,0.0,1.0,0.0,0.0,0.0,0.0,0.0,0.10000000000000003,0.20000000000000007,0.0
1.0,1.0,0.0,0.0,0.0,0.0,0.0,0.0,0.0,0.0,0.0,0.0,0.0,0.0,0.0,0.0,0.0,1.0,0.0,0.0,-0.25881904510252157,0.9659258262890681,100.501,100.76,-0.25900000000000034,0.6196268711928777,-0.0025770887851862202,1.0,-1.0,-1.0,0,0.0,2.560314163002729,0.5799058201331613,0.5146,0.4854,0.91791,0.00068653,8.09,0.0006534853863839705,162.196,72.0,109.0,0.6605504587155964,1.0,6.0,162.154,162.28,2.0,162.154,4.200000000000159,0.0,0.0,0.0,0.0,0.0,0.0,161.879,31.700000000000728,161.18849999999998,100.75000000000216,162.141,5.500000000000682,0.0,0.0,0.0,0.0,0.0,0.0,162.007,18.899999999999295,161.5935,60.249999999999204,-1.0,1.0,1.0,1.0,0.0,1.0,0.0,0.0,0.0,0.0,0.0,0.0,0.0,0.0,0.0,0.0,0.0,0.0,0.0,0.0,0.0,0.0,0.0,0.0,0.0,0.0,0.0,0.0,0.0,0.0,0.0,0.0,0.0,0.0,0.0,0.0,0.0,0.0,0.0,0.0,0.0,0.0,0.0,0.0,1.0,0.0,0.0,0.0,0.0,1.0,0.10000000000000003,0.20000000000000007,0.0
1.0,0.0,0.0,0.0,0.0,0.0,0.0,0.0,0.0,0.0,0.0,0.0,0.0,0.0,0.0,0.0,0.0,1.0,0.0,0.0,-0.25881904510252157,0.9659258262890681,100.501,100.76,-0.25900000000000034,143.4314746892349,-0.0025770887851862202,0.0,-1.0,-1.0,0,0.0,43.18843214491216,0.5532602286443246,0.4928,0.1936,0.693583,0.00090804,1.89,0.0009295507018959949,0.70069,72.0,109.0,0.6605504587155964,1.0,6.0,0.69941,0.70325,2.0,0.6994100000000001,12.799999999999478,0.0,0.0,0.0,0.0,0.0,0.0,0.696685,40.05000000000037,0.697675,30.1499999999999,0.700175,5.150000000000432,0.0,0.0,0.0,0.0,0.0,0.0,0.697965,27.250000000000885,0.696375,43.15000000000069,1.0,1.0,-1.0,1.0,0.0,1.0,0.0,0.0,0.0,0.0,0.0,0.0,0.0,0.0,0.0,0.0,0.0,0.0,0.0,0.0,0.0,0.0,0.0,0.0,0.0,0.0,0.69382,0.0,0.0,0.71488,0.0,0.0,0.0,0.0,0.0,0.0,0.0,0.0,0.0,0.0,0.0,0.0,0.0,0.0,1.0,0.0,0.0,0.0,0.0,0.0,0.10000000000000003,0.20000000000000007,0.0
1.0,0.0,0.0,0.0,0.0,0.0,0.0,0.0,0.0,0.0,0.0,0.0,0.0,0.0,0.0,0.0,0.0,1.0,0.0,0.0,-0.25881904510252157,0.9659258262890681,100.501,100.76,-0.25900000000000034,71.59159715346094,-0.0025770887851862202,1.0,-1.0,1.0,0,0.0,12.516615079942946,0.5223395507559533,0.6158,0.3828,0.779649,0.00068711,2.78,0.0006015601074009555,1.40381,60.0,109.0,0.5504587155963303,-1.0,5.0,1.4051,1.40124,2.0,1.4050950000000002,-12.850000000002026,0.0,0.0,0.0,0.0,0.0,0.0,1.4103400000000001,-65.30000000000146,1.4073600000000002,-35.50000000000164,1.4050950000000002,-12.850000000002026,0.0,0.0,0.0,0.0,0.0,0.0,1.407025,-32.14999999999968,1.413165,-93.55000000000003,0.0,-1.0,1.0,1.0,0.0,-1.0,0.0,0.0,0.0,0.0,0.0,0.0,0.0,0.0,0.0,0.0,0.0,0.0,0.0,0.0,0.0,0.0,0.0,0.0,1.0,1.41158,0.0,0.0,0.0,0.0,0.0,0.0,0.0,0.0,0.0,0.0,0.0,0.0,0.0,0.0,0.0,0.0,0.0,1.0,0.0,1.0,0.0,1.0,0.0,0.0,0.10000000000000003,0.20000000000000007,0.0
1.0,0.0,0.0,0.0,0.0,0.0,0.0,0.0,0.0,0.0,0.0,0.0,0.0,0.0,0.0,0.0,0.0,1.0,0.0,0.0,-0.25881904510252157,0.9659258262890681,100.501,100.76,-0.25900000000000034,124.8041029716741,-0.0025770887851862202,0.0,-1.0,-0.0,0,0.0,40.72374509541385,0.6885731699156555,0.0,0.0,0.758843,0.0010119,2.51,0.0010118700236311595,0.80527,0.0,109.0,0.0,0.0,0.0,0.0,0.0,0.0,0.80741,-21.399999999999196,0.0,0.0,0.0,0.0,0.0,0.0,0.80909,-38.19999999999935,0.8030649999999999,22.050000000001234,0.80741,-21.399999999999196,0.0,0.0,0.0,0.0,0.0,0.0,0.808195,-29.249999999999552,0.80809,-28.199999999999335,0.0,-1.0,1.0,1.0,0.0,-1.0,0.0,0.0,0.0,0.0,0.0,0.0,0.0,0.0,0.0,0.0,0.0,0.0,0.0,0.0,0.0,0.0,0.0,0.0,0.0,0.81302,0.0,0.0,0.0,0.0,0.0,0.0,0.0,0.0,0.0,0.0,0.0,0.0,0.0,0.0,0.0,0.0,0.0,0.0,0.0,0.0,0.0,0.0,0.0,0.0,0.0,0.0,-1.0
1.0,0.0,0.0,0.0,0.0,0.0,0.0,0.0,0.0,0.0,0.0,0.0,0.0,0.0,0.0,0.0,0.0,0.0,1.0,0.0,-0.25881904510252157,0.9659258262890681,100.721,100.76,-0.03900000000000148,88.01744252095112,-0.00038720822867129473,0.0,-1.0,-0.0,0,0.0,6.896851278375019,0.6338233002754877,0.0,0.0,0.797898,0.0007378,3.07,0.000492985237625264,1.14433,0.0,109.0,0.0,0.0,0.0,0.0,0.0,0.0,1.14537,-10.399999999999299,0.0,0.0,0.0,0.0,0.0,0.0,1.14298,13.499999999999623,1.1473200000000001,-29.90000000000048,1.145095,-7.6499999999990465,0.0,0.0,0.0,0.0,0.0,0.0,1.1444200000000002,-0.9000000000014552,1.14298,13.499999999999623,-1.0,1.0,-1.0,-1.0,0.0,0.0,0.0,0.0,0.0,0.0,0.0,0.0,0.0,0.0,0.0,0.0,0.0,0.0,0.0,0.0,0.0,0.0,0.0,0.0,0.0,0.0,0.0,0.0,1.13841,0.0,0.0,0.0,0.0,0.0,0.0,0.0,0.0,0.0,0.0,0.0,0.0,0.0,1.0,0.0,0.0,0.0,0.0,1.0,0.0,0.0,0.0,0.0,-1.0
1.0,0.0,0.0,0.0,0.0,0.0,0.0,0.0,0.0,0.0,0.0,0.0,0.0,0.0,0.0,0.0,0.0,0.0,1.0,0.0,-0.25881904510252157,0.9659258262890681,100.721,100.76,-0.03900000000000148,74.7260492480729,-0.00038720822867129473,0.0,-1.0,-1.0,0,0.0,25.45962099524451,0.893376567815748,0.586,0.2982,0.873626,0.00077643,5.13,0.00046488942107293803,1.34787,60.0,109.0,0.5504587155963303,1.0,5.0,1.34498,1.35364,2.0,1.3502,-23.300000000001653,0.0,0.0,0.0,0.0,0.0,0.0,1.3449849999999999,28.850000000000264,1.334895,129.7499999999996,1.34883,-9.600000000000719,0.0,0.0,0.0,0.0,0.0,0.0,1.3469250000000001,9.449999999997516,1.3439999999999999,38.7000000000004,-1.0,1.0,1.0,-1.0,0.0,1.0,0.0,0.0,0.0,0.0,0.0,0.0,0.0,0.0,0.0,0.0,0.0,0.0,0.0,0.0,0.0,0.0,0.0,0.0,1.0,0.0,0.0,0.0,1.33806,0.0,0.0,0.0,0.0,0.0,0.0,0.0,0.0,0.0,0.0,0.0,0.0,0.0,1.0,0.0,1.0,0.0,0.0,0.0,0.0,1.0,0.10000000000000003,0.20000000000000007,0.0
1.0,1.0,0.0,0.0,0.0,0.0,0.0,0.0,0.0,0.0,0.0,0.0,0.0,0.0,0.0,0.0,0.0,0.0,1.0,0.0,-0.25881904510252157,0.9659258262890681,100.721,100.76,-0.03900000000000148,0.6203598199052717,-0.00038720822867129473,1.0,-1.0,-1.0,0,0.0,28.8043528646851,0.6340075679841413,0.5216,0.4784,0.673246,0.00045211,1.75,0.00044991010315214555,162.359,84.0,109.0,0.7706422018348624,1.0,7.0,162.2605,162.556,2.0,162.2605,9.850000000000136,0.0,0.0,0.0,0.0,0.0,0.0,161.90949999999998,44.95000000000289,161.18849999999998,117.05000000000325,162.3305,2.8500000000008185,0.0,0.0,0.0,0.0,0.0,0.0,162.2165,14.25000000000125,161.9765,38.25000000000216,1.0,1.0,1.0,1.0,0.0,1.0,0.0,0.0,0.0,0.0,0.0,0.0,0.0,0.0,0.0,0.0,0.0,0.0,0.0,0.0,0.0,0.0,0.0,0.0,0.0,0.0,0.0,0.0,0.0,0.0,0.0,0.0,0.0,0.0,0.0,0.0,0.0,0.0,0.0,0.0,0.0,0.0,0.0,1.0,1.0,0.0,0.0,0.0,0.0,0.0,0.10000000000000003,0.20000000000000007,0.0
1.0,0.0,0.0,0.0,0.0,0.0,0.0,0.0,0.0,0.0,0.0,0.0,0.0,0.0,0.0,0.0,0.0,0.0,1.0,0.0,-0.25881904510252157,0.9659258262890681,100.721,100.76,-0.03900000000000148,143.95500736061285,-0.00038720822867129473,0.0,-1.0,-0.0,0,0.0,7.793927706374328,0.5963657426912004,0.0,0.0,0.692748,0.00087443,1.89,0.0007196664224056414,0.69967,0.0,109.0,0.0,0.0,0.0,0.0,0.0,0.0,0.6999500000000001,-2.80000000000058,0.0,0.0,0.0,0.0,0.0,0.0,0.696685,29.850000000000154,0.697675,19.94999999999969,0.70011,-4.3999999999999595,0.0,0.0,0.0,0.0,0.0,0.0,0.7000500000000001,-3.8000000000004697,0.696375,32.95000000000048,1.0,1.0,-1.0,1.0,0.0,0.0,0.0,0.0,0.0,0.0,0.0,0.0,0.0,0.0,0.0,0.0,0.0,0.0,0.0,0.0,0.0,0.0,0.0,0.0,2.0,0.0,0.69382,0.0,0.0,0.71488,0.0,0.0,0.0,0.0,0.0,0.0,0.0,0.0,0.0,0.0,0.0,0.0,1.0,0.0,1.0,0.0,0.0,0.0,0.0,0.0,0.0,0.0,-1.0
1.0,0.0,0.0,0.0,0.0,0.0,0.0,0.0,0.0,0.0,0.0,0.0,0.0,0.0,0.0,0.0,0.0,0.0,1.0,0.0,-0.25881904510252157,0.9659258262890681,100.721,100.76,-0.03900000000000148,71.73247300800502,-0.00038720822867129473,0.0,-1.0,-0.0,0,0.0,2.032803068589567,0.5021203751036022,0.0,0.0,0.769954,0.00062476,2.65,0.0005329777292054605,1.40412,0.0,109.0,0.0,0.0,0.0,0.0,0.0,0.0,1.403425,6.950000000001122,0.0,0.0,0.0,0.0,0.0,0.0,1.4092500000000001,-51.30000000000079,1.4089749999999999,-48.54999999999832,1.403425,6.950000000001122,0.0,0.0,0.0,0.0,0.0,0.0,1.4043800000000002,-2.60000000000149,1.41245,-83.29999999999949,0.0,-1.0,1.0,1.0,0.0,-1.0,0.0,0.0,0.0,0.0,0.0,0.0,0.0,0.0,0.0,0.0,0.0,0.0,0.0,0.0,0.0,0.0,0.0,0.0,1.0,1.41158,0.0,0.0,0.0,0.0,0.0,0.0,0.0,0.0,0.0,0.0,0.0,0.0,0.0,0.0,0.0,0.0,0.0,0.0,0.0,1.0,0.0,1.0,0.0,0.0,0.0,0.0,-1.0
1.0,0.0,0.0,0.0,0.0,0.0,0.0,0.0,0.0,0.0,0.0,0.0,0.0,0.0,0.0,0.0,0.0,0.0,1.0,0.0,-0.25881904510252157,0.9659258262890681,100.721,100.76,-0.03900000000000148,124.56528729377428,-0.00038720822867129473,0.0,-1.0,-0.0,0,0.0,0.541486817304497,0.8019295224948723,0.0,0.0,0.769595,0.00097959,2.65,0.0006980560304365925,0.80858,0.0,109.0,0.0,0.0,0.0,0.0,0.0,0.0,0.80693,16.499999999999293,0.0,0.0,0.0,0.0,0.0,0.0,0.8092550000000001,-6.750000000000922,0.8030649999999999,55.150000000000475,0.807905,6.749999999999812,0.0,0.0,0.0,0.0,0.0,0.0,0.80741,11.700000000000044,0.80879,-2.100000000000435,1.0,-1.0,1.0,1.0,0.0,0.0,0.0,0.0,0.0,0.0,0.0,0.0,0.0,0.0,0.0,0.0,0.0,0.0,0.0,0.0,0.0,0.0,0.0,0.0,0.0,0.81302,0.0,0.81482,0.0,0.0,0.0,0.0,0.0,0.0,0.0,0.0,0.0,0.0,0.0,0.0,0.0,0.0,0.0,1.0,0.0,1.0,1.0,0.0,0.0,0.0,0.0,0.0,-1.0
1.0,0.0,0.0,0.0,0.0,0.0,0.0,0.0,0.0,0.0,0.0,0.0,0.0,0.0,0.0,0.0,0.0,0.0,0.0,1.0,-0.25881904510252157,0.9659258262890681,100.747,100.76,-0.01300000000000523,88.0840386094985,-0.00012903610033058283,1.0,-1.0,1.0,0,0.0,6.705054895760902,0.5438340337803215,0.5224,0.4776,0.455,0.00060741,0.88,0.0006054879647392904,1.1437599999999999,60.0,109.0,0.5504587155963303,-1.0,5.0,1.14383,1.14362,2.0,1.14383,-0.700000000000145,0.0,0.0,0.0,0.0,0.0,0.0,1.14298,7.799999999997809,1.1473200000000001,-35.6000000000023,1.143445,3.149999999998432,0.0,0.0,0.0,0.0,0.0,0.0,1.144755,-9.950000000000792,1.14298,7.799999999997809,-1.0,1.0,-1.0,-1.0,0.0,-1.0,0.0,0.0,0.0,0.0,0.0,0.0,0.0,0.0,0.0,0.0,0.0,0.0,0.0,0.0,0.0,0.0,0.0,0.0,0.0,0.0,0.0,0.0,0.0,0.0,0.0,0.0,0.0,0.0,0.0,0.0,0.0,0.0,0.0,0.0,0.0,0.0,0.0,1.0,0.0,0.0,0.0,0.0,0.0,0.0,0.10000000000000003,0.20000000000000007,-1.0
1.0,0.0,0.0,0.0,0.0,0.0,0.0,0.0,0.0,0.0,0.0,0.0,0.0,0.0,0.0,0.0,0.0,0.0,0.0,1.0,-0.25881904510252157,0.9659258262890681,100.747,100.76,-0.01300000000000523,74.87922346260758,-0.00012903610033058283,0.0,-1.0,-1.0,0,0.0,18.175963715192434,0.78381438491869,0.511,0.489,0.831231,0.00077357,3.75,0.0004963056967248986,1.34546,60.0,109.0,0.5504587155963303,1.0,5.0,1.34532,1.34575,2.0,1.345315,1.4500000000006175,0.0,0.0,0.0,0.0,0.0,0.0,1.3449849999999999,4.750000000002252,1.334895,105.65000000000157,1.34439,10.700000000001264,0.0,0.0,0.0,0.0,0.0,0.0,1.34735,-18.899999999999473,1.3439999999999999,14.600000000002389,-1.0,1.0,1.0,-1.0,0.0,-1.0,0.0,0.0,0.0,0.0,0.0,0.0,0.0,0.0,0.0,0.0,0.0,0.0,0.0,0.0,0.0,0.0,0.0,0.0,0.0,0.0,0.0,0.0,1.33806,0.0,0.0,0.0,0.0,0.0,0.0,0.0,0.0,0.0,0.0,0.0,0.0,0.0,0.0,1.0,0.0,0.0,1.0,0.0,0.0,1.0,0.10000000000000003,0.20000000000000007,-1.0
1.0,1.0,0.0,0.0,0.0,0.0,0.0,0.0,0.0,0.0,0.0,0.0,0.0,0.0,0.0,0.0,0.0,0.0,0.0,1.0,-0.25881904510252157,0.9659258262890681,100.747,100.76,-0.01300000000000523,0.6203938617665895,-0.00012903610033058283,1.0,-1.0,-1.0,0,0.0,28.91931243024228,0.5660179569763746,0.5198,0.4802,0.737924,0.00038439,2.28,0.0003818885694801913,162.392,84.0,109.0,0.7706422018348624,1.0,7.0,162.3235,162.529,2.0,162.3235,6.850000000000023,0.0,0.0,0.0,0.0,0.0,0.0,162.0695,32.24999999999909,161.28449999999998,110.75000000000159,162.4095,-1.7500000000012506,0.0,0.0,0.0,0.0,0.0,0.0,162.325,6.700000000000728,161.99099999999999,40.100000000001046,1.0,1.0,1.0,1.0,0.0,1.0,0.0,0.0,0.0,0.0,0.0,0.0,0.0,0.0,0.0,0.0,0.0,0.0,0.0,0.0,0.0,0.0,0.0,0.0,0.0,0.0,0.0,0.0,0.0,0.0,0.0,0.0,0.0,0.0,0.0,0.0,0.0,0.0,0.0,0.0,0.0,0.0,1.0,0.0,1.0,0.0,0.0,0.0,0.0,0.0,0.10000000000000003,0.20000000000000007,-1.0
1.0,0.0,0.0,0.0,0.0,0.0,0.0,0.0,0.0,0.0,0.0,0.0,0.0,0.0,0.0,0.0,0.0,0.0,0.0,1.0,-0.25881904510252157,0.9659258262890681,100.747,100.76,-0.01300000000000523,144.30359802910507,-0.00012903610033058283,0.0,-1.0,-0.0,0,0.0,23.706028358275198,0.4950069765914105,0.0,0.0,0.455,0.0007591,0.88,0.000756301122984724,0.69816,0.0,109.0,0.0,0.0,0.0,0.0,0.0,0.0,0.69834,-1.7999999999995797,0.0,0.0,0.0,0.0,0.0,0.0,0.696685,14.75000000000004,0.697675,4.849999999999577,0.697665,4.950000000000232,0.0,0.0,0.0,0.0,0.0,0.0,0.698915,-7.5499999999995016,0.696375,17.850000000000364,-1.0,1.0,-1.0,1.0,0.0,-1.0,0.0,0.0,0.0,0.0,0.0,0.0,0.0,0.0,0.0,0.0,0.0,0.0,0.0,0.0,0.0,0.0,0.0,0.0,1.0,0.0,0.0,0.0,0.0,0.71488,0.0,0.0,0.0,0.0,0.0,0.0,0.0,0.0,0.0,0.0,0.0,0.0,1.0,0.0,0.0,1.0,1.0,0.0,0.0,0.0,0.0,0.0,-1.0
1.0,0.0,0.0,0.0,0.0,0.0,0.0,0.0,0.0,0.0,0.0,0.0,0.0,0.0,0.0,0.0,0.0,0.0,0.0,1.0,-0.25881904510252157,0.9659258262890681,100.747,100.76,-0.01300000000000523,71.87178975002854,-0.00012903610033058283,1.0,-1.0,1.0,0,0.0,43.48473420022337,0.5333363710371065,0.6182,0.3704,0.714971,0.00045931,2.07,0.00044807413673405395,1.40176,72.0,109.0,0.6605504587155964,-1.0,6.0,1.40291,1.39946,2.0,1.4029099999999999,-11.499999999999844,0.0,0.0,0.0,0.0,0.0,0.0,1.40828,-65.20000000000081,1.40992,-81.60000000000167,1.401735,0.24999999999941735,0.0,0.0,0.0,0.0,0.0,0.0,1.4031799999999999,-14.199999999999768,1.411585,-98.25000000000195,-1.0,-1.0,1.0,1.0,0.0,-1.0,0.0,0.0,0.0,0.0,0.0,0.0,0.0,0.0,0.0,0.0,0.0,0.0,0.0,0.0,0.0,0.0,0.0,0.0,1.0,0.0,0.0,1.41486,0.0,0.0,0.0,0.0,0.0,0.0,0.0,0.0,0.0,0.0,0.0,0.0,0.0,0.0,0.0,0.0,0.0,0.0,0.0,1.0,0.0,0.0,0.10000000000000003,0.20000000000000007,-1.0
1.0,0.0,0.0,0.0,0.0,0.0,0.0,0.0,0.0,0.0,0.0,0.0,0.0,0.0,0.0,0.0,0.0,0.0,0.0,1.0,-0.25881904510252157,0.9659258262890681,100.747,100.76,-0.01300000000000523,124.78417578062103,-0.00012903610033058283,0.0,-1.0,-0.0,0,0.0,9.881096112934461,0.753199818609905,0.0,0.0,0.75522,0.00079977,2.47,0.0007140057494617868,0.80737,0.0,109.0,0.0,0.0,0.0,0.0,0.0,0.0,0.8076350000000001,-2.6500000000007073,0.0,0.0,0.0,0.0,0.0,0.0,0.8092550000000001,-18.850000000000257,0.8030649999999999,43.05000000000114,0.8070200000000001,3.4999999999996145,0.0,0.0,0.0,0.0,0.0,0.0,0.807845,-4.750000000000032,0.80909,-17.199999999999438,-1.0,-1.0,1.0,1.0,0.0,0.0,0.0,0.0,0.0,0.0,0.0,0.0,0.0,0.0,0.0,0.0,0.0,0.0,0.0,0.0,0.0,0.0,0.0,0.0,0.0,0.0,0.0,0.81482,0.0,0.0,0.0,0.0,0.0,0.0,0.0,0.0,0.0,0.0,0.0,0.0,0.0,0.0,1.0,0.0,0.0,1.0,1.0,0.0,0.0,0.0,0.0,0.0,-1.0
