price,score,max_score,score_pct,bias,alignment,kj_h1,kj_h4,kj_d1,kj_w1,kj_mn,d_kj_h4,tk_h1,tk_h4,tk_d1,d_tk_h4,d_tk_d1,tkx_h1,tkx_h4,tkx_d1,kumo_h1,kumo_h4,kumo_d1,sl,tp,rr,d_sl_pips,d_tp_pips,is_forex,is_jpy,is_xau,is_index,is_dxy,day_of_week,month,outcome
1.17454,0,109,0.0,0.0,0,1.17397,1.175845,1.1659899999999999,1.1655,0.0,-13.050000000001116,1.1739799999999998,1.17488,1.175545,-3.4000000000000696,-10.050000000001447,1.0,-1.0,1.0,-1.0,0.0,0.0,0.0,0.0,0.0,0.0,0.0,0.0,0.0,0.0,0.0,0.0,3.0,1.0,-1.0
1.34738,48,109,0.4444444444444444,1.0,4,1.344245,1.34659,1.3314499999999998,1.336795,0.0,7.900000000000684,1.344245,1.34659,1.34371,7.900000000000684,36.70000000000062,0.0,0.0,1.0,-1.0,0.0,0.0,1.34659,1.34896,2.0,7.900000000000684,-15.799999999999148,0.0,0.0,0.0,0.0,0.0,3.0,1.0,0.0
156.671,84,109,0.7777777777777778,1.0,7,156.6575,156.334,156.04649999999998,151.05700000000002,0.0,33.69999999999891,156.78699999999998,156.368,156.517,30.299999999999727,15.399999999999636,1.0,1.0,1.0,1.0,0.0,0.0,156.6575,156.698,2.0,1.3499999999993406,-2.7000000000015234,0.0,1.0,0.0,0.0,0.0,3.0,1.0,0.0
0.6673,60,109,0.5555555555555556,-1.0,5,0.668035,0.66934,0.658165,0.65708,0.0,-20.400000000000418,0.66737,0.668575,0.665985,-12.750000000000261,13.149999999999551,-1.0,-1.0,1.0,-1.0,0.0,0.0,0.66804,0.66583,2.0,-7.399999999999629,14.699999999999713,0.0,0.0,0.0,0.0,0.0,3.0,1.0,0.0
1.37208,0,109,0.0,0.0,0,1.3708049999999998,1.368515,1.388365,1.38578,0.0,35.650000000000404,1.3708049999999998,1.3703699999999999,1.372405,17.100000000001003,-3.2500000000013074,0.0,1.0,-1.0,1.0,0.0,0.0,0.0,0.0,0.0,0.0,0.0,0.0,0.0,0.0,0.0,0.0,3.0,1.0,-1.0
0.79251,0,109,0.0,0.0,0,0.7927200000000001,0.7902750000000001,0.79816,0.8000050000000001,0.0,22.34999999999987,0.792925,0.79091,0.7913699999999999,16.00000000000046,11.400000000001409,1.0,1.0,-1.0,1.0,0.0,0.0,0.0,0.0,0.0,0.0,0.0,0.0,0.0,0.0,0.0,0.0,3.0,1.0,-1.0
184.035,72,109,0.6666666666666666,1.0,6,183.887,183.8545,182.5,177.3145,0.0,18.0499999999995,184.0855,183.826,183.51299999999998,20.90000000000032,52.20000000000198,1.0,-1.0,1.0,1.0,0.0,0.0,183.887,184.331,2.0,14.799999999999613,-29.599999999999227,0.0,1.0,0.0,0.0,0.0,3.0,1.0,1.0
211.096,72,109,0.6666666666666666,1.0,6,210.72750000000002,210.768,208.2895,203.301,0.0,32.800000000000296,210.7725,210.72750000000002,209.71050000000002,36.84999999999832,138.5499999999979,1.0,-1.0,1.0,1.0,0.0,0.0,210.768,211.752,2.0,32.800000000000296,-65.60000000000059,0.0,1.0,0.0,0.0,0.0,3.0,1.0,0.0
4314.45,60,109,0.5555555555555556,-1.0,5,4323.84,4412.15,4329.635,3908.88,0.0,-976.9999999999982,4328.89,4339.33,4412.15,-248.8000000000011,-976.9999999999982,1.0,-1.0,1.0,-1.0,0.0,0.0,4323.84,4295.67,2.0,-93.90000000000327,187.79999999999745,0.0,0.0,1.0,0.0,0.0,3.0,1.0,0.0
48072.18,60,109,0.5555555555555556,-1.0,5,48234.604999999996,48407.244999999995,47603.395000000004,46096.494999999995,0.0,-3350649.9999999506,48217.86,48263.005,48281.994999999995,-1908249.999999971,-2098149.9999999506,-1.0,-1.0,1.0,-1.0,0.0,0.0,48234.605,47747.33,2.0,-1624250.000000029,3248499.9999999856,0.0,0.0,0.0,1.0,0.0,3.0,1.0,0.0
25227.86,60,109,0.5555555555555556,-1.0,5,25376.53,25468.18,25184.0,24421.449999999997,0.0,-2403199.999999997,25364.455,25402.03,25190.725,-1741699.9999999825,371350.0000000204,-1.0,-1.0,1.0,-1.0,0.0,0.0,25376.53,24930.52,2.0,-1486699.9999999825,2973400.0000000014,0.0,0.0,0.0,1.0,0.0,3.0,1.0,0.0
6848.02,60,109,0.5555555555555556,-1.0,5,6875.549999999999,6894.25,6801.15,6572.075000000001,0.0,-462299.99999999563,6874.32,6879.049999999999,6830.6,-310299.99999998836,174200.00000000073,-1.0,-1.0,1.0,-1.0,0.0,0.0,6875.55,6792.96,2.0,-275299.99999999744,550600.000000004,0.0,0.0,0.0,1.0,0.0,3.0,1.0,0.0
98.256,0,109,0.0,0.0,0,98.28399999999999,98.164,98.992,98.3015,0.0,9.199999999999875,98.327,98.213,98.2405,4.300000000000637,1.5500000000002956,1.0,1.0,-1.0,1.0,0.0,0.0,0.0,0.0,0.0,0.0,0.0,0.0,0.0,0.0,1.0,1.0,3.0,1.0,-1.0
1.17203,60,109,0.5555555555555556,-1.0,5,1.1739,1.175385,1.16776,1.1655,0.0,-33.54999999999997,1.17343,1.1739,1.175545,-18.700000000000383,-35.15000000000157,-1.0,-1.0,1.0,-1.0,0.0,0.0,1.1739,1.16829,2.0,-18.700000000000383,37.39999999999854,0.0,0.0,0.0,0.0,0.0,4.0,1.0,1.0
1.3459400000000001,0,109,0.0,0.0,0,1.34677,1.34659,1.3329,1.336795,0.0,-6.499999999998174,1.347185,1.345165,1.34453,7.750000000001922,14.100000000001334,1.0,-1.0,1.0,0.0,0.0,0.0,0.0,0.0,0.0,0.0,0.0,0.0,0.0,0.0,0.0,0.0,4.0,1.0,-1.0
156.827,72,109,0.6666666666666666,1.0,6,156.757,156.37099999999998,156.04649999999998,151.05700000000002,0.0,45.60000000000173,156.757,156.757,156.598,6.999999999999318,22.8999999999985,0.0,1.0,1.0,1.0,0.0,0.0,156.757,156.967,2.0,6.999999999999318,-14.000000000001478,0.0,1.0,0.0,0.0,0.0,4.0,1.0,0.0
0.66932,60,109,0.5555555555555556,1.0,5,0.66859,0.66934,0.65957,0.65708,0.0,-0.20000000000020002,0.6687449999999999,0.6683250000000001,0.66637,9.949999999999681,29.50000000000008,1.0,-1.0,1.0,1.0,0.0,0.0,0.66859,0.67078,2.0,7.300000000000084,-14.600000000000168,0.0,0.0,0.0,0.0,0.0,4.0,1.0,0.0
1.37298,60,109,0.5555555555555556,1.0,5,1.372395,1.3695050000000002,1.38737,1.38578,0.0,34.74999999999895,1.3734250000000001,1.371795,1.372405,11.849999999999916,5.749999999999922,1.0,1.0,-1.0,1.0,0.0,0.0,1.3724,1.37415,2.0,5.800000000000249,-11.699999999998933,0.0,0.0,0.0,0.0,0.0,4.0,1.0,1.0
0.7924,0,109,0.0,0.0,0,0.7921,0.79077,0.7973399999999999,0.8000050000000001,0.0,16.300000000000203,0.79172,0.792125,0.791175,2.7500000000002522,12.250000000000316,-1.0,1.0,-1.0,0.0,0.0,0.0,0.0,0.0,0.0,0.0,0.0,0.0,0.0,0.0,0.0,0.0,4.0,1.0,-1.0
183.808,0,109,0.0,0.0,0,184.06349999999998,183.915,182.5,177.3145,0.0,-10.699999999999932,183.9125,184.06349999999998,183.51299999999998,-25.549999999998363,29.50000000000159,-1.0,1.0,1.0,-1.0,0.0,0.0,0.0,0.0,0.0,0.0,0.0,0.0,1.0,0.0,0.0,0.0,4.0,1.0,-1.0
211.081,72,109,0.6666666666666666,1.0,6,211.085,210.876,208.387,203.301,0.0,20.49999999999841,211.171,210.8875,209.7505,19.350000000000023,133.05000000000007,1.0,1.0,1.0,1.0,0.0,0.0,210.876,211.491,2.0,20.49999999999841,-41.0000000000025,0.0,1.0,0.0,0.0,0.0,4.0,1.0,0.0
4330.51,0,109,0.0,0.0,0,4353.4,4412.15,4339.505,3908.88,0.0,-816.3999999999942,4355.9400000000005,4352.665,4412.15,-221.54999999999745,-816.3999999999942,1.0,-1.0,1.0,0.0,0.0,0.0,0.0,0.0,0.0,0.0,0.0,0.0,0.0,1.0,0.0,0.0,4.0,1.0,-1.0
48342.98,48,109,0.4444444444444444,1.0,4,48109.85,48290.805,47993.93,46096.494999999995,0.0,521750.0000000291,48109.85,48109.85,48281.994999999995,2331300.0000000466,609850.0000000786,0.0,-1.0,1.0,0.0,0.0,0.0,48290.805,48447.33,2.0,521750.0000000291,-1043499.9999999854,0.0,0.0,0.0,1.0,0.0,4.0,1.0,1.0
25202.86,60,109,0.5555555555555556,-1.0,5,25334.15,25394.0,25244.25,24421.449999999997,0.0,-1911399.9999999942,25334.15,25334.15,25340.73,-1312900.0000000088,-1378699.9999999898,0.0,-1.0,1.0,-1.0,0.0,0.0,25244.25,25120.08,2.0,-413899.9999999942,827799.9999999884,0.0,0.0,0.0,1.0,0.0,4.0,1.0,0.0
6856.22,0,109,0.0,0.0,0,6858.5,6883.280000000001,6830.6,6572.075000000001,0.0,-270600.000000004,6858.5,6863.35,6855.030000000001,-71300.00000000109,11899.999999995998,0.0,-1.0,1.0,-1.0,0.0,0.0,0.0,0.0,0.0,0.0,0.0,0.0,0.0,0.0,1.0,0.0,4.0,1.0,-1.0
98.448,60,109,0.5555555555555556,1.0,5,98.3125,98.1775,98.842,98.3015,0.0,27.04999999999984,98.3255,98.3125,98.2405,13.54999999999933,20.749999999999602,1.0,1.0,-1.0,1.0,0.0,0.0,98.3125,98.45071,0.02,13.54999999999933,-0.27100000000075397,0.0,0.0,0.0,1.0,1.0,4.0,1.0,1.0
1.17204,0,109,0.0,0.0,0,1.169395,1.172385,1.1681599999999999,1.1655,0.0,-3.450000000000397,1.169395,1.1706750000000001,1.17336,13.649999999998386,-13.199999999999878,0.0,-1.0,1.0,-1.0,0.0,0.0,0.0,0.0,0.0,0.0,0.0,0.0,0.0,0.0,0.0,0.0,0.0,1.0,-1.0
1.35402,84,109,0.7777777777777778,1.0,7,1.3481,1.34748,1.33637,1.336795,0.0,65.3999999999999,1.34864,1.3481,1.345955,59.19999999999925,80.64999999999989,1.0,1.0,1.0,1.0,0.0,0.0,1.3481,1.36586,2.0,59.19999999999925,-118.40000000000073,0.0,0.0,0.0,0.0,0.0,0.0,1.0,0.0
156.387,0,109,0.0,0.0,0,156.703,156.5195,156.04649999999998,151.833,0.0,-13.249999999999318,156.543,156.703,156.6275,-31.60000000000025,-24.049999999999727,-1.0,1.0,1.0,-1.0,0.0,0.0,0.0,0.0,0.0,0.0,0.0,0.0,1.0,0.0,0.0,0.0,0.0,1.0,-1.0
0.67139,72,109,0.6666666666666666,1.0,6,0.66908,0.668915,0.6621300000000001,0.65903,0.0,24.75000000000005,0.66908,0.66908,0.6665650000000001,23.100000000000342,48.24999999999968,0.0,1.0,1.0,1.0,0.0,0.0,0.66908,0.67601,2.0,23.100000000000342,-46.19999999999958,0.0,0.0,0.0,0.0,0.0,0.0,1.0,1.0
1.37701,0,109,0.0,0.0,0,1.3771049999999998,1.373915,1.38466,1.38578,0.0,30.9500000000007,1.3780199999999998,1.3766349999999998,1.3728850000000001,3.7500000000023626,41.249999999999346,1.0,1.0,-1.0,1.0,0.0,0.0,0.0,0.0,0.0,0.0,0.0,0.0,0.0,0.0,0.0,0.0,0.0,1.0,-1.0
0.79173,60,109,0.5555555555555556,-1.0,5,0.7936749999999999,0.792175,0.7973399999999999,0.8000050000000001,0.0,-4.449999999999177,0.794005,0.79343,0.791445,-16.99999999999924,2.8500000000009074,1.0,1.0,-1.0,-1.0,0.0,0.0,0.79217,0.79084,2.0,-4.3999999999999595,8.900000000000574,0.0,0.0,0.0,0.0,0.0,0.0,1.0,0.0
183.292,60,109,0.5555555555555556,-1.0,5,183.4345,183.61399999999998,182.5,177.3145,0.0,-32.19999999999743,183.088,183.4535,183.861,-16.149999999998954,-56.89999999999884,-1.0,-1.0,1.0,-1.0,0.0,0.0,183.4345,183.007,2.0,-14.25000000000125,28.49999999999966,0.0,1.0,0.0,0.0,0.0,0.0,1.0,0.0
211.753,84,109,0.7777777777777778,1.0,7,211.166,211.04399999999998,208.5135,203.58100000000002,0.0,70.90000000000032,211.269,211.166,210.93599999999998,58.69999999999891,81.70000000000073,1.0,1.0,1.0,1.0,0.0,0.0,211.166,212.927,2.0,58.69999999999891,-117.40000000000066,0.0,1.0,0.0,0.0,0.0,0.0,1.0,0.0
4448.38,84,109,0.7777777777777778,1.0,7,4385.415,4365.13,4339.505,3908.88,0.0,832.5,4425.9400000000005,4382.65,4412.15,657.3000000000047,362.30000000000473,1.0,1.0,1.0,1.0,0.0,0.0,4385.415,4574.31,2.0,629.6500000000015,-1259.300000000003,0.0,0.0,1.0,0.0,0.0,0.0,1.0,-1.0
48974.18,72,109,0.6666666666666666,1.0,6,48671.35,48515.25,48208.255000000005,46469.955,0.0,4589300.000000003,48766.354999999996,48515.25,48515.25,4589300.000000003,4589300.000000003,1.0,0.0,1.0,1.0,0.0,0.0,48671.35,49579.84,2.0,3028300.0000000177,-6056599.999999962,0.0,0.0,0.0,1.0,0.0,0.0,1.0,1.0
25394.76,72,109,0.6666666666666666,1.0,6,25311.725,25339.475,25244.25,24442.55,0.0,552849.9999999986,25431.425000000003,25334.15,25394.0,606099.9999999695,7599.999999983993,1.0,-1.0,1.0,1.0,0.0,0.0,25339.475,25505.33,2.0,552849.9999999986,-1105700.0000000335,0.0,0.0,0.0,1.0,0.0,0.0,1.0,1.0
6900.92,72,109,0.6666666666666666,1.0,6,6874.68,6871.93,6830.6,6589.675,0.0,289899.9999999978,6895.9,6871.93,6883.280000000001,289899.9999999978,176399.99999999418,1.0,0.0,1.0,1.0,0.0,0.0,6874.68,6953.4,2.0,262399.9999999978,-524799.9999999956,0.0,0.0,0.0,1.0,0.0,0.0,1.0,1.0
98.309,48,109,0.4444444444444444,-1.0,4,98.5395,98.378,98.77799999999999,98.3015,0.0,-6.9000000000002615,98.5395,98.507,98.2895,-19.80000000000075,1.9499999999993634,0.0,1.0,-1.0,0.0,0.0,0.0,98.378,98.30762,0.02,-6.9000000000002615,0.13799999999974943,0.0,0.0,0.0,1.0,1.0,0.0,1.0,0.0
1.16878,60,109,0.5555555555555556,-1.0,5,1.171335,1.1712850000000001,1.1681599999999999,1.1655,0.0,-25.050000000002015,1.170075,1.1701000000000001,1.17336,-13.200000000002099,-45.80000000000028,-1.0,-1.0,1.0,-1.0,0.0,0.0,1.17129,1.16377,2.0,-25.100000000000122,50.09999999999959,0.0,0.0,0.0,0.0,0.0,1.0,1.0,1.0
1.35018,60,109,0.5555555555555556,1.0,5,1.3529399999999998,1.34845,1.33734,1.336795,0.0,17.300000000000093,1.351275,1.34961,1.34845,5.699999999999594,17.300000000000093,-1.0,1.0,1.0,1.0,0.0,0.0,1.34845,1.35364,2.0,17.300000000000093,-34.600000000000186,0.0,0.0,0.0,0.0,0.0,1.0,1.0,0.0
156.66,0,109,0.0,0.0,0,156.476,156.703,156.04649999999998,151.833,0.0,-4.300000000000637,156.523,156.543,156.4245,11.699999999999022,23.550000000000182,1.0,-1.0,1.0,0.0,0.0,0.0,0.0,0.0,0.0,0.0,0.0,0.0,1.0,0.0,0.0,0.0,1.0,1.0,-1.0
0.67383,84,109,0.7777777777777778,1.0,7,0.672235,0.6700600000000001,0.663095,0.65903,0.0,37.6999999999994,0.6728700000000001,0.6702250000000001,0.66978,36.04999999999969,40.49999999999998,1.0,1.0,1.0,1.0,0.0,0.0,0.67224,0.67702,2.0,15.900000000000913,-31.899999999999153,0.0,0.0,0.0,0.0,0.0,1.0,1.0,0.0
1.3814899999999999,60,109,0.5555555555555556,1.0,5,1.3783349999999999,1.37474,1.38466,1.38578,0.0,67.49999999999812,1.3785949999999998,1.3780199999999998,1.3728850000000001,34.70000000000084,86.04999999999751,1.0,1.0,-1.0,1.0,0.0,0.0,1.37833,1.3878,2.0,31.599999999998296,-63.10000000000038,0.0,0.0,0.0,0.0,0.0,1.0,1.0,1.0
0.79571,60,109,0.5555555555555556,1.0,5,0.793265,0.7933049999999999,0.7973399999999999,0.8000050000000001,0.0,24.050000000001013,0.79416,0.7936749999999999,0.791445,20.350000000001202,42.650000000000745,1.0,1.0,-1.0,1.0,0.0,0.0,0.7933,0.80052,2.0,24.100000000000232,-48.09999999999981,0.0,0.0,0.0,0.0,0.0,1.0,1.0,1.0
183.101,60,109,0.5555555555555556,-1.0,5,183.32299999999998,183.61399999999998,182.5,177.3145,0.0,-51.29999999999768,183.192,183.22449999999998,183.7275,-12.349999999997863,-62.649999999999295,-1.0,-1.0,1.0,-1.0,0.0,0.0,183.323,182.657,2.0,-22.20000000000084,44.39999999999884,0.0,1.0,0.0,0.0,0.0,1.0,1.0,0.0
211.521,60,109,0.5555555555555556,1.0,5,211.72500000000002,211.1975,208.667,203.58100000000002,0.0,32.34999999999957,211.52100000000002,211.4225,211.0895,9.849999999997294,43.14999999999998,-1.0,1.0,1.0,1.0,0.0,0.0,211.1975,212.168,2.0,32.34999999999957,-64.70000000000198,0.0,1.0,0.0,0.0,0.0,1.0,1.0,0.0
4497.22,84,109,0.7777777777777778,1.0,7,4462.57,4385.965,4339.505,3908.88,0.0,1112.550000000001,4475.665,4446.775,4412.15,504.4500000000062,850.7000000000062,1.0,1.0,1.0,1.0,0.0,0.0,4462.57,4566.52,2.0,346.50000000000546,-693.0000000000018,0.0,0.0,1.0,0.0,0.0,1.0,1.0,0.0
49489.98,84,109,0.7777777777777778,1.0,7,49176.854999999996,48663.85,48356.854999999996,46469.955,0.0,8261300.000000047,49197.95,48914.955,48663.85,5750250.000000015,8261300.000000047,1.0,1.0,1.0,1.0,0.0,0.0,49176.855,50116.23,2.0,3131250.0,-6262500.0,0.0,0.0,0.0,1.0,0.0,1.0,1.0,0.0
25642.86,84,109,0.7777777777777778,1.0,7,25497.975,25363.0,25244.25,24442.55,0.0,2798600.0000000056,25530.025,25489.675000000003,25394.0,1531849.9999999767,2488600.0000000056,1.0,1.0,1.0,1.0,0.0,0.0,25497.975,25932.63,2.0,1448850.0000000205,-2897700.000000004,0.0,0.0,0.0,1.0,0.0,1.0,1.0,0.0
6945.72,84,109,0.7777777777777778,1.0,7,6918.65,6885.43,6832.75,6589.675,0.0,602899.9999999997,6922.55,6909.4,6885.43,363200.00000000617,602899.9999999997,1.0,1.0,1.0,1.0,0.0,0.0,6918.65,6999.86,2.0,270700.00000000617,-541399.9999999942,0.0,0.0,0.0,1.0,0.0,1.0,1.0,0.0
98.601,60,109,0.5555555555555556,1.0,5,98.3845,98.4625,98.77799999999999,98.3015,0.0,13.84999999999934,98.479,98.497,98.2895,10.39999999999992,31.149999999999523,1.0,1.0,-1.0,1.0,0.0,0.0,98.4625,98.60377,0.02,13.84999999999934,-0.2769999999998163,0.0,0.0,0.0,1.0,1.0,1.0,1.0,1.0
1.1676,72,109,0.6666666666666666,-1.0,6,1.16878,1.171195,1.169875,1.1655,0.0,-35.950000000000145,1.1686100000000001,1.1695250000000001,1.17336,-19.250000000001766,-57.59999999999987,-1.0,-1.0,1.0,-1.0,0.0,0.0,1.16878,1.16524,2.0,-11.799999999999589,23.599999999999177,0.0,0.0,0.0,0.0,0.0,2.0,1.0,1.0
1.3458999999999999,0,109,0.0,0.0,0,1.34865,1.34845,1.33734,1.336795,0.0,-25.500000000000522,1.347915,1.3498,1.34845,-39.000000000002366,-25.500000000000522,-1.0,1.0,1.0,-1.0,0.0,0.0,0.0,0.0,0.0,0.0,0.0,0.0,0.0,0.0,0.0,0.0,2.0,1.0,-1.0
156.748,72,109,0.6666666666666666,1.0,6,156.549,156.703,156.04649999999998,151.833,0.0,4.4999999999987494,156.578,156.541,156.4245,20.699999999999363,32.34999999999957,1.0,-1.0,1.0,1.0,0.0,0.0,156.703,156.838,2.0,4.4999999999987494,-9.000000000000341,0.0,1.0,0.0,0.0,0.0,2.0,1.0,0.0
0.67203,0,109,0.0,0.0,0,0.67416,0.6712899999999999,0.664995,0.65903,0.0,7.400000000000739,0.673215,0.6738999999999999,0.6712899999999999,-18.69999999999927,7.400000000000739,-1.0,1.0,1.0,0.0,0.0,0.0,0.0,0.0,0.0,0.0,0.0,0.0,0.0,0.0,0.0,0.0,2.0,1.0,-1.0
1.38598,60,109,0.5555555555555556,1.0,5,1.38259,1.3776899999999999,1.382845,1.38578,0.0,82.90000000000131,1.38259,1.38091,1.3752,50.69999999999908,107.80000000000013,0.0,1.0,-1.0,1.0,0.0,0.0,1.38285,1.39225,2.0,31.30000000000077,-62.699999999999974,0.0,0.0,0.0,0.0,0.0,2.0,1.0,-1.0
0.79773,72,109,0.6666666666666666,1.0,6,0.7961400000000001,0.793995,0.7973399999999999,0.8000050000000001,0.0,37.350000000000435,0.796505,0.79511,0.79201,26.200000000000667,57.200000000000585,1.0,1.0,-1.0,1.0,0.0,0.0,0.79734,0.79851,2.0,3.9000000000000146,-7.800000000000029,0.0,0.0,0.0,0.0,0.0,2.0,1.0,0.0
183.02,60,109,0.5555555555555556,-1.0,5,183.03699999999998,183.563,182.5,177.3145,0.0,-54.299999999997794,182.99,183.0425,183.567,-2.2499999999979536,-54.699999999999704,-1.0,-1.0,1.0,-1.0,0.0,0.0,183.037,182.986,2.0,-1.6999999999995907,3.4000000000020236,0.0,1.0,0.0,0.0,0.0,2.0,1.0,1.0
210.969,0,109,0.0,0.0,0,211.338,211.2425,208.667,203.58100000000002,0.0,-27.350000000001273,211.1325,211.348,211.0895,-37.90000000000191,-12.049999999999272,-1.0,1.0,1.0,-1.0,0.0,0.0,0.0,0.0,0.0,0.0,0.0,0.0,1.0,0.0,0.0,0.0,2.0,1.0,-1.0
4452.94,0,109,0.0,0.0,0,4461.9,4402.5,4356.610000000001,3908.88,0.0,504.399999999996,4445.83,4461.9,4412.15,-89.60000000000036,407.89999999999964,-1.0,1.0,1.0,0.0,0.0,0.0,0.0,0.0,0.0,0.0,0.0,0.0,0.0,1.0,0.0,0.0,2.0,1.0,-1.0
48982.98,48,109,0.4444444444444444,1.0,4,49281.34,48720.6,48413.604999999996,46469.955,0.0,2623800.0000000466,49281.34,49233.604999999996,48720.6,-2506249.9999999274,2623800.0000000466,0.0,1.0,1.0,0.0,0.0,0.0,48720.6,49507.74,2.0,2623800.0000000466,-5247599.999999948,0.0,0.0,0.0,1.0,0.0,2.0,1.0,1.0
25652.06,72,109,0.6666666666666666,1.0,6,25678.925,25444.949999999997,25244.25,24442.55,0.0,2071100.0000000421,25693.225,25602.324999999997,25444.949999999997,497350.0000000422,2071100.0000000421,1.0,1.0,1.0,1.0,0.0,0.0,25444.95,26066.28,2.0,2071100.0000000058,-4142199.9999999753,0.0,0.0,0.0,1.0,0.0,2.0,1.0,0.0
6923.12,60,109,0.5555555555555556,1.0,5,6941.175,6893.93,6841.25,6589.675,0.0,291899.999999996,6941.175,6930.83,6893.93,-77100.00000000036,291899.999999996,0.0,1.0,1.0,1.0,0.0,0.0,6893.93,6981.5,2.0,291899.999999996,-583800.000000001,0.0,0.0,0.0,1.0,0.0,2.0,1.0,1.0
98.726,72,109,0.6666666666666666,1.0,6,98.616,98.492,98.6455,98.3015,0.0,23.399999999999466,98.6185,98.536,98.2895,18.999999999999773,43.64999999999952,1.0,1.0,-1.0,1.0,0.0,0.0,98.6455,98.72761,0.02,8.050000000000068,-0.16099999999994452,0.0,0.0,0.0,1.0,1.0,2.0,1.0,1.0
1.16599,72,109,0.6666666666666666,-1.0,6,1.1663350000000001,1.169855,1.16996,1.1655,0.0,-38.65000000000008,1.166035,1.167075,1.171975,-10.850000000000026,-59.84999999999907,-1.0,-1.0,1.0,-1.0,0.0,0.0,1.16634,1.1653,2.0,-3.4999999999985043,6.900000000000794,0.0,0.0,0.0,0.0,0.0,3.0,1.0,1.0
1.3443,0,109,0.0,0.0,0,1.3441450000000001,1.34907,1.33734,1.336795,0.0,-47.699999999999406,1.34314,1.3460299999999998,1.34845,-17.299999999997873,-41.499999999998764,-1.0,-1.0,1.0,-1.0,0.0,0.0,0.0,0.0,0.0,0.0,0.0,0.0,0.0,0.0,0.0,0.0,3.0,1.0,-1.0
156.845,84,109,0.7777777777777778,1.0,7,156.7615,156.703,156.04649999999998,151.833,0.0,14.19999999999959,156.86599999999999,156.7135,156.5195,13.14999999999884,32.55000000000052,1.0,1.0,1.0,1.0,0.0,0.0,156.7615,157.012,2.0,8.349999999998658,-16.70000000000016,0.0,1.0,0.0,0.0,0.0,3.0,1.0,0.0
0.66998,60,109,0.5555555555555556,-1.0,5,0.670515,0.6714549999999999,0.664995,0.65903,0.0,-14.74999999999893,0.669125,0.6713899999999999,0.6712899999999999,-14.099999999999113,-13.099999999999223,-1.0,-1.0,1.0,-1.0,0.0,0.0,0.67051,0.66891,2.0,-5.3000000000003045,10.700000000000154,0.0,0.0,0.0,0.0,0.0,3.0,1.0,1.0
1.38614,0,109,0.0,0.0,0,1.38661,1.380445,1.382845,1.38578,0.0,56.95000000000006,1.386365,1.383915,1.376525,22.249999999999215,96.1499999999993,-1.0,1.0,-1.0,1.0,0.0,0.0,0.0,0.0,0.0,0.0,0.0,0.0,0.0,0.0,0.0,0.0,3.0,1.0,-1.0
0.79878,72,109,0.6666666666666666,1.0,6,0.7981499999999999,0.79504,0.7973399999999999,0.8000050000000001,0.0,37.400000000000766,0.798635,0.79755,0.79315,12.300000000000644,56.30000000000024,1.0,1.0,-1.0,1.0,0.0,0.0,0.79815,0.80004,2.0,6.300000000000194,-12.599999999999278,0.0,0.0,0.0,0.0,0.0,3.0,1.0,0.0
182.888,0,109,0.0,0.0,0,182.937,183.345,182.5,177.3145,0.0,-45.69999999999936,182.937,182.937,183.5285,-4.900000000000659,-64.0500000000003,0.0,-1.0,1.0,-1.0,0.0,0.0,0.0,0.0,0.0,0.0,0.0,0.0,1.0,0.0,0.0,0.0,3.0,1.0,-1.0
210.848,0,109,0.0,0.0,0,210.72500000000002,211.2195,208.70600000000002,203.58100000000002,0.0,-37.14999999999975,210.7745,210.8535,211.1975,-0.5499999999983629,-34.94999999999777,1.0,-1.0,1.0,-1.0,0.0,0.0,0.0,0.0,0.0,0.0,0.0,0.0,1.0,0.0,0.0,0.0,3.0,1.0,-1.0
4476.47,84,109,0.7777777777777778,1.0,7,4443.575,4405.04,4356.610000000001,3908.88,0.0,714.3000000000029,4448.389999999999,4443.575,4412.15,328.95000000000437,643.2000000000062,1.0,1.0,1.0,1.0,0.0,0.0,4443.575,4542.26,2.0,328.95000000000437,-657.8999999999996,0.0,0.0,1.0,0.0,0.0,3.0,1.0,1.0
49362.28,60,109,0.5555555555555556,1.0,5,49066.145000000004,48720.6,48413.604999999996,46469.955,0.0,6416800.000000003,49066.145000000004,49193.854999999996,48720.6,1684250.000000029,6416800.000000003,0.0,1.0,1.0,0.0,0.0,0.0,49066.145,49954.55,2.0,2961350.0000000205,-5922700.000000041,0.0,0.0,0.0,1.0,0.0,3.0,1.0,0.0
25552.06,0,109,0.0,0.0,0,25583.949999999997,25444.949999999997,25244.25,24442.55,0.0,1071100.0000000421,25516.025,25603.699999999997,25444.949999999997,-516399.9999999578,1071100.0000000421,-1.0,1.0,1.0,-1.0,0.0,0.0,0.0,0.0,0.0,0.0,0.0,0.0,0.0,0.0,1.0,0.0,3.0,1.0,-1.0
6934.22,60,109,0.5555555555555556,1.0,5,6924.700000000001,6893.93,6841.25,6589.675,0.0,402899.99999999965,6917.95,6930.200000000001,6893.93,40199.99999999527,402899.99999999965,-1.0,1.0,1.0,0.0,0.0,0.0,6924.7,6953.26,2.0,95200.00000000437,-190399.99999999965,0.0,0.0,0.0,1.0,0.0,3.0,1.0,0.0
98.833,72,109,0.6666666666666666,1.0,6,98.7755,98.56,98.6455,98.3015,0.0,27.299999999999613,98.854,98.7345,98.4075,9.850000000000136,42.549999999999955,1.0,1.0,-1.0,1.0,0.0,0.0,98.7755,98.83415,0.02,5.750000000000455,-0.11499999999955435,0.0,0.0,0.0,1.0,1.0,3.0,1.0,1.0
1.16299,84,109,0.7777777777777778,-1.0,7,1.16403,1.168055,1.17116,1.1655,0.0,-50.65000000000097,1.163945,1.165,1.17036,-20.100000000000673,-73.70000000000098,-1.0,-1.0,-1.0,-1.0,0.0,0.0,1.16403,1.16091,2.0,-10.399999999999299,20.799999999998597,0.0,0.0,0.0,0.0,0.0,4.0,1.0,0.0
1.33969,0,109,0.0,0.0,0,1.34216,1.347995,1.338105,1.336795,0.0,-83.05000000000007,1.34216,1.34216,1.347995,-24.699999999999722,-83.05000000000007,0.0,-1.0,1.0,-1.0,0.0,0.0,0.0,0.0,0.0,0.0,0.0,0.0,0.0,0.0,0.0,0.0,4.0,1.0,-1.0
157.938,84,109,0.7777777777777778,1.0,7,157.454,157.14800000000002,156.262,151.833,0.0,78.99999999999636,157.777,157.424,156.9645,51.39999999999816,97.35000000000014,1.0,1.0,1.0,1.0,0.0,0.0,157.454,158.906,2.0,48.399999999998045,-96.80000000000177,0.0,1.0,0.0,0.0,0.0,4.0,1.0,1.0
0.66854,0,109,0.0,0.0,0,0.6683749999999999,0.6714899999999999,0.665925,0.65903,0.0,-29.49999999999897,0.668335,0.6683749999999999,0.6712899999999999,1.6500000000008175,-27.49999999999919,-1.0,-1.0,1.0,-1.0,0.0,0.0,0.0,0.0,0.0,0.0,0.0,0.0,0.0,0.0,0.0,0.0,4.0,1.0,-1.0
1.39174,72,109,0.6666666666666666,1.0,6,1.3887,1.383225,1.380975,1.38578,0.0,85.1500000000005,1.389325,1.3885,1.378835,32.399999999999096,129.04999999999944,1.0,1.0,-1.0,1.0,0.0,0.0,1.3887,1.39782,2.0,30.399999999999316,-60.80000000000085,0.0,0.0,0.0,0.0,0.0,4.0,1.0,0.0
0.80106,72,109,0.6666666666666666,1.0,6,0.799585,0.79618,0.7973399999999999,0.8000050000000001,0.0,48.799999999999955,0.80018,0.799285,0.79454,17.74999999999971,65.1999999999997,1.0,1.0,-1.0,1.0,0.0,0.0,0.79958,0.80401,2.0,14.800000000000368,-29.50000000000008,0.0,0.0,0.0,0.0,0.0,4.0,1.0,0.0
183.689,72,109,0.6666666666666666,1.0,6,183.29250000000002,183.289,182.5,177.3145,0.0,40.00000000000057,183.6345,183.289,183.5245,40.00000000000057,16.450000000000387,1.0,0.0,1.0,1.0,0.0,0.0,183.2925,184.482,2.0,39.65000000000032,-79.30000000000064,0.0,1.0,0.0,0.0,0.0,4.0,1.0,1.0
211.589,84,109,0.7777777777777778,1.0,7,211.27249999999998,211.2195,208.8655,203.58100000000002,0.0,36.949999999998795,211.6585,211.27249999999998,211.1975,31.65000000000191,39.15000000000077,1.0,1.0,1.0,1.0,0.0,0.0,211.2725,212.222,2.0,31.649999999999068,-63.30000000000098,0.0,1.0,0.0,0.0,0.0,4.0,1.0,1.0
4510.22,72,109,0.6666666666666666,1.0,6,4480.8150000000005,4462.365,4359.8099999999995,3908.88,0.0,478.55000000000473,4487.93,4462.365,4410.29,478.55000000000473,999.3000000000029,1.0,0.0,1.0,1.0,0.0,0.0,4480.815,4569.03,2.0,294.05000000000655,-588.0999999999949,0.0,0.0,1.0,0.0,0.0,4.0,1.0,1.0
49490.38,72,109,0.6666666666666666,1.0,6,49376.8,49016.205,48496.955,46469.955,0.0,4741749.999999956,49376.8,49166.405,48720.6,3239749.9999999856,7697799.999999989,0.0,1.0,1.0,1.0,0.0,0.0,49376.8,49717.54,2.0,1135799.9999999446,-2271600.000000035,0.0,0.0,0.0,1.0,0.0,4.0,1.0,0.0
25755.06,84,109,0.7777777777777778,1.0,7,25616.9,25579.925,25244.25,24442.55,0.0,1751350.0000000205,25626.9,25601.949999999997,25444.949999999997,1531100.0000000421,3101100.0000000424,1.0,1.0,1.0,1.0,0.0,0.0,25616.9,26031.38,2.0,1381599.9999999986,-2763199.999999997,0.0,0.0,0.0,1.0,0.0,4.0,1.0,0.0
6963.62,84,109,0.7777777777777778,1.0,7,6943.355,6929.45,6847.7,6589.675,0.0,341700.0000000007,6947.35,6939.0,6900.38,246199.9999999989,632399.9999999978,1.0,1.0,1.0,1.0,0.0,0.0,6943.355,7004.15,2.0,202650.00000000326,-405299.99999999744,0.0,0.0,0.0,1.0,0.0,4.0,1.0,0.0
99.166,84,109,0.7777777777777778,1.0,7,99.04849999999999,98.7045,98.523,98.3015,0.0,46.15000000000009,99.0695,98.996,98.584,17.00000000000017,58.19999999999936,1.0,1.0,1.0,1.0,0.0,0.0,99.0485,99.16835,0.02,11.749999999999261,-0.23500000000069576,0.0,0.0,0.0,1.0,1.0,4.0,1.0,0.0
1.16671,0,109,0.0,0.0,0,1.1659950000000001,1.166795,1.17116,1.1655,0.0,-0.8500000000011276,1.1680700000000002,1.1658300000000001,1.169905,8.799999999997699,-31.95000000000059,1.0,-1.0,-1.0,1.0,0.0,0.0,0.0,0.0,0.0,0.0,0.0,0.0,0.0,0.0,0.0,0.0,0.0,1.0,-1.0
1.34674,72,109,0.6666666666666666,1.0,6,1.3437999999999999,1.346225,1.342715,1.336795,0.0,5.150000000000432,1.347035,1.3437999999999999,1.34789,29.400000000001647,-11.499999999999844,1.0,-1.0,1.0,1.0,0.0,0.0,1.34623,1.34777,2.0,5.1000000000001044,-10.299999999998644,0.0,0.0,0.0,0.0,0.0,0.0,1.0,0.0
158.135,84,109,0.7777777777777778,1.0,7,157.86,157.2495,156.2715,152.4665,0.0,88.54999999999791,157.9515,157.7865,156.974,34.850000000000136,116.10000000000014,1.0,1.0,1.0,1.0,0.0,0.0,157.86,158.685,2.0,27.499999999997726,-55.00000000000114,0.0,1.0,0.0,0.0,0.0,0.0,1.0,1.0
0.67091,60,109,0.5555555555555556,1.0,5,0.66984,0.6714899999999999,0.667935,0.65903,0.0,-5.799999999999139,0.67126,0.6692899999999999,0.6712899999999999,16.200000000000657,-3.7999999999993594,1.0,-1.0,1.0,1.0,0.0,0.0,0.66984,0.67305,2.0,10.700000000000154,-21.400000000000308,0.0,0.0,0.0,0.0,0.0,0.0,1.0,0.0
1.38757,0,109,0.0,0.0,0,1.38933,1.3838,1.380975,1.38578,0.0,37.700000000000514,1.388125,1.389325,1.379905,-17.54999999999951,76.65000000000033,-1.0,1.0,-1.0,0.0,0.0,0.0,0.0,0.0,0.0,0.0,0.0,0.0,0.0,0.0,0.0,0.0,0.0,1.0,-1.0
0.79743,0,109,0.0,0.0,0,0.798655,0.797075,0.7973399999999999,0.8000050000000001,0.0,3.549999999999942,0.79677,0.798665,0.79468,-12.349999999999861,27.49999999999919,-1.0,1.0,-1.0,-1.0,0.0,0.0,0.0,0.0,0.0,0.0,0.0,0.0,0.0,0.0,0.0,0.0,0.0,1.0,-1.0
184.497,84,109,0.7777777777777778,1.0,7,184.151,183.6445,182.5,177.64100000000002,0.0,85.25000000000205,184.499,183.99,183.6445,50.7000000000005,85.25000000000205,1.0,1.0,1.0,1.0,0.0,0.0,184.151,185.189,2.0,34.600000000000364,-69.19999999999789,0.0,1.0,0.0,0.0,0.0,0.0,1.0,1.0
212.969,84,109,0.7777777777777778,1.0,7,212.2775,211.647,209.5895,204.6515,0.0,132.20000000000027,212.761,212.13,211.625,83.89999999999986,134.3999999999994,1.0,1.0,1.0,1.0,0.0,0.0,212.2775,214.352,2.0,69.14999999999907,-138.30000000000098,0.0,1.0,0.0,0.0,0.0,0.0,1.0,0.0
4593.75,84,109,0.7777777777777778,1.0,7,4561.445,4518.889999999999,4400.02,3955.4700000000003,0.0,748.6000000000058,4607.5650000000005,4544.455,4452.360000000001,492.9500000000007,1413.8999999999942,1.0,1.0,1.0,1.0,0.0,0.0,4561.445,4658.36,2.0,323.0500000000029,-646.0999999999967,0.0,0.0,1.0,0.0,0.0,0.0,1.0,0.0
49539.48,72,109,0.6666666666666666,1.0,6,49315.75,49200.155,48544.955,46501.31,0.0,3393250.000000044,49315.75,49315.75,48726.9,2237300.000000032,8125800.000000018,0.0,1.0,1.0,1.0,0.0,0.0,49315.75,49986.94,2.0,2237300.000000032,-4474599.999999992,0.0,0.0,0.0,1.0,0.0,0.0,1.0,0.0
25777.36,84,109,0.7777777777777778,1.0,7,25657.64,25621.715,25251.84,24459.449999999997,0.0,1556450.0000000044,25700.64,25646.665,25462.965,1306949.9999999972,3143950.000000004,1.0,1.0,1.0,1.0,0.0,0.0,25657.64,26016.8,2.0,1197200.0000000116,-2394399.999999987,0.0,0.0,0.0,1.0,0.0,0.0,1.0,0.0
6974.03,84,109,0.7777777777777778,1.0,7,6948.85,6940.65,6851.7,6604.745000000001,0.0,333800.0000000011,6955.95,6948.85,6904.38,251799.99999999383,696499.9999999964,1.0,1.0,1.0,1.0,0.0,0.0,6948.85,7024.39,2.0,251799.99999999383,-503600.0000000058,0.0,0.0,0.0,1.0,0.0,0.0,1.0,0.0
98.889,0,109,0.0,0.0,0,98.9185,98.799,98.523,98.3015,0.0,8.99999999999892,98.792,98.95599999999999,98.601,-6.6999999999993065,28.79999999999967,-1.0,1.0,1.0,0.0,0.0,0.0,0.0,0.0,0.0,0.0,0.0,0.0,0.0,0.0,1.0,1.0,0.0,1.0,-1.0
1.16434,60,109,0.5555555555555556,-1.0,5,1.165565,1.16585,1.17116,1.1655,0.0,-15.100000000001224,1.165565,1.16662,1.1691500000000001,-22.800000000000598,-48.10000000000203,0.0,1.0,-1.0,-1.0,0.0,0.0,1.16556,1.16189,2.0,-12.199999999999989,24.499999999998412,0.0,0.0,0.0,0.0,0.0,1.0,1.0,0.0
1.3424800000000001,0,109,0.0,0.0,0,1.34593,1.3446099999999999,1.342715,1.336795,0.0,-21.299999999997432,1.34593,1.34593,1.34789,-34.49999999999953,-54.09999999999915,0.0,1.0,1.0,-1.0,0.0,0.0,0.0,0.0,0.0,0.0,0.0,0.0,0.0,0.0,0.0,0.0,1.0,1.0,-1.0
159.163,84,109,0.7777777777777778,1.0,7,158.538,157.789,156.76299999999998,152.4665,0.0,137.40000000000236,158.877,158.44650000000001,157.649,71.64999999999964,151.400000000001,1.0,1.0,1.0,1.0,0.0,0.0,158.538,160.413,2.0,62.5,-125.0,0.0,1.0,0.0,0.0,0.0,1.0,1.0,0.0
0.66802,0,109,0.0,0.0,0,0.669985,0.670485,0.667935,0.65903,0.0,-24.650000000000503,0.669985,0.669985,0.6712899999999999,-19.650000000001057,-32.69999999999995,0.0,-1.0,1.0,-1.0,0.0,0.0,0.0,0.0,0.0,0.0,0.0,0.0,0.0,0.0,0.0,0.0,1.0,1.0,-1.0
1.38867,60,109,0.5555555555555556,1.0,5,1.3876149999999998,1.38548,1.3801450000000002,1.38578,0.0,31.90000000000026,1.3876149999999998,1.3876149999999998,1.38038,10.550000000002502,82.90000000000131,0.0,1.0,1.0,-1.0,0.0,0.0,1.38761,1.39078,2.0,10.600000000000609,-21.099999999998342,0.0,0.0,0.0,0.0,0.0,1.0,1.0,0.0
0.80094,72,109,0.6666666666666666,1.0,6,0.7990349999999999,0.7984450000000001,0.7973399999999999,0.8000050000000001,0.0,24.94999999999914,0.7994049999999999,0.79863,0.7959350000000001,23.100000000000342,50.04999999999926,1.0,1.0,-1.0,1.0,0.0,0.0,0.79903,0.80475,2.0,19.099999999999675,-38.0999999999998,0.0,0.0,0.0,0.0,0.0,1.0,1.0,0.0
185.318,84,109,0.7777777777777778,1.0,7,184.893,184.0805,182.80900000000003,177.64100000000002,0.0,123.75000000000114,185.22,184.893,184.0805,42.50000000000114,123.75000000000114,1.0,1.0,1.0,1.0,0.0,0.0,184.893,186.168,2.0,42.50000000000114,-84.99999999999943,0.0,1.0,0.0,0.0,0.0,1.0,1.0,0.0
213.675,84,109,0.7777777777777778,1.0,7,213.4685,212.29000000000002,210.23250000000002,204.6515,0.0,138.4999999999991,213.8105,213.3305,212.268,34.45000000000107,140.70000000000107,1.0,1.0,1.0,1.0,0.0,0.0,213.4685,214.088,2.0,20.650000000000546,-41.29999999999825,0.0,1.0,0.0,0.0,0.0,1.0,1.0,0.0
4587.85,60,109,0.5555555555555556,1.0,5,4602.17,4521.110000000001,4402.24,3955.4700000000003,0.0,667.3999999999978,4602.17,4602.17,4454.58,-143.1999999999971,1332.7000000000044,0.0,1.0,1.0,1.0,0.0,0.0,4521.11,4721.33,2.0,667.4000000000069,-1334.7999999999956,0.0,0.0,1.0,0.0,0.0,1.0,1.0,-1.0
49164.38,0,109,0.0,0.0,0,49373.03,49225.21000000001,48570.01,46501.31,0.0,-608300.0000000902,49373.03,49340.805,48751.955,-1764250.000000029,4124249.999999956,0.0,1.0,1.0,-1.0,0.0,0.0,0.0,0.0,0.0,0.0,0.0,0.0,0.0,0.0,1.0,0.0,1.0,1.0,-1.0
25736.85,60,109,0.5555555555555556,1.0,5,25759.29,25635.625,25265.75,24459.449999999997,0.0,1012249.9999999854,25759.29,25698.0,25476.875,388499.99999998545,2599749.9999999856,0.0,1.0,1.0,1.0,0.0,0.0,25635.625,25939.3,2.0,1012249.9999999854,-2024500.0000000072,0.0,0.0,0.0,1.0,0.0,1.0,1.0,0.0
6960.42,60,109,0.5555555555555556,1.0,5,6968.075000000001,6946.47,6857.52,6604.745000000001,0.0,139499.9999999982,6968.075000000001,6957.3,6910.200000000001,31199.99999999891,502199.9999999935,0.0,1.0,1.0,1.0,0.0,0.0,6946.47,6988.32,2.0,139499.9999999982,-278999.9999999964,0.0,0.0,0.0,1.0,0.0,1.0,1.0,0.0
99.175,72,109,0.6666666666666666,1.0,6,99.025,98.87899999999999,98.523,98.3015,0.0,29.600000000000648,99.025,98.939,98.6995,23.60000000000042,47.54999999999967,0.0,1.0,1.0,1.0,0.0,0.0,99.025,99.178,0.02,14.999999999999147,-0.30000000000001137,0.0,0.0,0.0,1.0,1.0,1.0,1.0,1.0
1.16439,72,109,0.6666666666666666,-1.0,6,1.16485,1.1658300000000001,1.17116,1.1655,0.0,-14.400000000001079,1.16485,1.165565,1.1691500000000001,-11.749999999999261,-47.600000000000975,0.0,-1.0,-1.0,-1.0,0.0,0.0,1.16485,1.16347,2.0,-4.599999999999049,9.200000000000319,0.0,0.0,0.0,0.0,0.0,2.0,1.0,1.0
1.34396,0,109,0.0,0.0,0,1.344125,1.344245,1.342715,1.336795,0.0,-2.849999999998687,1.344405,1.3456650000000001,1.34789,-17.050000000000676,-39.29999999999989,1.0,1.0,1.0,-1.0,0.0,0.0,0.0,0.0,0.0,0.0,0.0,0.0,0.0,0.0,0.0,0.0,2.0,1.0,-1.0
158.489,0,109,0.0,0.0,0,158.777,158.0875,156.923,152.4665,0.0,40.149999999999864,158.4195,158.777,157.7815,-28.79999999999825,70.75000000000102,-1.0,1.0,1.0,0.0,0.0,0.0,0.0,0.0,0.0,0.0,0.0,0.0,1.0,0.0,0.0,0.0,2.0,1.0,-1.0
0.66798,0,109,0.0,0.0,0,0.66877,0.66952,0.667935,0.65903,0.0,-15.399999999999858,0.66811,0.669985,0.6714549999999999,-20.050000000000345,-34.74999999999895,-1.0,1.0,1.0,-1.0,0.0,0.0,0.0,0.0,0.0,0.0,0.0,0.0,0.0,0.0,0.0,0.0,2.0,1.0,-1.0
1.38834,0,109,0.0,0.0,0,1.3882,1.3885,1.37809,1.38578,0.0,-1.6000000000016001,1.387615,1.3876149999999998,1.38098,7.250000000000867,73.59999999999812,-1.0,-1.0,1.0,0.0,0.0,0.0,0.0,0.0,0.0,0.0,0.0,0.0,0.0,0.0,0.0,0.0,2.0,1.0,-1.0
0.80014,0,109,0.0,0.0,0,0.8005500000000001,0.799165,0.7973399999999999,0.8000050000000001,0.0,9.749999999999481,0.79988,0.799995,0.796435,1.4499999999995072,37.049999999999585,-1.0,1.0,-1.0,1.0,0.0,0.0,0.0,0.0,0.0,0.0,0.0,0.0,0.0,0.0,0.0,0.0,2.0,1.0,-1.0
184.54,0,109,0.0,0.0,0,184.925,184.098,183.0285,177.64100000000002,0.0,44.199999999997885,184.5795,184.925,184.098,-38.50000000000193,44.199999999997885,-1.0,1.0,1.0,-1.0,0.0,0.0,0.0,0.0,0.0,0.0,0.0,0.0,1.0,0.0,0.0,0.0,2.0,1.0,-1.0
213.005,0,109,0.0,0.0,0,213.322,212.387,210.4325,204.6515,0.0,61.7999999999995,212.9545,213.4015,212.29000000000002,-39.65000000000032,71.4999999999975,-1.0,1.0,1.0,0.0,0.0,0.0,0.0,0.0,0.0,0.0,0.0,0.0,1.0,0.0,0.0,0.0,2.0,1.0,-1.0
4620.71,84,109,0.7777777777777778,1.0,7,4606.33,4530.965,4406.4,3955.4700000000003,0.0,897.4499999999989,4621.1,4606.33,4476.26,143.8000000000011,1444.4999999999982,1.0,1.0,1.0,1.0,0.0,0.0,4606.33,4649.47,2.0,143.8000000000011,-287.6000000000022,0.0,0.0,1.0,0.0,0.0,2.0,1.0,0.0
49111.18,0,109,0.0,0.0,0,49055.825,49225.21000000001,48570.01,46501.31,0.0,-1140300.000000061,49017.0,49266.455,48751.955,-1552750.0000000144,3592249.9999999856,-1.0,1.0,1.0,-1.0,0.0,0.0,0.0,0.0,0.0,0.0,0.0,0.0,0.0,0.0,1.0,0.0,2.0,1.0,-1.0
25457.36,0,109,0.0,0.0,0,25512.355,25570.690000000002,25265.75,24459.449999999997,0.0,-1133300.0000000175,25450.940000000002,25570.690000000002,25476.875,-1133300.0000000175,-195149.99999999418,-1.0,0.0,1.0,-1.0,0.0,0.0,0.0,0.0,0.0,0.0,0.0,0.0,0.0,0.0,1.0,0.0,2.0,1.0,-1.0
6922.12,0,109,0.0,0.0,0,6925.45,6941.77,6857.52,6604.745000000001,0.0,-196500.00000000547,6913.6849999999995,6941.77,6910.200000000001,-196500.00000000547,119199.99999999163,-1.0,0.0,1.0,-1.0,0.0,0.0,0.0,0.0,0.0,0.0,0.0,0.0,0.0,0.0,1.0,0.0,2.0,1.0,-1.0
99.074,60,109,0.5555555555555556,1.0,5,99.0865,98.95599999999999,98.523,98.3015,0.0,11.80000000000092,99.0205,99.03899999999999,98.6995,3.50000000000108,37.44999999999976,-1.0,1.0,1.0,1.0,0.0,0.0,98.956,99.07636,0.02,11.7999999999995,-0.2359999999995921,0.0,0.0,0.0,1.0,1.0,2.0,1.0,1.0
1.16089,84,109,0.7777777777777778,-1.0,7,1.162025,1.1645750000000001,1.1700599999999999,1.1655,0.0,-36.8500000000016,1.1609099999999999,1.1627399999999999,1.1668,-18.499999999999073,-59.10000000000082,-1.0,-1.0,-1.0,-1.0,0.0,0.0,1.16203,1.15862,2.0,-11.399999999999189,22.699999999999942,0.0,0.0,0.0,0.0,0.0,3.0,1.0,0.0
1.33798,72,109,0.6666666666666666,-1.0,6,1.34036,1.34285,1.342715,1.336795,0.0,-48.70000000000152,1.3383150000000001,1.34131,1.346495,-33.30000000000055,-85.1500000000005,-1.0,-1.0,1.0,-1.0,0.0,0.0,1.34036,1.33322,2.0,-23.800000000000487,47.59999999999876,0.0,0.0,0.0,0.0,0.0,3.0,1.0,0.0
158.64,72,109,0.6666666666666666,1.0,6,158.5345,158.4105,156.923,152.4665,0.0,22.949999999997317,158.64249999999998,158.489,157.7815,15.099999999998204,85.84999999999923,1.0,1.0,1.0,0.0,0.0,0.0,158.5345,158.851,2.0,10.549999999997794,-21.100000000001273,0.0,1.0,0.0,0.0,0.0,3.0,1.0,0.0
0.66998,60,109,0.5555555555555556,1.0,5,0.6688350000000001,0.66952,0.667935,0.65903,0.0,4.6000000000001595,0.669195,0.6688350000000001,0.6714549999999999,11.449999999999516,-14.74999999999893,1.0,-1.0,1.0,0.0,0.0,0.0,0.66952,0.6709,2.0,4.6000000000001595,-9.200000000000319,0.0,0.0,0.0,0.0,0.0,3.0,1.0,0.0
1.38919,72,109,0.6666666666666666,1.0,6,1.38959,1.38869,1.3781,1.38578,0.0,4.999999999999449,1.39022,1.389285,1.382545,-0.9500000000017828,66.45000000000012,1.0,1.0,1.0,1.0,0.0,0.0,1.38869,1.39019,2.0,4.999999999999449,-10.000000000001119,0.0,0.0,0.0,0.0,0.0,3.0,1.0,0.0
0.80322,84,109,0.7777777777777778,1.0,7,0.80131,0.7998149999999999,0.797185,0.8000050000000001,0.0,34.05000000000102,0.802585,0.8012,0.79733,20.200000000000216,58.90000000000062,1.0,1.0,1.0,1.0,0.0,0.0,0.80131,0.80704,2.0,19.100000000000783,-38.19999999999935,0.0,0.0,0.0,0.0,0.0,3.0,1.0,0.0
184.16,60,109,0.5555555555555556,-1.0,5,184.267,184.465,183.393,177.64100000000002,0.0,-30.500000000000682,184.106,184.437,184.098,-27.700000000001523,6.19999999999834,-1.0,-1.0,1.0,-1.0,0.0,0.0,184.267,183.946,2.0,-10.699999999999932,21.399999999999864,0.0,1.0,0.0,0.0,0.0,3.0,1.0,1.0
212.259,60,109,0.5555555555555556,-1.0,5,212.64800000000002,212.885,210.5235,204.6515,0.0,-62.60000000000048,212.29000000000002,212.81799999999998,212.29000000000002,-55.89999999999975,-3.1000000000034333,-1.0,-1.0,1.0,-1.0,0.0,0.0,212.648,211.481,2.0,-38.900000000001,77.79999999999916,0.0,1.0,0.0,0.0,0.0,3.0,1.0,1.0
4614.76,72,109,0.6666666666666666,1.0,6,4611.885,4560.97,4406.4,3955.4700000000003,0.0,537.8999999999996,4603.42,4611.885,4496.355,28.75,1184.0500000000065,-1.0,1.0,1.0,1.0,0.0,0.0,4611.885,4620.51,2.0,28.75,-57.5,0.0,0.0,1.0,0.0,0.0,3.0,1.0,0.0
49435.08,72,109,0.6666666666666666,1.0,6,49278.175,49266.455,48570.01,46501.31,0.0,1686250.0,49332.555,49215.2,49003.06,2198800.0000000466,4320200.000000041,1.0,-1.0,1.0,1.0,0.0,0.0,49278.175,49748.89,2.0,1569049.9999999884,-3138099.9999999767,0.0,0.0,0.0,1.0,0.0,3.0,1.0,0.0
25542.85,0,109,0.0,0.0,0,25547.355,25570.690000000002,25265.75,24459.449999999997,0.0,-278400.00000003783,25654.405,25526.93,25551.605,159199.99999998254,-87550.00000001019,1.0,-1.0,1.0,0.0,0.0,0.0,0.0,0.0,0.0,0.0,0.0,0.0,0.0,0.0,1.0,0.0,3.0,1.0,-1.0
6945.02,72,109,0.6666666666666666,1.0,6,6938.53,6941.77,6857.52,6604.745000000001,0.0,32500.0,6958.1,6932.4,6927.8,126200.000000008,172200.00000000256,1.0,-1.0,1.0,1.0,0.0,0.0,6941.77,6951.52,2.0,32500.0,-65000.0,0.0,0.0,0.0,1.0,0.0,3.0,1.0,1.0
99.342,84,109,0.7777777777777778,1.0,7,99.2175,99.0635,98.6045,98.3015,0.0,27.849999999999397,99.36099999999999,99.197,98.812,14.499999999999602,53.000000000000114,1.0,1.0,1.0,1.0,0.0,0.0,99.2175,99.34449,0.02,12.449999999999761,-0.2489999999994552,0.0,0.0,0.0,1.0,1.0,3.0,1.0,1.0
1.15981,72,109,0.6666666666666666,-1.0,6,1.16059,1.16387,1.16963,1.1655,0.0,-40.599999999999525,1.16059,1.1612749999999998,1.1663700000000001,-14.649999999998276,-65.60000000000122,0.0,-1.0,-1.0,-1.0,0.0,0.0,1.16059,1.15825,2.0,-7.800000000000029,15.600000000000058,0.0,0.0,0.0,0.0,0.0,4.0,1.0,1.0
1.33743,72,109,0.6666666666666666,-1.0,6,1.338935,1.34285,1.34313,1.336795,0.0,-54.20000000000202,1.33868,1.3400400000000001,1.346495,-26.100000000002233,-90.650000000001,-1.0,-1.0,1.0,-1.0,0.0,0.0,1.33893,1.33442,2.0,-15.000000000000568,30.09999999999957,0.0,0.0,0.0,0.0,0.0,4.0,1.0,1.0
158.081,60,109,0.5555555555555556,-1.0,5,158.25900000000001,158.637,156.923,152.4665,0.0,-55.60000000000116,158.042,158.349,157.8065,-26.800000000000068,27.44999999999891,-1.0,-1.0,1.0,-1.0,0.0,0.0,158.259,157.725,2.0,-17.799999999999727,35.599999999999454,0.0,1.0,0.0,0.0,0.0,4.0,1.0,1.0
0.6682,60,109,0.5555555555555556,-1.0,5,0.66902,0.6697,0.667935,0.65903,0.0,-14.999999999999458,0.668605,0.66903,0.6714899999999999,-8.299999999999974,-32.89999999999904,-1.0,-1.0,1.0,-1.0,0.0,0.0,0.66902,0.66656,2.0,-8.199999999999319,16.39999999999975,0.0,0.0,0.0,0.0,0.0,4.0,1.0,0.0
1.39171,84,109,0.7777777777777778,1.0,7,1.3906399999999999,1.389145,1.378555,1.38578,0.0,25.649999999999284,1.390755,1.3906399999999999,1.3840050000000002,10.700000000001264,77.0499999999985,1.0,1.0,1.0,1.0,0.0,0.0,1.39064,1.39385,2.0,10.699999999999044,-21.400000000000308,0.0,0.0,0.0,0.0,0.0,4.0,1.0,0.0
0.80306,72,109,0.6666666666666666,1.0,6,0.802265,0.7999350000000001,0.796305,0.8000050000000001,0.0,31.249999999999332,0.802095,0.8021,0.79733,9.599999999999609,57.300000000000125,-1.0,1.0,1.0,1.0,0.0,0.0,0.80227,0.80465,2.0,7.899999999999574,-15.899999999999803,0.0,0.0,0.0,0.0,0.0,4.0,1.0,0.0
183.352,72,109,0.6666666666666666,-1.0,6,183.6925,184.3835,183.566,177.64100000000002,0.0,-103.14999999999941,183.476,183.8395,184.098,-48.749999999998295,-74.60000000000093,-1.0,-1.0,1.0,-1.0,0.0,0.0,183.566,182.924,2.0,-21.399999999999864,42.79999999999973,0.0,1.0,0.0,0.0,0.0,4.0,1.0,1.0
211.424,60,109,0.5555555555555556,-1.0,5,211.8345,212.833,210.5235,204.6515,0.0,-140.89999999999918,211.6585,212.108,212.29000000000002,-68.39999999999975,-86.60000000000139,-1.0,-1.0,1.0,-1.0,0.0,0.0,211.8345,210.603,2.0,-41.04999999999848,82.0999999999998,0.0,1.0,0.0,0.0,0.0,4.0,1.0,0.0
4594.61,0,109,0.0,0.0,0,4578.995000000001,4589.76,4412.375,3955.4700000000003,0.0,48.49999999999454,4578.455,4580.55,4525.27,140.5999999999949,693.3999999999924,-1.0,-1.0,1.0,-1.0,0.0,0.0,0.0,0.0,0.0,0.0,0.0,0.0,0.0,1.0,0.0,0.0,4.0,1.0,-1.0
49363.08,60,109,0.5555555555555556,1.0,5,49421.6,49266.455,48570.01,46501.31,0.0,966250.0,49421.6,49344.905,49225.21000000001,181750.0000000291,1378699.9999999534,0.0,1.0,1.0,1.0,0.0,0.0,49266.455,49556.33,2.0,966250.0,-1932500.0,0.0,0.0,0.0,1.0,0.0,4.0,1.0,0.0
25530.15,0,109,0.0,0.0,0,25584.83,25570.690000000002,25265.75,24459.449999999997,0.0,-405400.00000000873,25584.83,25613.53,25570.690000000002,-833799.9999999738,-405400.00000000873,0.0,1.0,1.0,-1.0,0.0,0.0,0.0,0.0,0.0,0.0,0.0,0.0,0.0,0.0,1.0,0.0,4.0,1.0,-1.0
6941.42,0,109,0.0,0.0,0,6947.95,6941.77,6857.52,6604.745000000001,0.0,-3500.000000003638,6945.27,6951.95,6941.77,-105299.99999999745,-3500.000000003638,-1.0,1.0,1.0,-1.0,0.0,0.0,0.0,0.0,0.0,0.0,0.0,0.0,0.0,0.0,1.0,0.0,4.0,1.0,-1.0
99.377,72,109,0.6666666666666666,1.0,6,99.3155,99.08449999999999,98.6045,98.3015,0.0,29.250000000000398,99.3155,99.295,98.812,8.199999999999363,56.49999999999977,0.0,1.0,1.0,1.0,0.0,0.0,99.3155,99.37823,0.02,6.1499999999995225,-0.12300000000067257,0.0,0.0,0.0,1.0,1.0,4.0,1.0,0.0
1.16454,0,109,0.0,0.0,0,1.161295,1.162525,1.16926,1.1655,0.0,20.14999999999878,1.16373,1.161295,1.163995,32.44999999999942,5.450000000000177,1.0,-1.0,-1.0,1.0,0.0,0.0,0.0,0.0,0.0,0.0,0.0,0.0,0.0,0.0,0.0,0.0,0.0,1.0,-1.0
1.34257,0,109,0.0,0.0,0,1.33869,1.34082,1.343945,1.336795,0.0,17.500000000001403,1.3419949999999998,1.33869,1.34279,38.800000000001056,-2.1999999999988695,1.0,-1.0,-1.0,1.0,0.0,0.0,0.0,0.0,0.0,0.0,0.0,0.0,0.0,0.0,0.0,0.0,0.0,1.0,-1.0
158.114,0,109,0.0,0.0,0,157.7935,158.438,156.923,152.4665,0.0,-32.399999999998386,158.006,157.84300000000002,157.8735,27.09999999999866,24.049999999999727,1.0,-1.0,1.0,-1.0,0.0,0.0,0.0,0.0,0.0,0.0,0.0,0.0,1.0,0.0,0.0,0.0,0.0,1.0,-1.0
0.67149,84,109,0.7777777777777778,1.0,7,0.66923,0.669205,0.667935,0.665645,0.0,22.849999999999817,0.6709499999999999,0.66923,0.6714899999999999,22.6000000000004,1.1102230246251565e-12,1.0,1.0,1.0,1.0,0.0,0.0,0.66923,0.67601,2.0,22.6000000000004,-45.19999999999968,0.0,0.0,0.0,0.0,0.0,0.0,1.0,1.0
1.38679,0,109,0.0,0.0,0,1.388925,1.3894199999999999,1.378555,1.38914,0.0,-26.299999999999102,1.38737,1.3894199999999999,1.385945,-26.299999999999102,8.449999999999847,-1.0,0.0,1.0,-1.0,0.0,0.0,0.0,0.0,0.0,0.0,0.0,0.0,0.0,0.0,0.0,0.0,0.0,1.0,-1.0
0.79725,60,109,0.5555555555555556,-1.0,5,0.799805,0.8001499999999999,0.7950999999999999,0.797975,0.0,-28.999999999999027,0.79738,0.7999149999999999,0.79923,-26.649999999999174,-19.79999999999982,-1.0,-1.0,1.0,-1.0,0.0,0.0,0.7998,0.79214,2.0,-25.49999999999941,51.10000000000059,0.0,0.0,0.0,0.0,0.0,0.0,1.0,1.0
184.128,60,109,0.5555555555555556,1.0,5,183.423,184.133,183.566,178.291,0.0,-0.5000000000023874,183.89049999999997,183.423,184.098,70.49999999999841,2.9999999999972715,1.0,-1.0,1.0,1.0,0.0,0.0,183.566,185.252,2.0,56.19999999999834,-112.40000000000236,0.0,1.0,0.0,0.0,0.0,0.0,1.0,1.0
212.281,0,109,0.0,0.0,0,211.49450000000002,212.3705,210.5235,204.9325,0.0,-8.949999999998681,212.06099999999998,211.49450000000002,212.29000000000002,78.64999999999895,-0.9000000000014552,1.0,-1.0,1.0,0.0,0.0,0.0,0.0,0.0,0.0,0.0,0.0,0.0,1.0,0.0,0.0,0.0,0.0,1.0,-1.0
4670.66,72,109,0.6666666666666666,1.0,6,4633.655000000001,4613.595,4447.375,4128.82,0.0,570.649999999996,4669.955,4613.595,4549.105,570.649999999996,1215.550000000003,1.0,0.0,1.0,1.0,0.0,0.0,4633.655,4744.67,2.0,370.0500000000011,-740.1000000000022,0.0,0.0,1.0,0.0,0.0,0.0,1.0,1.0
48951.7,60,109,0.5555555555555556,-1.0,5,49192.155,49266.455,48736.86,46501.31,0.0,-3147550.0000000466,48952.58,49233.555,49225.21000000001,-2818550.000000032,-2735100.000000093,-1.0,-1.0,1.0,-1.0,0.0,0.0,49192.155,48470.79,2.0,-2404550.0000000177,4809099.999999962,0.0,0.0,0.0,1.0,0.0,0.0,1.0,1.0
25243.63,72,109,0.6666666666666666,-1.0,6,25345.03,25479.940000000002,25265.75,24459.449999999997,0.0,-2363100.000000013,25170.93,25407.48,25479.940000000002,-1638499.9999999856,-2363100.000000013,-1.0,-1.0,1.0,-1.0,0.0,0.0,25265.75,25199.39,2.0,-221199.9999999898,442400.000000016,0.0,0.0,0.0,1.0,0.0,0.0,1.0,1.0
6876.03,60,109,0.5555555555555556,-1.0,5,6905.879999999999,6924.25,6857.52,6604.745000000001,0.0,-482200.00000000256,6867.65,6910.7,6924.25,-346700.0000000007,-482200.00000000256,-1.0,-1.0,1.0,-1.0,0.0,0.0,6905.88,6816.33,2.0,-298500.0000000036,596999.9999999981,0.0,0.0,0.0,1.0,0.0,0.0,1.0,1.0
99.036,0,109,0.0,0.0,0,99.22399999999999,99.18950000000001,98.6045,98.3015,0.0,-15.350000000000819,99.0755,99.2415,98.98400000000001,-20.550000000000068,5.19999999999925,-1.0,1.0,1.0,-1.0,0.0,0.0,0.0,0.0,0.0,0.0,0.0,0.0,0.0,0.0,1.0,1.0,0.0,1.0,-1.0
1.17246,72,109,0.6666666666666666,1.0,6,1.17005,1.1672850000000001,1.16926,1.1655,0.0,51.7499999999993,1.173975,1.169435,1.1672850000000001,30.250000000000554,51.7499999999993,1.0,1.0,-1.0,1.0,0.0,0.0,1.17005,1.17728,2.0,24.100000000000232,-48.200000000000465,0.0,0.0,0.0,0.0,0.0,1.0,1.0,0.0
1.3440400000000001,60,109,0.5555555555555556,1.0,5,1.3450600000000001,1.3415249999999999,1.343945,1.336795,0.0,25.15000000000267,1.345205,1.3446500000000001,1.34169,-6.099999999999994,23.500000000000743,1.0,1.0,-1.0,1.0,0.0,0.0,1.34394,1.34423,2.0,1.0000000000021103,-1.8999999999991246,0.0,0.0,0.0,0.0,0.0,1.0,1.0,1.0
158.149,0,109,0.0,0.0,0,158.0335,158.15,156.923,152.4665,0.0,-0.10000000000047748,157.881,158.0335,157.953,11.549999999999727,19.599999999999795,-1.0,-1.0,1.0,1.0,0.0,0.0,0.0,0.0,0.0,0.0,0.0,0.0,1.0,0.0,0.0,0.0,1.0,1.0,-1.0
0.67358,84,109,0.7777777777777778,1.0,7,0.672685,0.67071,0.667935,0.665645,0.0,28.69999999999928,0.67353,0.672185,0.6705300000000001,13.94999999999924,30.499999999998863,1.0,1.0,1.0,1.0,0.0,0.0,0.67268,0.67537,2.0,9.000000000000119,-17.900000000000695,0.0,0.0,0.0,0.0,0.0,1.0,1.0,1.0
1.3835,60,109,0.5555555555555556,-1.0,5,1.384665,1.387155,1.378555,1.38914,0.0,-36.54999999999964,1.3829799999999999,1.3853849999999999,1.387155,-18.849999999999145,-36.54999999999964,-1.0,-1.0,1.0,-1.0,0.0,0.0,1.38467,1.38117,2.0,-11.700000000001154,23.299999999999432,0.0,0.0,0.0,0.0,0.0,1.0,1.0,1.0
0.78987,72,109,0.6666666666666666,-1.0,6,0.7931349999999999,0.7959499999999999,0.7950999999999999,0.797975,0.0,-60.79999999999974,0.789935,0.793485,0.7959499999999999,-36.15000000000035,-60.79999999999974,-1.0,-1.0,1.0,-1.0,0.0,0.0,0.79313,0.78334,2.0,-32.600000000000406,65.29999999999924,0.0,0.0,0.0,0.0,0.0,1.0,1.0,0.0
185.42,84,109,0.7777777777777778,1.0,7,184.6125,184.0795,183.566,178.291,0.0,134.04999999999916,185.21050000000002,184.47050000000002,184.098,94.9499999999972,132.19999999999743,1.0,1.0,1.0,1.0,0.0,0.0,184.6125,187.035,2.0,80.74999999999761,-161.5000000000009,0.0,1.0,0.0,0.0,0.0,1.0,1.0,0.0
212.56,60,109,0.5555555555555556,1.0,5,212.6595,212.044,210.5235,204.9325,0.0,51.59999999999911,212.4765,212.5655,212.29000000000002,-0.5499999999983629,26.99999999999818,-1.0,1.0,1.0,1.0,0.0,0.0,212.044,213.592,2.0,51.59999999999911,-103.20000000000107,0.0,1.0,0.0,0.0,0.0,1.0,1.0,0.0
4763.32,84,109,0.7777777777777778,1.0,7,4712.799999999999,4651.4,4511.96,4128.82,0.0,1119.2000000000007,4740.755,4712.799999999999,4586.91,505.20000000000437,1764.0999999999985,1.0,1.0,1.0,1.0,0.0,0.0,4712.8,4864.36,2.0,505.19999999999527,-1010.3999999999996,0.0,0.0,1.0,0.0,0.0,1.0,1.0,1.0
48551.08,72,109,0.6666666666666666,-1.0,6,48721.274999999994,49019.725,48736.86,46501.31,0.0,-4686449.999999968,48669.274999999994,48744.68,49058.630000000005,-1935999.9999999856,-5075500.000000029,-1.0,-1.0,1.0,-1.0,0.0,0.0,48721.275,48210.69,2.0,-1701949.9999999972,3403899.9999999944,0.0,0.0,0.0,1.0,0.0,1.0,1.0,0.0
24990.96,60,109,0.5555555555555556,-1.0,5,25113.6,25366.989999999998,25265.75,24459.449999999997,0.0,-3760299.9999999884,25114.605,25113.6,25410.75,-1226399.9999999942,-4197900.000000008,1.0,-1.0,1.0,-1.0,0.0,0.0,25113.6,24745.68,2.0,-1226399.9999999942,2452799.9999999884,0.0,0.0,0.0,1.0,0.0,1.0,1.0,0.0
6803.63,72,109,0.6666666666666666,-1.0,6,6834.549999999999,6884.299999999999,6857.52,6604.745000000001,0.0,-806699.9999999916,6830.37,6838.27,6893.67,-346400.00000000326,-900399.9999999997,-1.0,-1.0,1.0,-1.0,0.0,0.0,6834.55,6741.79,2.0,-309200.0000000007,618400.0000000014,0.0,0.0,0.0,1.0,0.0,1.0,1.0,0.0
98.568,72,109,0.6666666666666666,-1.0,6,98.655,98.8485,98.6045,98.3015,0.0,-28.050000000000352,98.434,98.7055,98.8485,-13.750000000000284,-28.050000000000352,-1.0,-1.0,1.0,-1.0,0.0,0.0,98.6045,98.56727,0.02,-3.650000000000375,0.07300000000043383,0.0,0.0,0.0,1.0,1.0,1.0,1.0,1.0
1.16871,0,109,0.0,0.0,0,1.170955,1.1672850000000001,1.16926,1.1655,0.0,14.249999999997875,1.170955,1.17224,1.1672850000000001,-35.30000000000033,14.249999999997875,0.0,1.0,-1.0,0.0,0.0,0.0,0.0,0.0,0.0,0.0,0.0,0.0,0.0,0.0,0.0,0.0,2.0,1.0,-1.0
1.34291,0,109,0.0,0.0,0,1.343,1.3415249999999999,1.343945,1.336795,0.0,13.850000000001916,1.34343,1.344295,1.34169,-13.849999999999696,12.199999999999989,1.0,1.0,-1.0,0.0,0.0,0.0,0.0,0.0,0.0,0.0,0.0,0.0,0.0,0.0,0.0,0.0,2.0,1.0,-1.0
158.303,72,109,0.6666666666666666,1.0,6,158.139,158.15,156.923,152.4665,0.0,15.299999999999159,158.147,157.99900000000002,158.0875,30.399999999997362,21.54999999999916,1.0,-1.0,1.0,1.0,0.0,0.0,158.15,158.609,2.0,15.299999999999159,-30.60000000000116,0.0,1.0,0.0,0.0,0.0,2.0,1.0,1.0
0.67626,84,109,0.7777777777777778,1.0,7,0.6752549999999999,0.672265,0.668505,0.665645,0.0,39.949999999999704,0.676535,0.6751400000000001,0.67206,11.199999999998989,41.999999999999815,1.0,1.0,1.0,1.0,0.0,0.0,0.67525,0.67827,2.0,10.099999999999554,-20.100000000000673,0.0,0.0,0.0,0.0,0.0,2.0,1.0,1.0
1.38314,0,109,0.0,0.0,0,1.381415,1.38571,1.378555,1.38914,0.0,-25.699999999999612,1.38127,1.381415,1.38571,17.249999999999766,-25.699999999999612,-1.0,-1.0,1.0,-1.0,0.0,0.0,0.0,0.0,0.0,0.0,0.0,0.0,0.0,0.0,0.0,0.0,2.0,1.0,-1.0
0.79549,0,109,0.0,0.0,0,0.79263,0.7959499999999999,0.7950999999999999,0.797975,0.0,-4.599999999999049,0.793115,0.79235,0.7959499999999999,31.40000000000032,-4.599999999999049,1.0,-1.0,1.0,0.0,0.0,0.0,0.0,0.0,0.0,0.0,0.0,0.0,0.0,0.0,0.0,0.0,2.0,1.0,-1.0
185.007,72,109,0.6666666666666666,1.0,6,185.175,184.11700000000002,183.566,178.291,0.0,88.99999999999864,185.20499999999998,185.175,184.1015,-16.800000000000637,90.55000000000177,1.0,1.0,1.0,1.0,0.0,0.0,184.117,186.787,2.0,89.00000000000148,-178.0000000000001,0.0,1.0,0.0,0.0,0.0,2.0,1.0,1.0
212.589,84,109,0.7777777777777778,1.0,7,212.1685,212.044,210.5235,204.9325,0.0,54.49999999999875,212.24200000000002,212.2455,212.387,34.35000000000059,20.199999999999818,1.0,1.0,1.0,1.0,0.0,0.0,212.1685,213.43,2.0,42.05000000000041,-84.10000000000082,0.0,1.0,0.0,0.0,0.0,2.0,1.0,1.0
4836.52,84,109,0.7777777777777778,1.0,7,4817.895,4712.450000000001,4579.795,4128.82,0.0,1240.699999999997,4818.174999999999,4801.805,4670.5599999999995,347.15000000000146,1659.6000000000095,1.0,1.0,1.0,1.0,0.0,0.0,4817.895,4873.77,2.0,186.25,-372.5,0.0,0.0,1.0,0.0,0.0,2.0,1.0,0.0
49101.88,60,109,0.5555555555555556,1.0,5,48810.005000000005,48961.005000000005,48736.86,46501.31,0.0,1408749.9999999274,48810.005000000005,48810.005000000005,48999.91,2918749.9999999274,1019699.9999999389,0.0,-1.0,1.0,1.0,0.0,0.0,48961.005,49383.63,2.0,1408750.0,-2817500.0,0.0,0.0,0.0,1.0,0.0,2.0,1.0,1.0
25362.96,72,109,0.6666666666666666,1.0,6,25194.14,25336.34,25265.75,24459.449999999997,0.0,266199.9999999898,25201.64,25194.14,25380.1,1688199.9999999972,-171399.99999999418,1.0,-1.0,1.0,1.0,0.0,0.0,25336.34,25416.2,2.0,266199.9999999898,-532400.0000000161,0.0,0.0,0.0,1.0,0.0,2.0,1.0,1.0
6881.12,60,109,0.5555555555555556,1.0,5,6846.82,6880.5,6857.52,6604.745000000001,0.0,6199.999999998909,6847.32,6846.82,6889.870000000001,343000.0000000018,-87500.0000000091,1.0,-1.0,1.0,0.0,0.0,0.0,6880.5,6882.36,2.0,6199.999999998909,-12399.999999997817,0.0,0.0,0.0,1.0,0.0,2.0,1.0,1.0
98.767,0,109,0.0,0.0,0,98.62049999999999,98.8485,98.6045,98.3015,0.0,-8.150000000000546,98.62049999999999,98.54400000000001,98.8485,22.299999999998477,-8.150000000000546,0.0,-1.0,1.0,0.0,0.0,0.0,0.0,0.0,0.0,0.0,0.0,0.0,0.0,0.0,1.0,1.0,2.0,1.0,-1.0
1.1754,72,109,0.6666666666666666,1.0,6,1.1712449999999999,1.1672850000000001,1.16926,1.1655,0.0,81.14999999999873,1.172885,1.1712449999999999,1.1672850000000001,41.550000000001305,81.14999999999873,1.0,1.0,-1.0,1.0,0.0,0.0,1.17124,1.18371,2.0,41.59999999999941,-83.10000000000039,0.0,0.0,0.0,0.0,0.0,3.0,1.0,1.0
1.35025,72,109,0.6666666666666666,1.0,6,1.3454,1.34229,1.343945,1.336795,0.0,79.59999999999967,1.34565,1.34538,1.34229,48.6999999999993,79.59999999999967,1.0,1.0,-1.0,1.0,0.0,0.0,1.3454,1.35995,2.0,48.50000000000021,-97.00000000000043,0.0,0.0,0.0,0.0,0.0,3.0,1.0,1.0
158.418,72,109,0.6666666666666666,1.0,6,158.5325,158.1575,156.923,152.4665,0.0,26.05000000000075,158.5455,158.31900000000002,158.438,9.899999999998954,-1.999999999998181,1.0,1.0,1.0,1.0,0.0,0.0,158.1575,158.939,2.0,26.05000000000075,-52.09999999999866,0.0,1.0,0.0,0.0,0.0,3.0,1.0,1.0
0.68413,84,109,0.7777777777777778,1.0,7,0.67989,0.67559,0.67183,0.665645,0.0,85.39999999999992,0.682465,0.6793800000000001,0.675565,47.49999999999921,85.65000000000045,1.0,1.0,1.0,1.0,0.0,0.0,0.67989,0.69261,2.0,42.40000000000022,-84.79999999999932,0.0,0.0,0.0,0.0,0.0,3.0,1.0,1.0
1.37877,60,109,0.5555555555555556,-1.0,5,1.3813749999999998,1.385575,1.378555,1.38914,0.0,-68.0499999999995,1.38018,1.3813749999999998,1.385575,-26.049999999997464,-68.0499999999995,-1.0,-1.0,1.0,-1.0,0.0,0.0,1.38137,1.37356,2.0,-25.999999999999357,52.100000000001586,0.0,0.0,0.0,0.0,0.0,3.0,1.0,1.0
0.78907,72,109,0.6666666666666666,-1.0,6,0.792835,0.795715,0.7950999999999999,0.797975,0.0,-66.44999999999901,0.7910900000000001,0.7929200000000001,0.7959499999999999,-38.5000000000002,-68.79999999999886,-1.0,-1.0,1.0,-1.0,0.0,0.0,0.79283,0.78154,2.0,-37.59999999999985,75.30000000000037,0.0,0.0,0.0,0.0,0.0,3.0,1.0,1.0
186.2,84,109,0.7777777777777778,1.0,7,185.5025,184.452,183.885,178.291,0.0,174.79999999999905,185.95350000000002,185.5025,184.452,69.74999999999909,174.79999999999905,1.0,1.0,1.0,1.0,0.0,0.0,185.5025,187.595,2.0,69.74999999999909,-139.50000000000102,0.0,1.0,0.0,0.0,0.0,3.0,1.0,0.0
213.906,84,109,0.7777777777777778,1.0,7,213.16250000000002,212.279,210.5235,204.9325,0.0,162.70000000000095,213.395,212.768,212.445,113.80000000000052,146.10000000000127,1.0,1.0,1.0,1.0,0.0,0.0,213.1625,215.393,2.0,74.35000000000116,-148.69999999999948,0.0,1.0,0.0,0.0,0.0,3.0,1.0,0.0
4936.42,84,109,0.7777777777777778,1.0,7,4848.085,4738.64,4605.985000000001,4128.82,0.0,1977.7999999999975,4875.625,4848.085,4730.84,883.3500000000004,2055.7999999999993,1.0,1.0,1.0,1.0,0.0,0.0,4848.085,5113.09,2.0,883.3500000000004,-1766.7000000000007,0.0,0.0,1.0,0.0,0.0,3.0,1.0,1.0
49356.78,72,109,0.6666666666666666,1.0,6,49172.600000000006,48963.98,48736.86,46501.31,0.0,3927999.999999956,49419.73,48963.98,48999.91,3927999.999999956,3568699.9999999534,1.0,0.0,1.0,1.0,0.0,0.0,49172.6,49725.14,2.0,1841800.0000000028,-3683600.0000000056,0.0,0.0,0.0,1.0,0.0,3.0,1.0,0.0
25498.96,72,109,0.6666666666666666,1.0,6,25342.89,25307.64,25265.75,24459.449999999997,0.0,1913199.9999999972,25496.39,25239.3,25380.1,2596599.9999999986,1188600.0000000058,1.0,-1.0,1.0,1.0,0.0,0.0,25342.89,25811.1,2.0,1560699.9999999972,-3121399.9999999944,0.0,0.0,0.0,1.0,0.0,3.0,1.0,0.0
6909.02,72,109,0.6666666666666666,1.0,6,6878.35,6874.950000000001,6857.52,6604.745000000001,0.0,340699.9999999971,6913.52,6858.27,6889.870000000001,507500.0,191499.99999999636,1.0,-1.0,1.0,1.0,0.0,0.0,6878.35,6970.36,2.0,306700.0000000007,-613399.9999999923,0.0,0.0,0.0,1.0,0.0,3.0,1.0,0.0
98.276,72,109,0.6666666666666666,-1.0,6,98.569,98.8475,98.6045,98.3015,0.0,-57.150000000000034,98.49549999999999,98.569,98.8485,-29.300000000000637,-57.25000000000051,-1.0,-1.0,1.0,-1.0,0.0,0.0,98.569,98.27014,0.02,-29.300000000000637,0.5859999999998422,0.0,0.0,0.0,1.0,1.0,3.0,1.0,1.0
1.18292,72,109,0.6666666666666666,1.0,6,1.17809,1.173185,1.1705299999999998,1.1655,0.0,97.35000000000049,1.178265,1.17601,1.1705299999999998,69.09999999999971,123.90000000000123,1.0,1.0,0.0,1.0,0.0,0.0,1.17809,1.19258,2.0,48.2999999999989,-96.60000000000002,0.0,0.0,0.0,0.0,0.0,4.0,1.0,1.0
1.3642400000000001,84,109,0.7777777777777778,1.0,7,1.3563450000000001,1.3523,1.34782,1.336795,0.0,119.40000000000062,1.358265,1.35232,1.34921,119.20000000000152,150.30000000000098,1.0,1.0,1.0,1.0,0.0,0.0,1.35635,1.38003,2.0,78.90000000000174,-157.8999999999997,0.0,0.0,0.0,0.0,0.0,4.0,1.0,1.0
155.702,60,109,0.5555555555555556,-1.0,5,157.42000000000002,157.42000000000002,156.9835,152.4665,0.0,-171.80000000000177,156.97699999999998,157.42000000000002,157.535,-171.80000000000177,-183.29999999999984,-1.0,0.0,1.0,-1.0,0.0,0.0,156.9835,153.139,2.0,-128.1499999999994,256.2999999999988,0.0,1.0,0.0,0.0,0.0,4.0,1.0,1.0
0.68966,84,109,0.7777777777777778,1.0,7,0.686635,0.68003,0.67455,0.665645,0.0,96.30000000000027,0.6873450000000001,0.68471,0.678285,49.5000000000001,113.75000000000024,1.0,1.0,1.0,1.0,0.0,0.0,0.68663,0.69571,2.0,30.300000000000882,-60.5,0.0,0.0,0.0,0.0,0.0,4.0,1.0,1.0
1.3702,72,109,0.6666666666666666,-1.0,6,1.3746550000000002,1.3789,1.378555,1.38914,0.0,-86.9999999999993,1.37318,1.376335,1.38111,-61.350000000000016,-109.09999999999975,-1.0,-1.0,1.0,-1.0,0.0,0.0,1.37466,1.36129,2.0,-44.599999999999085,89.10000000000196,0.0,0.0,0.0,0.0,0.0,4.0,1.0,1.0
0.78016,72,109,0.6666666666666666,-1.0,6,0.78514,0.788635,0.79145,0.797975,0.0,-84.7500000000001,0.784885,0.7864899999999999,0.79145,-63.29999999999947,-112.90000000000022,-1.0,-1.0,0.0,-1.0,0.0,0.0,0.78514,0.7702,2.0,-49.79999999999984,99.59999999999968,0.0,0.0,0.0,0.0,0.0,4.0,1.0,1.0
184.182,60,109,0.5555555555555556,-1.0,5,185.3295,185.2505,184.216,178.291,0.0,-106.85000000000002,184.888,185.3295,184.78300000000002,-114.7500000000008,-60.10000000000275,-1.0,1.0,1.0,-1.0,0.0,0.0,184.216,184.114,2.0,-3.4000000000020236,6.799999999998363,0.0,1.0,0.0,0.0,0.0,4.0,1.0,1.0
212.416,0,109,0.0,0.0,0,213.464,213.215,210.9475,204.9325,0.0,-79.90000000000066,213.348,213.464,212.726,-104.80000000000018,-31.000000000000227,-1.0,1.0,1.0,-1.0,0.0,0.0,0.0,0.0,0.0,0.0,0.0,0.0,1.0,0.0,0.0,0.0,4.0,1.0,-1.0
4982.44,84,109,0.7777777777777778,1.0,7,4944.675,4824.51,4632.09,4128.82,0.0,1579.2999999999938,4956.635,4900.094999999999,4763.110000000001,823.4500000000025,2193.29999999999,1.0,1.0,1.0,1.0,0.0,0.0,4944.675,5057.97,2.0,377.6499999999942,-755.3000000000065,0.0,0.0,1.0,0.0,0.0,4.0,1.0,1.0
49013.98,0,109,0.0,0.0,0,49261.15,48963.98,48736.86,46501.31,0.0,500000.0,49117.25,49279.4,48999.91,-2654199.9999999823,140699.9999999971,-1.0,1.0,1.0,0.0,0.0,0.0,0.0,0.0,0.0,0.0,0.0,0.0,0.0,0.0,1.0,0.0,4.0,1.0,-1.0
25556.75,72,109,0.6666666666666666,1.0,6,25557.64,25295.690000000002,25265.75,24459.449999999997,0.0,2610599.9999999767,25565.64,25552.78,25380.1,39700.00000001164,1766500.0000000144,1.0,1.0,1.0,1.0,0.0,0.0,25295.69,26078.87,2.0,2610600.000000013,-5221199.99999999,0.0,0.0,0.0,1.0,0.0,4.0,1.0,1.0
6903.62,60,109,0.5555555555555556,1.0,5,6912.8,6858.27,6857.52,6604.745000000001,0.0,453499.9999999945,6912.3,6913.52,6889.870000000001,-99000.00000000546,137499.99999999092,-1.0,1.0,1.0,1.0,0.0,0.0,6858.27,6994.32,2.0,453499.9999999945,-906999.9999999981,0.0,0.0,0.0,1.0,0.0,4.0,1.0,1.0
97.496,72,109,0.6666666666666666,-1.0,6,97.941,98.2695,98.4465,98.3015,0.0,-77.34999999999985,97.89099999999999,98.1045,98.4465,-60.85000000000065,-95.05000000000052,-1.0,-1.0,0.0,-1.0,0.0,0.0,97.941,97.4871,0.02,-44.50000000000074,0.8899999999997021,0.0,0.0,0.0,1.0,1.0,4.0,1.0,1.0
1.18778,72,109,0.6666666666666666,1.0,6,1.18585,1.17885,1.1742,1.1776,0.0,89.30000000000105,1.18709,1.181845,1.1742,59.350000000000236,135.8000000000015,1.0,1.0,0.0,1.0,0.0,0.0,1.18585,1.19164,2.0,19.299999999999873,-38.599999999999746,0.0,0.0,0.0,0.0,0.0,0.0,1.0,0.0
1.3678,72,109,0.6666666666666666,1.0,6,1.36672,1.355695,1.352605,1.34391,0.0,121.04999999999811,1.367795,1.36134,1.352605,64.5999999999991,151.94999999999848,1.0,1.0,0.0,1.0,0.0,0.0,1.36672,1.36996,2.0,10.799999999999699,-21.600000000001618,0.0,0.0,0.0,0.0,0.0,0.0,1.0,1.0
154.215,72,109,0.6666666666666666,-1.0,6,154.63049999999998,156.262,156.377,152.4665,0.0,-204.6999999999997,153.973,155.819,156.377,-160.3999999999985,-216.2000000000006,-1.0,-1.0,0.0,-1.0,0.0,0.0,154.6305,153.384,2.0,-41.550000000000864,83.10000000000173,0.0,1.0,0.0,0.0,0.0,0.0,1.0,0.0
0.69173,84,109,0.7777777777777778,1.0,7,0.6913,0.683365,0.676655,0.67541,0.0,83.64999999999955,0.6923900000000001,0.6887399999999999,0.68039,29.90000000000048,113.39999999999905,1.0,1.0,1.0,1.0,0.0,0.0,0.6913,0.69259,2.0,4.299999999999304,-8.60000000000083,0.0,0.0,0.0,0.0,0.0,0.0,1.0,0.0
1.3709799999999999,0,109,0.0,0.0,0,1.3695650000000001,1.375805,1.378555,1.38109,0.0,-48.250000000000796,1.36977,1.373355,1.3800050000000001,-23.75000000000238,-90.25000000000283,1.0,-1.0,1.0,-1.0,0.0,0.0,0.0,0.0,0.0,0.0,0.0,0.0,0.0,0.0,0.0,0.0,0.0,1.0,-1.0
0.77702,72,109,0.6666666666666666,-1.0,6,0.77799,0.78496,0.7885599999999999,0.7868200000000001,0.0,-79.39999999999947,0.7762100000000001,0.78225,0.7885599999999999,-52.29999999999957,-115.39999999999884,-1.0,-1.0,0.0,-1.0,0.0,0.0,0.77799,0.77508,2.0,-9.699999999999154,19.400000000000528,0.0,0.0,0.0,0.0,0.0,0.0,1.0,1.0
183.175,60,109,0.5555555555555556,-1.0,5,183.025,184.324,184.324,178.33999999999997,0.0,-114.90000000000009,182.83800000000002,183.8825,184.324,-70.74999999999818,-114.90000000000009,-1.0,-1.0,0.0,-1.0,0.0,0.0,184.324,180.877,2.0,-114.90000000000009,229.80000000000018,0.0,1.0,0.0,0.0,0.0,0.0,1.0,-1.0
210.937,72,109,0.6666666666666666,-1.0,6,211.0725,212.222,211.342,204.9325,0.0,-128.49999999999966,210.70850000000002,212.106,212.222,-116.89999999999827,-128.49999999999966,-1.0,-1.0,1.0,-1.0,0.0,0.0,211.0725,210.666,2.0,-13.549999999997908,27.1000000000015,0.0,1.0,0.0,0.0,0.0,0.0,1.0,0.0
5014.71,72,109,0.6666666666666666,1.0,6,5038.780000000001,4916.68,4692.780000000001,4454.755,0.0,980.2999999999975,5047.43,5011.4400000000005,4823.8,32.69999999999527,1909.0999999999985,1.0,1.0,1.0,1.0,0.0,0.0,4916.68,5210.77,2.0,980.2999999999975,-1960.600000000004,0.0,0.0,1.0,0.0,0.0,0.0,1.0,1.0
49255.38,84,109,0.7777777777777778,1.0,7,49133.69,48963.98,48736.86,46598.645000000004,0.0,2913999.999999942,49282.305,49133.69,48963.98,1216899.9999999506,2913999.999999942,1.0,1.0,1.0,1.0,0.0,0.0,49133.69,49498.76,2.0,1216899.9999999506,-2433800.0000000466,0.0,0.0,0.0,1.0,0.0,0.0,1.0,0.0
25732.45,84,109,0.7777777777777778,1.0,7,25562.295,25340.84,25273.6,24482.004999999997,0.0,3916100.0000000056,25664.14,25562.295,25340.84,1701550.0000000247,3916100.0000000056,1.0,1.0,1.0,1.0,0.0,0.0,25562.295,26072.76,2.0,1701550.0000000247,-3403099.9999999767,0.0,0.0,0.0,1.0,0.0,0.0,1.0,1.0
6950.12,84,109,0.7777777777777778,1.0,7,6912.705,6873.075000000001,6857.52,6619.275,0.0,770449.9999999916,6935.725,6912.705,6880.5,374149.99999999965,696199.999999999,1.0,1.0,1.0,1.0,0.0,0.0,6912.705,7024.95,2.0,374149.99999999965,-748299.9999999993,0.0,0.0,0.0,1.0,0.0,0.0,1.0,0.0
97.077,72,109,0.6666666666666666,-1.0,6,97.4065,97.83250000000001,98.137,97.95949999999999,0.0,-75.5500000000012,97.055,97.59049999999999,98.137,-51.34999999999934,-106.00000000000023,-1.0,-1.0,0.0,-1.0,0.0,0.0,97.4065,97.07041,0.02,-32.94999999999959,0.659000000000276,0.0,0.0,0.0,1.0,1.0,0.0,1.0,1.0
1.20457,72,109,0.6666666666666666,1.0,6,1.1966700000000001,1.187655,1.183005,1.1776,0.0,169.15000000000015,1.199855,1.195895,1.183005,86.74999999999989,215.64999999999833,1.0,1.0,0.0,1.0,0.0,0.0,1.19667,1.22037,2.0,79.00000000000018,-158.00000000000037,0.0,0.0,0.0,0.0,0.0,1.0,1.0,0.0
1.38523,72,109,0.6666666666666666,1.0,6,1.37661,1.363495,1.360385,1.34391,0.0,217.3500000000006,1.37969,1.375575,1.360385,96.5499999999997,248.45000000000005,1.0,1.0,0.0,1.0,0.0,0.0,1.37661,1.40247,2.0,86.20000000000073,-172.40000000000146,0.0,0.0,0.0,0.0,0.0,1.0,1.0,0.0
152.182,84,109,0.7777777777777778,-1.0,7,153.484,155.65750000000003,155.7725,152.4665,0.0,-347.55000000000393,152.756,153.484,155.65750000000003,-130.2000000000021,-347.55000000000393,-1.0,-1.0,-1.0,-1.0,0.0,0.0,153.484,149.578,2.0,-130.2000000000021,260.3999999999985,0.0,1.0,0.0,0.0,0.0,1.0,1.0,0.0
0.70126,84,109,0.7777777777777778,1.0,7,0.69586,0.688445,0.6808000000000001,0.67541,0.0,128.1500000000002,0.6977850000000001,0.69586,0.68415,53.9999999999996,171.0999999999996,1.0,1.0,1.0,1.0,0.0,0.0,0.69586,0.71206,2.0,53.9999999999996,-108.00000000000031,0.0,0.0,0.0,0.0,0.0,1.0,1.0,0.0
1.35732,72,109,0.6666666666666666,-1.0,6,1.364895,1.3701699999999999,1.3743699999999999,1.38109,0.0,-128.49999999999807,1.361985,1.364895,1.3743699999999999,-75.74999999999888,-170.49999999999787,-1.0,-1.0,0.0,-1.0,0.0,0.0,1.36489,1.34217,2.0,-75.69999999999854,151.49999999999997,0.0,0.0,0.0,0.0,0.0,1.0,1.0,-1.0
0.76116,72,109,0.6666666666666666,-1.0,6,0.769425,0.77866,0.78226,0.7868200000000001,0.0,-175.0000000000007,0.765925,0.7699100000000001,0.78226,-87.50000000000146,-211.00000000000009,-1.0,-1.0,0.0,-1.0,0.0,0.0,0.76943,0.74463,2.0,-82.69999999999999,165.29999999999933,0.0,0.0,0.0,0.0,0.0,1.0,1.0,0.0
183.315,0,109,0.0,0.0,0,182.94,184.324,184.324,178.33999999999997,0.0,-100.90000000000146,183.16449999999998,182.77949999999998,184.324,53.55000000000132,-100.90000000000146,1.0,-1.0,0.0,0.0,0.0,0.0,0.0,0.0,0.0,0.0,0.0,0.0,1.0,0.0,0.0,0.0,1.0,1.0,-1.0
210.809,0,109,0.0,0.0,0,210.777,212.222,211.382,204.9325,0.0,-141.3000000000011,210.60500000000002,210.673,212.222,13.599999999999568,-141.3000000000011,-1.0,-1.0,1.0,0.0,0.0,0.0,0.0,0.0,0.0,0.0,0.0,0.0,1.0,0.0,0.0,0.0,1.0,1.0,-1.0
5189.31,84,109,0.7777777777777778,1.0,7,5090.08,4972.895,4732.43,4454.755,0.0,2164.1499999999996,5118.42,5090.08,4863.450000000001,992.3000000000047,3258.5999999999967,1.0,1.0,1.0,1.0,0.0,0.0,5090.08,5387.77,2.0,992.3000000000047,-1984.6000000000004,0.0,0.0,1.0,0.0,0.0,1.0,1.0,1.0
48982.68,0,109,0.0,0.0,0,49170.675,48984.48,48736.86,46598.645000000004,0.0,-18000.000000029104,49017.88,49170.675,48963.98,-1879950.000000026,186999.9999999709,-1.0,1.0,1.0,-1.0,0.0,0.0,0.0,0.0,0.0,0.0,0.0,0.0,0.0,0.0,1.0,0.0,1.0,1.0,-1.0
25981.86,72,109,0.6666666666666666,1.0,6,25843.91,25457.255,25433.905,24482.004999999997,0.0,5246049.999999995,25887.145,25735.005,25433.905,2468549.999999996,5479550.000000018,1.0,1.0,0.0,1.0,0.0,0.0,25843.91,26257.76,2.0,1379500.0000000072,-2758999.999999978,0.0,0.0,0.0,1.0,0.0,1.0,1.0,0.0
6980.62,84,109,0.7777777777777778,1.0,7,6965.83,6889.2,6881.950000000001,6619.275,0.0,914200.0000000007,6973.98,6943.1,6885.55,375199.9999999953,950699.9999999971,1.0,1.0,1.0,1.0,0.0,0.0,6965.83,7010.2,2.0,147899.99999999965,-295799.9999999993,0.0,0.0,0.0,1.0,0.0,1.0,1.0,1.0
95.778,72,109,0.6666666666666666,-1.0,6,96.4,97.1965,97.501,97.95949999999999,0.0,-141.84999999999945,96.112,96.419,97.501,-64.09999999999911,-172.2999999999999,-1.0,-1.0,0.0,-1.0,0.0,0.0,96.4,95.76556,0.02,-62.19999999999999,1.244000000001222,0.0,0.0,0.0,1.0,1.0,1.0,1.0,0.0
1.19527,0,109,0.0,0.0,0,1.1989299999999998,1.18969,1.183005,1.1776,0.0,55.800000000001404,1.19382,1.1978499999999999,1.183005,-25.799999999998047,122.64999999999971,-1.0,1.0,0.0,1.0,0.0,0.0,0.0,0.0,0.0,0.0,0.0,0.0,0.0,0.0,0.0,0.0,2.0,1.0,-1.0
1.38101,60,109,0.5555555555555556,1.0,5,1.38089,1.36453,1.360385,1.34391,0.0,164.8000000000005,1.3780000000000001,1.377565,1.360385,34.450000000001424,206.25000000000117,-1.0,1.0,0.0,1.0,0.0,0.0,1.38089,1.38125,2.0,1.2000000000012,-2.4000000000001798,0.0,0.0,0.0,0.0,0.0,2.0,1.0,0.0
153.401,60,109,0.5555555555555556,-1.0,5,153.0675,155.65750000000003,155.7725,152.4665,0.0,-225.65000000000168,153.293,153.1415,155.65750000000003,25.950000000000273,-225.65000000000168,1.0,-1.0,-1.0,-1.0,0.0,0.0,155.6575,148.888,2.0,-225.64999999999884,451.3000000000005,0.0,1.0,0.0,0.0,0.0,2.0,1.0,0.0
0.70423,84,109,0.7777777777777778,1.0,7,0.70093,0.69265,0.68233,0.67541,0.0,115.80000000000035,0.70097,0.698145,0.6855100000000001,60.85000000000007,187.1999999999996,1.0,1.0,1.0,1.0,0.0,0.0,0.70093,0.71083,2.0,32.999999999999694,-65.99999999999939,0.0,0.0,0.0,0.0,0.0,2.0,1.0,0.0
1.35555,72,109,0.6666666666666666,-1.0,6,1.35793,1.36781,1.373205,1.38109,0.0,-122.59999999999937,1.35716,1.3624800000000001,1.373205,-69.30000000000103,-176.54999999999976,-1.0,-1.0,0.0,-1.0,0.0,0.0,1.35793,1.35079,2.0,-23.800000000000487,47.600000000000975,0.0,0.0,0.0,0.0,0.0,2.0,1.0,1.0
0.76833,60,109,0.5555555555555556,-1.0,5,0.7666,0.7764800000000001,0.78226,0.7868200000000001,0.0,-81.50000000000102,0.769685,0.76875,0.782195,-4.20000000000087,-138.65000000000015,1.0,-1.0,-1.0,-1.0,0.0,0.0,0.77648,0.75203,2.0,-81.4999999999999,162.9999999999998,0.0,0.0,0.0,0.0,0.0,2.0,1.0,0.0
183.356,48,109,0.4444444444444444,-1.0,4,183.1735,184.324,184.324,178.33999999999997,0.0,-96.80000000000177,183.082,183.147,184.324,20.90000000000032,-96.80000000000177,-1.0,-1.0,0.0,0.0,0.0,0.0,184.324,181.42,2.0,-96.80000000000177,193.6000000000007,0.0,1.0,0.0,0.0,0.0,2.0,1.0,-1.0
211.853,0,109,0.0,0.0,0,211.039,212.222,212.222,204.9325,0.0,-36.89999999999998,211.11599999999999,211.039,212.222,81.40000000000214,-36.89999999999998,1.0,-1.0,0.0,0.0,0.0,0.0,0.0,0.0,0.0,0.0,0.0,0.0,1.0,0.0,0.0,0.0,2.0,1.0,-1.0
5399.72,84,109,0.7777777777777778,1.0,7,5241.5599999999995,5111.255,4838.345,4454.755,0.0,2884.6500000000015,5318.87,5224.335,4969.365,1753.8500000000022,4303.550000000005,1.0,1.0,1.0,1.0,0.0,0.0,5241.56,5716.04,2.0,1581.5999999999985,-3163.199999999997,0.0,0.0,1.0,0.0,0.0,2.0,1.0,0.0
48954.58,0,109,0.0,0.0,0,48992.54,49198.265,48751.955,46598.645000000004,0.0,-2436849.9999999767,48992.54,49127.545,48963.98,-1729649.999999965,-94000.00000001455,0.0,-1.0,1.0,-1.0,0.0,0.0,0.0,0.0,0.0,0.0,0.0,0.0,0.0,0.0,1.0,0.0,2.0,1.0,-1.0
26138.16,60,109,0.5555555555555556,1.0,5,26043.605,25771.805,25550.35,24482.004999999997,0.0,3663549.999999996,26021.955,26003.59,25550.35,1345699.9999999972,5878100.000000013,-1.0,1.0,0.0,1.0,0.0,0.0,26043.605,26327.27,2.0,945550.0000000029,-1891100.0000000058,0.0,0.0,0.0,1.0,0.0,2.0,1.0,0.0
6989.43,60,109,0.5555555555555556,1.0,5,6981.2,6937.45,6897.82,6619.275,0.0,519800.0000000047,6975.23,6981.2,6897.82,82300.00000000473,916100.0000000058,-1.0,1.0,0.0,1.0,0.0,0.0,6981.2,7005.89,2.0,82300.00000000473,-164600.00000000035,0.0,0.0,0.0,1.0,0.0,2.0,1.0,0.0
96.335,60,109,0.5555555555555556,-1.0,5,96.1525,97.0705,97.501,97.95949999999999,0.0,-73.55000000000018,96.4605,96.2885,97.5,4.649999999999466,-116.50000000000063,1.0,-1.0,-1.0,-1.0,0.0,0.0,97.0705,96.32029,0.02,-73.55000000000018,1.4709999999993784,0.0,0.0,0.0,1.0,1.0,2.0,1.0,1.0
1.1969400000000001,60,109,0.5555555555555556,1.0,5,1.195125,1.19074,1.183005,1.1776,0.0,62.00000000000205,1.1939199999999999,1.1945999999999999,1.183005,23.400000000002308,139.3500000000003,-1.0,1.0,0.0,1.0,0.0,0.0,1.19512,1.20057,2.0,18.20000000000155,-36.299999999998,0.0,0.0,0.0,0.0,0.0,3.0,1.0,0.0
1.38117,60,109,0.5555555555555556,1.0,5,1.3794849999999999,1.36944,1.360385,1.34391,0.0,117.30000000000018,1.3788,1.3794849999999999,1.360385,16.850000000001586,207.85000000000053,-1.0,1.0,0.0,1.0,0.0,0.0,1.37948,1.38454,2.0,16.899999999999693,-33.700000000000955,0.0,0.0,0.0,0.0,0.0,3.0,1.0,0.0
153.099,84,109,0.7777777777777778,-1.0,7,153.125,155.2145,155.7725,152.4665,0.0,-211.54999999999973,153.093,153.196,155.65750000000003,-9.700000000000841,-255.85000000000377,-1.0,-1.0,-1.0,-1.0,0.0,0.0,153.125,153.047,2.0,-2.600000000001046,5.19999999999925,0.0,1.0,0.0,0.0,0.0,3.0,1.0,1.0
0.70503,72,109,0.6666666666666666,1.0,6,0.70314,0.69711,0.68739,0.67541,0.0,79.20000000000039,0.7025600000000001,0.70314,0.688075,18.90000000000058,169.55000000000052,-1.0,1.0,1.0,1.0,0.0,0.0,0.70314,0.70881,2.0,18.90000000000058,-37.800000000000054,0.0,0.0,0.0,0.0,0.0,3.0,1.0,0.0
1.34898,72,109,0.6666666666666666,-1.0,6,1.3531149999999998,1.36273,1.37066,1.38109,0.0,-137.4999999999993,1.3531149999999998,1.354615,1.3700700000000001,-56.349999999998346,-210.90000000000055,0.0,-1.0,-1.0,-1.0,0.0,0.0,1.35311,1.34071,2.0,-41.29999999999967,82.69999999999999,0.0,0.0,0.0,0.0,0.0,3.0,1.0,0.0
0.76435,72,109,0.6666666666666666,-1.0,6,0.76727,0.775695,0.78226,0.7868200000000001,0.0,-113.4500000000005,0.76727,0.7683450000000001,0.781325,-39.95000000000082,-169.75000000000074,0.0,-1.0,-1.0,-1.0,0.0,0.0,0.76727,0.75851,2.0,-29.200000000000337,58.399999999999565,0.0,0.0,0.0,0.0,0.0,3.0,1.0,0.0
183.246,0,109,0.0,0.0,0,182.9075,183.8825,184.324,178.33999999999997,0.0,-63.649999999998386,182.773,182.9075,184.324,33.850000000001046,-107.8000000000003,-1.0,-1.0,0.0,1.0,0.0,0.0,0.0,0.0,0.0,0.0,0.0,0.0,1.0,0.0,0.0,0.0,3.0,1.0,-1.0
211.458,0,109,0.0,0.0,0,211.0965,212.106,212.222,204.9325,0.0,-64.79999999999961,210.971,211.0965,212.222,36.15000000000066,-76.400000000001,-1.0,-1.0,0.0,1.0,0.0,0.0,0.0,0.0,0.0,0.0,0.0,0.0,1.0,0.0,0.0,0.0,3.0,1.0,-1.0
5393.99,72,109,0.6666666666666666,1.0,6,5350.735000000001,5265.415,4936.34,4454.755,0.0,1285.7499999999982,5326.475,5350.735000000001,5121.445,432.549999999992,2725.4500000000007,-1.0,1.0,1.0,1.0,0.0,0.0,5350.735,5480.5,2.0,432.5500000000011,-865.1000000000022,0.0,0.0,1.0,0.0,0.0,3.0,1.0,0.0
48969.48,0,109,0.0,0.0,0,48939.2,49032.3,48751.955,46598.645000000004,0.0,-628199.9999999971,48939.2,48939.2,48963.98,302800.0000000611,55000.0,0.0,-1.0,1.0,-1.0,0.0,0.0,0.0,0.0,0.0,0.0,0.0,0.0,0.0,0.0,1.0,0.0,3.0,1.0,-1.0
25856.66,0,109,0.0,0.0,0,25783.795,25771.805,25550.35,24482.004999999997,0.0,848549.9999999956,25742.989999999998,25803.29,25550.35,533699.9999999898,3063100.000000013,-1.0,1.0,0.0,-1.0,0.0,0.0,0.0,0.0,0.0,0.0,0.0,0.0,0.0,0.0,1.0,0.0,3.0,1.0,-1.0
6962.03,48,109,0.4444444444444444,1.0,4,6935.57,6937.45,6897.82,6619.275,0.0,245799.99999999927,6934.17,6938.5,6897.82,235299.99999999744,642100.0000000003,-1.0,1.0,0.0,0.0,0.0,0.0,6937.45,7011.19,2.0,245799.99999999927,-491599.99999999854,0.0,0.0,0.0,1.0,0.0,3.0,1.0,0.0
96.172,72,109,0.6666666666666666,-1.0,6,96.3925,96.9455,97.501,97.95949999999999,0.0,-77.34999999999985,96.4025,96.3925,97.3925,-22.050000000000125,-122.05000000000013,1.0,-1.0,-1.0,-1.0,0.0,0.0,96.3925,96.16759,0.02,-22.050000000000125,0.44099999999929196,0.0,0.0,0.0,1.0,1.0,3.0,1.0,0.0
1.18507,60,109,0.5555555555555556,-1.0,5,1.1912099999999999,1.19664,1.183005,1.1776,0.0,-115.69999999999858,1.18872,1.1912099999999999,1.18577,-61.39999999999812,-6.999999999999229,-1.0,-1.0,1.0,-1.0,0.0,0.0,1.19121,1.17279,2.0,-61.40000000000035,122.8000000000007,0.0,0.0,0.0,0.0,0.0,4.0,1.0,-1.0
1.36828,60,109,0.5555555555555556,-1.0,5,1.37467,1.376325,1.360385,1.34391,0.0,-80.4500000000008,1.37232,1.375645,1.363475,-73.65000000000066,48.049999999999486,-1.0,-1.0,1.0,-1.0,0.0,0.0,1.37467,1.3555,2.0,-63.90000000000118,127.80000000000014,0.0,0.0,0.0,0.0,0.0,4.0,1.0,-1.0
154.766,60,109,0.5555555555555556,1.0,5,153.826,153.484,155.7725,152.4665,0.0,128.19999999999823,154.38799999999998,153.733,155.65750000000003,103.2999999999987,-89.15000000000362,1.0,1.0,-1.0,1.0,0.0,0.0,153.826,156.646,2.0,93.99999999999977,-187.99999999999955,0.0,1.0,0.0,0.0,0.0,4.0,1.0,1.0
0.69624,0,109,0.0,0.0,0,0.69975,0.6997599999999999,0.68767,0.67541,0.0,-35.199999999999676,0.69831,0.70111,0.690025,-48.70000000000041,62.14999999999971,-1.0,1.0,1.0,-1.0,0.0,0.0,0.0,0.0,0.0,0.0,0.0,0.0,0.0,0.0,0.0,0.0,4.0,1.0,-1.0
1.36189,0,109,0.0,0.0,0,1.355205,1.36103,1.370505,1.38109,0.0,8.60000000000083,1.35671,1.355205,1.368015,66.85000000000052,-61.24999999999936,1.0,-1.0,-1.0,1.0,0.0,0.0,0.0,0.0,0.0,0.0,0.0,0.0,0.0,0.0,0.0,0.0,4.0,1.0,-1.0
0.77293,0,109,0.0,0.0,0,0.7684,0.769425,0.78226,0.7868200000000001,0.0,35.049999999999805,0.770465,0.7684,0.7794449999999999,45.30000000000034,-65.14999999999938,1.0,-1.0,-1.0,1.0,0.0,0.0,0.0,0.0,0.0,0.0,0.0,0.0,0.0,0.0,0.0,0.0,4.0,1.0,-1.0
183.389,0,109,0.0,0.0,0,183.50650000000002,183.071,184.324,178.33999999999997,0.0,31.800000000001205,183.6465,183.071,184.324,31.800000000001205,-93.50000000000023,1.0,0.0,0.0,1.0,0.0,0.0,0.0,0.0,0.0,0.0,0.0,0.0,1.0,0.0,0.0,0.0,4.0,1.0,-1.0
211.765,60,109,0.5555555555555556,1.0,5,211.7215,211.1355,212.222,204.9325,0.0,62.949999999997885,211.978,211.2505,212.222,51.44999999999982,-45.700000000002206,1.0,1.0,0.0,1.0,0.0,0.0,211.7215,211.852,2.0,4.349999999999454,-8.70000000000175,0.0,1.0,0.0,0.0,0.0,4.0,1.0,1.0
4863.57,72,109,0.6666666666666666,-1.0,6,5070.27,5144.055,4936.34,4454.755,0.0,-2804.850000000006,4901.67,5119.795,5128.76,-2562.2500000000036,-2651.900000000005,-1.0,-1.0,1.0,-1.0,0.0,0.0,4936.34,4718.03,2.0,-727.7000000000044,1455.3999999999996,0.0,0.0,1.0,0.0,0.0,4.0,1.0,1.0
48839.08,0,109,0.0,0.0,0,48752.850000000006,48964.4,48751.955,46598.645000000004,0.0,-1253199.9999999972,48741.05,48871.3,48963.98,-322200.00000001164,-1249000.0000000144,-1.0,-1.0,1.0,-1.0,0.0,0.0,0.0,0.0,0.0,0.0,0.0,0.0,0.0,0.0,1.0,0.0,4.0,1.0,-1.0
25517.96,72,109,0.6666666666666666,-1.0,6,25684.245000000003,25814.34,25550.35,24482.004999999997,0.0,-2963800.0000000102,25634.18,25759.489999999998,25550.35,-2415299.9999999884,-323899.9999999942,-1.0,-1.0,0.0,-1.0,0.0,0.0,25550.35,25453.18,2.0,-323899.9999999942,647799.9999999884,0.0,0.0,0.0,1.0,0.0,4.0,1.0,1.0
6932.43,0,109,0.0,0.0,0,6932.200000000001,6941.87,6897.82,6619.275,0.0,-94399.999999996,6927.77,6934.17,6897.82,-17399.999999997817,346100.0000000058,-1.0,-1.0,0.0,-1.0,0.0,0.0,0.0,0.0,0.0,0.0,0.0,0.0,0.0,0.0,1.0,0.0,4.0,1.0,-1.0
97.108,60,109,0.5555555555555556,1.0,5,96.644,96.4,97.501,97.95949999999999,0.0,70.79999999999984,96.84,96.638,97.3075,46.999999999999886,-19.950000000000045,1.0,1.0,-1.0,1.0,0.0,0.0,96.644,97.11728,0.02,46.399999999999864,-0.9279999999989741,0.0,0.0,0.0,1.0,1.0,4.0,1.0,1.0
1.17896,72,109,0.6666666666666666,-1.0,6,1.1825350000000001,1.19295,1.183005,1.1776,0.0,-139.89999999999947,1.181305,1.1865350000000001,1.187655,-75.7500000000011,-86.94999999999897,-1.0,-1.0,1.0,-1.0,0.0,0.0,1.18254,1.17181,2.0,-35.799999999999166,71.4999999999999,0.0,0.0,0.0,0.0,0.0,0.0,2.0,0.0
1.36656,60,109,0.5555555555555556,-1.0,5,1.366905,1.3745699999999998,1.360385,1.34391,0.0,-80.0999999999985,1.365535,1.370525,1.363475,-39.64999999999996,30.850000000000044,-1.0,-1.0,1.0,-1.0,0.0,0.0,1.36691,1.36587,2.0,-3.5000000000007248,6.900000000000794,0.0,0.0,0.0,0.0,0.0,0.0,2.0,1.0
155.606,60,109,0.5555555555555556,1.0,5,155.1565,153.9385,155.7725,152.4665,0.0,166.74999999999898,155.35899999999998,154.79,155.65750000000003,81.60000000000025,-5.150000000003274,1.0,1.0,-1.0,1.0,0.0,0.0,155.1565,156.505,2.0,44.950000000000045,-89.90000000000009,0.0,1.0,0.0,0.0,0.0,0.0,2.0,1.0
0.69499,0,109,0.0,0.0,0,0.694075,0.70011,0.68767,0.67541,0.0,-51.20000000000013,0.69516,0.697015,0.691065,-20.250000000000547,39.24999999999956,1.0,-1.0,1.0,-1.0,0.0,0.0,0.0,0.0,0.0,0.0,0.0,0.0,0.0,0.0,0.0,0.0,0.0,2.0,-1.0
1.3679999999999999,60,109,0.5555555555555556,1.0,5,1.36452,1.35919,1.370505,1.38109,0.0,88.09999999999985,1.3669499999999999,1.359775,1.3663049999999999,82.24999999999926,16.95000000000002,1.0,1.0,-1.0,1.0,0.0,0.0,1.36452,1.37496,2.0,34.79999999999927,-69.60000000000078,0.0,0.0,0.0,0.0,0.0,0.0,2.0,0.0
0.77961,60,109,0.5555555555555556,1.0,5,0.776575,0.7710950000000001,0.78226,0.7868200000000001,0.0,85.1499999999994,0.778985,0.774005,0.77866,56.04999999999971,9.500000000000064,1.0,1.0,-1.0,1.0,0.0,0.0,0.77658,0.78568,2.0,30.29999999999977,-60.7000000000002,0.0,0.0,0.0,0.0,0.0,0.0,2.0,0.0
183.452,0,109,0.0,0.0,0,183.72899999999998,183.1755,184.324,178.914,0.0,27.649999999999864,183.541,183.72899999999998,184.324,-27.69999999999868,-87.20000000000141,-1.0,1.0,0.0,0.0,0.0,0.0,0.0,0.0,0.0,0.0,0.0,0.0,1.0,0.0,0.0,0.0,0.0,2.0,-1.0
212.647,72,109,0.6666666666666666,1.0,6,211.9955,211.374,212.222,206.2425,0.0,127.29999999999961,212.22,211.9955,212.222,65.14999999999986,42.499999999998295,1.0,1.0,0.0,1.0,0.0,0.0,212.222,213.497,2.0,42.499999999998295,-85.00000000000227,0.0,1.0,0.0,0.0,0.0,0.0,2.0,1.0
4664.12,60,109,0.5555555555555556,-1.0,5,4675.115,5000.335,4936.34,4454.755,0.0,-3362.1500000000015,4700.025,4774.045,5000.335,-1099.2500000000018,-3362.1500000000015,1.0,-1.0,1.0,-1.0,0.0,0.0,4675.115,4642.13,2.0,-109.94999999999891,219.89999999999782,0.0,0.0,1.0,0.0,0.0,0.0,2.0,0.0
49386.08,72,109,0.6666666666666666,1.0,6,48936.18,48936.18,48751.955,47043.979999999996,0.0,4499000.000000015,49086.325,48936.18,48963.98,4499000.000000015,4220999.999999985,1.0,0.0,1.0,1.0,0.0,0.0,48936.18,50285.88,2.0,4499000.000000015,-8997999.999999957,0.0,0.0,0.0,1.0,0.0,0.0,2.0,0.0
25768.16,48,109,0.4444444444444444,1.0,4,25451.79,25644.75,25550.35,24606.6,0.0,1234099.9999999986,25589.69,25451.79,25550.35,3163699.9999999898,2178100.000000013,1.0,-1.0,0.0,0.0,0.0,0.0,25644.75,26014.98,2.0,1234099.9999999986,-2468199.999999997,0.0,0.0,0.0,1.0,0.0,0.0,2.0,0.0
6979.22,60,109,0.5555555555555556,1.0,5,6915.9,6926.969999999999,6897.82,6678.745,0.0,522500.0000000091,6948.5,6915.9,6897.82,633200.0000000062,814000.0000000055,1.0,-1.0,0.0,1.0,0.0,0.0,6926.97,7083.72,2.0,522500.0,-1045000.0,0.0,0.0,0.0,1.0,0.0,0.0,2.0,0.0
97.567,72,109,0.6666666666666666,1.0,6,97.263,96.62049999999999,97.501,97.95949999999999,0.0,94.65000000000003,97.444,97.0235,97.1965,54.349999999999454,37.04999999999927,1.0,1.0,-1.0,1.0,0.0,0.0,97.501,97.56832,0.02,6.599999999998829,-0.13200000000068712,0.0,0.0,0.0,1.0,1.0,0.0,2.0,0.0
1.1823,0,109,0.0,0.0,0,1.18045,1.18862,1.183005,1.1776,0.0,-63.20000000000103,1.18045,1.1823649999999999,1.187655,-0.6499999999998174,-53.54999999999998,0.0,-1.0,1.0,-1.0,0.0,0.0,0.0,0.0,0.0,0.0,0.0,0.0,0.0,0.0,0.0,0.0,1.0,2.0,-1.0
1.36991,0,109,0.0,0.0,0,1.36785,1.37352,1.360385,1.34391,0.0,-36.10000000000113,1.36814,1.366905,1.363495,30.049999999999244,64.1500000000006,1.0,-1.0,1.0,0.0,0.0,0.0,0.0,0.0,0.0,0.0,0.0,0.0,0.0,0.0,0.0,0.0,1.0,2.0,-1.0
155.746,60,109,0.5555555555555556,1.0,5,155.68900000000002,154.3635,155.7725,152.4665,0.0,138.25000000000216,155.8015,155.39350000000002,155.65750000000003,35.249999999999204,8.849999999998204,1.0,1.0,-1.0,1.0,0.0,0.0,155.689,155.86,2.0,5.700000000001637,-11.400000000000432,0.0,1.0,0.0,0.0,0.0,1.0,2.0,1.0
0.70224,72,109,0.6666666666666666,1.0,6,0.69956,0.70011,0.68767,0.67541,0.0,21.299999999999653,0.70035,0.69928,0.692375,29.599999999999625,98.65000000000012,1.0,-1.0,1.0,1.0,0.0,0.0,0.70011,0.7065,2.0,21.299999999999653,-42.60000000000041,0.0,0.0,0.0,0.0,0.0,1.0,2.0,0.0
1.36403,0,109,0.0,0.0,0,1.36608,1.35919,1.370505,1.38109,0.0,48.400000000001775,1.36564,1.36636,1.3663049999999999,-23.299999999999432,-22.74999999999805,-1.0,1.0,-1.0,0.0,0.0,0.0,0.0,0.0,0.0,0.0,0.0,0.0,0.0,0.0,0.0,0.0,1.0,2.0,-1.0
0.77501,0,109,0.0,0.0,0,0.777135,0.772675,0.78226,0.7868200000000001,0.0,23.34999999999976,0.77632,0.77779,0.77849,-27.800000000000047,-34.80000000000039,-1.0,1.0,-1.0,0.0,0.0,0.0,0.0,0.0,0.0,0.0,0.0,0.0,0.0,0.0,0.0,0.0,1.0,2.0,-1.0
184.136,60,109,0.5555555555555556,1.0,5,183.7595,183.1755,184.324,178.914,0.0,96.04999999999961,183.9525,183.756,184.324,37.999999999999545,-18.80000000000166,1.0,1.0,0.0,1.0,0.0,0.0,183.7595,184.889,2.0,37.649999999999295,-75.30000000000143,0.0,1.0,0.0,0.0,0.0,1.0,2.0,1.0
213.36,72,109,0.6666666666666666,1.0,6,212.961,211.747,212.222,206.2425,0.0,161.29999999999995,213.152,212.62,212.222,74.00000000000091,113.80000000000052,1.0,1.0,0.0,1.0,0.0,0.0,212.961,214.158,2.0,39.90000000000009,-79.79999999999734,0.0,1.0,0.0,0.0,0.0,1.0,2.0,1.0
4938.79,0,109,0.0,0.0,0,4812.5,5000.335,4936.34,4454.755,0.0,-615.4500000000007,4937.265,4795.135,5000.335,1436.5499999999975,-615.4500000000007,1.0,-1.0,1.0,0.0,0.0,0.0,0.0,0.0,0.0,0.0,0.0,0.0,0.0,1.0,0.0,0.0,1.0,2.0,-1.0
49261.18,72,109,0.6666666666666666,1.0,6,49239.725,49021.005000000005,48751.955,47043.979999999996,0.0,2401749.999999956,49239.725,49171.15,49021.005000000005,900299.9999999884,2401749.999999956,0.0,1.0,1.0,1.0,0.0,0.0,49239.725,49304.09,2.0,214550.00000001746,-429099.99999996217,0.0,0.0,0.0,1.0,0.0,1.0,2.0,1.0
25296.26,72,109,0.6666666666666666,-1.0,6,25513.215,25619.690000000002,25550.35,24606.6,0.0,-3234300.000000039,25500.765,25513.215,25644.75,-2169550.0000000177,-3484900.000000016,-1.0,-1.0,1.0,-1.0,0.0,0.0,25513.215,24862.35,2.0,-2169550.0000000177,4339099.999999998,0.0,0.0,0.0,1.0,0.0,1.0,2.0,1.0
6910.43,0,109,0.0,0.0,0,6932.22,6921.37,6897.82,6678.745,0.0,-109399.999999996,6929.22,6932.22,6926.969999999999,-217899.99999999965,-165399.99999999054,-1.0,1.0,1.0,-1.0,0.0,0.0,0.0,0.0,0.0,0.0,0.0,0.0,0.0,0.0,1.0,0.0,1.0,2.0,-1.0
97.364,0,109,0.0,0.0,0,97.5035,96.8605,97.501,97.95949999999999,0.0,50.35000000000025,97.4865,97.36500000000001,97.1805,-0.10000000000047748,18.350000000000932,-1.0,1.0,-1.0,1.0,0.0,0.0,0.0,0.0,0.0,0.0,0.0,0.0,0.0,0.0,1.0,1.0,1.0,2.0,-1.0
1.18036,60,109,0.5555555555555556,-1.0,5,1.18143,1.1875200000000001,1.183005,1.1776,0.0,-71.60000000000055,1.18087,1.180905,1.1905649999999999,-5.450000000000177,-102.04999999999798,-1.0,-1.0,1.0,0.0,0.0,0.0,1.18143,1.17822,2.0,-10.699999999999044,21.400000000000308,0.0,0.0,0.0,0.0,0.0,2.0,2.0,1.0
1.3649499999999999,60,109,0.5555555555555556,-1.0,5,1.36876,1.372835,1.360385,1.34391,0.0,-78.85000000000142,1.368535,1.36876,1.3675199999999998,-38.10000000000091,-25.699999999999612,-1.0,-1.0,1.0,-1.0,0.0,0.0,1.36876,1.35733,2.0,-38.10000000000091,76.1999999999996,0.0,0.0,0.0,0.0,0.0,2.0,2.0,1.0
156.903,72,109,0.6666666666666666,1.0,6,156.316,154.809,155.7725,152.4665,0.0,209.3999999999994,156.6445,156.233,155.65750000000003,66.99999999999875,124.54999999999643,1.0,1.0,-1.0,1.0,0.0,0.0,156.316,158.077,2.0,58.69999999999891,-117.40000000000066,0.0,1.0,0.0,0.0,0.0,2.0,2.0,0.0
0.69983,60,109,0.5555555555555556,1.0,5,0.7007099999999999,0.69953,0.68767,0.67541,0.0,2.9999999999996696,0.70035,0.7007099999999999,0.6963999999999999,-8.799999999999919,34.30000000000044,-1.0,1.0,1.0,1.0,0.0,0.0,0.69953,0.70043,2.0,2.9999999999996696,-6.000000000000449,0.0,0.0,0.0,0.0,0.0,2.0,2.0,0.0
1.36622,0,109,0.0,0.0,0,1.3656199999999998,1.35919,1.370505,1.38109,0.0,70.30000000000092,1.3664049999999999,1.36572,1.36405,4.999999999999449,21.700000000000053,1.0,1.0,-1.0,0.0,0.0,0.0,0.0,0.0,0.0,0.0,0.0,0.0,0.0,0.0,0.0,0.0,2.0,2.0,-1.0
0.77733,60,109,0.5555555555555556,1.0,5,0.775965,0.772675,0.78226,0.7868200000000001,0.0,46.54999999999965,0.776215,0.77637,0.77595,9.599999999999609,13.799999999999368,1.0,1.0,-1.0,1.0,0.0,0.0,0.77597,0.78006,2.0,13.599999999999168,-27.300000000000104,0.0,0.0,0.0,0.0,0.0,2.0,2.0,0.0
185.203,72,109,0.6666666666666666,1.0,6,184.59199999999998,183.6755,184.324,178.914,0.0,152.75000000000034,184.974,184.5,184.324,70.3000000000003,87.89999999999907,1.0,1.0,0.0,1.0,0.0,0.0,184.592,186.425,2.0,61.099999999999,-122.20000000000084,0.0,1.0,0.0,0.0,0.0,2.0,2.0,0.0
214.172,72,109,0.6666666666666666,1.0,6,214.08249999999998,212.51749999999998,212.2985,206.2425,0.0,165.4500000000013,214.311,213.9225,212.2985,24.94999999999834,187.3500000000007,1.0,1.0,0.0,1.0,0.0,0.0,214.0825,214.351,2.0,8.949999999998681,-17.900000000000205,0.0,1.0,0.0,0.0,0.0,2.0,2.0,0.0
4963.32,0,109,0.0,0.0,0,4971.805,4976.075000000001,4936.34,4454.755,0.0,-127.55000000001019,4957.549999999999,4971.805,5000.335,-84.85000000000582,-370.1500000000033,-1.0,-1.0,1.0,1.0,0.0,0.0,0.0,0.0,0.0,0.0,0.0,0.0,0.0,1.0,0.0,0.0,2.0,2.0,-1.0
49472.78,84,109,0.7777777777777778,1.0,7,49244.175,49025.455,48751.955,47043.979999999996,0.0,4473249.999999971,49385.25,49244.175,49025.455,2286049.999999959,4473249.999999971,1.0,1.0,1.0,1.0,0.0,0.0,49244.175,49929.99,2.0,2286049.999999959,-4572099.999999992,0.0,0.0,0.0,1.0,0.0,2.0,2.0,0.0
25031.36,72,109,0.6666666666666666,-1.0,6,25043.79,25374.14,25449.04,24606.6,0.0,-3427799.9999999884,24994.89,25284.489999999998,25449.04,-2531299.999999974,-4176800.000000003,-1.0,-1.0,0.0,-1.0,0.0,0.0,25043.79,25006.5,2.0,-124300.00000000291,248600.00000000582,0.0,0.0,0.0,1.0,0.0,2.0,2.0,1.0
6911.43,0,109,0.0,0.0,0,6889.620000000001,6920.32,6897.82,6678.745,0.0,-88899.99999999418,6887.22,6918.22,6925.92,-67899.99999999964,-144899.99999999782,-1.0,-1.0,1.0,-1.0,0.0,0.0,0.0,0.0,0.0,0.0,0.0,0.0,0.0,0.0,1.0,0.0,2.0,2.0,-1.0
97.65,72,109,0.6666666666666666,1.0,6,97.5085,96.934,97.501,97.95949999999999,0.0,71.60000000000082,97.55799999999999,97.5085,96.9915,14.150000000000773,65.85000000000036,1.0,1.0,-1.0,1.0,0.0,0.0,97.5085,97.65283,0.02,14.150000000000773,-0.2829999999988786,0.0,0.0,0.0,1.0,1.0,2.0,2.0,1.0
1.17749,60,109,0.5555555555555556,-1.0,5,1.1798250000000001,1.184795,1.183005,1.1776,0.0,-73.05000000000118,1.1798250000000001,1.18008,1.19289,-25.900000000000922,-154.0000000000008,0.0,-1.0,1.0,-1.0,0.0,0.0,1.17983,1.17282,2.0,-23.400000000000087,46.69999999999952,0.0,0.0,0.0,0.0,0.0,3.0,2.0,0.0
1.35291,72,109,0.6666666666666666,-1.0,6,1.35904,1.363755,1.360385,1.34391,0.0,-108.44999999999993,1.355615,1.362305,1.3693,-93.95000000000041,-163.89999999999904,-1.0,-1.0,1.0,-1.0,0.0,0.0,1.35904,1.34065,2.0,-61.299999999999685,122.6000000000016,0.0,0.0,0.0,0.0,0.0,3.0,2.0,0.0
157.037,60,109,0.5555555555555556,1.0,5,156.9325,155.74900000000002,155.7725,152.4665,0.0,128.79999999999825,156.811,156.841,154.7135,19.599999999999795,232.34999999999957,-1.0,1.0,-1.0,1.0,0.0,0.0,156.9325,157.246,2.0,10.45000000000016,-20.90000000000032,0.0,1.0,0.0,0.0,0.0,3.0,2.0,0.0
0.69282,0,109,0.0,0.0,0,0.6967350000000001,0.697925,0.68767,0.67541,0.0,-51.05000000000026,0.6954899999999999,0.698165,0.6997599999999999,-53.45000000000044,-69.39999999999947,-1.0,1.0,1.0,-1.0,0.0,0.0,0.0,0.0,0.0,0.0,0.0,0.0,0.0,0.0,0.0,0.0,3.0,2.0,-1.0
1.37094,60,109,0.5555555555555556,1.0,5,1.3680949999999998,1.36107,1.370505,1.38109,0.0,98.70000000000046,1.3680949999999998,1.367705,1.36103,32.35000000000099,99.10000000000085,0.0,1.0,-1.0,1.0,0.0,0.0,1.37051,1.37181,2.0,4.300000000001525,-8.699999999999264,0.0,0.0,0.0,0.0,0.0,3.0,2.0,0.0
0.77823,0,109,0.0,0.0,0,0.776445,0.7748550000000001,0.78226,0.7868200000000001,0.0,33.74999999999906,0.77628,0.776445,0.7710950000000001,17.849999999999255,71.34999999999891,-1.0,1.0,-1.0,1.0,0.0,0.0,0.0,0.0,0.0,0.0,0.0,0.0,0.0,0.0,0.0,0.0,3.0,2.0,-1.0
184.907,0,109,0.0,0.0,0,185.026,184.34199999999998,184.324,178.914,0.0,56.500000000002615,184.91,185.026,183.6405,-11.899999999999977,126.65000000000077,-1.0,1.0,-1.0,1.0,0.0,0.0,0.0,0.0,0.0,0.0,0.0,0.0,1.0,0.0,0.0,0.0,3.0,2.0,-1.0
212.457,0,109,0.0,0.0,0,213.0475,213.139,212.2985,206.2425,0.0,-68.20000000000164,212.49,213.39,212.2985,-93.29999999999927,15.850000000000364,-1.0,1.0,0.0,-1.0,0.0,0.0,0.0,0.0,0.0,0.0,0.0,0.0,1.0,0.0,0.0,0.0,3.0,2.0,-1.0
4770.46,0,109,0.0,0.0,0,4891.605,4757.950000000001,4936.34,4454.755,0.0,125.09999999999309,4833.04,4911.950000000001,5000.335,-1414.900000000007,-2298.75,-1.0,1.0,1.0,-1.0,0.0,0.0,0.0,0.0,0.0,0.0,0.0,0.0,0.0,1.0,0.0,0.0,3.0,2.0,-1.0
48771.28,0,109,0.0,0.0,0,49179.165,49025.455,48751.955,47043.979999999996,0.0,-2541750.000000029,49064.045,49203.84,49025.455,-4325599.999999977,-2541750.000000029,-1.0,1.0,1.0,-1.0,0.0,0.0,0.0,0.0,0.0,0.0,0.0,0.0,0.0,0.0,1.0,0.0,3.0,2.0,-1.0
24334.86,72,109,0.6666666666666666,-1.0,6,24705.309999999998,25124.055,25276.155,24606.6,0.0,-7891949.999999997,24595.995000000003,24858.855,25276.155,-5239949.99999999,-9412949.999999983,-1.0,-1.0,0.0,-1.0,0.0,0.0,24705.31,23593.96,2.0,-3704500.0000000075,7409000.000000015,0.0,0.0,0.0,1.0,0.0,3.0,2.0,0.0
6762.33,72,109,0.6666666666666666,-1.0,6,6839.68,6882.4,6888.0,6678.745,0.0,-1200699.9999999972,6809.9,6851.700000000001,6888.0,-893700.000000008,-1256700.0000000007,-1.0,-1.0,0.0,-1.0,0.0,0.0,6839.68,6607.63,2.0,-773500.0000000036,1546999.9999999981,0.0,0.0,0.0,1.0,0.0,3.0,2.0,0.0
97.97,72,109,0.6666666666666666,1.0,6,97.7625,97.28649999999999,97.501,97.95949999999999,0.0,68.35000000000093,97.78999999999999,97.685,96.7525,28.49999999999966,121.75000000000011,1.0,1.0,-1.0,1.0,0.0,0.0,97.7625,97.97415,0.02,20.749999999999602,-0.4149999999995657,0.0,0.0,0.0,1.0,1.0,3.0,2.0,0.0
1.1813500000000001,60,109,0.5555555555555556,1.0,5,1.1795849999999999,1.180175,1.183005,1.1776,0.0,11.750000000001481,1.180925,1.1795849999999999,1.192425,17.650000000002386,-110.74999999999946,1.0,-1.0,1.0,1.0,0.0,0.0,1.18017,1.1837,2.0,11.800000000001809,-23.499999999998522,0.0,0.0,0.0,0.0,0.0,4.0,2.0,1.0
1.36082,0,109,0.0,0.0,0,1.3565749999999999,1.3620700000000001,1.360385,1.34391,0.0,-12.500000000001954,1.3602400000000001,1.3565749999999999,1.36884,42.45000000000054,-80.20000000000138,1.0,-1.0,1.0,0.0,0.0,0.0,0.0,0.0,0.0,0.0,0.0,0.0,0.0,0.0,0.0,0.0,4.0,2.0,-1.0
157.222,72,109,0.6666666666666666,1.0,6,156.8785,156.238,155.7725,152.4665,0.0,98.40000000000089,157.0135,156.9205,154.7135,30.150000000000432,250.8499999999998,1.0,1.0,-1.0,1.0,0.0,0.0,156.8785,157.909,2.0,34.35000000000059,-68.69999999999834,0.0,1.0,0.0,0.0,0.0,4.0,2.0,0.0
0.70167,72,109,0.6666666666666666,1.0,6,0.696075,0.697355,0.687835,0.67541,0.0,43.15000000000069,0.70036,0.696075,0.69954,55.950000000000166,21.299999999999653,1.0,-1.0,1.0,1.0,0.0,0.0,0.69735,0.7103,2.0,43.1999999999999,-86.30000000000027,0.0,0.0,0.0,0.0,0.0,4.0,2.0,1.0
1.36584,72,109,0.6666666666666666,-1.0,6,1.36744,1.36744,1.370505,1.38109,0.0,-16.00000000000046,1.364805,1.36744,1.36103,-16.00000000000046,48.09999999999981,-1.0,0.0,-1.0,-1.0,0.0,0.0,1.36744,1.36264,2.0,-16.00000000000046,31.999999999998696,0.0,0.0,0.0,0.0,0.0,4.0,2.0,1.0
0.77573,84,109,0.7777777777777778,-1.0,7,0.776825,0.77779,0.78226,0.7868200000000001,0.0,-20.599999999999508,0.77661,0.776395,0.7710950000000001,-6.649999999999157,46.34999999999945,-1.0,-1.0,-1.0,-1.0,0.0,0.0,0.77682,0.77354,2.0,-10.899999999999244,21.900000000000254,0.0,0.0,0.0,0.0,0.0,4.0,2.0,0.0
185.731,72,109,0.6666666666666666,1.0,6,185.0725,184.5635,184.324,178.914,0.0,116.74999999999898,185.5105,185.0725,183.9355,65.85000000000036,179.5500000000004,1.0,1.0,-1.0,1.0,0.0,0.0,185.0725,187.048,2.0,65.85000000000036,-131.70000000000073,0.0,1.0,0.0,0.0,0.0,4.0,2.0,0.0
213.952,72,109,0.6666666666666666,1.0,6,212.8245,213.29950000000002,212.2985,206.2425,0.0,65.2499999999975,213.577,212.8245,212.4025,112.74999999999977,154.94999999999948,1.0,-1.0,1.0,1.0,0.0,0.0,213.2995,215.257,2.0,65.25000000000034,-130.50000000000068,0.0,1.0,0.0,0.0,0.0,4.0,2.0,0.0
4960.19,72,109,0.6666666666666666,1.0,6,4811.135,4844.145,4953.860000000001,4454.755,0.0,1160.4499999999916,4932.795,4811.135,5000.335,1490.5499999999938,-401.45000000000437,1.0,-1.0,1.0,1.0,0.0,0.0,4953.86,4972.85,2.0,63.29999999999927,-126.60000000000764,0.0,0.0,1.0,0.0,0.0,4.0,2.0,1.0
50096.38,72,109,0.6666666666666666,1.0,6,49392.83,49392.83,48997.575,47043.979999999996,0.0,7035499.999999956,49643.03,49392.83,49285.08,7035499.999999956,8112999.999999956,1.0,0.0,1.0,1.0,0.0,0.0,49392.83,51503.48,2.0,7035499.999999956,-14071000.000000058,0.0,0.0,0.0,1.0,0.0,4.0,2.0,-1.0
25006.26,0,109,0.0,0.0,0,24636.665,25029.55,25181.65,24606.6,0.0,-232900.00000000873,24866.705,24636.665,25181.65,3695949.9999999753,-1753900.0000000305,1.0,-1.0,0.0,0.0,0.0,0.0,0.0,0.0,0.0,0.0,0.0,0.0,0.0,0.0,1.0,0.0,4.0,2.0,-1.0
6922.62,60,109,0.5555555555555556,1.0,5,6836.8,6865.82,6871.42,6678.745,0.0,568000.0000000019,6884.85,6836.8,6871.42,858199.9999999971,511999.9999999982,1.0,-1.0,0.0,1.0,0.0,0.0,6871.42,7025.02,2.0,511999.9999999982,-1024000.0000000055,0.0,0.0,0.0,1.0,0.0,4.0,2.0,-1.0
97.656,0,109,0.0,0.0,0,97.762,97.63550000000001,97.501,97.95949999999999,0.0,2.049999999999841,97.67699999999999,97.762,96.7525,-10.599999999999454,90.35000000000082,-1.0,1.0,-1.0,0.0,0.0,0.0,0.0,0.0,0.0,0.0,0.0,0.0,0.0,0.0,1.0,1.0,4.0,2.0,-1.0
1.19134,84,109,0.7777777777777778,1.0,7,1.186815,1.1846,1.183005,1.1776,0.0,67.39999999999968,1.1904,1.18561,1.1904949999999999,57.300000000000125,8.450000000002067,1.0,1.0,1.0,1.0,0.0,0.0,1.18681,1.20039,2.0,45.30000000000145,-90.50000000000003,0.0,0.0,0.0,0.0,0.0,0.0,2.0,0.0
1.36984,84,109,0.7777777777777778,1.0,7,1.36432,1.3620700000000001,1.360385,1.34391,0.0,77.69999999999833,1.36606,1.36358,1.3677899999999998,62.599999999999326,20.500000000001073,1.0,1.0,1.0,1.0,0.0,0.0,1.36432,1.38088,2.0,55.19999999999969,-110.40000000000161,0.0,0.0,0.0,0.0,0.0,0.0,2.0,0.0
155.873,60,109,0.5555555555555556,-1.0,5,156.587,156.587,155.7725,152.4665,0.0,-71.39999999999986,155.95350000000002,156.587,154.91,-71.39999999999986,96.29999999999939,-1.0,0.0,-1.0,-1.0,0.0,0.0,156.587,154.445,2.0,-71.39999999999986,142.79999999999973,0.0,1.0,0.0,0.0,0.0,0.0,2.0,1.0
0.70932,84,109,0.7777777777777778,1.0,7,0.705225,0.69977,0.6880649999999999,0.6780649999999999,0.0,95.49999999999947,0.707375,0.703265,0.69977,60.549999999999216,95.49999999999947,1.0,1.0,1.0,1.0,0.0,0.0,0.70522,0.71751,2.0,40.99999999999993,-81.9000000000003,0.0,0.0,0.0,0.0,0.0,0.0,2.0,0.0
1.3556599999999999,84,109,0.7777777777777778,-1.0,7,1.3613,1.36385,1.370505,1.38109,0.0,-81.90000000000141,1.358305,1.36216,1.3602949999999998,-65.00000000000172,-46.34999999999945,-1.0,-1.0,-1.0,-1.0,0.0,0.0,1.3613,1.34438,2.0,-56.400000000000894,112.79999999999957,0.0,0.0,0.0,0.0,0.0,0.0,2.0,0.0
0.76614,84,109,0.7777777777777778,-1.0,7,0.771455,0.772275,0.78226,0.78644,0.0,-61.350000000000016,0.768025,0.7721100000000001,0.77117,-59.70000000000031,-50.29999999999979,-1.0,-1.0,-1.0,-1.0,0.0,0.0,0.77146,0.75551,2.0,-53.19999999999992,106.30000000000028,0.0,0.0,0.0,0.0,0.0,0.0,2.0,0.0
185.702,72,109,0.6666666666666666,1.0,6,185.5445,184.978,184.324,178.988,0.0,72.39999999999895,185.5765,185.5445,184.1535,15.749999999999886,154.849999999999,1.0,1.0,-1.0,1.0,0.0,0.0,185.5445,186.017,2.0,15.749999999999886,-31.499999999999773,0.0,1.0,0.0,0.0,0.0,0.0,2.0,0.0
213.523,60,109,0.5555555555555556,1.0,5,213.27300000000002,213.29950000000002,212.2985,206.2425,0.0,22.349999999997294,212.86950000000002,213.27300000000002,212.51749999999998,24.999999999997158,100.5500000000012,-1.0,-1.0,1.0,1.0,0.0,0.0,213.2995,213.97,2.0,22.350000000000136,-44.70000000000027,0.0,1.0,0.0,0.0,0.0,0.0,2.0,0.0
5065.28,84,109,0.7777777777777778,1.0,7,5011.495,4871.4349999999995,4973.955,4454.755,0.0,1938.4500000000025,5040.73,4969.075,5000.335,962.0499999999993,649.4499999999971,1.0,1.0,1.0,1.0,0.0,0.0,5011.495,5172.85,2.0,537.8499999999985,-1075.7000000000062,0.0,0.0,1.0,0.0,0.0,0.0,2.0,0.0
50123.78,72,109,0.6666666666666666,1.0,6,50045.19,49436.445,49289.145000000004,47541.305,0.0,6873349.999999992,50020.75,49610.945,49328.695,5128349.999999992,7950849.999999992,-1.0,1.0,1.0,1.0,0.0,0.0,50045.19,50280.96,2.0,785899.9999999651,-1571800.0000000028,0.0,0.0,0.0,1.0,0.0,0.0,2.0,0.0
25276.06,48,109,0.4444444444444444,1.0,4,25105.18,25004.05,25181.65,24606.6,0.0,2720100.0000000205,25105.18,24971.88,25181.65,3041800.000000003,944099.9999999986,0.0,-1.0,0.0,1.0,0.0,0.0,25181.65,25464.88,2.0,944099.9999999986,-1888199.9999999972,0.0,0.0,0.0,1.0,0.0,0.0,2.0,0.0
6965.22,72,109,0.6666666666666666,1.0,6,6940.450000000001,6860.620000000001,6871.42,6678.745,0.0,1045999.9999999945,6942.200000000001,6896.9,6871.42,683200.0000000062,938000.0000000019,1.0,1.0,0.0,1.0,0.0,0.0,6940.45,7014.76,2.0,247700.00000000437,-495399.99999999965,0.0,0.0,0.0,1.0,0.0,0.0,2.0,0.0
96.848,84,109,0.7777777777777778,-1.0,7,97.22749999999999,97.3825,97.501,97.95949999999999,0.0,-53.44999999999942,96.958,97.32900000000001,96.9195,-48.100000000000875,-7.150000000000034,-1.0,-1.0,-1.0,-1.0,0.0,0.0,97.2275,96.84041,0.02,-37.95000000000073,0.7589999999993324,0.0,0.0,0.0,1.0,1.0,0.0,2.0,1.0
1.18954,60,109,0.5555555555555556,1.0,5,1.19077,1.1847050000000001,1.183005,1.1776,0.0,48.34999999999923,1.19077,1.18919,1.1880950000000001,3.5000000000007248,14.449999999999186,0.0,1.0,1.0,1.0,0.0,0.0,1.18471,1.19921,2.0,48.30000000000112,-96.70000000000067,0.0,0.0,0.0,0.0,0.0,1.0,2.0,0.0
1.3639299999999999,0,109,0.0,0.0,0,1.36687,1.361275,1.360385,1.34391,0.0,26.54999999999852,1.366725,1.36466,1.3677899999999998,-7.300000000001194,-38.599999999999746,-1.0,1.0,1.0,0.0,0.0,0.0,0.0,0.0,0.0,0.0,0.0,0.0,0.0,0.0,0.0,0.0,1.0,2.0,-1.0
154.406,84,109,0.7777777777777778,-1.0,7,155.171,155.85399999999998,155.7725,152.4665,0.0,-144.7999999999979,154.639,155.3995,155.166,-99.34999999999832,-75.99999999999909,-1.0,-1.0,-1.0,-1.0,0.0,0.0,155.171,152.876,2.0,-76.49999999999864,153.0000000000001,0.0,1.0,0.0,0.0,0.0,1.0,2.0,1.0
0.70747,60,109,0.5555555555555556,1.0,5,0.7080500000000001,0.69977,0.6880999999999999,0.6780649999999999,0.0,77.0000000000004,0.7078249999999999,0.7056,0.69977,18.700000000000383,77.0000000000004,-1.0,1.0,1.0,1.0,0.0,0.0,0.69977,0.72287,2.0,77.0000000000004,-153.9999999999997,0.0,0.0,0.0,0.0,0.0,1.0,2.0,-1.0
1.35498,72,109,0.6666666666666666,-1.0,6,1.354975,1.36238,1.370505,1.38109,0.0,-73.99999999999851,1.354815,1.358935,1.3602949999999998,-39.54999999999931,-53.14999999999736,-1.0,-1.0,-1.0,-1.0,0.0,0.0,1.36238,1.34018,2.0,-73.99999999999851,148.00000000000148,0.0,0.0,0.0,0.0,0.0,1.0,2.0,0.0
0.76781,60,109,0.5555555555555556,-1.0,5,0.765835,0.770805,0.78226,0.78644,0.0,-29.949999999999697,0.765835,0.7679,0.7723150000000001,-0.900000000000345,-45.05000000000092,0.0,-1.0,-1.0,-1.0,0.0,0.0,0.7708,0.76182,2.0,-29.90000000000048,59.899999999999395,0.0,0.0,0.0,0.0,0.0,1.0,2.0,0.0
183.679,84,109,0.7777777777777778,-1.0,7,184.7195,184.836,184.324,178.988,0.0,-115.70000000000107,184.01350000000002,184.7195,184.1535,-104.05000000000086,-47.450000000000614,-1.0,-1.0,-1.0,-1.0,0.0,0.0,184.324,182.389,2.0,-64.50000000000102,128.9999999999992,0.0,1.0,0.0,0.0,0.0,1.0,2.0,1.0
210.601,72,109,0.6666666666666666,-1.0,6,212.1005,212.55349999999999,212.2985,206.2425,0.0,-195.24999999999864,211.4595,212.1005,212.51749999999998,-149.95000000000118,-191.6499999999985,-1.0,-1.0,1.0,-1.0,0.0,0.0,212.1005,207.602,2.0,-149.95000000000118,299.8999999999995,0.0,1.0,0.0,0.0,0.0,1.0,2.0,1.0
5023.25,60,109,0.5555555555555556,1.0,5,5037.08,4868.75,5000.335,4454.755,0.0,1545.0,5038.79,5034.3150000000005,5000.335,-110.6500000000051,229.14999999999964,1.0,1.0,0.0,1.0,0.0,0.0,5000.335,5069.08,2.0,229.14999999999964,-458.2999999999993,0.0,0.0,1.0,0.0,0.0,1.0,2.0,1.0
50230.18,60,109,0.5555555555555556,1.0,5,50264.905,49562.005000000005,49414.705,47541.305,0.0,6681749.999999956,50264.905,50170.75,49454.255000000005,594300.0000000029,7759249.999999956,0.0,1.0,1.0,1.0,0.0,0.0,49562.005,51566.53,2.0,6681750.000000029,-13363499.999999985,0.0,0.0,0.0,1.0,0.0,1.0,2.0,0.0
25157.96,0,109,0.0,0.0,0,25235.555,24751.739999999998,25181.65,24606.6,0.0,4062200.0000000116,25235.555,25115.08,25148.449999999997,428799.9999999738,95100.00000002037,0.0,1.0,-1.0,1.0,0.0,0.0,0.0,0.0,0.0,0.0,0.0,0.0,0.0,0.0,1.0,0.0,1.0,2.0,-1.0
6949.12,0,109,0.0,0.0,0,6962.02,6857.72,6871.42,6678.745,0.0,913999.9999999964,6962.02,6943.47,6865.82,56499.99999999636,833000.0000000019,0.0,1.0,-1.0,1.0,0.0,0.0,0.0,0.0,0.0,0.0,0.0,0.0,0.0,0.0,1.0,0.0,1.0,2.0,-1.0
96.849,72,109,0.6666666666666666,-1.0,6,96.8,97.2895,97.501,97.95949999999999,0.0,-44.05000000000001,96.77199999999999,97.001,96.9925,-15.200000000000102,-14.350000000000307,-1.0,-1.0,-1.0,-1.0,0.0,0.0,97.2895,96.84019,0.02,-44.05000000000001,0.8809999999996876,0.0,0.0,0.0,1.0,1.0,1.0,2.0,1.0
1.18705,0,109,0.0,0.0,0,1.188005,1.1847050000000001,1.183005,1.1776,0.0,23.449999999998195,1.18686,1.188075,1.186995,-10.250000000000536,0.5499999999991623,-1.0,1.0,1.0,0.0,0.0,0.0,0.0,0.0,0.0,0.0,0.0,0.0,0.0,0.0,0.0,0.0,2.0,2.0,-1.0
1.36272,0,109,0.0,0.0,0,1.36606,1.3610099999999998,1.360385,1.34391,0.0,17.100000000001003,1.364965,1.36606,1.36613,-33.40000000000121,-34.10000000000135,-1.0,1.0,1.0,-1.0,0.0,0.0,0.0,0.0,0.0,0.0,0.0,0.0,0.0,0.0,0.0,0.0,2.0,2.0,-1.0
153.29,72,109,0.6666666666666666,-1.0,6,153.6005,155.1035,155.7725,152.4665,0.0,-181.35000000000048,153.6005,153.9275,155.1035,-63.750000000001705,-181.35000000000048,0.0,-1.0,-1.0,-1.0,0.0,0.0,153.6005,152.669,2.0,-31.050000000001887,62.09999999999809,0.0,1.0,0.0,0.0,0.0,2.0,2.0,1.0
0.71266,84,109,0.7777777777777778,1.0,7,0.710365,0.701995,0.6903250000000001,0.6780649999999999,0.0,106.64999999999924,0.71074,0.710365,0.701995,22.94999999999936,106.64999999999924,1.0,1.0,1.0,1.0,0.0,0.0,0.71037,0.71725,2.0,22.90000000000014,-45.900000000000944,0.0,0.0,0.0,0.0,0.0,2.0,2.0,0.0
1.35744,0,109,0.0,0.0,0,1.3561450000000002,1.36143,1.370505,1.38109,0.0,-39.89999999999938,1.35846,1.3561450000000002,1.3602949999999998,12.94999999999824,-28.5499999999983,1.0,-1.0,-1.0,0.0,0.0,0.0,0.0,0.0,0.0,0.0,0.0,0.0,0.0,0.0,0.0,0.0,2.0,2.0,-1.0
0.77165,0,109,0.0,0.0,0,0.768885,0.770745,0.78226,0.78644,0.0,9.049999999999336,0.7700899999999999,0.767965,0.7723150000000001,36.84999999999938,-6.650000000001377,1.0,-1.0,-1.0,1.0,0.0,0.0,0.0,0.0,0.0,0.0,0.0,0.0,0.0,0.0,0.0,0.0,2.0,2.0,-1.0
181.959,84,109,0.7777777777777778,-1.0,7,182.5125,183.781,184.09949999999998,178.988,0.0,-182.20000000000027,182.16649999999998,183.1805,183.781,-122.14999999999918,-182.20000000000027,-1.0,-1.0,-1.0,-1.0,0.0,0.0,182.5125,180.852,2.0,-55.349999999998545,110.69999999999993,0.0,1.0,0.0,0.0,0.0,2.0,2.0,1.0
208.893,72,109,0.6666666666666666,-1.0,6,209.4655,211.3005,211.5855,206.2425,0.0,-240.7499999999999,209.3345,210.33499999999998,211.5855,-144.19999999999789,-269.24999999999955,-1.0,-1.0,0.0,-1.0,0.0,0.0,209.4655,207.748,2.0,-57.24999999999909,114.50000000000102,0.0,1.0,0.0,0.0,0.0,2.0,2.0,1.0
5078.82,60,109,0.5555555555555556,1.0,5,5063.764999999999,4884.9400000000005,5000.335,4454.755,0.0,1938.799999999992,5058.665,5058.9400000000005,4926.55,198.799999999992,1522.6999999999953,-1.0,1.0,-1.0,1.0,0.0,0.0,5063.765,5108.93,2.0,150.54999999999382,-301.1000000000058,0.0,0.0,1.0,0.0,0.0,2.0,2.0,0.0
50130.98,48,109,0.4444444444444444,1.0,4,50192.15,49562.005000000005,49414.705,47541.305,0.0,5689749.999999985,50192.15,50202.7,49454.255000000005,-717199.9999999389,6767249.999999985,0.0,1.0,1.0,0.0,0.0,0.0,49562.005,51268.93,2.0,5689750.000000058,-11379499.99999997,0.0,0.0,0.0,1.0,0.0,2.0,2.0,0.0
25205.26,48,109,0.4444444444444444,1.0,4,25177.129999999997,24762.19,25181.65,24606.6,0.0,4430699.999999997,25177.129999999997,25177.129999999997,25029.55,281300.0000000102,1757099.9999999912,0.0,1.0,-1.0,0.0,0.0,0.0,25181.65,25252.48,2.0,236099.99999996944,-472200.00000001164,0.0,0.0,0.0,1.0,0.0,2.0,2.0,0.0
6946.63,0,109,0.0,0.0,0,6952.27,6860.67,6871.42,6678.745,0.0,859600.0000000003,6952.27,6952.27,6865.82,-56400.000000003274,808100.000000004,0.0,1.0,-1.0,0.0,0.0,0.0,0.0,0.0,0.0,0.0,0.0,0.0,0.0,0.0,1.0,0.0,2.0,2.0,-1.0
96.918,0,109,0.0,0.0,0,96.877,97.2315,97.501,97.95949999999999,0.0,-31.349999999999056,96.9805,96.877,97.15549999999999,4.100000000001103,-23.749999999998295,1.0,-1.0,-1.0,0.0,0.0,0.0,0.0,0.0,0.0,0.0,0.0,0.0,0.0,0.0,1.0,1.0,2.0,2.0,-1.0
1.18704,60,109,0.5555555555555556,1.0,5,1.18711,1.18669,1.183005,1.1776,0.0,3.5000000000007248,1.1873,1.188005,1.1847050000000001,-9.649999999998826,23.34999999999976,1.0,1.0,1.0,-1.0,0.0,0.0,1.18669,1.18774,2.0,3.5000000000007248,-6.999999999999229,0.0,0.0,0.0,0.0,0.0,3.0,2.0,0.0
1.36219,0,109,0.0,0.0,0,1.363785,1.36491,1.360385,1.34391,0.0,-27.200000000000557,1.3637899999999998,1.365815,1.3620700000000001,-36.24999999999989,1.1999999999989797,1.0,1.0,1.0,-1.0,0.0,0.0,0.0,0.0,0.0,0.0,0.0,0.0,0.0,0.0,0.0,0.0,3.0,2.0,-1.0
152.744,72,109,0.6666666666666666,-1.0,6,153.012,154.9615,155.7725,152.4665,0.0,-221.7500000000001,153.042,153.45850000000002,154.9615,-71.45000000000152,-221.7500000000001,1.0,-1.0,-1.0,-1.0,0.0,0.0,153.012,152.208,2.0,-26.800000000000068,53.600000000000136,0.0,1.0,0.0,0.0,0.0,3.0,2.0,0.0
0.70904,0,109,0.0,0.0,0,0.711125,0.70687,0.690525,0.6780649999999999,0.0,21.700000000000053,0.711005,0.71094,0.702195,-19.000000000000128,68.4499999999999,-1.0,1.0,1.0,-1.0,0.0,0.0,0.0,0.0,0.0,0.0,0.0,0.0,0.0,0.0,0.0,0.0,3.0,2.0,-1.0
1.36078,0,109,0.0,0.0,0,1.35955,1.35888,1.370505,1.38109,0.0,19.000000000000128,1.359745,1.3569900000000001,1.36143,37.8999999999996,-6.499999999998174,1.0,-1.0,-1.0,1.0,0.0,0.0,0.0,0.0,0.0,0.0,0.0,0.0,0.0,0.0,0.0,0.0,3.0,2.0,-1.0
0.76933,72,109,0.6666666666666666,-1.0,6,0.769585,0.770025,0.78226,0.78644,0.0,-6.950000000000012,0.768715,0.769225,0.7723150000000001,1.0499999999991072,-29.850000000001266,-1.0,-1.0,-1.0,1.0,0.0,0.0,0.76958,0.76882,2.0,-2.500000000000835,5.1000000000001044,0.0,0.0,0.0,0.0,0.0,3.0,2.0,1.0
181.311,72,109,0.6666666666666666,-1.0,6,181.666,183.516,183.8345,178.988,0.0,-220.4999999999984,181.666,181.9015,183.516,-59.04999999999916,-220.4999999999984,0.0,-1.0,-1.0,-1.0,0.0,0.0,181.666,180.601,2.0,-35.49999999999898,71.0000000000008,0.0,1.0,0.0,0.0,0.0,3.0,2.0,0.0
208.068,60,109,0.5555555555555556,-1.0,5,208.5475,210.99200000000002,211.277,206.2425,0.0,-292.40000000000066,208.5475,209.026,211.277,-95.79999999999984,-320.8999999999975,0.0,-1.0,0.0,-1.0,0.0,0.0,208.5475,207.109,2.0,-47.95000000000016,95.90000000000032,0.0,1.0,0.0,0.0,0.0,3.0,2.0,0.0
4919.66,72,109,0.6666666666666666,-1.0,6,4987.355,4998.6849999999995,5000.335,4454.755,0.0,-790.2499999999964,4981.045,4998.6849999999995,4760.715,-790.2499999999964,1589.449999999997,-1.0,0.0,-1.0,-1.0,0.0,0.0,4987.355,4784.27,2.0,-676.9499999999971,1353.8999999999942,0.0,0.0,1.0,0.0,0.0,3.0,2.0,0.0
49484.98,0,109,0.0,0.0,0,49933.6,49838.705,49414.705,47541.305,0.0,-3537249.9999999856,49933.6,49958.95,49454.255000000005,-4739699.9999999385,307249.99999998545,0.0,1.0,1.0,-1.0,0.0,0.0,0.0,0.0,0.0,0.0,0.0,0.0,0.0,0.0,1.0,0.0,3.0,2.0,-1.0
24749.26,60,109,0.5555555555555556,-1.0,5,24989.940000000002,24992.23,25181.65,24606.6,0.0,-2429700.0000000116,24989.940000000002,25011.08,25029.55,-2618200.0000000335,-2802900.000000009,0.0,1.0,-1.0,-1.0,0.0,0.0,24989.94,24267.9,2.0,-2406800.000000003,4813599.999999969,0.0,0.0,0.0,1.0,0.0,3.0,2.0,-1.0
6843.93,60,109,0.5555555555555556,-1.0,5,6898.22,6907.67,6871.42,6678.745,0.0,-637399.9999999978,6898.22,6907.67,6865.82,-637399.9999999978,-218899.99999999418,0.0,0.0,-1.0,-1.0,0.0,0.0,6871.42,6788.95,2.0,-274899.9999999978,549800.0000000048,0.0,0.0,0.0,1.0,0.0,3.0,2.0,0.0
96.916,60,109,0.5555555555555556,-1.0,5,96.8875,97.094,97.501,97.95949999999999,0.0,-17.799999999999727,96.88149999999999,96.878,97.2315,3.7999999999996703,-31.55000000000001,-1.0,-1.0,-1.0,0.0,0.0,0.0,97.094,96.91244,0.02,-17.799999999999727,0.3559999999993124,0.0,0.0,0.0,1.0,1.0,3.0,2.0,0.0
1.18675,0,109,0.0,0.0,0,1.18659,1.188075,1.183005,1.1776,0.0,-13.250000000000206,1.186615,1.186855,1.1847050000000001,-1.0500000000002174,20.449999999998525,1.0,-1.0,1.0,-1.0,0.0,0.0,0.0,0.0,0.0,0.0,0.0,0.0,0.0,0.0,0.0,0.0,4.0,2.0,-1.0
1.36502,0,109,0.0,0.0,0,1.362465,1.365105,1.360385,1.34391,0.0,-0.8500000000011276,1.3632,1.363075,1.3620700000000001,19.449999999998635,29.49999999999786,1.0,-1.0,1.0,0.0,0.0,0.0,0.0,0.0,0.0,0.0,0.0,0.0,0.0,0.0,0.0,0.0,4.0,2.0,-1.0
152.694,84,109,0.7777777777777778,-1.0,7,153.128,154.2785,155.7725,152.4665,0.0,-158.45000000000198,152.9625,153.06,154.9615,-36.60000000000139,-226.75000000000125,-1.0,-1.0,-1.0,-1.0,0.0,0.0,153.128,151.826,2.0,-43.39999999999975,86.7999999999995,0.0,1.0,0.0,0.0,0.0,4.0,2.0,0.0
0.70702,60,109,0.5555555555555556,-1.0,5,0.707075,0.7095199999999999,0.690525,0.6780649999999999,0.0,-24.999999999999467,0.70658,0.7094,0.702195,-23.800000000000487,48.24999999999968,-1.0,-1.0,1.0,-1.0,0.0,0.0,0.70708,0.70691,2.0,-0.6000000000006,1.0999999999994348,0.0,0.0,0.0,0.0,0.0,4.0,2.0,1.0
1.36166,0,109,0.0,0.0,0,1.36154,1.35708,1.370505,1.38109,0.0,45.80000000000028,1.361475,1.35964,1.36143,20.200000000001328,2.300000000001745,-1.0,1.0,-1.0,1.0,0.0,0.0,0.0,0.0,0.0,0.0,0.0,0.0,0.0,0.0,0.0,0.0,4.0,2.0,-1.0
0.76756,72,109,0.6666666666666666,-1.0,6,0.769395,0.767965,0.78226,0.78644,0.0,-4.049999999999887,0.76867,0.76923,0.771525,-16.69999999999949,-39.64999999999996,-1.0,1.0,-1.0,-1.0,0.0,0.0,0.76797,0.76675,2.0,-4.100000000000215,8.099999999999774,0.0,0.0,0.0,0.0,0.0,4.0,2.0,0.0
181.21,84,109,0.7777777777777778,-1.0,7,181.68650000000002,183.3995,183.8345,178.988,0.0,-218.9499999999981,181.526,181.666,183.516,-45.599999999998886,-230.59999999999832,-1.0,-1.0,-1.0,-1.0,0.0,0.0,181.6865,180.257,2.0,-47.64999999999873,95.3000000000003,0.0,1.0,0.0,0.0,0.0,4.0,2.0,0.0
208.432,72,109,0.6666666666666666,-1.0,6,208.5845,210.6365,211.277,206.2425,0.0,-220.45000000000243,208.5035,208.5475,211.277,-11.55000000000257,-284.4999999999999,-1.0,-1.0,0.0,-1.0,0.0,0.0,208.5845,208.127,2.0,-15.250000000000341,30.49999999999784,0.0,1.0,0.0,0.0,0.0,4.0,2.0,1.0
5042.78,60,109,0.5555555555555556,1.0,5,4967.325000000001,4998.6849999999995,5000.335,4454.755,0.0,440.95000000000255,5001.82,4981.045,4884.9400000000005,617.3499999999967,1578.3999999999924,1.0,-1.0,-1.0,1.0,0.0,0.0,5000.335,5127.67,2.0,424.4499999999971,-848.9000000000033,0.0,0.0,1.0,0.0,0.0,4.0,2.0,0.0
49459.58,0,109,0.0,0.0,0,49437.5,49797.5,49414.705,47541.305,0.0,-3379199.9999999823,49409.0,49761.6,49562.005000000005,-3020199.999999968,-1024250.0000000291,-1.0,-1.0,1.0,-1.0,0.0,0.0,0.0,0.0,0.0,0.0,0.0,0.0,0.0,0.0,1.0,0.0,4.0,2.0,-1.0
24709.86,72,109,0.6666666666666666,-1.0,6,24712.879999999997,24942.629999999997,25181.65,24606.6,0.0,-2327699.999999968,24712.879999999997,24921.489999999998,25029.55,-2116299.999999974,-3196899.999999987,0.0,-1.0,-1.0,-1.0,0.0,0.0,24712.88,24703.82,2.0,-30200.000000004366,60400.00000000873,0.0,0.0,0.0,1.0,0.0,4.0,2.0,1.0
6830.02,72,109,0.6666666666666666,-1.0,6,6836.95,6892.52,6871.42,6678.745,0.0,-625000.0,6836.95,6883.07,6865.82,-530499.9999999928,-357999.9999999927,0.0,-1.0,-1.0,-1.0,0.0,0.0,6836.95,6816.16,2.0,-69299.99999999382,138600.00000000582,0.0,0.0,0.0,1.0,0.0,4.0,2.0,0.0
96.864,72,109,0.6666666666666666,-1.0,6,96.975,96.877,97.501,97.95949999999999,0.0,-1.2999999999991019,96.9405,96.94749999999999,97.2315,-8.349999999998658,-36.74999999999926,-1.0,1.0,-1.0,-1.0,0.0,0.0,96.877,96.86374,0.02,-1.2999999999991019,0.025999999999726242,0.0,0.0,0.0,1.0,1.0,4.0,2.0,0.0
1.18506,60,109,0.5555555555555556,-1.0,5,1.18613,1.188075,1.183005,1.1776,0.0,-30.1499999999999,1.185485,1.18654,1.1847050000000001,-14.799999999999258,3.549999999998832,-1.0,-1.0,1.0,-1.0,0.0,0.0,1.18613,1.18292,2.0,-10.699999999999044,21.400000000000308,0.0,0.0,0.0,0.0,0.0,0.0,2.0,1.0
1.36272,0,109,0.0,0.0,0,1.36432,1.365105,1.360385,1.34391,0.0,-23.850000000000815,1.363585,1.36303,1.3620700000000001,-3.1000000000003247,6.499999999998174,-1.0,-1.0,1.0,0.0,0.0,0.0,0.0,0.0,0.0,0.0,0.0,0.0,0.0,0.0,0.0,0.0,0.0,2.0,-1.0
153.515,0,109,0.0,0.0,0,153.09449999999998,153.53,155.7725,152.4665,0.0,-1.500000000001478,153.4115,153.09449999999998,154.9615,42.05000000000041,-144.65000000000146,1.0,-1.0,-1.0,1.0,0.0,0.0,0.0,0.0,0.0,0.0,0.0,0.0,1.0,0.0,0.0,0.0,0.0,2.0,-1.0
0.70715,0,109,0.0,0.0,0,0.7075,0.7095199999999999,0.690705,0.6784049999999999,0.0,-23.699999999999832,0.707755,0.707055,0.702195,0.9499999999995623,49.549999999999315,1.0,-1.0,1.0,0.0,0.0,0.0,0.0,0.0,0.0,0.0,0.0,0.0,0.0,0.0,0.0,0.0,0.0,2.0,-1.0
1.36377,60,109,0.5555555555555556,1.0,5,1.36198,1.357135,1.370505,1.38109,0.0,66.34999999999947,1.36287,1.3615949999999999,1.36143,21.75000000000038,23.400000000000087,1.0,1.0,-1.0,1.0,0.0,0.0,1.36198,1.36735,2.0,17.899999999999583,-35.80000000000139,0.0,0.0,0.0,0.0,0.0,0.0,2.0,1.0
0.76952,0,109,0.0,0.0,0,0.7686949999999999,0.767965,0.78226,0.78644,0.0,15.54999999999973,0.7697099999999999,0.7686949999999999,0.770805,8.250000000000757,-12.849999999999806,1.0,1.0,-1.0,0.0,0.0,0.0,0.0,0.0,0.0,0.0,0.0,0.0,0.0,0.0,0.0,0.0,0.0,2.0,-1.0
181.921,0,109,0.0,0.0,0,181.6825,182.553,183.8345,178.9895,0.0,-63.2000000000005,181.8475,181.6825,183.516,23.849999999998772,-159.4999999999999,1.0,-1.0,-1.0,1.0,0.0,0.0,0.0,0.0,0.0,0.0,0.0,0.0,1.0,0.0,0.0,0.0,0.0,2.0,-1.0
209.2,0,109,0.0,0.0,0,208.9035,209.66,211.277,206.2425,0.0,-46.000000000000796,209.11200000000002,208.86,211.277,33.9999999999975,-207.69999999999982,1.0,-1.0,0.0,1.0,0.0,0.0,0.0,0.0,0.0,0.0,0.0,0.0,1.0,0.0,0.0,0.0,0.0,2.0,-1.0
4993.49,72,109,0.6666666666666666,-1.0,6,5005.875,4998.6849999999995,5000.335,4474.66,0.0,-51.94999999999709,4988.48,4989.84,4884.9400000000005,36.49999999999636,1085.4999999999927,-1.0,-1.0,-1.0,0.0,0.0,0.0,4998.685,4983.1,2.0,-51.950000000006185,103.89999999999418,0.0,0.0,1.0,0.0,0.0,0.0,2.0,0.0
49531.6,0,109,0.0,0.0,0,49526.275,49797.5,49414.705,47725.455,0.0,-2659000.0000000144,49618.05,49414.025,49562.005000000005,1175749.999999971,-304050.0000000611,1.0,-1.0,1.0,0.0,0.0,0.0,0.0,0.0,0.0,0.0,0.0,0.0,0.0,0.0,1.0,0.0,0.0,2.0,-1.0
24676.93,84,109,0.7777777777777778,-1.0,7,24761.08,24942.629999999997,25181.65,24619.4,0.0,-2656999.999999971,24726.940000000002,24712.879999999997,24776.4,-359499.9999999709,-994700.0000000116,-1.0,-1.0,-1.0,-1.0,0.0,0.0,24761.08,24508.63,2.0,-841500.0000000146,1682999.9999999928,0.0,0.0,0.0,1.0,0.0,0.0,2.0,0.0
6838.88,84,109,0.7777777777777778,-1.0,7,6848.7,6892.52,6871.42,6686.995,0.0,-536400.0000000033,6847.53,6836.95,6860.67,19300.00000000291,-217899.99999999965,-1.0,-1.0,-1.0,-1.0,0.0,0.0,6848.7,6819.24,2.0,-98199.99999999709,196400.00000000326,0.0,0.0,0.0,1.0,0.0,0.0,2.0,0.0
97.083,60,109,0.5555555555555556,1.0,5,96.9495,96.877,97.501,97.95949999999999,0.0,20.600000000000307,97.04249999999999,96.9495,97.2315,13.349999999999795,-14.849999999999852,1.0,1.0,-1.0,1.0,0.0,0.0,96.9495,97.08567,0.02,13.349999999999795,-0.2669999999994843,0.0,0.0,0.0,1.0,1.0,0.0,2.0,1.0
1.18527,0,109,0.0,0.0,0,1.182995,1.184925,1.183005,1.1776,0.0,3.450000000000397,1.1829749999999999,1.18363,1.1847050000000001,16.40000000000086,5.649999999999267,-1.0,-1.0,1.0,-1.0,0.0,0.0,0.0,0.0,0.0,0.0,0.0,0.0,0.0,0.0,0.0,0.0,1.0,2.0,-1.0
1.35664,72,109,0.6666666666666666,-1.0,6,1.35639,1.35834,1.360385,1.34391,0.0,-17.000000000000348,1.3532000000000002,1.35736,1.36037,-7.199999999998319,-37.30000000000011,-1.0,-1.0,-1.0,-1.0,0.0,0.0,1.35834,1.35324,2.0,-17.000000000000348,34.000000000000696,0.0,0.0,0.0,0.0,0.0,1.0,2.0,1.0
153.281,0,109,0.0,0.0,0,153.31,153.114,155.7725,152.4665,0.0,16.70000000000016,153.471,153.31,154.9615,-2.899999999999636,-168.0499999999995,1.0,1.0,-1.0,1.0,0.0,0.0,0.0,0.0,0.0,0.0,0.0,0.0,1.0,0.0,0.0,0.0,1.0,2.0,-1.0
0.70844,0,109,0.0,0.0,0,0.70591,0.70875,0.690705,0.6784049999999999,0.0,-3.1000000000003247,0.70591,0.70591,0.702195,25.299999999999212,62.44999999999945,0.0,-1.0,1.0,0.0,0.0,0.0,0.0,0.0,0.0,0.0,0.0,0.0,0.0,0.0,0.0,0.0,1.0,2.0,-1.0
1.36371,0,109,0.0,0.0,0,1.36604,1.36216,1.370505,1.38109,0.0,15.499999999999403,1.366285,1.3651149999999999,1.36143,-14.049999999998786,22.800000000000598,1.0,1.0,-1.0,1.0,0.0,0.0,0.0,0.0,0.0,0.0,0.0,0.0,0.0,0.0,0.0,0.0,1.0,2.0,-1.0
0.76998,0,109,0.0,0.0,0,0.77105,0.77033,0.78226,0.78644,0.0,-3.4999999999996145,0.771975,0.77105,0.770805,-10.700000000000154,-8.249999999999647,1.0,1.0,-1.0,1.0,0.0,0.0,0.0,0.0,0.0,0.0,0.0,0.0,0.0,0.0,0.0,0.0,1.0,2.0,-1.0
181.675,60,109,0.5555555555555556,-1.0,5,181.49099999999999,181.71699999999998,183.8345,178.9895,0.0,-4.199999999997317,181.39499999999998,181.55349999999999,183.516,12.150000000002592,-184.09999999999798,-1.0,-1.0,-1.0,0.0,0.0,0.0,181.717,181.591,2.0,-4.200000000000159,8.400000000000318,0.0,1.0,0.0,0.0,0.0,1.0,2.0,1.0
207.947,84,109,0.7777777777777778,-1.0,7,208.349,208.6705,211.1135,206.2425,0.0,-72.35000000000014,207.615,208.454,210.82850000000002,-50.7000000000005,-288.1500000000017,-1.0,-1.0,-1.0,-1.0,0.0,0.0,208.349,207.143,2.0,-40.19999999999868,80.4000000000002,0.0,1.0,0.0,0.0,0.0,1.0,2.0,0.0
4877.64,84,109,0.7777777777777778,-1.0,7,4921.344999999999,4970.385,5000.335,4474.66,0.0,-927.4499999999989,4887.635,4929.555,4884.9400000000005,-519.1499999999996,-73.00000000000182,-1.0,-1.0,-1.0,-1.0,0.0,0.0,4921.345,4790.23,2.0,-437.0499999999993,874.1000000000076,0.0,0.0,1.0,0.0,0.0,1.0,2.0,0.0
49555.48,0,109,0.0,0.0,0,49440.75,49786.95,49414.705,47725.455,0.0,-2314699.999999939,49440.75,49456.775,49562.005000000005,987050.0000000175,-65250.00000001455,0.0,-1.0,1.0,0.0,0.0,0.0,0.0,0.0,0.0,0.0,0.0,0.0,0.0,0.0,1.0,0.0,1.0,2.0,-1.0
24700.96,60,109,0.5555555555555556,-1.0,5,24600.705,24880.68,25181.65,24619.4,0.0,-1797200.0000000116,24600.705,24616.79,24762.19,841699.9999999825,-612299.9999999956,0.0,-1.0,-1.0,-1.0,0.0,0.0,24880.68,24341.52,2.0,-1797200.0000000116,3594399.999999987,0.0,0.0,0.0,1.0,0.0,1.0,2.0,0.0
6846.13,48,109,0.4444444444444444,-1.0,4,6821.0,6883.719999999999,6871.42,6686.995,0.0,-375899.9999999924,6821.0,6822.4,6860.67,237300.00000000471,-145399.99999999965,0.0,-1.0,-1.0,0.0,0.0,0.0,6871.42,6795.55,2.0,-252899.99999999965,505799.9999999993,0.0,0.0,0.0,1.0,0.0,1.0,2.0,0.0
97.115,0,109,0.0,0.0,0,97.296,97.114,97.501,97.95949999999999,0.0,0.0999999999990564,97.32,97.24950000000001,97.2315,-13.450000000001694,-11.650000000000205,1.0,1.0,-1.0,1.0,0.0,0.0,0.0,0.0,0.0,0.0,0.0,0.0,0.0,0.0,1.0,1.0,1.0,2.0,-1.0
1.1783299999999999,72,109,0.6666666666666666,-1.0,6,1.18198,1.183605,1.183005,1.1776,0.0,-52.75000000000141,1.181535,1.18198,1.1847050000000001,-36.500000000001535,-63.750000000002416,-1.0,-1.0,1.0,-1.0,0.0,0.0,1.18198,1.17103,2.0,-36.500000000001535,72.99999999999862,0.0,0.0,0.0,0.0,0.0,2.0,2.0,0.0
1.34952,84,109,0.7777777777777778,-1.0,7,1.353765,1.3582299999999998,1.360385,1.34391,0.0,-87.09999999999773,1.35372,1.35496,1.3602599999999998,-54.3999999999989,-107.3999999999975,-1.0,-1.0,-1.0,-1.0,0.0,0.0,1.35377,1.34103,2.0,-42.49999999999865,84.90000000000109,0.0,0.0,0.0,0.0,0.0,2.0,2.0,-1.0
154.817,60,109,0.5555555555555556,1.0,5,153.9665,153.61599999999999,155.7725,152.4665,0.0,120.10000000000218,154.2415,153.8585,154.9615,95.8500000000015,-14.449999999999363,1.0,1.0,-1.0,1.0,0.0,0.0,153.9665,156.518,2.0,85.05000000000109,-170.09999999999934,0.0,1.0,0.0,0.0,0.0,2.0,2.0,-1.0
0.70419,60,109,0.5555555555555556,-1.0,5,0.7060949999999999,0.70863,0.690705,0.6784049999999999,0.0,-44.39999999999999,0.7056100000000001,0.70591,0.702195,-17.20000000000055,19.94999999999969,-1.0,-1.0,1.0,-1.0,0.0,0.0,0.70609,0.70038,2.0,-19.000000000000128,38.0999999999998,0.0,0.0,0.0,0.0,0.0,2.0,2.0,0.0
1.36964,60,109,0.5555555555555556,1.0,5,1.3666,1.362965,1.370505,1.38109,0.0,66.74999999999986,1.367025,1.3666,1.36143,30.399999999999316,82.1000000000005,1.0,1.0,-1.0,1.0,0.0,0.0,1.3666,1.37572,2.0,30.399999999999316,-60.80000000000085,0.0,0.0,0.0,0.0,0.0,2.0,2.0,0.0
0.77289,60,109,0.5555555555555556,1.0,5,0.7713099999999999,0.770475,0.78226,0.78644,0.0,24.14999999999945,0.771595,0.7714099999999999,0.770745,14.800000000000368,21.449999999999527,1.0,1.0,-1.0,1.0,0.0,0.0,0.77131,0.77605,2.0,15.799999999999148,-31.600000000000517,0.0,0.0,0.0,0.0,0.0,2.0,2.0,0.0
182.424,60,109,0.5555555555555556,1.0,5,181.9715,181.66899999999998,183.8345,178.9895,0.0,75.50000000000239,182.215,181.76999999999998,183.516,65.40000000000248,-109.19999999999845,1.0,1.0,-1.0,1.0,0.0,0.0,181.9715,183.329,2.0,45.25000000000148,-90.50000000000011,0.0,1.0,0.0,0.0,0.0,2.0,2.0,-1.0
208.929,0,109,0.0,0.0,0,208.385,208.454,211.1135,206.2425,0.0,47.49999999999943,208.8485,208.2175,210.82850000000002,71.15000000000009,-189.95000000000175,1.0,-1.0,-1.0,1.0,0.0,0.0,0.0,0.0,0.0,0.0,0.0,0.0,1.0,0.0,0.0,0.0,2.0,2.0,-1.0
4979.28,0,109,0.0,0.0,0,4932.385,4959.83,5000.335,4474.66,0.0,194.49999999999818,4976.84,4926.4,4884.9400000000005,528.8000000000011,943.3999999999924,1.0,-1.0,-1.0,1.0,0.0,0.0,0.0,0.0,0.0,0.0,0.0,0.0,0.0,1.0,0.0,0.0,2.0,2.0,-1.0
49638.08,0,109,0.0,0.0,0,49660.175,49761.6,49414.705,47725.455,0.0,-1235199.9999999679,49660.175,49530.825,49562.005000000005,1072550.0000000466,760749.9999999709,0.0,-1.0,1.0,1.0,0.0,0.0,0.0,0.0,0.0,0.0,0.0,0.0,0.0,0.0,1.0,0.0,2.0,2.0,-1.0
24874.06,0,109,0.0,0.0,0,24848.795,24859.54,25181.65,24619.4,0.0,145200.00000000437,24873.88,24721.230000000003,24762.19,1528299.9999999811,1118700.000000026,1.0,-1.0,-1.0,1.0,0.0,0.0,0.0,0.0,0.0,0.0,0.0,0.0,0.0,0.0,1.0,0.0,2.0,2.0,-1.0
6875.92,60,109,0.5555555555555556,1.0,5,6871.355,6874.27,6871.42,6686.995,0.0,16499.999999996362,6877.725,6842.475,6860.67,334449.9999999971,152500.0,1.0,-1.0,-1.0,1.0,0.0,0.0,6874.27,6879.22,2.0,16499.999999996362,-33000.00000000182,0.0,0.0,0.0,1.0,0.0,2.0,2.0,1.0
97.711,72,109,0.6666666666666666,1.0,6,97.4225,97.23949999999999,97.501,97.95949999999999,0.0,47.1500000000006,97.4465,97.4105,97.2065,30.049999999999955,50.44999999999931,1.0,1.0,-1.0,1.0,0.0,0.0,97.501,97.7152,0.02,20.999999999999375,-0.4199999999997317,0.0,0.0,0.0,1.0,1.0,2.0,2.0,1.0
1.17752,60,109,0.5555555555555556,-1.0,5,1.1774749999999998,1.181235,1.183005,1.1776,0.0,-37.15000000000135,1.17599,1.179525,1.18353,-20.050000000000345,-60.100000000000705,-1.0,-1.0,1.0,-1.0,0.0,0.0,1.18124,1.17009,2.0,-37.20000000000168,74.29999999999825,0.0,0.0,0.0,0.0,0.0,3.0,2.0,0.0
1.34674,84,109,0.7777777777777778,-1.0,7,1.34753,1.35479,1.360385,1.34391,0.0,-80.4999999999989,1.3453849999999998,1.350795,1.3572899999999999,-40.5499999999992,-105.49999999999838,-1.0,-1.0,-1.0,-1.0,0.0,0.0,1.34753,1.34516,2.0,-7.899999999998464,15.800000000001369,0.0,0.0,0.0,0.0,0.0,3.0,2.0,1.0
154.959,60,109,0.5555555555555556,1.0,5,154.941,153.9475,155.65750000000003,152.4665,0.0,101.15000000000123,155.036,154.4445,154.9615,51.44999999999982,-0.24999999999977263,1.0,1.0,-1.0,1.0,0.0,0.0,154.941,154.995,2.0,1.8000000000000682,-3.6000000000001364,0.0,1.0,0.0,0.0,0.0,3.0,2.0,1.0
0.70586,0,109,0.0,0.0,0,0.7052,0.70602,0.690705,0.6784049999999999,0.0,-1.5999999999993797,0.7045699999999999,0.70524,0.70765,6.200000000000649,-17.899999999999583,-1.0,-1.0,1.0,-1.0,0.0,0.0,0.0,0.0,0.0,0.0,0.0,0.0,0.0,0.0,0.0,0.0,3.0,2.0,-1.0
1.36798,0,109,0.0,0.0,0,1.36911,1.365395,1.370505,1.38109,0.0,25.850000000000595,1.36951,1.36758,1.360935,3.9999999999995595,70.44999999999968,1.0,1.0,-1.0,1.0,0.0,0.0,0.0,0.0,0.0,0.0,0.0,0.0,0.0,0.0,0.0,0.0,3.0,2.0,-1.0
0.77476,60,109,0.5555555555555556,1.0,5,0.7724850000000001,0.7716149999999999,0.78226,0.78644,0.0,31.450000000000642,0.77532,0.7724850000000001,0.770025,22.74999999999916,47.35000000000045,1.0,1.0,-1.0,1.0,0.0,0.0,0.77249,0.77931,2.0,22.699999999999942,-45.49999999999943,0.0,0.0,0.0,0.0,0.0,3.0,2.0,0.0
182.474,0,109,0.0,0.0,0,182.57850000000002,181.983,183.8345,178.9895,0.0,49.099999999998545,182.313,182.4875,183.516,-1.3500000000021828,-104.20000000000016,-1.0,1.0,-1.0,1.0,0.0,0.0,0.0,0.0,0.0,0.0,0.0,0.0,1.0,0.0,0.0,0.0,3.0,2.0,-1.0
208.689,0,109,0.0,0.0,0,208.80599999999998,208.454,211.1135,206.2425,0.0,23.499999999998522,208.575,208.80599999999998,210.82850000000002,-11.699999999999022,-213.95000000000266,-1.0,1.0,-1.0,1.0,0.0,0.0,0.0,0.0,0.0,0.0,0.0,0.0,1.0,0.0,0.0,0.0,3.0,2.0,-1.0
4999.04,60,109,0.5555555555555556,1.0,5,4991.455,4944.025,5000.335,4474.66,0.0,550.1500000000033,4992.8099999999995,4964.24,4980.4349999999995,348.0000000000018,186.05000000000473,1.0,1.0,-1.0,1.0,0.0,0.0,4991.455,5014.21,2.0,75.85000000000036,-151.70000000000073,0.0,0.0,1.0,0.0,0.0,3.0,2.0,0.0
49361.08,60,109,0.5555555555555556,-1.0,5,49463.375,49488.075,49414.705,47725.455,0.0,-1269949.9999999534,49397.825,49545.25,49797.5,-1841699.9999999825,-4364199.999999982,-1.0,1.0,1.0,-1.0,0.0,0.0,49414.705,49253.83,2.0,-536250.0,1072500.0,0.0,0.0,0.0,1.0,0.0,3.0,2.0,0.0
24768.36,0,109,0.0,0.0,0,24834.29,24721.230000000003,25181.65,24619.4,0.0,471299.9999999738,24787.105000000003,24872.13,24880.68,-1037700.0000000044,-1123199.9999999972,-1.0,1.0,-1.0,0.0,0.0,0.0,0.0,0.0,0.0,0.0,0.0,0.0,0.0,0.0,1.0,0.0,3.0,2.0,-1.0
6856.82,0,109,0.0,0.0,0,6864.27,6842.475,6871.42,6686.995,0.0,143449.99999999345,6855.27,6870.975,6883.719999999999,-141550.00000000655,-268999.9999999964,-1.0,1.0,1.0,0.0,0.0,0.0,0.0,0.0,0.0,0.0,0.0,0.0,0.0,0.0,1.0,0.0,3.0,2.0,-1.0
97.794,72,109,0.6666666666666666,1.0,6,97.77250000000001,97.429,97.501,97.95949999999999,0.0,36.49999999999949,97.9315,97.60849999999999,97.275,18.550000000000466,51.899999999999125,1.0,1.0,-1.0,1.0,0.0,0.0,97.7725,97.79443,0.02,2.1500000000003183,-0.04300000000085902,0.0,0.0,0.0,1.0,1.0,3.0,2.0,1.0
1.17852,0,109,0.0,0.0,0,1.1775449999999998,1.180275,1.183005,1.1776,0.0,-17.54999999999951,1.17814,1.1774749999999998,1.18353,10.450000000001847,-50.09999999999959,1.0,-1.0,1.0,0.0,0.0,0.0,0.0,0.0,0.0,0.0,0.0,0.0,0.0,0.0,0.0,0.0,4.0,2.0,-1.0
1.3484099999999999,0,109,0.0,0.0,0,1.347495,1.353705,1.360385,1.34391,0.0,-52.9500000000005,1.348765,1.34744,1.3572899999999999,9.699999999999154,-88.79999999999998,1.0,-1.0,-1.0,0.0,0.0,0.0,0.0,0.0,0.0,0.0,0.0,0.0,0.0,0.0,0.0,0.0,4.0,2.0,-1.0
155.022,0,109,0.0,0.0,0,155.17649999999998,154.16899999999998,155.65750000000003,152.4665,0.0,85.30000000000086,155.1245,155.0905,154.2785,-6.850000000000023,74.34999999999832,-1.0,1.0,-1.0,1.0,0.0,0.0,0.0,0.0,0.0,0.0,0.0,0.0,1.0,0.0,0.0,0.0,4.0,2.0,-1.0
0.70843,72,109,0.6666666666666666,1.0,6,0.70548,0.70548,0.6907300000000001,0.6784049999999999,0.0,29.50000000000008,0.70672,0.70548,0.70811,29.50000000000008,3.1999999999998696,1.0,0.0,1.0,1.0,0.0,0.0,0.70548,0.71433,2.0,29.50000000000008,-59.00000000000016,0.0,0.0,0.0,0.0,0.0,4.0,2.0,0.0
1.3679299999999999,0,109,0.0,0.0,0,1.369005,1.36667,1.370505,1.38109,0.0,12.599999999998168,1.369005,1.36911,1.360935,-11.800000000001809,69.94999999999862,0.0,1.0,-1.0,0.0,0.0,0.0,0.0,0.0,0.0,0.0,0.0,0.0,0.0,0.0,0.0,0.0,4.0,2.0,-1.0
0.77509,0,109,0.0,0.0,0,0.77513,0.7726599999999999,0.782195,0.78644,0.0,24.30000000000043,0.77513,0.7750349999999999,0.7700549999999999,0.5500000000002725,50.350000000000115,0.0,1.0,-1.0,1.0,0.0,0.0,0.0,0.0,0.0,0.0,0.0,0.0,0.0,0.0,0.0,0.0,4.0,2.0,-1.0
182.7,60,109,0.5555555555555556,1.0,5,182.656,181.983,183.8345,178.9895,0.0,71.69999999999845,182.7815,182.5505,183.3995,14.949999999998909,-69.95000000000005,1.0,1.0,-1.0,1.0,0.0,0.0,182.656,182.788,2.0,4.399999999998272,-8.800000000002228,0.0,1.0,0.0,0.0,0.0,4.0,2.0,0.0
209.033,60,109,0.5555555555555556,1.0,5,209.03,208.4525,211.1135,206.2425,0.0,58.05000000000007,209.311,208.8785,210.473,15.449999999998454,-144.00000000000261,1.0,1.0,-1.0,1.0,0.0,0.0,209.03,209.039,2.0,0.2999999999985903,-0.6000000000000227,0.0,1.0,0.0,0.0,0.0,4.0,2.0,0.0
5103.59,72,109,0.6666666666666666,1.0,6,5041.55,4973.4400000000005,5000.335,4474.66,0.0,1301.4999999999964,5047.905000000001,5034.165,4980.4349999999995,694.2500000000018,1231.5500000000065,1.0,1.0,-1.0,1.0,0.0,0.0,5041.55,5227.67,2.0,620.3999999999996,-1240.7999999999993,0.0,0.0,1.0,0.0,0.0,4.0,2.0,1.0
49629.68,60,109,0.5555555555555556,1.0,5,49431.3,49522.975000000006,49414.705,47725.455,0.0,1067049.9999999446,49431.3,49431.3,49797.5,1983799.999999974,-1678199.9999999972,0.0,-1.0,1.0,1.0,0.0,0.0,49522.975,49843.09,2.0,1067050.0000000175,-2134099.9999999623,0.0,0.0,0.0,1.0,0.0,4.0,2.0,0.0
25014.05,0,109,0.0,0.0,0,24848.78,24729.43,25181.65,24619.4,0.0,2846199.9999999898,24848.78,24848.78,24880.68,1652700.0000000044,1333699.9999999898,0.0,1.0,-1.0,1.0,0.0,0.0,0.0,0.0,0.0,0.0,0.0,0.0,0.0,0.0,1.0,0.0,4.0,2.0,-1.0
6909.62,72,109,0.6666666666666666,1.0,6,6874.07,6845.32,6871.42,6686.995,0.0,643000.0000000019,6874.07,6873.82,6883.719999999999,358000.0000000018,259000.00000000547,0.0,1.0,1.0,1.0,0.0,0.0,6874.07,6980.72,2.0,355500.0000000018,-711000.0000000036,0.0,0.0,0.0,1.0,0.0,4.0,2.0,0.0
97.734,0,109,0.0,0.0,0,97.8215,97.523,97.5,97.95949999999999,0.0,21.099999999999852,97.786,97.8215,97.276,-8.750000000000568,45.79999999999984,-1.0,1.0,-1.0,1.0,0.0,0.0,0.0,0.0,0.0,0.0,0.0,0.0,0.0,0.0,1.0,1.0,4.0,2.0,-1.0
1.17859,60,109,0.5555555555555556,-1.0,5,1.1804549999999998,1.17997,1.183005,1.1776,0.0,-13.799999999999368,1.17941,1.179495,1.18346,-9.049999999999336,-48.6999999999993,-1.0,-1.0,1.0,1.0,0.0,0.0,1.17997,1.17583,2.0,-13.799999999999368,27.600000000000957,0.0,0.0,0.0,0.0,0.0,0.0,2.0,0.0
1.3492899999999999,72,109,0.6666666666666666,-1.0,6,1.35049,1.350795,1.360385,1.34391,0.0,-15.050000000000896,1.350375,1.34977,1.3572899999999999,-4.8000000000003595,-80.00000000000007,-1.0,-1.0,-1.0,0.0,0.0,0.0,1.35049,1.34689,2.0,-12.000000000000899,23.999999999999577,0.0,0.0,0.0,0.0,0.0,0.0,2.0,0.0
154.708,0,109,0.0,0.0,0,154.5795,154.35199999999998,155.65750000000003,152.4665,0.0,35.6000000000023,154.58350000000002,154.7665,153.9535,-5.850000000000932,75.45000000000073,1.0,1.0,-1.0,-1.0,0.0,0.0,0.0,0.0,0.0,0.0,0.0,0.0,1.0,0.0,0.0,0.0,0.0,2.0,-1.0
0.70556,0,109,0.0,0.0,0,0.708,0.706345,0.6907300000000001,0.6784049999999999,0.0,-7.850000000000357,0.706525,0.7075849999999999,0.70811,-20.249999999999435,-25.500000000000522,-1.0,1.0,1.0,0.0,0.0,0.0,0.0,0.0,0.0,0.0,0.0,0.0,0.0,0.0,0.0,0.0,0.0,2.0,-1.0
1.36985,60,109,0.5555555555555556,1.0,5,1.367605,1.367325,1.369915,1.38109,0.0,25.250000000001105,1.36856,1.3679649999999999,1.360935,18.850000000001366,89.15000000000006,1.0,1.0,-1.0,1.0,0.0,0.0,1.3676,1.37434,2.0,22.500000000000853,-44.899999999998826,0.0,0.0,0.0,0.0,0.0,0.0,2.0,0.0
0.77451,0,109,0.0,0.0,0,0.773915,0.7729550000000001,0.781325,0.78644,0.0,15.54999999999973,0.77484,0.774115,0.770975,3.950000000000342,35.35000000000066,1.0,1.0,-1.0,0.0,0.0,0.0,0.0,0.0,0.0,0.0,0.0,0.0,0.0,0.0,0.0,0.0,0.0,2.0,-1.0
182.333,60,109,0.5555555555555556,-1.0,5,182.3965,182.1725,183.8345,179.3065,0.0,16.049999999998477,182.3025,182.541,182.2475,-20.79999999999984,8.549999999999613,-1.0,1.0,-1.0,-1.0,0.0,0.0,182.3965,182.206,2.0,-6.3500000000004775,12.700000000000955,0.0,1.0,0.0,0.0,0.0,0.0,2.0,1.0
208.746,0,109,0.0,0.0,0,208.6725,208.469,211.1135,206.2425,0.0,27.700000000001523,208.6125,208.9035,208.9395,-15.749999999999886,-19.350000000000023,-1.0,1.0,-1.0,-1.0,0.0,0.0,0.0,0.0,0.0,0.0,0.0,0.0,1.0,0.0,0.0,0.0,0.0,2.0,-1.0
5231.23,84,109,0.7777777777777778,1.0,7,5153.139999999999,5039.889999999999,5000.335,4517.545,0.0,1913.4000000000015,5189.555,5114.355,5039.889999999999,1168.75,1913.4000000000015,1.0,1.0,1.0,1.0,0.0,0.0,5153.14,5387.41,2.0,780.8999999999924,-1561.800000000003,0.0,0.0,1.0,0.0,0.0,0.0,2.0,0.0
48835.18,60,109,0.5555555555555556,-1.0,5,49221.4,49312.775,49414.705,47725.455,0.0,-4775950.000000011,49221.4,49221.4,49611.65,-3862200.0000000116,-7764700.000000011,0.0,-1.0,1.0,-1.0,0.0,0.0,49221.4,48062.74,2.0,-3862200.0000000116,7724400.000000023,0.0,0.0,0.0,1.0,0.0,0.0,2.0,0.0
24725.55,72,109,0.6666666666666666,-1.0,6,24833.98,24729.43,25181.65,24619.4,0.0,-38800.000000010186,24795.98,24844.23,24880.68,-1186800.0000000028,-1551300.0000000102,-1.0,1.0,-1.0,-1.0,0.0,0.0,24729.43,24717.79,2.0,-38800.000000010186,77599.999999984,0.0,0.0,0.0,1.0,0.0,0.0,2.0,1.0
6843.62,0,109,0.0,0.0,0,6868.77,6846.17,6871.42,6686.995,0.0,-25500.00000000182,6868.77,6868.77,6883.719999999999,-251500.00000000547,-400999.9999999945,0.0,1.0,1.0,-1.0,0.0,0.0,0.0,0.0,0.0,0.0,0.0,0.0,0.0,0.0,1.0,0.0,0.0,2.0,-1.0
97.711,60,109,0.5555555555555556,1.0,5,97.61500000000001,97.5855,97.3925,97.95949999999999,0.0,12.550000000000239,97.662,97.6665,97.276,4.449999999999932,43.50000000000023,1.0,1.0,-1.0,0.0,0.0,0.0,97.615,97.71292,0.02,9.600000000000364,-0.19199999999983675,0.0,0.0,0.0,1.0,1.0,0.0,2.0,1.0
1.1773500000000001,84,109,0.7777777777777778,-1.0,7,1.178115,1.17883,1.18577,1.1776,0.0,-14.799999999999258,1.17781,1.178805,1.181595,-14.54999999999984,-42.449999999998326,-1.0,-1.0,-1.0,-1.0,0.0,0.0,1.17812,1.17582,2.0,-7.699999999999374,15.300000000000313,0.0,0.0,0.0,0.0,0.0,1.0,2.0,0.0
1.3492199999999999,0,109,0.0,0.0,0,1.350305,1.349615,1.363475,1.34391,0.0,-3.9500000000014523,1.350645,1.350305,1.35526,-10.850000000002247,-60.40000000000045,1.0,1.0,-1.0,0.0,0.0,0.0,0.0,0.0,0.0,0.0,0.0,0.0,0.0,0.0,0.0,0.0,1.0,2.0,-1.0
155.893,72,109,0.6666666666666666,1.0,6,155.3985,155.095,155.65750000000003,152.4665,0.0,79.80000000000018,155.8765,155.24650000000003,154.2715,64.64999999999748,162.14999999999975,1.0,1.0,-1.0,1.0,0.0,0.0,155.6575,156.364,2.0,23.550000000000182,-47.100000000000364,0.0,1.0,0.0,0.0,0.0,1.0,2.0,0.0
0.70578,0,109,0.0,0.0,0,0.704995,0.706345,0.69268,0.6784049999999999,0.0,-5.650000000000377,0.704825,0.70552,0.70811,2.5999999999992696,-23.300000000000544,-1.0,-1.0,1.0,-1.0,0.0,0.0,0.0,0.0,0.0,0.0,0.0,0.0,0.0,0.0,0.0,0.0,1.0,2.0,-1.0
1.36995,60,109,0.5555555555555556,1.0,5,1.3706049999999999,1.36866,1.368015,1.38109,0.0,12.900000000000134,1.370965,1.369615,1.36401,3.349999999999742,59.40000000000056,1.0,1.0,-1.0,1.0,0.0,0.0,1.36866,1.37253,2.0,12.900000000000134,-25.800000000000267,0.0,0.0,0.0,0.0,0.0,1.0,2.0,0.0
0.77407,60,109,0.5555555555555556,-1.0,5,0.774805,0.7729550000000001,0.7794449999999999,0.78644,0.0,11.149999999999771,0.77406,0.77492,0.77194,-8.500000000000174,21.300000000000765,-1.0,1.0,-1.0,-1.0,0.0,0.0,0.7748,0.7726,2.0,-7.300000000000084,14.700000000000824,0.0,0.0,0.0,0.0,0.0,1.0,2.0,1.0
183.538,0,109,0.0,0.0,0,183.13850000000002,183.083,183.8345,179.3065,0.0,45.50000000000125,183.601,183.083,182.4905,45.50000000000125,104.75000000000136,1.0,0.0,-1.0,1.0,0.0,0.0,0.0,0.0,0.0,0.0,0.0,0.0,1.0,0.0,0.0,0.0,1.0,2.0,-1.0
210.334,60,109,0.5555555555555556,1.0,5,209.63350000000003,209.457,211.1135,206.2425,0.0,87.70000000000095,210.4875,209.482,209.031,85.20000000000039,130.29999999999973,1.0,1.0,-1.0,1.0,0.0,0.0,209.6335,211.735,2.0,70.05000000000052,-140.10000000000105,0.0,1.0,0.0,0.0,0.0,1.0,2.0,1.0
5148.0,0,109,0.0,0.0,0,5171.55,5100.915,5000.335,4517.545,0.0,470.85000000000036,5133.305,5171.55,5045.805,-235.50000000000182,1021.9499999999971,-1.0,1.0,1.0,0.0,0.0,0.0,0.0,0.0,0.0,0.0,0.0,0.0,0.0,1.0,0.0,0.0,1.0,2.0,-1.0
49166.98,0,109,0.0,0.0,0,49009.850000000006,49312.775,49414.705,47725.455,0.0,-1457949.9999999825,49022.55,49221.4,49586.3,-544199.9999999825,-4193199.999999997,1.0,-1.0,1.0,-1.0,0.0,0.0,0.0,0.0,0.0,0.0,0.0,0.0,0.0,0.0,1.0,0.0,1.0,2.0,-1.0
24966.56,0,109,0.0,0.0,0,24823.33,24844.23,25181.65,24619.4,0.0,1223300.0000000175,24832.629999999997,24816.48,24859.54,1500800.0000000175,1070200.0000000044,1.0,-1.0,-1.0,1.0,0.0,0.0,0.0,0.0,0.0,0.0,0.0,0.0,0.0,0.0,1.0,0.0,1.0,2.0,-1.0
6887.22,60,109,0.5555555555555556,1.0,5,6857.6,6866.620000000001,6871.42,6686.995,0.0,205999.99999999453,6857.6,6866.620000000001,6874.27,205999.99999999453,129499.99999999818,0.0,0.0,1.0,1.0,0.0,0.0,6871.42,6918.82,2.0,158000.0000000018,-315999.9999999945,0.0,0.0,0.0,1.0,0.0,1.0,2.0,1.0
97.86,84,109,0.7777777777777778,1.0,7,97.757,97.702,97.3075,97.95949999999999,0.0,15.800000000000125,97.85149999999999,97.74799999999999,97.4025,11.200000000000898,45.7499999999996,1.0,1.0,1.0,1.0,0.0,0.0,97.757,97.86206,0.02,10.299999999999443,-0.20600000000001728,0.0,0.0,0.0,1.0,1.0,1.0,2.0,0.0
1.18091,60,109,0.5555555555555556,1.0,5,1.179265,1.17883,1.187655,1.1776,0.0,20.799999999998597,1.17936,1.1790150000000001,1.18133,18.94999999999758,-4.20000000000087,1.0,1.0,-1.0,1.0,0.0,0.0,1.17927,1.1842,2.0,16.399999999998638,-32.90000000000015,0.0,0.0,0.0,0.0,0.0,2.0,2.0,0.0
1.35577,60,109,0.5555555555555556,1.0,5,1.3525900000000002,1.349985,1.363475,1.34391,0.0,57.84999999999929,1.353605,1.352115,1.35479,36.54999999999964,9.799999999999809,1.0,1.0,-1.0,1.0,0.0,0.0,1.35259,1.36213,2.0,31.799999999999606,-63.60000000000143,0.0,0.0,0.0,0.0,0.0,2.0,2.0,0.0
156.379,72,109,0.6666666666666666,1.0,6,156.0815,155.4085,155.65750000000003,152.4665,0.0,97.0499999999987,156.49900000000002,156.0815,154.687,29.749999999998522,169.19999999999789,1.0,1.0,-1.0,1.0,0.0,0.0,156.0815,156.974,2.0,29.749999999998522,-59.499999999999886,0.0,1.0,0.0,0.0,0.0,2.0,2.0,0.0
0.71237,84,109,0.7777777777777778,1.0,7,0.709085,0.707045,0.69372,0.6784049999999999,0.0,53.24999999999913,0.7106600000000001,0.707605,0.707045,47.64999999999908,53.24999999999913,1.0,1.0,1.0,1.0,0.0,0.0,0.70908,0.71894,2.0,32.89999999999904,-65.70000000000076,0.0,0.0,0.0,0.0,0.0,2.0,2.0,0.0
1.36744,60,109,0.5555555555555556,-1.0,5,1.368995,1.36866,1.3663049999999999,1.38109,0.0,-12.199999999999989,1.3689,1.369915,1.36591,-24.75000000000005,15.300000000000313,-1.0,1.0,-1.0,-1.0,0.0,0.0,1.36866,1.365,2.0,-12.199999999999989,24.399999999999977,0.0,0.0,0.0,0.0,0.0,2.0,2.0,0.0
0.77283,84,109,0.7777777777777778,-1.0,7,0.7738050000000001,0.774115,0.77866,0.78644,0.0,-12.849999999999806,0.773485,0.7738050000000001,0.7720849999999999,-9.750000000000592,7.450000000001067,-1.0,-1.0,-1.0,-1.0,0.0,0.0,0.77381,0.77088,2.0,-9.799999999999809,19.50000000000007,0.0,0.0,0.0,0.0,0.0,2.0,2.0,1.0
184.668,72,109,0.6666666666666666,1.0,6,183.98,183.3765,183.8345,179.3065,0.0,129.15000000000134,184.57549999999998,183.98,182.7905,68.80000000000166,187.74999999999977,1.0,1.0,-1.0,1.0,0.0,0.0,183.98,186.044,2.0,68.80000000000166,-137.60000000000048,0.0,1.0,0.0,0.0,0.0,2.0,2.0,0.0
212.014,72,109,0.6666666666666666,1.0,6,211.05349999999999,210.1195,211.1135,206.2425,0.0,189.4500000000022,211.7875,211.04500000000002,209.6685,96.89999999999941,234.55000000000155,1.0,1.0,-1.0,1.0,0.0,0.0,211.1135,213.815,2.0,90.05000000000223,-180.09999999999877,0.0,1.0,0.0,0.0,0.0,2.0,2.0,0.0
5170.69,72,109,0.6666666666666666,1.0,6,5172.58,5106.53,5000.335,4517.545,0.0,641.5999999999985,5181.55,5155.47,5045.805,152.19999999999345,1248.849999999993,1.0,1.0,1.0,1.0,0.0,0.0,5106.53,5299.01,2.0,641.5999999999985,-1283.2000000000062,0.0,0.0,1.0,0.0,0.0,2.0,2.0,1.0
49454.68,60,109,0.5555555555555556,1.0,5,49310.145000000004,49221.4,49414.705,47725.455,0.0,2332799.9999999884,49365.315,49144.89,49312.775,3097900.000000009,1419049.9999999884,1.0,-1.0,-1.0,1.0,0.0,0.0,49414.705,49534.63,2.0,399749.99999998545,-799499.9999999709,0.0,0.0,0.0,1.0,0.0,2.0,2.0,0.0
25401.26,72,109,0.6666666666666666,1.0,6,25187.995,25026.445,25181.65,24619.4,0.0,3748149.999999987,25257.754999999997,25042.595,24911.645,3586649.9999999725,4896149.9999999795,1.0,1.0,-1.0,1.0,0.0,0.0,25187.995,25827.79,2.0,2132649.9999999944,-4265300.000000025,0.0,0.0,0.0,1.0,0.0,2.0,2.0,0.0
6959.53,72,109,0.6666666666666666,1.0,6,6924.55,6892.450000000001,6871.42,6686.995,0.0,670799.9999999902,6939.1,6892.450000000001,6872.0,670799.9999999902,875299.9999999974,1.0,0.0,1.0,1.0,0.0,0.0,6924.55,7029.49,2.0,349799.99999999563,-699600.0000000003,0.0,0.0,0.0,1.0,0.0,2.0,2.0,0.0
97.661,0,109,0.0,0.0,0,97.794,97.702,97.1965,97.95949999999999,0.0,-4.099999999999682,97.785,97.794,97.43,-13.299999999999557,23.099999999999454,-1.0,1.0,1.0,-1.0,0.0,0.0,0.0,0.0,0.0,0.0,0.0,0.0,0.0,0.0,1.0,1.0,2.0,2.0,-1.0
1.17993,0,109,0.0,0.0,0,1.18014,1.179495,1.187655,1.1776,0.0,4.349999999999632,1.179535,1.179995,1.18062,-0.6499999999998174,-6.900000000000794,-1.0,1.0,-1.0,1.0,0.0,0.0,0.0,0.0,0.0,0.0,0.0,0.0,0.0,0.0,0.0,0.0,3.0,2.0,-1.0
1.34846,72,109,0.6666666666666666,-1.0,6,1.35101,1.35101,1.363495,1.34391,0.0,-25.500000000000522,1.3500800000000002,1.35101,1.35479,-25.500000000000522,-63.29999999999947,-1.0,0.0,-1.0,-1.0,0.0,0.0,1.35101,1.34336,2.0,-25.500000000000522,50.99999999999882,0.0,0.0,0.0,0.0,0.0,3.0,2.0,1.0
156.09,0,109,0.0,0.0,0,156.0905,155.4085,155.65750000000003,152.4665,0.0,68.14999999999998,156.12900000000002,156.26049999999998,154.687,-17.049999999997567,140.29999999999916,1.0,1.0,-1.0,0.0,0.0,0.0,0.0,0.0,0.0,0.0,0.0,0.0,1.0,0.0,0.0,0.0,3.0,2.0,-1.0
0.71062,72,109,0.6666666666666666,1.0,6,0.710155,0.708135,0.69503,0.6784049999999999,0.0,24.850000000000705,0.7095400000000001,0.710155,0.7075750000000001,4.650000000000487,30.449999999999644,-1.0,1.0,1.0,1.0,0.0,0.0,0.71015,0.71155,2.0,4.700000000000815,-9.299999999999864,0.0,0.0,0.0,0.0,0.0,3.0,2.0,0.0
1.36814,60,109,0.5555555555555556,-1.0,5,1.36857,1.36866,1.3663049999999999,1.38109,0.0,-5.20000000000076,1.3692250000000001,1.36857,1.366295,-4.300000000001525,18.449999999998745,1.0,-1.0,-1.0,-1.0,0.0,0.0,1.36857,1.36728,2.0,-4.300000000001525,8.599999999998609,0.0,0.0,0.0,0.0,0.0,3.0,2.0,1.0
0.77398,0,109,0.0,0.0,0,0.77278,0.773695,0.77849,0.78644,0.0,2.849999999999797,0.77417,0.772965,0.7720849999999999,10.149999999999881,18.950000000000912,1.0,-1.0,-1.0,0.0,0.0,0.0,0.0,0.0,0.0,0.0,0.0,0.0,0.0,0.0,0.0,0.0,3.0,2.0,-1.0
184.172,0,109,0.0,0.0,0,184.272,183.3765,183.8345,179.3065,0.0,79.55000000000041,184.11950000000002,184.292,182.7905,-12.000000000000455,138.14999999999884,-1.0,1.0,-1.0,0.0,0.0,0.0,0.0,0.0,0.0,0.0,0.0,0.0,1.0,0.0,0.0,0.0,3.0,2.0,-1.0
210.482,0,109,0.0,0.0,0,211.168,210.1195,211.1135,206.2425,0.0,36.25000000000114,210.90699999999998,211.184,209.6685,-70.19999999999982,81.35000000000048,-1.0,1.0,-1.0,0.0,0.0,0.0,0.0,0.0,0.0,0.0,0.0,0.0,1.0,0.0,0.0,0.0,3.0,2.0,-1.0
5187.0,72,109,0.6666666666666666,1.0,6,5169.235000000001,5120.27,5000.335,4517.545,0.0,667.2999999999956,5165.605,5173.855,5045.805,131.45000000000437,1411.949999999997,-1.0,1.0,1.0,1.0,0.0,0.0,5169.235,5222.53,2.0,177.65000000000327,-355.29999999999745,0.0,0.0,1.0,0.0,0.0,3.0,2.0,0.0
49352.28,0,109,0.0,0.0,0,49529.425,49279.100000000006,49454.255000000005,47725.455,0.0,731799.9999999302,49529.425,49512.225000000006,49312.775,-1599450.0000000698,395049.9999999738,0.0,1.0,-1.0,1.0,0.0,0.0,0.0,0.0,0.0,0.0,0.0,0.0,0.0,0.0,1.0,0.0,3.0,2.0,-1.0
24996.56,60,109,0.5555555555555556,-1.0,5,25129.095,25026.445,25181.65,24619.4,0.0,-298849.999999984,25090.79,25129.095,24911.645,-1325349.9999999986,849150.0000000087,-1.0,1.0,-1.0,0.0,0.0,0.0,25026.445,24936.79,2.0,-298849.999999984,597700.0000000044,0.0,0.0,0.0,1.0,0.0,3.0,2.0,1.0
6896.23,0,109,0.0,0.0,0,6913.85,6892.450000000001,6871.42,6686.995,0.0,37799.99999998836,6908.57,6913.85,6872.0,-176200.000000008,242299.99999999563,-1.0,1.0,1.0,0.0,0.0,0.0,0.0,0.0,0.0,0.0,0.0,0.0,0.0,0.0,1.0,0.0,3.0,2.0,-1.0
97.777,72,109,0.6666666666666666,1.0,6,97.7365,97.6665,97.1805,97.95949999999999,0.0,11.050000000000182,97.7895,97.7365,97.477,4.049999999999443,29.999999999999716,1.0,1.0,1.0,0.0,0.0,0.0,97.7365,97.77781,0.02,4.049999999999443,-0.08100000000013097,0.0,0.0,0.0,1.0,1.0,3.0,2.0,0.0
1.18118,60,109,0.5555555555555556,1.0,5,1.18079,1.179745,1.1905649999999999,1.1776,0.0,14.34999999999853,1.18086,1.180035,1.17997,11.449999999999516,12.099999999999334,1.0,1.0,-1.0,1.0,0.0,0.0,1.18079,1.18196,2.0,3.8999999999989043,-7.800000000000029,0.0,0.0,0.0,0.0,0.0,4.0,2.0,0.0
1.34774,72,109,0.6666666666666666,-1.0,6,1.34738,1.350725,1.36512,1.34391,0.0,-29.850000000000154,1.346495,1.3497949999999999,1.35331,-20.54999999999918,-55.70000000000075,-1.0,-1.0,-1.0,-1.0,0.0,0.0,1.35072,1.34177,2.0,-29.799999999999827,59.70000000000031,0.0,0.0,0.0,0.0,0.0,4.0,2.0,1.0
156.11,60,109,0.5555555555555556,1.0,5,155.8835,155.51850000000002,155.65750000000003,152.4665,0.0,59.149999999999636,156.051,155.98250000000002,154.75900000000001,12.749999999999773,135.0999999999999,1.0,1.0,-1.0,0.0,0.0,0.0,155.8835,156.563,2.0,22.65000000000157,-45.29999999999745,0.0,1.0,0.0,0.0,0.0,4.0,2.0,1.0
0.71141,72,109,0.6666666666666666,1.0,6,0.710915,0.708135,0.699055,0.6784049999999999,0.0,32.75000000000028,0.710915,0.70994,0.7075750000000001,14.699999999999713,38.34999999999922,0.0,1.0,1.0,1.0,0.0,0.0,0.71091,0.7124,2.0,4.999999999999449,-9.900000000000464,0.0,0.0,0.0,0.0,0.0,4.0,2.0,0.0
1.36478,60,109,0.5555555555555556,-1.0,5,1.365535,1.36749,1.36405,1.38109,0.0,-27.099999999999902,1.36548,1.36686,1.36749,-20.799999999998597,-27.099999999999902,-1.0,-1.0,1.0,-1.0,0.0,0.0,1.36553,1.36327,2.0,-7.499999999998064,15.100000000001224,0.0,0.0,0.0,0.0,0.0,4.0,2.0,1.0
0.7695,84,109,0.7777777777777778,-1.0,7,0.770885,0.771865,0.77595,0.78644,0.0,-23.650000000000617,0.76946,0.771265,0.77218,-17.650000000000166,-26.800000000000157,-1.0,-1.0,-1.0,-1.0,0.0,0.0,0.77089,0.76673,2.0,-13.900000000000023,27.69999999999939,0.0,0.0,0.0,0.0,0.0,4.0,2.0,0.0
184.401,72,109,0.6666666666666666,1.0,6,184.12099999999998,183.3765,183.8345,179.3065,0.0,102.45000000000175,184.2585,184.12099999999998,182.7905,28.000000000002956,161.05000000000018,1.0,1.0,-1.0,1.0,0.0,0.0,184.121,184.961,2.0,28.000000000000114,-56.00000000000023,0.0,1.0,0.0,0.0,0.0,4.0,2.0,0.0
210.398,0,109,0.0,0.0,0,210.30349999999999,210.1195,211.1135,206.2425,0.0,27.85000000000082,210.1335,210.671,209.6685,-27.299999999999613,72.95000000000016,-1.0,1.0,-1.0,-1.0,0.0,0.0,0.0,0.0,0.0,0.0,0.0,0.0,1.0,0.0,0.0,0.0,4.0,2.0,-1.0
5277.51,84,109,0.7777777777777778,1.0,7,5222.795,5186.13,5000.335,4517.545,0.0,913.8000000000011,5232.725,5204.514999999999,5060.385,729.950000000008,2171.25,1.0,1.0,1.0,1.0,0.0,0.0,5222.795,5386.94,2.0,547.1500000000015,-1094.2999999999938,0.0,0.0,1.0,0.0,0.0,4.0,2.0,1.0
48875.48,72,109,0.6666666666666666,-1.0,6,49112.45,49247.350000000006,49454.255000000005,47725.455,0.0,-3718700.000000026,48903.555,49247.350000000006,49281.025,-3718700.000000026,-4055449.9999999823,-1.0,0.0,-1.0,-1.0,0.0,0.0,49112.45,48401.54,2.0,-2369699.999999939,4739400.000000023,0.0,0.0,0.0,1.0,0.0,4.0,2.0,1.0
24906.76,60,109,0.5555555555555556,-1.0,5,24898.74,25026.445,25181.65,24619.4,0.0,-1196850.000000013,24867.730000000003,25053.34,24911.645,-1465800.0000000175,-48850.00000002037,-1.0,1.0,-1.0,-1.0,0.0,0.0,25026.445,24667.39,2.0,-1196850.000000013,2393699.9999999898,0.0,0.0,0.0,1.0,0.0,4.0,2.0,1.0
6864.43,60,109,0.5555555555555556,-1.0,5,6872.425,6892.450000000001,6871.42,6686.995,0.0,-280200.00000000437,6857.120000000001,6894.57,6872.0,-301399.9999999942,-75699.99999999709,-1.0,1.0,1.0,-1.0,0.0,0.0,6871.42,6850.45,2.0,-69899.99999999782,139800.00000000471,0.0,0.0,0.0,1.0,0.0,4.0,2.0,1.0
97.666,0,109,0.0,0.0,0,97.762,97.7365,96.9915,97.95949999999999,0.0,-7.050000000000978,97.6965,97.762,97.5685,-9.600000000000364,9.749999999999659,-1.0,1.0,1.0,-1.0,0.0,0.0,0.0,0.0,0.0,0.0,0.0,0.0,0.0,0.0,1.0,1.0,4.0,2.0,-1.0
1.16904,84,109,0.7777777777777778,-1.0,7,1.1748750000000001,1.17503,1.187735,1.1776,0.0,-59.899999999999395,1.16978,1.174925,1.176455,-58.849999999999184,-74.1499999999995,-1.0,-1.0,-1.0,-1.0,0.0,0.0,1.17488,1.15737,2.0,-58.39999999999846,116.7000000000007,0.0,0.0,0.0,0.0,0.0,0.0,3.0,1.0
1.3405,72,109,0.6666666666666666,-1.0,6,1.34022,1.3444500000000001,1.3591199999999999,1.34391,0.0,-39.5000000000012,1.33956,1.34022,1.344795,2.80000000000058,-42.94999999999938,-1.0,-1.0,-1.0,-1.0,0.0,0.0,1.34445,1.3326,2.0,-39.49999999999898,79.00000000000018,0.0,0.0,0.0,0.0,0.0,0.0,3.0,1.0
157.326,84,109,0.7777777777777778,1.0,7,156.8545,156.54649999999998,154.921,152.4665,0.0,77.9500000000013,157.4315,156.79149999999998,155.40699999999998,53.45000000000084,191.9000000000011,1.0,1.0,1.0,1.0,0.0,0.0,156.8545,158.269,2.0,47.14999999999918,-94.3000000000012,0.0,1.0,0.0,0.0,0.0,0.0,3.0,0.0
0.7093,60,109,0.5555555555555556,1.0,5,0.70801,0.708135,0.702195,0.6784049999999999,0.0,11.650000000000826,0.7078800000000001,0.70851,0.7075750000000001,7.900000000000684,17.249999999999766,-1.0,1.0,1.0,-1.0,0.0,0.0,0.70813,0.71163,2.0,11.700000000000044,-23.299999999999432,0.0,0.0,0.0,0.0,0.0,0.0,3.0,1.0
1.36785,72,109,0.6666666666666666,1.0,6,1.367425,1.36749,1.36103,1.38109,0.0,3.5999999999991594,1.368925,1.367175,1.36749,6.749999999999812,3.5999999999991594,1.0,-1.0,1.0,1.0,0.0,0.0,1.36749,1.36857,2.0,3.5999999999991594,-7.200000000000539,0.0,0.0,0.0,0.0,0.0,0.0,3.0,0.0
0.77939,72,109,0.6666666666666666,1.0,6,0.77417,0.77417,0.7710950000000001,0.78644,0.0,52.200000000000024,0.779345,0.77417,0.77417,52.200000000000024,52.200000000000024,1.0,0.0,1.0,1.0,0.0,0.0,0.77417,0.78983,2.0,52.200000000000024,-104.40000000000005,0.0,0.0,0.0,0.0,0.0,0.0,3.0,-1.0
183.918,0,109,0.0,0.0,0,184.1755,183.98,183.516,179.4975,0.0,-6.19999999999834,184.229,184.1755,183.0865,-25.749999999999318,83.15000000000055,1.0,1.0,-1.0,-1.0,0.0,0.0,0.0,0.0,0.0,0.0,0.0,0.0,1.0,0.0,0.0,0.0,0.0,3.0,-1.0
210.896,0,109,0.0,0.0,0,210.2815,210.64999999999998,211.1135,206.2425,0.0,24.600000000000932,210.9345,210.2815,209.836,61.44999999999925,105.99999999999739,1.0,-1.0,-1.0,0.0,0.0,0.0,0.0,0.0,0.0,0.0,0.0,0.0,1.0,0.0,0.0,0.0,0.0,3.0,-1.0
5327.04,72,109,0.6666666666666666,1.0,6,5329.48,5256.205,5000.335,4588.78,0.0,708.3500000000004,5338.355,5293.75,5136.445,332.89999999999964,1905.9500000000025,1.0,1.0,1.0,1.0,0.0,0.0,5256.205,5468.71,2.0,708.3500000000004,-1416.7000000000007,0.0,0.0,1.0,0.0,0.0,0.0,3.0,0.0
48860.28,60,109,0.5555555555555556,-1.0,5,48587.93,48970.555,49313.655,47896.104999999996,0.0,-1102750.0000000144,48709.93,48703.81,49004.229999999996,1564700.0000000116,-1439499.999999971,1.0,-1.0,-1.0,-1.0,0.0,0.0,48970.555,48639.73,2.0,-1102750.0000000144,2205499.999999956,0.0,0.0,0.0,1.0,0.0,0.0,3.0,1.0
24957.26,0,109,0.0,0.0,0,24749.39,24940.355,25181.65,24937.605,0.0,169049.99999998836,24808.29,24749.39,24940.355,2078699.9999999898,169049.99999998836,1.0,-1.0,-1.0,0.0,0.0,0.0,0.0,0.0,0.0,0.0,0.0,0.0,0.0,0.0,1.0,0.0,0.0,3.0,-1.0
6873.43,0,109,0.0,0.0,0,6830.5599999999995,6864.0,6871.42,6743.125,0.0,94300.00000000291,6847.16,6830.5599999999995,6864.0,428700.00000000803,94300.00000000291,1.0,-1.0,-1.0,0.0,0.0,0.0,0.0,0.0,0.0,0.0,0.0,0.0,0.0,0.0,1.0,0.0,0.0,3.0,-1.0
98.521,84,109,0.7777777777777778,1.0,7,98.1435,98.118,97.134,97.95949999999999,0.0,40.30000000000058,98.5325,98.1435,97.946,37.74999999999977,57.500000000000284,1.0,1.0,1.0,1.0,0.0,0.0,98.1435,98.52855,0.02,37.74999999999977,-0.7549999999994839,0.0,0.0,0.0,1.0,1.0,0.0,3.0,1.0
1.16106,84,109,0.7777777777777778,-1.0,7,1.16217,1.167955,1.18066,1.1776,0.0,-68.95000000000095,1.157805,1.163875,1.16824,-28.15000000000012,-71.79999999999964,-1.0,-1.0,-1.0,-1.0,0.0,0.0,1.16217,1.15884,2.0,-11.099999999999444,22.199999999998887,0.0,0.0,0.0,0.0,0.0,1.0,3.0,1.0
1.33562,72,109,0.6666666666666666,-1.0,6,1.3341349999999998,1.34141,1.35608,1.34391,0.0,-57.89999999999962,1.33115,1.334235,1.34141,13.849999999999696,-57.89999999999962,-1.0,-1.0,-1.0,-1.0,0.0,0.0,1.34141,1.32404,2.0,-57.89999999999962,115.79999999999924,0.0,0.0,0.0,0.0,0.0,1.0,3.0,-1.0
157.734,84,109,0.7777777777777778,1.0,7,157.5395,156.7505,155.029,152.4665,0.0,98.35000000000207,157.7105,157.3775,155.9815,35.650000000001114,175.24999999999977,1.0,1.0,1.0,1.0,0.0,0.0,157.5395,158.123,2.0,19.4500000000005,-38.89999999999816,0.0,1.0,0.0,0.0,0.0,1.0,3.0,0.0
0.70372,0,109,0.0,0.0,0,0.70333,0.7040150000000001,0.702195,0.6784049999999999,0.0,-2.9500000000004523,0.70006,0.70333,0.7040150000000001,3.9000000000000146,-2.9500000000004523,-1.0,-1.0,1.0,-1.0,0.0,0.0,0.0,0.0,0.0,0.0,0.0,0.0,0.0,0.0,0.0,0.0,1.0,3.0,-1.0
1.36813,0,109,0.0,0.0,0,1.3703,1.3688850000000001,1.36171,1.38109,0.0,-7.550000000000612,1.3703,1.369665,1.3688850000000001,-15.34999999999842,-7.550000000000612,0.0,1.0,1.0,1.0,0.0,0.0,0.0,0.0,0.0,0.0,0.0,0.0,0.0,0.0,0.0,0.0,1.0,3.0,-1.0
0.78177,72,109,0.6666666666666666,1.0,6,0.7828250000000001,0.77742,0.774155,0.78644,0.0,43.49999999999965,0.7839149999999999,0.7794650000000001,0.77742,23.049999999998903,43.49999999999965,1.0,1.0,1.0,1.0,0.0,0.0,0.77742,0.79047,2.0,43.49999999999965,-87.00000000000041,0.0,0.0,0.0,0.0,0.0,1.0,3.0,0.0
183.137,84,109,0.7777777777777778,-1.0,7,183.17399999999998,183.394,183.516,179.4975,0.0,-25.7000000000005,182.60750000000002,183.316,183.3765,-17.900000000000205,-23.94999999999925,-1.0,-1.0,-1.0,-1.0,0.0,0.0,183.174,183.063,2.0,-3.700000000000614,7.400000000001228,0.0,1.0,0.0,0.0,0.0,1.0,3.0,1.0
210.673,0,109,0.0,0.0,0,210.2855,210.64999999999998,211.1135,206.2425,0.0,2.3000000000024556,209.9695,210.29500000000002,210.09449999999998,37.79999999999859,57.850000000001955,-1.0,-1.0,-1.0,1.0,0.0,0.0,0.0,0.0,0.0,0.0,0.0,0.0,1.0,0.0,0.0,0.0,1.0,3.0,-1.0
5087.21,60,109,0.5555555555555556,-1.0,5,5187.73,5207.4349999999995,5000.335,4588.78,0.0,-1202.2499999999945,5110.16,5206.1849999999995,5189.83,-1189.7499999999945,-1026.199999999999,-1.0,-1.0,1.0,-1.0,0.0,0.0,5187.73,4886.17,2.0,-1005.1999999999953,2010.3999999999996,0.0,0.0,1.0,0.0,0.0,1.0,3.0,0.0
48431.18,72,109,0.6666666666666666,-1.0,6,48341.975000000006,48724.600000000006,49067.7,47896.104999999996,0.0,-2934200.0000000554,48157.65,48341.975000000006,48724.600000000006,892049.9999999447,-2934200.0000000554,-1.0,-1.0,-1.0,-1.0,0.0,0.0,48724.6,47844.34,2.0,-2934199.9999999823,5868400.000000038,0.0,0.0,0.0,1.0,0.0,1.0,3.0,0.0
24677.56,84,109,0.7777777777777778,-1.0,7,24687.629999999997,24878.595,25181.65,24937.605,0.0,-2010349.9999999986,24563.48,24687.629999999997,24878.595,-100699.99999996071,-2010349.9999999986,-1.0,-1.0,-1.0,-1.0,0.0,0.0,24687.63,24657.42,2.0,-100699.99999999709,201400.00000003056,0.0,0.0,0.0,1.0,0.0,1.0,3.0,1.0
6805.43,84,109,0.7777777777777778,-1.0,7,6805.860000000001,6839.3,6861.77,6743.125,0.0,-338699.9999999989,6775.07,6805.860000000001,6839.3,-4300.00000000291,-338699.9999999989,-1.0,-1.0,-1.0,-1.0,0.0,0.0,6805.86,6804.57,2.0,-4299.999999993815,8600.00000000582,0.0,0.0,0.0,1.0,0.0,1.0,3.0,1.0
99.071,84,109,0.7777777777777778,1.0,7,99.0115,98.58449999999999,97.6005,97.95949999999999,0.0,48.65000000000066,99.303,98.90549999999999,98.5055,16.550000000000864,56.55000000000001,1.0,1.0,1.0,1.0,0.0,0.0,99.0115,99.07219,0.02,5.949999999999989,-0.119000000000824,0.0,0.0,0.0,1.0,1.0,1.0,3.0,1.0
1.1635900000000001,0,109,0.0,0.0,0,1.161465,1.16785,1.1787299999999998,1.1776,0.0,-42.599999999999305,1.163435,1.1592449999999999,1.16824,43.45000000000265,-46.49999999999821,1.0,-1.0,-1.0,0.0,0.0,0.0,0.0,0.0,0.0,0.0,0.0,0.0,0.0,0.0,0.0,0.0,2.0,3.0,-1.0
1.33723,0,109,0.0,0.0,0,1.335335,1.340335,1.35503,1.34391,0.0,-31.050000000001354,1.3366,1.332825,1.34141,44.049999999999926,-41.80000000000072,1.0,-1.0,-1.0,1.0,0.0,0.0,0.0,0.0,0.0,0.0,0.0,0.0,0.0,0.0,0.0,0.0,2.0,3.0,-1.0
157.033,0,109,0.0,0.0,0,157.3555,156.7505,155.065,152.4665,0.0,28.249999999999886,157.14350000000002,157.4095,155.9815,-37.65000000000214,105.14999999999759,-1.0,1.0,1.0,0.0,0.0,0.0,0.0,0.0,0.0,0.0,0.0,0.0,1.0,0.0,0.0,0.0,2.0,3.0,-1.0
0.70782,72,109,0.6666666666666666,1.0,6,0.7033849999999999,0.7038,0.702195,0.6784049999999999,0.0,40.20000000000024,0.70581,0.70136,0.7040150000000001,64.60000000000021,38.04999999999947,1.0,-1.0,1.0,1.0,0.0,0.0,0.7038,0.71586,2.0,40.20000000000024,-80.40000000000047,0.0,0.0,0.0,0.0,0.0,2.0,3.0,0.0
1.3642,0,109,0.0,0.0,0,1.366325,1.3688850000000001,1.36171,1.38109,0.0,-46.850000000000506,1.365855,1.368975,1.3688850000000001,-47.74999999999974,-46.850000000000506,-1.0,1.0,1.0,-1.0,0.0,0.0,0.0,0.0,0.0,0.0,0.0,0.0,0.0,0.0,0.0,0.0,2.0,3.0,-1.0
0.77906,0,109,0.0,0.0,0,0.78119,0.77742,0.77423,0.78644,0.0,16.39999999999975,0.7803199999999999,0.7832749999999999,0.77742,-42.149999999999686,16.39999999999975,-1.0,1.0,1.0,0.0,0.0,0.0,0.0,0.0,0.0,0.0,0.0,0.0,0.0,0.0,0.0,0.0,2.0,3.0,-1.0
182.722,84,109,0.7777777777777778,-1.0,7,182.796,183.355,183.516,179.4975,0.0,-63.299999999998136,182.76850000000002,182.6215,183.3765,10.050000000001091,-65.44999999999845,-1.0,-1.0,-1.0,-1.0,0.0,0.0,182.796,182.574,2.0,-7.399999999998386,14.799999999999613,0.0,1.0,0.0,0.0,0.0,2.0,3.0,1.0
209.989,84,109,0.7777777777777778,-1.0,7,210.101,210.369,211.1135,206.2425,0.0,-37.999999999999545,209.979,209.9695,210.1195,1.9499999999993634,-13.049999999998363,-1.0,-1.0,-1.0,-1.0,0.0,0.0,210.101,209.765,2.0,-11.199999999999477,22.400000000001796,0.0,1.0,0.0,0.0,0.0,2.0,3.0,1.0
5135.69,0,109,0.0,0.0,0,5144.73,5207.4349999999995,5000.335,4588.78,0.0,-717.4499999999989,5152.41,5141.754999999999,5200.29,-60.649999999996,-646.0000000000036,1.0,-1.0,1.0,-1.0,0.0,0.0,0.0,0.0,0.0,0.0,0.0,0.0,0.0,1.0,0.0,0.0,2.0,3.0,-1.0
48750.98,0,109,0.0,0.0,0,48537.380000000005,48724.600000000006,49067.7,47896.104999999996,0.0,263799.9999999738,48607.025,48240.825,48724.600000000006,5101550.0000000615,263799.9999999738,1.0,-1.0,-1.0,1.0,0.0,0.0,0.0,0.0,0.0,0.0,0.0,0.0,0.0,0.0,1.0,0.0,2.0,3.0,-1.0
25104.36,0,109,0.0,0.0,0,24822.34,24831.84,25181.65,24937.605,0.0,2725200.000000004,24970.34,24747.83,24878.595,3565299.9999999884,2257649.9999999944,1.0,-1.0,-1.0,1.0,0.0,0.0,0.0,0.0,0.0,0.0,0.0,0.0,0.0,0.0,1.0,0.0,2.0,3.0,-1.0
6870.23,60,109,0.5555555555555556,1.0,5,6825.1849999999995,6833.02,6861.77,6743.125,0.0,372099.99999999127,6847.6849999999995,6797.4349999999995,6839.3,727950.0000000007,309299.99999999383,1.0,-1.0,-1.0,1.0,0.0,0.0,6861.77,6887.15,2.0,84599.99999999127,-169200.00000000073,0.0,0.0,0.0,1.0,0.0,2.0,3.0,1.0
98.797,0,109,0.0,0.0,0,99.012,98.61,97.7675,97.95949999999999,0.0,18.69999999999976,98.84649999999999,99.18799999999999,98.5055,-39.09999999999911,29.14999999999992,-1.0,1.0,1.0,0.0,0.0,0.0,0.0,0.0,0.0,0.0,0.0,0.0,0.0,0.0,1.0,1.0,2.0,3.0,-1.0
1.16071,72,109,0.6666666666666666,-1.0,6,1.1603150000000002,1.16785,1.17633,1.1776,0.0,-71.40000000000146,1.159165,1.1606800000000002,1.16824,0.29999999999752447,-75.30000000000037,-1.0,-1.0,-1.0,-1.0,0.0,0.0,1.16785,1.14643,2.0,-71.40000000000146,142.79999999999848,0.0,0.0,0.0,0.0,0.0,3.0,3.0,-1.0
1.3357999999999999,60,109,0.5555555555555556,-1.0,5,1.334195,1.33718,1.35503,1.34391,0.0,-13.800000000001589,1.33337,1.335035,1.34141,7.6499999999990465,-56.100000000001145,-1.0,-1.0,-1.0,0.0,0.0,0.0,1.33718,1.33304,2.0,-13.800000000001589,27.599999999998737,0.0,0.0,0.0,0.0,0.0,3.0,3.0,1.0
157.546,84,109,0.7777777777777778,1.0,7,157.149,156.9235,155.1165,152.4665,0.0,62.25000000000023,157.6185,157.149,155.9815,39.699999999999136,156.4499999999981,1.0,1.0,1.0,1.0,0.0,0.0,157.149,158.34,2.0,39.699999999999136,-79.40000000000111,0.0,1.0,0.0,0.0,0.0,3.0,3.0,1.0
0.70072,72,109,0.6666666666666666,-1.0,6,0.703155,0.7038,0.702195,0.6784049999999999,0.0,-30.799999999999716,0.7012799999999999,0.703155,0.7040150000000001,-24.34999999999965,-32.95000000000048,-1.0,-1.0,1.0,-1.0,0.0,0.0,0.7022,0.69777,2.0,-14.800000000000368,29.50000000000008,0.0,0.0,0.0,0.0,0.0,3.0,3.0,0.0
1.36743,0,109,0.0,0.0,0,1.366565,1.3684,1.36171,1.38109,0.0,-9.700000000001374,1.366565,1.366565,1.3684,8.649999999998936,-9.700000000001374,0.0,-1.0,1.0,0.0,0.0,0.0,0.0,0.0,0.0,0.0,0.0,0.0,0.0,0.0,0.0,0.0,3.0,3.0,-1.0
0.78093,60,109,0.5555555555555556,1.0,5,0.780985,0.77742,0.775375,0.78644,0.0,35.10000000000013,0.7816799999999999,0.780985,0.77742,-0.5500000000002725,35.10000000000013,1.0,1.0,1.0,0.0,0.0,0.0,0.77742,0.78795,2.0,35.10000000000013,-70.20000000000026,0.0,0.0,0.0,0.0,0.0,3.0,3.0,0.0
182.866,0,109,0.0,0.0,0,182.598,183.355,183.516,179.4975,0.0,-48.89999999999759,182.72000000000003,182.615,183.3765,25.100000000000477,-51.04999999999791,1.0,-1.0,-1.0,0.0,0.0,0.0,0.0,0.0,0.0,0.0,0.0,0.0,1.0,0.0,0.0,0.0,3.0,3.0,-1.0
210.45,0,109,0.0,0.0,0,209.894,210.2755,211.1135,206.2425,0.0,17.449999999999477,210.194,209.894,210.1195,55.59999999999832,33.05000000000007,1.0,-1.0,-1.0,1.0,0.0,0.0,0.0,0.0,0.0,0.0,0.0,0.0,1.0,0.0,0.0,0.0,3.0,3.0,-1.0
5077.2,60,109,0.5555555555555556,-1.0,5,5122.665,5207.4349999999995,5000.335,4588.78,0.0,-1302.3499999999967,5107.245000000001,5128.245000000001,5207.4349999999995,-510.4500000000098,-1302.3499999999967,-1.0,-1.0,1.0,-1.0,0.0,0.0,5122.665,4986.27,2.0,-454.65000000000146,909.2999999999938,0.0,0.0,1.0,0.0,0.0,3.0,3.0,0.0
47869.28,84,109,0.7777777777777778,-1.0,7,48200.405,48326.2,49041.0,47896.104999999996,0.0,-4569199.999999982,48052.955,48214.125,48697.9,-3448450.0000000116,-8286200.000000026,-1.0,-1.0,-1.0,-1.0,0.0,0.0,48200.405,47207.03,2.0,-3311250.0,6622500.0,0.0,0.0,0.0,1.0,0.0,3.0,3.0,1.0
24974.56,0,109,0.0,0.0,0,24974.29,24761.14,25148.449999999997,24937.605,0.0,2134200.000000019,24956.379999999997,24946.15,24878.595,284099.99999999854,959650.0000000014,-1.0,1.0,-1.0,1.0,0.0,0.0,0.0,0.0,0.0,0.0,0.0,0.0,0.0,0.0,1.0,0.0,3.0,3.0,-1.0
6814.73,0,109,0.0,0.0,0,6831.02,6805.860000000001,6856.17,6743.125,0.0,88699.99999998981,6819.27,6831.02,6839.3,-162900.00000000873,-245700.00000000617,-1.0,1.0,-1.0,0.0,0.0,0.0,0.0,0.0,0.0,0.0,0.0,0.0,0.0,0.0,1.0,0.0,3.0,3.0,-1.0
99.055,72,109,0.6666666666666666,1.0,6,99.0375,98.61,97.84049999999999,97.95949999999999,0.0,44.50000000000074,99.14750000000001,99.0375,98.5055,1.7500000000012506,54.9500000000009,1.0,1.0,1.0,0.0,0.0,0.0,99.0375,99.05535,0.02,1.7500000000012506,-0.034999999999740794,0.0,0.0,0.0,1.0,1.0,3.0,3.0,0.0
1.16126,0,109,0.0,0.0,0,1.1583700000000001,1.1627049999999999,1.17523,1.1776,0.0,-14.449999999999186,1.1583700000000001,1.15888,1.167955,23.800000000000487,-66.95000000000118,0.0,-1.0,-1.0,1.0,0.0,0.0,0.0,0.0,0.0,0.0,0.0,0.0,0.0,0.0,0.0,0.0,4.0,3.0,-1.0
1.33982,60,109,0.5555555555555556,1.0,5,1.33603,1.334235,1.35337,1.34391,0.0,55.84999999999951,1.336745,1.33534,1.34141,44.800000000000395,-15.899999999999803,1.0,1.0,-1.0,1.0,0.0,0.0,1.33603,1.3474,2.0,37.8999999999996,-75.7999999999992,0.0,0.0,0.0,0.0,0.0,4.0,3.0,0.0
157.801,72,109,0.6666666666666666,1.0,6,157.732,157.2695,155.178,152.4665,0.0,53.14999999999941,157.732,157.59699999999998,156.305,20.400000000000773,149.5999999999981,0.0,1.0,1.0,1.0,0.0,0.0,157.732,157.939,2.0,6.89999999999884,-13.800000000000523,0.0,1.0,0.0,0.0,0.0,4.0,3.0,1.0
0.70267,0,109,0.0,0.0,0,0.701205,0.70333,0.702195,0.6784049999999999,0.0,-6.599999999999939,0.70038,0.70161,0.7040150000000001,10.600000000000609,-13.450000000000406,-1.0,-1.0,1.0,0.0,0.0,0.0,0.0,0.0,0.0,0.0,0.0,0.0,0.0,0.0,0.0,0.0,4.0,3.0,-1.0
1.35672,72,109,0.6666666666666666,-1.0,6,1.36301,1.365885,1.36171,1.38109,0.0,-91.6500000000009,1.361965,1.36405,1.365885,-73.30000000000058,-91.6500000000009,-1.0,-1.0,1.0,-1.0,0.0,0.0,1.36171,1.34674,2.0,-49.9000000000005,99.79999999999878,0.0,0.0,0.0,0.0,0.0,4.0,3.0,-1.0
0.77599,60,109,0.5555555555555556,-1.0,5,0.77979,0.781895,0.775375,0.78644,0.0,-59.050000000000495,0.7792049999999999,0.7798449999999999,0.77742,-38.549999999999415,-14.300000000000423,-1.0,-1.0,1.0,-1.0,0.0,0.0,0.77979,0.76839,2.0,-38.000000000000256,75.9999999999994,0.0,0.0,0.0,0.0,0.0,4.0,3.0,0.0
183.247,0,109,0.0,0.0,0,182.865,183.316,183.516,179.4975,0.0,-6.89999999999884,182.865,182.865,183.394,38.2000000000005,-14.699999999999136,0.0,-1.0,-1.0,1.0,0.0,0.0,0.0,0.0,0.0,0.0,0.0,0.0,1.0,0.0,0.0,0.0,4.0,3.0,-1.0
211.425,72,109,0.6666666666666666,1.0,6,210.756,210.358,211.1135,206.2425,0.0,106.70000000000073,210.909,210.6195,210.27100000000002,80.55000000000234,115.39999999999964,1.0,1.0,-1.0,1.0,0.0,0.0,211.1135,212.048,2.0,31.150000000002365,-62.299999999999045,0.0,1.0,0.0,0.0,0.0,4.0,3.0,0.0
5170.92,60,109,0.5555555555555556,1.0,5,5114.885,5195.36,4926.55,4588.78,0.0,-244.399999999996,5119.825000000001,5112.515,5207.4349999999995,584.0499999999975,-365.1499999999942,1.0,-1.0,1.0,1.0,0.0,0.0,5114.885,5282.99,2.0,560.3499999999985,-1120.699999999997,0.0,0.0,1.0,0.0,0.0,4.0,3.0,0.0
47441.38,84,109,0.7777777777777778,-1.0,7,47545.305,48030.875,48756.6,47896.104999999996,0.0,-5894950.000000026,47359.994999999995,47852.555,48413.5,-4111750.000000029,-9721200.000000026,-1.0,-1.0,-1.0,-1.0,0.0,0.0,47545.305,47233.53,2.0,-1039250.0000000291,2078499.9999999856,0.0,0.0,0.0,1.0,0.0,4.0,3.0,1.0
24642.46,72,109,0.6666666666666666,-1.0,6,24842.59,24761.14,25029.55,24937.605,0.0,-1186800.0000000028,24732.43,24873.58,24878.595,-2311200.000000026,-2361350.0000000205,-1.0,1.0,-1.0,-1.0,0.0,0.0,24761.14,24405.1,2.0,-1186800.0000000028,2373600.0000000056,0.0,0.0,0.0,1.0,0.0,4.0,3.0,1.0
6733.93,84,109,0.7777777777777778,-1.0,7,6778.370000000001,6805.76,6856.07,6743.125,0.0,-718299.9999999993,6752.07,6791.120000000001,6839.200000000001,-571900.0000000051,-1052700.0000000044,-1.0,-1.0,-1.0,-1.0,0.0,0.0,6778.37,6645.05,2.0,-444399.999999996,888800.000000001,0.0,0.0,0.0,1.0,0.0,4.0,3.0,1.0
98.912,0,109,0.0,0.0,0,99.1275,98.999,98.0035,97.95949999999999,0.0,-8.699999999998909,99.1275,99.1275,98.58449999999999,-21.54999999999916,32.75000000000148,0.0,1.0,1.0,-1.0,0.0,0.0,0.0,0.0,0.0,0.0,0.0,0.0,0.0,0.0,1.0,1.0,4.0,3.0,-1.0
1.16294,0,109,0.0,0.0,0,1.157025,1.15808,1.171775,1.174675,0.0,48.60000000000086,1.159055,1.157025,1.16679,59.15000000000114,-38.49999999999909,1.0,-1.0,-1.0,1.0,0.0,0.0,0.0,0.0,0.0,0.0,0.0,0.0,0.0,0.0,0.0,0.0,0.0,3.0,-1.0
1.34396,60,109,0.5555555555555556,1.0,5,1.336425,1.33494,1.34931,1.34391,0.0,90.20000000000027,1.339555,1.336425,1.34141,75.35000000000069,25.500000000000522,1.0,1.0,-1.0,1.0,0.0,0.0,1.33642,1.35903,2.0,75.40000000000103,-150.69999999999916,0.0,0.0,0.0,0.0,0.0,0.0,3.0,0.0
157.659,0,109,0.0,0.0,0,158.2715,157.6745,155.583,152.61,0.0,-1.5500000000002956,158.11950000000002,158.137,157.12099999999998,-47.800000000000864,53.80000000000109,-1.0,1.0,1.0,0.0,0.0,0.0,0.0,0.0,0.0,0.0,0.0,0.0,1.0,0.0,0.0,0.0,0.0,3.0,-1.0
0.7076,84,109,0.7777777777777778,1.0,7,0.70173,0.70166,0.702195,0.680415,0.0,59.40000000000056,0.7042649999999999,0.70173,0.7040150000000001,58.700000000000415,35.8499999999995,1.0,1.0,1.0,1.0,0.0,0.0,0.7022,0.71841,2.0,53.9999999999996,-108.09999999999987,0.0,0.0,0.0,0.0,0.0,0.0,3.0,1.0
1.35893,0,109,0.0,0.0,0,1.356595,1.3639100000000002,1.362845,1.38109,0.0,-49.800000000002065,1.3567749999999998,1.35999,1.3639100000000002,-10.600000000000609,-49.800000000002065,1.0,-1.0,1.0,-1.0,0.0,0.0,0.0,0.0,0.0,0.0,0.0,0.0,0.0,0.0,0.0,0.0,0.0,3.0,-1.0
0.77743,60,109,0.5555555555555556,-1.0,5,0.7792399999999999,0.78145,0.775375,0.78644,0.0,-40.20000000000024,0.77884,0.7793399999999999,0.77742,-19.099999999999675,0.0999999999995449,-1.0,-1.0,1.0,-1.0,0.0,0.0,0.77924,0.77381,2.0,-18.100000000000893,36.19999999999956,0.0,0.0,0.0,0.0,0.0,0.0,3.0,0.0
183.347,60,109,0.5555555555555556,1.0,5,182.933,182.74599999999998,183.516,179.53949999999998,0.0,60.10000000000275,183.257,182.909,183.394,43.80000000000166,-4.699999999999704,1.0,1.0,-1.0,1.0,0.0,0.0,182.933,184.175,2.0,41.40000000000157,-82.8000000000003,0.0,1.0,0.0,0.0,0.0,0.0,3.0,0.0
211.888,72,109,0.6666666666666666,1.0,6,211.387,210.6755,211.1135,206.2425,0.0,121.25000000000057,211.8125,211.2265,210.6755,66.1500000000018,121.25000000000057,1.0,1.0,-1.0,1.0,0.0,0.0,211.387,212.89,2.0,50.10000000000048,-100.19999999999811,0.0,1.0,0.0,0.0,0.0,0.0,3.0,1.0
5138.39,72,109,0.6666666666666666,1.0,6,5094.535,5100.875,4910.74,4612.3099999999995,0.0,375.1500000000033,5104.395,5094.535,5207.4349999999995,438.55000000000473,-690.4499999999916,1.0,-1.0,1.0,1.0,0.0,0.0,5100.875,5213.42,2.0,375.1500000000033,-750.2999999999975,0.0,0.0,1.0,0.0,0.0,0.0,3.0,1.0
47672.18,0,109,0.0,0.0,0,47089.655,47582.03,48408.905,47962.854999999996,0.0,901500.0000000146,47244.05,47100.91,48065.805,5712699.999999968,-3936250.0,1.0,-1.0,-1.0,0.0,0.0,0.0,0.0,0.0,0.0,0.0,0.0,0.0,0.0,0.0,1.0,0.0,0.0,3.0,-1.0
24935.96,0,109,0.0,0.0,0,24500.39,24592.05,24945.9,25043.8,0.0,3439099.9999999986,24657.379999999997,24500.39,24709.504999999997,4355699.999999997,2264550.0000000177,1.0,-1.0,-1.0,1.0,0.0,0.0,0.0,0.0,0.0,0.0,0.0,0.0,0.0,0.0,1.0,0.0,0.0,3.0,-1.0
6786.63,0,109,0.0,0.0,0,6696.37,6736.32,6791.27,6760.37,0.0,503100.000000004,6724.62,6697.77,6774.4,888599.9999999967,122300.00000000473,1.0,-1.0,-1.0,0.0,0.0,0.0,0.0,0.0,0.0,0.0,0.0,0.0,0.0,0.0,1.0,0.0,0.0,3.0,-1.0
98.759,0,109,0.0,0.0,0,99.20400000000001,99.18700000000001,98.09049999999999,98.013,0.0,-42.80000000000115,99.0445,99.20400000000001,98.5955,-44.50000000000074,16.34999999999991,-1.0,1.0,1.0,-1.0,0.0,0.0,0.0,0.0,0.0,0.0,0.0,0.0,0.0,0.0,1.0,1.0,0.0,3.0,-1.0
1.16095,0,109,0.0,0.0,0,1.1621299999999999,1.158715,1.171775,1.174675,0.0,22.34999999999987,1.163735,1.15992,1.16679,10.299999999998644,-58.400000000000674,1.0,1.0,-1.0,1.0,0.0,0.0,0.0,0.0,0.0,0.0,0.0,0.0,0.0,0.0,0.0,0.0,1.0,3.0,-1.0
1.34171,0,109,0.0,0.0,0,1.343315,1.3382999999999998,1.34931,1.34391,0.0,34.10000000000135,1.34463,1.3398400000000001,1.34141,18.699999999998163,2.9999999999996696,1.0,1.0,-1.0,1.0,0.0,0.0,0.0,0.0,0.0,0.0,0.0,0.0,0.0,0.0,0.0,0.0,1.0,3.0,-1.0
158.055,60,109,0.5555555555555556,1.0,5,157.8425,157.6745,155.583,152.61,0.0,38.050000000001205,157.762,157.9595,157.21699999999998,9.550000000001546,83.80000000000223,-1.0,1.0,1.0,-1.0,0.0,0.0,157.8425,158.48,2.0,21.25000000000057,-42.499999999998295,0.0,1.0,0.0,0.0,0.0,1.0,3.0,1.0
0.71185,84,109,0.7777777777777778,1.0,7,0.7104349999999999,0.70622,0.70326,0.680415,0.0,56.30000000000024,0.71364,0.707815,0.705615,40.35000000000011,62.34999999999991,1.0,1.0,1.0,1.0,0.0,0.0,0.71043,0.71468,2.0,14.199999999999768,-28.29999999999999,0.0,0.0,0.0,0.0,0.0,1.0,3.0,1.0
1.3581699999999999,0,109,0.0,0.0,0,1.357175,1.362075,1.362845,1.38109,0.0,-39.05000000000047,1.3563749999999999,1.3563450000000001,1.3639100000000002,18.249999999997435,-57.400000000003004,-1.0,-1.0,1.0,0.0,0.0,0.0,0.0,0.0,0.0,0.0,0.0,0.0,0.0,0.0,0.0,0.0,1.0,3.0,-1.0
0.77853,0,109,0.0,0.0,0,0.777575,0.7792749999999999,0.775375,0.78644,0.0,-7.449999999998846,0.777005,0.7777750000000001,0.77742,7.5499999999995016,11.100000000000554,-1.0,-1.0,1.0,-1.0,0.0,0.0,0.0,0.0,0.0,0.0,0.0,0.0,0.0,0.0,0.0,0.0,1.0,3.0,-1.0
183.491,60,109,0.5555555555555556,1.0,5,183.4055,182.9345,183.516,179.53949999999998,0.0,55.64999999999998,183.5795,183.31099999999998,183.355,18.000000000003524,13.60000000000241,1.0,1.0,-1.0,1.0,0.0,0.0,183.4055,183.662,2.0,8.550000000002456,-17.099999999999227,0.0,1.0,0.0,0.0,0.0,1.0,3.0,1.0
212.064,72,109,0.6666666666666666,1.0,6,211.999,210.793,211.1135,206.2425,0.0,127.09999999999866,212.1905,211.767,210.793,29.699999999999704,127.09999999999866,1.0,1.0,-1.0,1.0,0.0,0.0,211.999,212.194,2.0,6.499999999999773,-12.999999999999545,0.0,1.0,0.0,0.0,0.0,1.0,3.0,0.0
5195.62,84,109,0.7777777777777778,1.0,7,5165.275,5126.555,5034.965,4612.3099999999995,0.0,690.649999999996,5199.49,5149.66,5207.4349999999995,459.60000000000036,-118.149999999996,1.0,1.0,1.0,1.0,0.0,0.0,5165.275,5256.31,2.0,303.45000000000255,-606.9000000000051,0.0,0.0,1.0,0.0,0.0,1.0,3.0,0.0
47733.58,0,109,0.0,0.0,0,47625.725000000006,47582.03,48408.905,47962.854999999996,0.0,1515500.000000029,47825.9,47415.5,48065.805,3180800.0000000177,-3322249.9999999856,1.0,-1.0,-1.0,1.0,0.0,0.0,0.0,0.0,0.0,0.0,0.0,0.0,0.0,0.0,1.0,0.0,1.0,3.0,-1.0
24990.66,72,109,0.6666666666666666,1.0,6,24887.73,24592.05,24945.9,25043.8,0.0,3986100.0000000056,25027.665,24725.165,24671.199999999997,2654949.9999999898,3194600.0000000275,1.0,1.0,-1.0,1.0,0.0,0.0,24945.9,25080.18,2.0,447599.999999984,-895200.0000000044,0.0,0.0,0.0,1.0,0.0,1.0,3.0,0.0
6791.83,72,109,0.6666666666666666,1.0,6,6773.264999999999,6736.32,6791.27,6760.37,0.0,555100.0000000022,6802.825,6741.225,6769.12,506049.99999999563,227100.00000000035,1.0,1.0,-1.0,1.0,0.0,0.0,6791.27,6792.95,2.0,5599.999999994907,-11199.999999998909,0.0,0.0,0.0,1.0,0.0,1.0,3.0,0.0
98.924,0,109,0.0,0.0,0,98.82300000000001,99.08500000000001,98.09049999999999,98.013,0.0,-16.100000000000136,98.719,98.99000000000001,98.5955,-6.60000000000025,32.850000000000534,-1.0,-1.0,1.0,-1.0,0.0,0.0,0.0,0.0,0.0,0.0,0.0,0.0,0.0,0.0,1.0,1.0,1.0,3.0,-1.0
1.15653,72,109,0.6666666666666666,-1.0,6,1.1602999999999999,1.158715,1.171775,1.174675,0.0,-21.849999999998815,1.1586699999999999,1.1614049999999998,1.166685,-48.74999999999741,-101.54999999999914,-1.0,1.0,-1.0,-1.0,0.0,0.0,1.15871,1.15216,2.0,-21.799999999998487,43.69999999999985,0.0,0.0,0.0,0.0,0.0,2.0,3.0,1.0
1.34108,0,109,0.0,0.0,0,1.34252,1.3382999999999998,1.34931,1.34391,0.0,27.800000000002267,1.341825,1.3437000000000001,1.338065,-26.200000000000667,30.1499999999999,-1.0,1.0,-1.0,0.0,0.0,0.0,0.0,0.0,0.0,0.0,0.0,0.0,0.0,0.0,0.0,0.0,2.0,3.0,-1.0
158.951,84,109,0.7777777777777778,1.0,7,158.409,158.1215,155.619,152.61,0.0,82.94999999999959,158.614,158.184,157.253,76.69999999999959,169.80000000000075,1.0,1.0,1.0,1.0,0.0,0.0,158.409,160.035,2.0,54.20000000000016,-108.40000000000032,0.0,1.0,0.0,0.0,0.0,2.0,3.0,-1.0
0.71518,84,109,0.7777777777777778,1.0,7,0.71498,0.707165,0.704205,0.680415,0.0,80.14999999999995,0.716175,0.71408,0.7065600000000001,10.999999999999899,86.1999999999996,1.0,1.0,1.0,1.0,0.0,0.0,0.71498,0.71558,2.0,2.00000000000089,-3.9999999999995595,0.0,0.0,0.0,0.0,0.0,2.0,3.0,0.0
1.35921,0,109,0.0,0.0,0,1.35798,1.362075,1.362845,1.38109,0.0,-28.649999999998954,1.358235,1.357345,1.3639100000000002,18.650000000000055,-47.000000000001485,1.0,-1.0,1.0,1.0,0.0,0.0,0.0,0.0,0.0,0.0,0.0,0.0,0.0,0.0,0.0,0.0,2.0,3.0,-1.0
0.78054,72,109,0.6666666666666666,1.0,6,0.778675,0.7792749999999999,0.775375,0.78644,0.0,12.650000000000716,0.7789349999999999,0.777815,0.77742,27.249999999999773,31.200000000000117,1.0,-1.0,1.0,1.0,0.0,0.0,0.77927,0.78307,2.0,12.699999999999934,-25.300000000000324,0.0,0.0,0.0,0.0,0.0,2.0,3.0,0.0
183.831,72,109,0.6666666666666666,1.0,6,183.7415,183.21,183.516,179.53949999999998,0.0,62.09999999999809,183.777,183.7415,183.355,8.949999999998681,47.59999999999991,1.0,1.0,-1.0,1.0,0.0,0.0,183.7415,184.01,2.0,8.949999999998681,-17.900000000000205,0.0,1.0,0.0,0.0,0.0,2.0,3.0,0.0
213.167,84,109,0.7777777777777778,1.0,7,212.6355,211.5385,211.1135,206.2425,0.0,162.85000000000025,212.872,212.6355,211.2385,53.14999999999941,192.8500000000014,1.0,1.0,1.0,1.0,0.0,0.0,212.6355,214.23,2.0,53.14999999999941,-106.29999999999882,0.0,1.0,0.0,0.0,0.0,2.0,3.0,0.0
5176.16,0,109,0.0,0.0,0,5186.450000000001,5126.555,5034.965,4612.3099999999995,0.0,496.04999999999563,5170.665,5191.745000000001,5207.4349999999995,-155.85000000000946,-312.74999999999636,-1.0,1.0,1.0,0.0,0.0,0.0,0.0,0.0,0.0,0.0,0.0,0.0,0.0,1.0,0.0,0.0,2.0,3.0,-1.0
47395.58,60,109,0.5555555555555556,-1.0,5,47650.675,47402.955,48408.905,47962.854999999996,0.0,-73750.0,47448.3,47697.2,47830.354999999996,-3016199.9999999534,-4347749.999999942,-1.0,1.0,-1.0,0.0,0.0,0.0,47402.955,47380.83,2.0,-73750.0,147500.0,0.0,0.0,0.0,1.0,0.0,2.0,3.0,1.0
24935.36,0,109,0.0,0.0,0,25000.73,24583.265,24709.504999999997,25043.8,0.0,3520950.0000000116,25000.73,25018.955,24592.05,-835950.0000000116,3433100.000000013,0.0,1.0,-1.0,0.0,0.0,0.0,0.0,0.0,0.0,0.0,0.0,0.0,0.0,0.0,1.0,0.0,2.0,3.0,-1.0
6769.77,0,109,0.0,0.0,0,6789.3,6724.57,6786.12,6760.37,0.0,452000.0000000073,6778.370000000001,6795.275,6742.32,-255049.999999992,274500.0000000073,-1.0,1.0,-1.0,0.0,0.0,0.0,0.0,0.0,0.0,0.0,0.0,0.0,0.0,0.0,1.0,0.0,2.0,3.0,-1.0
99.261,72,109,0.6666666666666666,1.0,6,98.886,99.08500000000001,98.09049999999999,98.013,0.0,17.599999999998772,99.0615,98.886,98.62100000000001,37.5,63.999999999998636,1.0,-1.0,1.0,1.0,0.0,0.0,99.085,99.26452,0.02,17.600000000000193,-0.35200000000088494,0.0,0.0,0.0,1.0,1.0,2.0,3.0,1.0
1.15123,84,109,0.7777777777777778,-1.0,7,1.154325,1.158715,1.171775,1.174675,0.0,-74.84999999999964,1.15337,1.1562000000000001,1.16514,-49.70000000000141,-139.10000000000088,-1.0,-1.0,-1.0,-1.0,0.0,0.0,1.15433,1.14504,2.0,-31.000000000001027,61.89999999999918,0.0,0.0,0.0,0.0,0.0,3.0,3.0,1.0
1.33483,72,109,0.6666666666666666,-1.0,6,1.337995,1.3382999999999998,1.34825,1.34391,0.0,-34.699999999998624,1.336805,1.33935,1.336815,-45.2000000000008,-19.850000000001256,-1.0,1.0,-1.0,-1.0,0.0,0.0,1.338,1.3285,2.0,-31.70000000000117,63.29999999999947,0.0,0.0,0.0,0.0,0.0,3.0,3.0,1.0
159.321,84,109,0.7777777777777778,1.0,7,158.997,158.3505,155.848,152.61,0.0,97.0499999999987,159.05349999999999,158.839,157.75549999999998,48.19999999999993,156.55000000000143,1.0,1.0,1.0,1.0,0.0,0.0,158.997,159.969,2.0,32.399999999998386,-64.79999999999961,0.0,1.0,0.0,0.0,0.0,3.0,3.0,0.0
0.70766,0,109,0.0,0.0,0,0.71164,0.707165,0.704205,0.680415,0.0,4.949999999999122,0.71048,0.7129650000000001,0.7065600000000001,-53.05000000000115,10.999999999998789,-1.0,1.0,1.0,-1.0,0.0,0.0,0.0,0.0,0.0,0.0,0.0,0.0,0.0,0.0,0.0,0.0,3.0,3.0,-1.0
1.36338,84,109,0.7777777777777778,1.0,7,1.3609499999999999,1.35999,1.362845,1.38109,0.0,33.90000000000004,1.361695,1.360115,1.3639100000000002,32.65000000000073,-5.300000000001415,1.0,1.0,1.0,1.0,0.0,0.0,1.36285,1.36445,2.0,5.300000000001415,-10.699999999999044,0.0,0.0,0.0,0.0,0.0,3.0,3.0,1.0
0.78589,84,109,0.7777777777777778,1.0,7,0.78234,0.780565,0.775375,0.78644,0.0,53.25000000000024,0.78367,0.781425,0.77742,44.64999999999941,84.69999999999978,1.0,1.0,1.0,1.0,0.0,0.0,0.78234,0.79299,2.0,35.49999999999942,-70.99999999999996,0.0,0.0,0.0,0.0,0.0,3.0,3.0,-1.0
183.413,60,109,0.5555555555555556,-1.0,5,183.59050000000002,183.2185,183.516,179.53949999999998,0.0,19.4500000000005,183.4115,183.59300000000002,183.355,-18.000000000000682,5.800000000002115,-1.0,1.0,-1.0,-1.0,0.0,0.0,183.516,183.207,2.0,-10.299999999998022,20.600000000001728,0.0,1.0,0.0,0.0,0.0,3.0,3.0,0.0
212.667,0,109,0.0,0.0,0,212.8515,211.7895,210.82850000000002,206.2425,0.0,87.74999999999977,212.635,212.84050000000002,211.2385,-17.35000000000184,142.8500000000014,-1.0,1.0,1.0,0.0,0.0,0.0,0.0,0.0,0.0,0.0,0.0,0.0,1.0,0.0,0.0,0.0,3.0,3.0,-1.0
5080.63,60,109,0.5555555555555556,-1.0,5,5123.15,5126.555,5034.965,4612.3099999999995,0.0,-459.2500000000018,5120.34,5125.870000000001,5207.4349999999995,-452.4000000000069,-1268.0499999999938,-1.0,-1.0,1.0,-1.0,0.0,0.0,5123.15,4995.59,2.0,-425.19999999999527,850.3999999999996,0.0,0.0,1.0,0.0,0.0,3.0,3.0,0.0
46715.58,84,109,0.7777777777777778,-1.0,7,47050.91,47261.104999999996,48408.905,47962.854999999996,0.0,-5455249.999999942,46878.19,47247.89,47683.18,-5323099.999999977,-9675999.999999985,-1.0,-1.0,-1.0,-1.0,0.0,0.0,47050.91,46044.92,2.0,-3353300.0000000177,6706600.000000035,0.0,0.0,0.0,1.0,0.0,3.0,3.0,0.0
24548.06,72,109,0.6666666666666666,-1.0,6,24737.17,24583.265,24709.504999999997,25043.8,0.0,-352049.9999999811,24666.504999999997,24823.995,24592.05,-2759349.9999999767,-439899.9999999796,-1.0,1.0,-1.0,-1.0,0.0,0.0,24583.265,24477.65,2.0,-352049.9999999811,704099.9999999986,0.0,0.0,0.0,1.0,0.0,3.0,3.0,0.0
6679.62,72,109,0.6666666666666666,-1.0,6,6721.955,6712.975,6786.12,6760.37,0.0,-333550.0000000047,6703.05,6739.55,6740.96,-599300.0000000029,-613400.0000000014,-1.0,1.0,-1.0,-1.0,0.0,0.0,6712.975,6612.91,2.0,-333550.0000000047,667100.0000000003,0.0,0.0,0.0,1.0,0.0,3.0,3.0,0.0
99.724,84,109,0.7777777777777778,1.0,7,99.4725,99.1185,98.124,98.013,0.0,60.55000000000064,99.54249999999999,99.29599999999999,98.757,42.80000000000115,96.69999999999987,1.0,1.0,1.0,1.0,0.0,0.0,99.4725,99.72903,0.02,25.150000000000716,-0.5029999999990764,0.0,0.0,0.0,1.0,1.0,3.0,3.0,1.0
1.14138,84,109,0.7777777777777778,-1.0,7,1.1470099999999999,1.153895,1.166955,1.174675,0.0,-125.14999999999831,1.14503,1.1488399999999999,1.15587,-74.599999999998,-144.89999999999893,-1.0,-1.0,-1.0,-1.0,0.0,0.0,1.14701,1.13012,2.0,-56.30000000000024,112.60000000000048,0.0,0.0,0.0,0.0,0.0,4.0,3.0,0.0
1.32206,84,109,0.7777777777777778,-1.0,7,1.32937,1.335055,1.34649,1.34391,0.0,-129.9500000000009,1.3253650000000001,1.331375,1.335055,-93.14999999999962,-129.9500000000009,-1.0,-1.0,-1.0,-1.0,0.0,0.0,1.32937,1.30744,2.0,-73.09999999999928,146.20000000000078,0.0,0.0,0.0,0.0,0.0,4.0,3.0,0.0
159.729,72,109,0.6666666666666666,1.0,6,159.3715,158.506,156.0035,152.61,0.0,122.30000000000132,159.3715,159.1525,158.095,57.650000000001,163.40000000000146,0.0,1.0,1.0,1.0,0.0,0.0,159.3715,160.444,2.0,35.75000000000159,-71.4999999999975,0.0,1.0,0.0,0.0,0.0,4.0,3.0,0.0
0.69802,72,109,0.6666666666666666,-1.0,6,0.70357,0.7083250000000001,0.704205,0.680415,0.0,-103.05000000000119,0.702095,0.706365,0.7065600000000001,-83.45000000000047,-85.40000000000103,-1.0,-1.0,1.0,-1.0,0.0,0.0,0.70357,0.68692,2.0,-55.50000000000055,110.99999999999999,0.0,0.0,0.0,0.0,0.0,4.0,3.0,0.0
1.37289,84,109,0.7777777777777778,1.0,7,1.368105,1.36417,1.362845,1.38109,0.0,87.1999999999984,1.36981,1.36626,1.3639100000000002,66.29999999999913,89.79999999999765,1.0,1.0,1.0,1.0,0.0,0.0,1.3681,1.38246,2.0,47.8999999999985,-95.70000000000078,0.0,0.0,0.0,0.0,0.0,4.0,3.0,0.0
0.79141,84,109,0.7777777777777778,1.0,7,0.7881750000000001,0.783235,0.777285,0.78644,0.0,81.74999999999932,0.78889,0.78589,0.783235,55.19999999999969,81.74999999999932,1.0,1.0,1.0,1.0,0.0,0.0,0.78818,0.79788,2.0,32.29999999999955,-64.70000000000087,0.0,0.0,0.0,0.0,0.0,4.0,3.0,0.0
182.307,84,109,0.7777777777777778,-1.0,7,182.945,183.1595,183.516,179.53949999999998,0.0,-85.25000000000205,182.5825,182.945,183.17399999999998,-63.80000000000052,-86.69999999999902,-1.0,-1.0,-1.0,-1.0,0.0,0.0,182.945,181.031,2.0,-63.80000000000052,127.5999999999982,0.0,1.0,0.0,0.0,0.0,4.0,3.0,0.0
211.171,60,109,0.5555555555555556,-1.0,5,211.964,212.1815,210.82850000000002,206.2425,0.0,-101.05000000000075,211.2935,211.96499999999997,211.2385,-79.39999999999827,-6.749999999999545,-1.0,-1.0,1.0,-1.0,0.0,0.0,211.964,209.585,2.0,-79.30000000000064,158.59999999999843,0.0,1.0,0.0,0.0,0.0,4.0,3.0,0.0
5018.52,72,109,0.6666666666666666,-1.0,6,5068.764999999999,5123.905000000001,5034.965,4612.3099999999995,0.0,-1053.8500000000022,5065.425,5100.475,5187.73,-819.5499999999993,-1692.0999999999913,-1.0,-1.0,1.0,-1.0,0.0,0.0,5034.965,4985.63,2.0,-164.4499999999971,328.9000000000033,0.0,0.0,1.0,0.0,0.0,4.0,3.0,1.0
46531.98,72,109,0.6666666666666666,-1.0,6,46771.104999999996,47320.455,48408.905,47962.854999999996,0.0,-7884749.999999985,46807.2,46817.21000000001,47582.03,-2852300.000000032,-10500499.999999957,1.0,-1.0,-1.0,-1.0,0.0,0.0,46771.105,46053.73,2.0,-2391250.0,4782500.0,0.0,0.0,0.0,1.0,0.0,4.0,3.0,0.0
24339.76,72,109,0.6666666666666666,-1.0,6,24560.455,24740.254999999997,24709.504999999997,25043.8,0.0,-4004949.9999999898,24560.455,24619.165,24592.05,-2794050.0000000247,-2522900.000000009,0.0,-1.0,-1.0,-1.0,0.0,0.0,24560.455,23898.37,2.0,-2206950.0000000335,4413899.999999994,0.0,0.0,0.0,1.0,0.0,4.0,3.0,0.0
6626.83,72,109,0.6666666666666666,-1.0,6,6677.6,6734.455,6786.12,6760.37,0.0,-1076250.0,6677.6,6689.2,6736.32,-623699.999999999,-1094899.999999998,0.0,-1.0,-1.0,-1.0,0.0,0.0,6677.6,6525.29,2.0,-507700.00000000437,1015399.9999999997,0.0,0.0,0.0,1.0,0.0,4.0,3.0,0.0
100.483,84,109,0.7777777777777778,1.0,7,100.02850000000001,99.4865,98.49199999999999,98.013,0.0,99.64999999999975,100.19550000000001,99.87299999999999,99.46000000000001,61.000000000001364,102.29999999999961,1.0,1.0,1.0,1.0,0.0,0.0,100.0285,100.49209,0.02,45.45000000000101,-0.9090000000000487,0.0,0.0,0.0,1.0,1.0,4.0,3.0,0.0
1.15062,0,109,0.0,0.0,0,1.1467649999999998,1.153895,1.166955,1.174675,0.0,-32.74999999999917,1.1498249999999999,1.1467649999999998,1.153895,38.55000000000164,-32.74999999999917,1.0,-1.0,-1.0,0.0,0.0,0.0,0.0,0.0,0.0,0.0,0.0,0.0,0.0,0.0,0.0,0.0,0.0,3.0,-1.0
1.33208,0,109,0.0,0.0,0,1.3278699999999999,1.334935,1.34649,1.34391,0.0,-28.55000000000052,1.3308149999999999,1.3278699999999999,1.335055,42.10000000000047,-29.75000000000172,1.0,-1.0,-1.0,0.0,0.0,0.0,0.0,0.0,0.0,0.0,0.0,0.0,0.0,0.0,0.0,0.0,0.0,3.0,-1.0
159.036,0,109,0.0,0.0,0,159.2955,158.57,156.005,153.23899999999998,0.0,46.60000000000082,159.101,159.2955,158.0965,-25.950000000000273,93.95000000000095,-1.0,1.0,1.0,-1.0,0.0,0.0,0.0,0.0,0.0,0.0,0.0,0.0,1.0,0.0,0.0,0.0,0.0,3.0,-1.0
0.70714,0,109,0.0,0.0,0,0.703085,0.7083250000000001,0.7065600000000001,0.680415,0.0,-11.850000000001026,0.706345,0.703085,0.707165,40.55000000000031,-0.2500000000005276,1.0,-1.0,1.0,0.0,0.0,0.0,0.0,0.0,0.0,0.0,0.0,0.0,0.0,0.0,0.0,0.0,0.0,3.0,-1.0
1.36839,0,109,0.0,0.0,0,1.36931,1.36438,1.362845,1.38109,0.0,40.10000000000069,1.367365,1.36972,1.36334,-13.300000000000534,50.499999999999986,-1.0,1.0,1.0,0.0,0.0,0.0,0.0,0.0,0.0,0.0,0.0,0.0,0.0,0.0,0.0,0.0,0.0,3.0,-1.0
0.78759,0,109,0.0,0.0,0,0.78935,0.78354,0.77759,0.78644,0.0,40.49999999999998,0.78789,0.789195,0.78354,-16.049999999999677,40.49999999999998,-1.0,1.0,1.0,0.0,0.0,0.0,0.0,0.0,0.0,0.0,0.0,0.0,0.0,0.0,0.0,0.0,0.0,3.0,-1.0
182.99,0,109,0.0,0.0,0,182.519,182.969,183.516,179.53949999999998,0.0,2.1000000000015007,182.82999999999998,182.519,182.969,47.100000000000364,2.1000000000015007,1.0,-1.0,-1.0,0.0,0.0,0.0,0.0,0.0,0.0,0.0,0.0,0.0,1.0,0.0,0.0,0.0,0.0,3.0,-1.0
211.849,0,109,0.0,0.0,0,211.4555,212.051,210.82850000000002,206.2425,0.0,-20.199999999999818,211.6525,211.4555,211.2385,39.349999999998886,61.05000000000018,1.0,-1.0,1.0,0.0,0.0,0.0,0.0,0.0,0.0,0.0,0.0,0.0,1.0,0.0,0.0,0.0,0.0,3.0,-1.0
5009.16,84,109,0.7777777777777778,-1.0,7,5009.264999999999,5102.675,5130.46,4640.845,0.0,-935.1500000000033,5005.755,5044.195,5102.675,-350.34999999999854,-935.1500000000033,-1.0,-1.0,-1.0,-1.0,0.0,0.0,5009.265,5008.95,2.0,-1.0500000000047294,2.100000000000364,0.0,0.0,1.0,0.0,0.0,0.0,3.0,1.0
46913.88,0,109,0.0,0.0,0,46808.14,47320.455,48408.905,47939.75,0.0,-4065750.000000044,47002.15,46808.14,47582.03,1057399.9999999795,-6681500.000000015,1.0,-1.0,-1.0,0.0,0.0,0.0,0.0,0.0,0.0,0.0,0.0,0.0,0.0,0.0,1.0,0.0,0.0,3.0,-1.0
24640.96,0,109,0.0,0.0,0,24542.245,24737.62,24709.504999999997,25009.190000000002,0.0,-966599.9999999986,24699.18,24542.245,24592.05,987150.0000000014,489099.99999999854,1.0,-1.0,-1.0,0.0,0.0,0.0,0.0,0.0,0.0,0.0,0.0,0.0,0.0,0.0,1.0,0.0,0.0,3.0,-1.0
6695.83,0,109,0.0,0.0,0,6671.4,6729.355,6786.12,6743.57,0.0,-335249.9999999964,6705.52,6672.5,6736.32,233299.99999999927,-404899.9999999978,1.0,-1.0,-1.0,0.0,0.0,0.0,0.0,0.0,0.0,0.0,0.0,0.0,0.0,0.0,1.0,0.0,0.0,3.0,-1.0
99.822,0,109,0.0,0.0,0,100.0875,99.4885,98.49199999999999,98.013,0.0,33.35000000000008,99.84700000000001,100.0875,99.4865,-26.550000000000296,33.54999999999961,-1.0,1.0,1.0,0.0,0.0,0.0,0.0,0.0,0.0,0.0,0.0,0.0,0.0,0.0,1.0,1.0,0.0,3.0,-1.0
1.15405,0,109,0.0,0.0,0,1.150655,1.15116,1.166955,1.174675,0.0,28.900000000000592,1.15258,1.149405,1.153895,46.4500000000001,1.5500000000012726,1.0,-1.0,-1.0,1.0,0.0,0.0,0.0,0.0,0.0,0.0,0.0,0.0,0.0,0.0,0.0,0.0,1.0,3.0,-1.0
1.33552,0,109,0.0,0.0,0,1.331885,1.3330600000000001,1.34649,1.34391,0.0,24.599999999999067,1.33379,1.330275,1.335055,52.44999999999944,4.649999999999377,1.0,-1.0,-1.0,1.0,0.0,0.0,0.0,0.0,0.0,0.0,0.0,0.0,0.0,0.0,0.0,0.0,1.0,3.0,-1.0
158.998,0,109,0.0,0.0,0,159.1055,159.0235,156.005,153.23899999999998,0.0,-2.5500000000022283,158.934,159.1055,158.0965,-10.750000000001592,90.14999999999986,-1.0,1.0,1.0,-1.0,0.0,0.0,0.0,0.0,0.0,0.0,0.0,0.0,1.0,0.0,0.0,0.0,1.0,3.0,-1.0
0.71044,72,109,0.6666666666666666,1.0,6,0.7083550000000001,0.7083250000000001,0.7065600000000001,0.680415,0.0,21.14999999999867,0.709755,0.70671,0.707165,37.30000000000011,32.74999999999917,1.0,-1.0,1.0,1.0,0.0,0.0,0.70836,0.71461,2.0,20.799999999999706,-41.700000000000074,0.0,0.0,0.0,0.0,0.0,1.0,3.0,0.0
1.36894,72,109,0.6666666666666666,1.0,6,1.369675,1.36574,1.362845,1.38109,0.0,32.00000000000092,1.37012,1.368755,1.36334,1.8500000000010175,56.0000000000005,1.0,1.0,1.0,1.0,0.0,0.0,1.36574,1.37534,2.0,32.00000000000092,-63.999999999999616,0.0,0.0,0.0,0.0,0.0,1.0,3.0,-1.0
0.78473,0,109,0.0,0.0,0,0.787185,0.785065,0.77759,0.78644,0.0,-3.349999999999742,0.785995,0.787185,0.78354,-24.549999999999848,11.900000000000244,-1.0,1.0,1.0,-1.0,0.0,0.0,0.0,0.0,0.0,0.0,0.0,0.0,0.0,0.0,0.0,0.0,1.0,3.0,-1.0
183.486,72,109,0.6666666666666666,1.0,6,183.177,182.9165,183.3995,179.53949999999998,0.0,56.94999999999766,183.301,182.937,182.969,54.89999999999782,51.69999999999959,1.0,1.0,-1.0,1.0,0.0,0.0,183.3995,183.659,2.0,8.650000000000091,-17.300000000000182,0.0,1.0,0.0,0.0,0.0,1.0,3.0,0.0
212.344,72,109,0.6666666666666666,1.0,6,212.051,212.051,210.473,206.2425,0.0,29.300000000000637,212.155,211.7415,211.2385,60.249999999999204,110.55000000000064,1.0,-1.0,1.0,1.0,0.0,0.0,212.051,212.93,2.0,29.300000000000637,-58.60000000000127,0.0,1.0,0.0,0.0,0.0,1.0,3.0,0.0
5002.82,84,109,0.7777777777777778,-1.0,7,5008.785,5081.5,5130.46,4640.845,0.0,-786.8000000000029,5002.275,5007.094999999999,5102.675,-42.74999999999636,-998.5500000000047,-1.0,-1.0,-1.0,-1.0,0.0,0.0,5008.785,4990.89,2.0,-59.650000000001455,119.29999999999382,0.0,0.0,1.0,0.0,0.0,1.0,3.0,0.0
47021.78,60,109,0.5555555555555556,-1.0,5,47053.905,47061.755000000005,48408.905,47939.75,0.0,-399750.0000000582,47165.655,47002.405,47568.31,193750.0,-5465299.999999989,1.0,-1.0,-1.0,1.0,0.0,0.0,47053.905,46957.53,2.0,-321250.0,642500.0,0.0,0.0,0.0,1.0,0.0,1.0,3.0,1.0
24790.75,60,109,0.5555555555555556,1.0,5,24693.239999999998,24719.394999999997,24709.504999999997,25009.190000000002,0.0,713550.000000032,24733.44,24672.94,24592.05,1178100.000000013,1987000.0000000072,1.0,-1.0,-1.0,1.0,0.0,0.0,24719.395,24933.46,2.0,713549.9999999956,-1427099.9999999912,0.0,0.0,0.0,1.0,0.0,1.0,3.0,1.0
6720.07,0,109,0.0,0.0,0,6708.3,6712.450000000001,6786.12,6743.57,0.0,76199.99999998981,6721.55,6701.5,6736.32,185699.9999999971,-162500.0,1.0,-1.0,-1.0,1.0,0.0,0.0,0.0,0.0,0.0,0.0,0.0,0.0,0.0,0.0,1.0,0.0,1.0,3.0,-1.0
99.557,0,109,0.0,0.0,0,99.805,99.703,98.49199999999999,98.013,0.0,-14.60000000000008,99.6595,99.869,99.4865,-31.19999999999976,7.049999999999557,-1.0,1.0,1.0,-1.0,0.0,0.0,0.0,0.0,0.0,0.0,0.0,0.0,0.0,0.0,1.0,1.0,1.0,3.0,-1.0
1.14508,72,109,0.6666666666666666,-1.0,6,1.15025,1.148285,1.166885,1.174675,0.0,-32.049999999999024,1.149895,1.15025,1.153895,-51.699999999998965,-88.14999999999796,-1.0,1.0,-1.0,-1.0,0.0,0.0,1.14829,1.13867,2.0,-32.099999999999355,64.10000000000026,0.0,0.0,0.0,0.0,0.0,2.0,3.0,0.0
1.3253599999999999,72,109,0.6666666666666666,-1.0,6,1.331325,1.330475,1.34649,1.34391,0.0,-51.150000000002024,1.33075,1.331325,1.335055,-59.6500000000022,-96.95000000000232,-1.0,1.0,-1.0,-1.0,0.0,0.0,1.33048,1.31513,2.0,-51.200000000002355,102.29999999999961,0.0,0.0,0.0,0.0,0.0,2.0,3.0,0.0
159.879,72,109,0.6666666666666666,1.0,6,159.2305,159.2305,156.0815,153.23899999999998,0.0,64.84999999999843,159.4275,159.2305,158.584,64.84999999999843,129.49999999999875,1.0,0.0,1.0,1.0,0.0,0.0,159.2305,161.176,2.0,64.84999999999843,-129.6999999999997,0.0,1.0,0.0,0.0,0.0,2.0,3.0,0.0
0.70213,60,109,0.5555555555555556,-1.0,5,0.707065,0.705725,0.7065600000000001,0.680415,0.0,-35.950000000000145,0.7059249999999999,0.707065,0.707165,-49.35000000000023,-50.350000000000115,-1.0,1.0,1.0,-1.0,0.0,0.0,0.70573,0.69494,2.0,-35.99999999999937,71.90000000000029,0.0,0.0,0.0,0.0,0.0,2.0,3.0,0.0
1.37332,84,109,0.7777777777777778,1.0,7,1.371215,1.36679,1.362845,1.38109,0.0,65.30000000000146,1.371245,1.370875,1.36334,24.450000000000305,99.800000000001,1.0,1.0,1.0,1.0,0.0,0.0,1.37122,1.37753,2.0,20.999999999999908,-42.099999999998246,0.0,0.0,0.0,0.0,0.0,2.0,3.0,0.0
0.79335,84,109,0.7777777777777778,1.0,7,0.78886,0.7875650000000001,0.779165,0.78644,0.0,57.84999999999929,0.7896000000000001,0.78886,0.784195,44.89999999999994,91.55000000000024,1.0,1.0,1.0,1.0,0.0,0.0,0.78886,0.80233,2.0,44.89999999999994,-89.79999999999988,0.0,0.0,0.0,0.0,0.0,2.0,3.0,0.0
183.094,60,109,0.5555555555555556,1.0,5,183.401,182.84550000000002,182.784,179.53949999999998,0.0,24.849999999997863,183.45499999999998,183.401,182.969,-30.700000000001637,12.5,1.0,1.0,1.0,0.0,0.0,0.0,182.8455,183.591,2.0,24.850000000000705,-49.70000000000141,0.0,1.0,0.0,0.0,0.0,2.0,3.0,0.0
211.896,48,109,0.4444444444444444,1.0,4,212.3015,211.8345,210.263,206.2425,0.0,6.1499999999995225,212.3015,212.267,211.6365,-37.10000000000093,25.94999999999743,0.0,1.0,1.0,0.0,0.0,0.0,211.8345,212.019,2.0,6.1499999999995225,-12.300000000001887,0.0,1.0,0.0,0.0,0.0,2.0,3.0,0.0
4825.37,84,109,0.7777777777777778,-1.0,7,4911.34,4996.219999999999,5112.73,4640.845,0.0,-1708.4999999999945,4869.4,4918.879999999999,5022.46,-935.0999999999931,-1970.9000000000015,-1.0,-1.0,-1.0,-1.0,0.0,0.0,4911.34,4653.43,2.0,-859.7000000000025,1719.399999999996,0.0,0.0,1.0,0.0,0.0,2.0,3.0,1.0
46120.48,72,109,0.6666666666666666,-1.0,6,46674.495,46736.240000000005,48269.19,47939.75,0.0,-6157600.0000000205,46602.495,46736.240000000005,47131.94,-6157600.0000000205,-10114599.99999999,-1.0,0.0,-1.0,-1.0,0.0,0.0,46674.495,45012.45,2.0,-5540149.999999994,11080300.000000061,0.0,0.0,0.0,1.0,0.0,2.0,3.0,0.0
24392.96,72,109,0.6666666666666666,-1.0,6,24659.155,24633.504999999997,24709.504999999997,25009.190000000002,0.0,-2405449.9999999823,24612.955,24659.155,24583.265,-2661949.999999997,-1903050.0000000028,-1.0,1.0,-1.0,-1.0,0.0,0.0,24633.505,23911.87,2.0,-2405450.000000019,4810900.000000002,0.0,0.0,0.0,1.0,0.0,2.0,3.0,1.0
6614.23,72,109,0.6666666666666666,-1.0,6,6680.15,6680.15,6786.12,6743.57,0.0,-659200.0000000007,6670.4,6680.15,6713.57,-659200.0000000007,-993400.0000000014,-1.0,0.0,-1.0,-1.0,0.0,0.0,6680.15,6482.39,2.0,-659200.0000000007,1318399.9999999923,0.0,0.0,0.0,1.0,0.0,2.0,3.0,1.0
100.275,72,109,0.6666666666666666,1.0,6,99.882,99.936,98.49199999999999,98.013,0.0,33.899999999999864,99.92,99.882,99.4865,39.30000000000007,78.84999999999991,1.0,-1.0,1.0,1.0,0.0,0.0,99.936,100.28178,0.02,33.899999999999864,-0.6779999999992015,0.0,0.0,0.0,1.0,1.0,2.0,3.0,1.0
1.15855,60,109,0.5555555555555556,1.0,5,1.152965,1.151335,1.16502,1.174675,0.0,72.14999999999972,1.15394,1.152965,1.153895,55.84999999999951,46.55000000000076,1.0,1.0,-1.0,1.0,0.0,0.0,1.15297,1.16972,2.0,55.79999999999919,-111.70000000000124,0.0,0.0,0.0,0.0,0.0,3.0,3.0,0.0
1.34304,60,109,0.5555555555555556,1.0,5,1.335645,1.33425,1.34446,1.34391,0.0,87.90000000000076,1.33731,1.335645,1.335055,73.9500000000004,79.84999999999908,1.0,1.0,-1.0,1.0,0.0,0.0,1.33564,1.35783,2.0,74.00000000000074,-147.9000000000008,0.0,0.0,0.0,0.0,0.0,3.0,3.0,0.0
157.7,0,109,0.0,0.0,0,158.70049999999998,158.70049999999998,156.0815,153.23899999999998,0.0,-100.04999999999882,158.397,158.70049999999998,158.584,-100.04999999999882,-88.40000000000146,-1.0,0.0,1.0,-1.0,0.0,0.0,0.0,0.0,0.0,0.0,0.0,0.0,1.0,0.0,0.0,0.0,3.0,3.0,-1.0
0.70859,72,109,0.6666666666666666,1.0,6,0.7054199999999999,0.70513,0.7065600000000001,0.680415,0.0,34.600000000000186,0.7054199999999999,0.7056450000000001,0.707165,29.449999999999754,14.250000000000096,0.0,1.0,1.0,1.0,0.0,0.0,0.70656,0.71265,2.0,20.30000000000087,-40.599999999999525,0.0,0.0,0.0,0.0,0.0,3.0,3.0,0.0
1.3744399999999999,60,109,0.5555555555555556,1.0,5,1.372635,1.370055,1.3639100000000002,1.38109,0.0,43.849999999998616,1.372635,1.37179,1.3636750000000002,26.49999999999819,107.64999999999691,0.0,1.0,-1.0,1.0,0.0,0.0,1.37264,1.37805,2.0,17.999999999998018,-36.10000000000113,0.0,0.0,0.0,0.0,0.0,3.0,3.0,0.0
0.7882,0,109,0.0,0.0,0,0.7907649999999999,0.78996,0.78123,0.78644,0.0,-17.599999999999838,0.790565,0.79061,0.7852950000000001,-24.100000000000232,29.049999999999354,-1.0,1.0,1.0,0.0,0.0,0.0,0.0,0.0,0.0,0.0,0.0,0.0,0.0,0.0,0.0,0.0,3.0,3.0,-1.0
182.707,60,109,0.5555555555555556,-1.0,5,182.7265,182.84550000000002,182.784,179.53949999999998,0.0,-13.850000000002183,182.506,182.926,182.969,-21.89999999999941,-26.200000000000045,-1.0,1.0,1.0,-1.0,0.0,0.0,182.7265,182.668,2.0,-1.9499999999993634,3.8999999999987267,0.0,1.0,0.0,0.0,0.0,3.0,3.0,1.0
211.796,0,109,0.0,0.0,0,211.56400000000002,211.75400000000002,210.263,206.2425,0.0,4.199999999997317,211.47,211.75400000000002,211.95,4.199999999997317,-15.399999999999636,-1.0,0.0,1.0,-1.0,0.0,0.0,0.0,0.0,0.0,0.0,0.0,0.0,1.0,0.0,0.0,0.0,3.0,3.0,-1.0
4657.62,84,109,0.7777777777777778,-1.0,7,4700.59,4811.575,4960.625,4640.845,0.0,-1539.5499999999993,4582.68,4748.875,4870.355,-912.5500000000011,-2127.3499999999967,-1.0,-1.0,-1.0,-1.0,0.0,0.0,4700.59,4571.68,2.0,-429.70000000000255,859.399999999996,0.0,0.0,1.0,0.0,0.0,3.0,3.0,0.0
46093.88,84,109,0.7777777777777778,-1.0,7,46166.85,46574.725,48082.325,47939.75,0.0,-4808450.000000011,45982.175,46501.729999999996,46970.425,-4078499.9999999856,-8765450.000000056,-1.0,-1.0,-1.0,-1.0,0.0,0.0,46166.85,45947.94,2.0,-729700.0000000116,1459399.9999999506,0.0,0.0,0.0,1.0,0.0,3.0,3.0,0.0
24399.06,72,109,0.6666666666666666,-1.0,6,24395.43,24542.489999999998,24709.504999999997,25009.190000000002,0.0,-1434299.9999999665,24287.93,24536.14,24583.265,-1370799.9999999811,-1842049.9999999811,-1.0,-1.0,-1.0,-1.0,0.0,0.0,24542.49,24112.2,2.0,-1434300.0000000028,2868600.0000000056,0.0,0.0,0.0,1.0,0.0,3.0,3.0,1.0
6618.22,84,109,0.7777777777777778,-1.0,7,6621.049999999999,6658.719999999999,6765.92,6743.57,0.0,-404999.9999999909,6598.82,6657.6,6702.225,-393800.0000000011,-840050.000000001,-1.0,-1.0,-1.0,-1.0,0.0,0.0,6621.05,6612.56,2.0,-28299.999999999272,56599.999999998545,0.0,0.0,0.0,1.0,0.0,3.0,3.0,0.0
99.214,60,109,0.5555555555555556,-1.0,5,99.651,99.7305,98.6185,98.013,0.0,-51.65000000000077,99.5815,99.651,99.4865,-43.69999999999976,-27.250000000000796,-1.0,-1.0,1.0,-1.0,0.0,0.0,99.651,99.20526,0.02,-43.69999999999976,0.8740000000003079,0.0,0.0,0.0,1.0,1.0,3.0,3.0,0.0
1.15705,0,109,0.0,0.0,0,1.157045,1.152965,1.164755,1.174675,0.0,40.84999999999894,1.1552250000000002,1.1533600000000002,1.153895,36.89999999999749,31.55000000000019,-1.0,1.0,-1.0,1.0,0.0,0.0,0.0,0.0,0.0,0.0,0.0,0.0,0.0,0.0,0.0,0.0,4.0,3.0,-1.0
1.3342399999999999,60,109,0.5555555555555556,-1.0,5,1.338285,1.335645,1.34399,1.34391,0.0,-14.050000000001006,1.335405,1.3360150000000002,1.335055,-17.75000000000304,-8.150000000002322,-1.0,1.0,-1.0,1.0,0.0,0.0,1.33564,1.33143,2.0,-14.000000000000679,28.099999999999792,0.0,0.0,0.0,0.0,0.0,4.0,3.0,1.0
159.231,72,109,0.6666666666666666,1.0,6,158.445,158.70049999999998,156.225,153.23899999999998,0.0,53.05000000000177,158.95049999999998,158.445,158.584,78.60000000000014,64.69999999999914,1.0,-1.0,1.0,1.0,0.0,0.0,158.7005,160.292,2.0,53.04999999999893,-106.1000000000007,0.0,1.0,0.0,0.0,0.0,4.0,3.0,0.0
0.70209,72,109,0.6666666666666666,-1.0,6,0.7057,0.706145,0.7065600000000001,0.680415,0.0,-40.55000000000031,0.7046,0.7054199999999999,0.7083250000000001,-33.29999999999944,-62.35000000000102,-1.0,-1.0,1.0,-1.0,0.0,0.0,0.7057,0.69487,2.0,-36.10000000000002,72.20000000000005,0.0,0.0,0.0,0.0,0.0,4.0,3.0,1.0
1.37215,48,109,0.4444444444444444,1.0,4,1.372355,1.370055,1.3639100000000002,1.38109,0.0,20.94999999999958,1.372355,1.372375,1.364505,-2.249999999999197,76.44999999999902,0.0,1.0,1.0,0.0,0.0,0.0,1.37006,1.37634,2.0,20.899999999999253,-41.89999999999916,0.0,0.0,0.0,0.0,0.0,4.0,3.0,0.0
0.78786,0,109,0.0,0.0,0,0.788035,0.78996,0.7813749999999999,0.78644,0.0,-20.999999999999908,0.788035,0.790655,0.7852950000000001,-27.949999999999918,25.649999999999284,0.0,1.0,1.0,-1.0,0.0,0.0,0.0,0.0,0.0,0.0,0.0,0.0,0.0,0.0,0.0,0.0,4.0,3.0,-1.0
184.234,72,109,0.6666666666666666,1.0,6,183.3825,183.1345,182.7905,179.53949999999998,0.0,109.95000000000061,183.8365,183.1345,183.054,109.95000000000061,118.00000000000068,1.0,0.0,1.0,1.0,0.0,0.0,183.3825,185.937,2.0,85.15000000000157,-170.3000000000003,0.0,1.0,0.0,0.0,0.0,4.0,3.0,0.0
212.451,72,109,0.6666666666666666,1.0,6,212.1685,211.7765,210.263,206.2425,0.0,67.44999999999948,212.18200000000002,211.7765,212.0435,67.44999999999948,40.749999999999886,1.0,0.0,1.0,1.0,0.0,0.0,212.1685,213.016,2.0,28.249999999999886,-56.49999999999977,0.0,1.0,0.0,0.0,0.0,4.0,3.0,0.0
4497.16,84,109,0.7777777777777778,-1.0,7,4606.34,4760.6849999999995,4948.025,4640.845,0.0,-2635.2499999999964,4586.264999999999,4606.34,4857.755,-1091.800000000003,-3605.9500000000025,-1.0,-1.0,-1.0,-1.0,0.0,0.0,4606.34,4278.8,2.0,-1091.800000000003,2183.5999999999967,0.0,0.0,1.0,0.0,0.0,4.0,3.0,1.0
45818.28,72,109,0.6666666666666666,-1.0,6,45803.7,46396.25,47630.325,47939.75,0.0,-5779700.000000011,45712.95,45815.604999999996,46791.95,26750.000000029104,-9736699.999999983,-1.0,-1.0,-1.0,-1.0,0.0,0.0,46396.25,44662.34,2.0,-5779700.000000011,11559400.000000022,0.0,0.0,0.0,1.0,0.0,4.0,3.0,0.0
23993.86,84,109,0.7777777777777778,-1.0,7,24116.230000000003,24370.79,24601.145,25009.190000000002,0.0,-3769300.000000003,24034.49,24116.230000000003,24474.905,-1223700.000000026,-4810449.999999982,-1.0,-1.0,-1.0,-1.0,0.0,0.0,24116.23,23749.12,2.0,-1223699.9999999898,2447400.000000016,0.0,0.0,0.0,1.0,0.0,4.0,3.0,1.0
6539.23,84,109,0.7777777777777778,-1.0,7,6556.27,6616.17,6721.1,6743.57,0.0,-769400.0000000051,6534.57,6556.27,6659.675,-170400.00000000873,-1204450.0000000063,-1.0,-1.0,-1.0,-1.0,0.0,0.0,6556.27,6505.15,2.0,-170400.00000000873,340799.9999999993,0.0,0.0,0.0,1.0,0.0,4.0,3.0,1.0
99.549,0,109,0.0,0.0,0,99.3825,99.651,98.646,98.013,0.0,-10.199999999998965,99.554,99.61500000000001,99.4865,-6.60000000000025,6.25,1.0,-1.0,1.0,-1.0,0.0,0.0,0.0,0.0,0.0,0.0,0.0,0.0,0.0,0.0,1.0,1.0,4.0,3.0,-1.0
1.16096,60,109,0.5555555555555556,1.0,5,1.15621,1.15414,1.164045,1.174675,0.0,68.20000000000049,1.159295,1.15621,1.15279,47.50000000000032,81.7000000000001,1.0,1.0,-1.0,1.0,0.0,0.0,1.15621,1.17046,2.0,47.50000000000032,-95.00000000000064,0.0,0.0,0.0,0.0,0.0,0.0,3.0,0.0
1.34265,60,109,0.5555555555555556,1.0,5,1.3368,1.3362500000000002,1.34399,1.34391,0.0,63.99999999999739,1.341105,1.3368,1.3348550000000001,58.499999999999105,77.94999999999774,1.0,1.0,-1.0,1.0,0.0,0.0,1.3368,1.35435,2.0,58.499999999999105,-117.00000000000044,0.0,0.0,0.0,0.0,0.0,0.0,3.0,0.0
158.419,0,109,0.0,0.0,0,158.8345,158.70049999999998,156.225,153.49599999999998,0.0,-28.149999999996567,158.5285,158.8345,158.70049999999998,-41.54999999999802,-28.149999999996567,-1.0,1.0,1.0,-1.0,0.0,0.0,0.0,0.0,0.0,0.0,0.0,0.0,1.0,0.0,0.0,0.0,0.0,3.0,-1.0
0.70106,0,109,0.0,0.0,0,0.69864,0.70169,0.704885,0.680415,0.0,-6.300000000000194,0.7017599999999999,0.6998850000000001,0.704885,11.749999999999261,-38.24999999999967,1.0,-1.0,0.0,-1.0,0.0,0.0,0.0,0.0,0.0,0.0,0.0,0.0,0.0,0.0,0.0,0.0,0.0,3.0,-1.0
1.37291,60,109,0.5555555555555556,1.0,5,1.37123,1.37123,1.3639999999999999,1.38109,0.0,16.80000000000126,1.3707150000000001,1.37123,1.365465,16.80000000000126,74.45000000000147,-1.0,0.0,1.0,1.0,0.0,0.0,1.37123,1.37627,2.0,16.80000000000126,-33.60000000000029,0.0,0.0,0.0,0.0,0.0,0.0,3.0,1.0
0.78649,60,109,0.5555555555555556,-1.0,5,0.7887,0.789615,0.7813749999999999,0.78644,0.0,-31.249999999999332,0.787,0.7887,0.7861549999999999,-22.09999999999934,3.3500000000008523,-1.0,-1.0,1.0,-1.0,0.0,0.0,0.7887,0.78207,2.0,-22.09999999999934,44.1999999999998,0.0,0.0,0.0,0.0,0.0,0.0,3.0,0.0
183.918,84,109,0.7777777777777778,1.0,7,183.7545,183.17899999999997,182.7905,179.53949999999998,0.0,73.90000000000327,183.922,183.7545,183.0985,16.34999999999991,81.9500000000005,1.0,1.0,1.0,1.0,0.0,0.0,183.7545,184.245,2.0,16.34999999999991,-32.69999999999982,0.0,1.0,0.0,0.0,0.0,0.0,3.0,0.0
212.7,84,109,0.7777777777777778,1.0,7,212.437,212.043,210.263,206.2425,0.0,65.69999999999823,212.7405,212.437,212.0435,26.29999999999768,65.64999999999941,1.0,1.0,1.0,1.0,0.0,0.0,212.437,213.226,2.0,26.29999999999768,-52.600000000001046,0.0,1.0,0.0,0.0,0.0,0.0,3.0,0.0
4412.09,60,109,0.5555555555555556,-1.0,5,4338.49,4564.965,4758.8150000000005,4680.715,0.0,-1528.75,4424.705,4399.46,4660.889999999999,126.30000000000109,-2487.9999999999927,1.0,-1.0,-1.0,-1.0,0.0,0.0,4564.965,4106.34,2.0,-1528.75,3057.5,0.0,0.0,1.0,0.0,0.0,0.0,3.0,0.0
46241.28,0,109,0.0,0.0,0,46035.31,46294.155,47528.229999999996,47766.19,0.0,-528750.0,46420.655,46035.31,46544.31,2059700.0000000116,-3030299.9999999884,1.0,-1.0,-1.0,0.0,0.0,0.0,0.0,0.0,0.0,0.0,0.0,0.0,0.0,0.0,1.0,0.0,0.0,3.0,-1.0
24201.26,0,109,0.0,0.0,0,24056.199999999997,24271.8,24502.155,24652.105,0.0,-705400.0000000087,24286.73,24056.199999999997,24357.69,1450600.000000013,-1564300.0000000028,1.0,-1.0,-1.0,0.0,0.0,0.0,0.0,0.0,0.0,0.0,0.0,0.0,0.0,0.0,1.0,0.0,0.0,3.0,-1.0
6584.93,0,109,0.0,0.0,0,6564.07,6595.77,6700.700000000001,6679.65,0.0,-108400.00000000146,6609.02,6564.07,6624.975,208600.00000000582,-400450.0000000007,1.0,-1.0,-1.0,0.0,0.0,0.0,0.0,0.0,0.0,0.0,0.0,0.0,0.0,0.0,1.0,0.0,0.0,3.0,-1.0
99.123,60,109,0.5555555555555556,-1.0,5,99.503,99.5975,98.693,98.013,0.0,-47.44999999999919,99.26050000000001,99.503,99.592,-37.999999999999545,-46.89999999999941,-1.0,-1.0,1.0,-1.0,0.0,0.0,99.503,99.1154,0.02,-37.999999999999545,0.7600000000010709,0.0,0.0,0.0,1.0,1.0,0.0,3.0,0.0
1.16061,0,109,0.0,0.0,0,1.1596199999999999,1.15414,1.163395,1.174675,0.0,64.69999999999976,1.159265,1.15621,1.15251,43.999999999999595,80.99999999999996,-1.0,1.0,-1.0,1.0,0.0,0.0,0.0,0.0,0.0,0.0,0.0,0.0,0.0,0.0,0.0,0.0,1.0,3.0,-1.0
1.34091,0,109,0.0,0.0,0,1.34035,1.3362500000000002,1.3425099999999999,1.34391,0.0,46.599999999998865,1.3391899999999999,1.3368,1.3348550000000001,41.10000000000058,60.549999999999216,-1.0,1.0,-1.0,1.0,0.0,0.0,0.0,0.0,0.0,0.0,0.0,0.0,0.0,0.0,0.0,0.0,1.0,3.0,-1.0
158.731,72,109,0.6666666666666666,1.0,6,158.625,158.70049999999998,156.297,153.49599999999998,0.0,3.0500000000017735,158.776,158.822,158.70049999999998,-9.100000000000819,3.0500000000017735,1.0,1.0,1.0,0.0,0.0,0.0,158.7005,158.792,2.0,3.0499999999989313,-6.100000000000705,0.0,1.0,0.0,0.0,0.0,1.0,3.0,0.0
0.69942,60,109,0.5555555555555556,-1.0,5,0.69827,0.7009650000000001,0.704885,0.680415,0.0,-15.450000000000186,0.697565,0.69864,0.70356,7.800000000000029,-41.39999999999922,-1.0,-1.0,-1.0,0.0,0.0,0.0,0.70097,0.69633,2.0,-15.499999999999403,30.90000000000037,0.0,0.0,0.0,0.0,0.0,1.0,3.0,1.0
1.37644,72,109,0.6666666666666666,1.0,6,1.37503,1.37276,1.3655300000000001,1.38109,0.0,36.800000000001276,1.375745,1.37276,1.368085,36.800000000001276,83.55000000000112,1.0,0.0,1.0,1.0,0.0,0.0,1.37503,1.37926,2.0,14.100000000001334,-28.199999999998226,0.0,0.0,0.0,0.0,0.0,1.0,3.0,0.0
0.78805,0,109,0.0,0.0,0,0.788645,0.789615,0.78139,0.78644,0.0,-15.649999999999276,0.789765,0.7887,0.7870699999999999,-6.499999999999284,9.800000000000919,1.0,-1.0,1.0,-1.0,0.0,0.0,0.0,0.0,0.0,0.0,0.0,0.0,0.0,0.0,0.0,0.0,1.0,3.0,-1.0
184.22,84,109,0.7777777777777778,1.0,7,183.9325,183.17899999999997,182.7905,179.53949999999998,0.0,104.10000000000252,184.023,183.7105,183.0985,50.95000000000027,112.14999999999975,1.0,1.0,1.0,1.0,0.0,0.0,183.9325,184.795,2.0,28.74999999999943,-57.49999999999886,0.0,1.0,0.0,0.0,0.0,1.0,3.0,0.0
212.843,84,109,0.7777777777777778,1.0,7,212.611,212.043,210.263,206.2425,0.0,79.9999999999983,212.6515,212.437,212.043,40.59999999999775,79.9999999999983,1.0,1.0,1.0,1.0,0.0,0.0,212.611,213.307,2.0,23.199999999999932,-46.399999999999864,0.0,1.0,0.0,0.0,0.0,1.0,3.0,0.0
4465.51,0,109,0.0,0.0,0,4394.764999999999,4498.805,4758.8150000000005,4680.715,0.0,-332.9500000000007,4417.4349999999995,4368.094999999999,4645.115,974.1500000000087,-1796.0499999999956,1.0,-1.0,-1.0,1.0,0.0,0.0,0.0,0.0,0.0,0.0,0.0,0.0,0.0,1.0,0.0,0.0,1.0,3.0,-1.0
46432.28,0,109,0.0,0.0,0,46186.94,46035.31,47528.229999999996,47766.19,0.0,3969700.0000000116,46186.94,46044.31,46294.155,3879700.0000000116,1381250.0,0.0,1.0,-1.0,1.0,0.0,0.0,0.0,0.0,0.0,0.0,0.0,0.0,0.0,0.0,1.0,0.0,1.0,3.0,-1.0
24208.16,0,109,0.0,0.0,0,24127.795,24165.54,24502.155,24652.105,0.0,426199.9999999898,24127.795,24077.4,24271.8,1307599.999999984,-636399.9999999942,0.0,-1.0,-1.0,1.0,0.0,0.0,0.0,0.0,0.0,0.0,0.0,0.0,0.0,0.0,1.0,0.0,1.0,3.0,-1.0
6601.23,0,109,0.0,0.0,0,6575.85,6568.620000000001,6700.700000000001,6679.65,0.0,326099.99999998766,6575.85,6567.22,6595.77,340099.9999999931,54599.99999999127,0.0,-1.0,-1.0,1.0,0.0,0.0,0.0,0.0,0.0,0.0,0.0,0.0,0.0,0.0,1.0,0.0,1.0,3.0,-1.0
99.214,0,109,0.0,0.0,0,99.2635,99.5975,98.78450000000001,98.013,0.0,-38.349999999999795,99.3175,99.503,99.67699999999999,-28.900000000000148,-46.299999999999386,1.0,-1.0,1.0,-1.0,0.0,0.0,0.0,0.0,0.0,0.0,0.0,0.0,0.0,0.0,1.0,1.0,1.0,3.0,-1.0
1.15577,60,109,0.5555555555555556,-1.0,5,1.159295,1.155455,1.163395,1.174675,0.0,3.1500000000006523,1.158445,1.159295,1.15251,-35.25,32.600000000000406,-1.0,1.0,-1.0,-1.0,0.0,0.0,1.15929,1.14872,2.0,-35.199999999999676,70.5,0.0,0.0,0.0,0.0,0.0,2.0,3.0,1.0
1.33606,72,109,0.6666666666666666,-1.0,6,1.3396949999999999,1.3368,1.339995,1.34391,0.0,-7.399999999999629,1.339245,1.3394,1.3348550000000001,-33.39999999999898,12.049999999999006,-1.0,1.0,-1.0,-1.0,0.0,0.0,1.3368,1.33458,2.0,-7.399999999999629,14.799999999999258,0.0,0.0,0.0,0.0,0.0,2.0,3.0,0.0
159.473,84,109,0.7777777777777778,1.0,7,158.931,158.5795,156.48,153.49599999999998,0.0,89.35000000000173,159.12900000000002,158.931,158.70049999999998,54.20000000000016,77.25000000000364,1.0,1.0,1.0,1.0,0.0,0.0,158.931,160.557,2.0,54.20000000000016,-108.39999999999748,0.0,1.0,0.0,0.0,0.0,2.0,3.0,-1.0
0.69458,84,109,0.7777777777777778,-1.0,7,0.6977949999999999,0.7009650000000001,0.704885,0.680415,0.0,-63.85000000000085,0.69577,0.697565,0.70169,-29.850000000000154,-71.1000000000006,-1.0,-1.0,-1.0,-1.0,0.0,0.0,0.69779,0.68815,2.0,-32.10000000000046,64.29999999999936,0.0,0.0,0.0,0.0,0.0,2.0,3.0,1.0
1.38119,84,109,0.7777777777777778,1.0,7,1.378045,1.374475,1.367245,1.38109,0.0,67.15000000000026,1.37961,1.3774000000000002,1.37201,37.89999999999738,91.79999999999966,1.0,1.0,1.0,1.0,0.0,0.0,1.37804,1.38748,2.0,31.49999999999986,-62.900000000001285,0.0,0.0,0.0,0.0,0.0,2.0,3.0,1.0
0.79181,84,109,0.7777777777777778,1.0,7,0.7897099999999999,0.7888900000000001,0.78139,0.78644,0.0,29.19999999999923,0.7903199999999999,0.789435,0.789615,23.75000000000016,21.95000000000058,1.0,1.0,1.0,1.0,0.0,0.0,0.78971,0.79601,2.0,20.999999999999908,-41.999999999999815,0.0,0.0,0.0,0.0,0.0,2.0,3.0,1.0
184.312,72,109,0.6666666666666666,1.0,6,184.301,183.3125,183.0865,179.53949999999998,0.0,99.95000000000118,184.239,184.171,183.23200000000003,14.100000000001955,107.99999999999841,-1.0,1.0,1.0,1.0,0.0,0.0,184.301,184.334,2.0,1.1000000000024102,-2.199999999999136,0.0,1.0,0.0,0.0,0.0,2.0,3.0,0.0
213.065,84,109,0.7777777777777778,1.0,7,212.84500000000003,212.043,210.4305,206.2425,0.0,102.19999999999914,212.91899999999998,212.792,212.043,27.299999999999613,102.19999999999914,1.0,1.0,1.0,1.0,0.0,0.0,212.845,213.505,2.0,21.999999999999886,-43.99999999999977,0.0,1.0,0.0,0.0,0.0,2.0,3.0,0.0
4505.79,60,109,0.5555555555555556,1.0,5,4493.085,4417.13,4758.8150000000005,4680.715,0.0,886.5999999999985,4535.16,4476.765,4613.405,290.24999999999636,-1076.1499999999978,1.0,1.0,-1.0,1.0,0.0,0.0,4493.085,4531.2,2.0,127.04999999999927,-254.09999999999854,0.0,0.0,1.0,0.0,0.0,2.0,3.0,1.0
46405.68,0,109,0.0,0.0,0,46427.825,46035.31,47528.229999999996,47766.19,0.0,3703700.000000026,46472.25,46254.1,46294.155,1515800.0000000175,1115250.0000000144,1.0,1.0,-1.0,1.0,0.0,0.0,0.0,0.0,0.0,0.0,0.0,0.0,0.0,0.0,1.0,0.0,2.0,3.0,-1.0
24151.36,0,109,0.0,0.0,0,24156.02,24056.199999999997,24502.155,24652.105,0.0,951600.0000000349,24202.989999999998,24127.795,24271.8,235650.00000002328,-1204399.999999987,1.0,1.0,-1.0,1.0,0.0,0.0,0.0,0.0,0.0,0.0,0.0,0.0,0.0,0.0,1.0,0.0,2.0,3.0,-1.0
6589.32,0,109,0.0,0.0,0,6592.2,6564.07,6700.700000000001,6679.65,0.0,252500.0,6600.969999999999,6578.82,6595.77,105000.0,-64500.000000007276,1.0,1.0,-1.0,1.0,0.0,0.0,0.0,0.0,0.0,0.0,0.0,0.0,0.0,0.0,1.0,0.0,2.0,3.0,-1.0
99.658,72,109,0.6666666666666666,1.0,6,99.34299999999999,99.503,98.825,98.013,0.0,15.500000000000114,99.413,99.34299999999999,99.67699999999999,31.500000000001194,-1.8999999999991246,1.0,-1.0,1.0,1.0,0.0,0.0,99.503,99.6611,0.02,15.500000000000114,-0.31000000000034333,0.0,0.0,0.0,1.0,1.0,2.0,3.0,1.0
1.15288,72,109,0.6666666666666666,-1.0,6,1.154585,1.15621,1.162255,1.174675,0.0,-33.30000000000055,1.153905,1.15665,1.1526999999999998,-37.700000000000514,1.80000000000069,-1.0,1.0,-1.0,-1.0,0.0,0.0,1.15458,1.14947,2.0,-17.000000000000348,34.09999999999913,0.0,0.0,0.0,0.0,0.0,3.0,3.0,0.0
1.33263,60,109,0.5555555555555556,-1.0,5,1.334395,1.3368,1.33965,1.34391,0.0,-41.700000000000074,1.334395,1.33685,1.334905,-42.200000000001125,-22.75000000000027,0.0,1.0,-1.0,-1.0,0.0,0.0,1.33439,1.3291,2.0,-17.599999999999838,35.30000000000033,0.0,0.0,0.0,0.0,0.0,3.0,3.0,0.0
159.76,84,109,0.7777777777777778,1.0,7,159.5635,158.93,156.94650000000001,153.49599999999998,0.0,82.99999999999841,159.5975,159.285,158.70049999999998,47.49999999999943,105.95000000000141,1.0,1.0,1.0,1.0,0.0,0.0,159.5635,160.153,2.0,19.649999999998613,-39.30000000000007,0.0,1.0,0.0,0.0,0.0,3.0,3.0,0.0
0.6887,84,109,0.7777777777777778,-1.0,7,0.6916100000000001,0.69754,0.703125,0.680415,0.0,-88.4000000000007,0.690205,0.693025,0.6999299999999999,-43.250000000000234,-112.29999999999963,-1.0,-1.0,-1.0,-1.0,0.0,0.0,0.69161,0.68288,2.0,-29.09999999999968,58.19999999999936,0.0,0.0,0.0,0.0,0.0,3.0,3.0,-1.0
1.3862999999999999,84,109,0.7777777777777778,1.0,7,1.38342,1.376785,1.369555,1.38109,0.0,95.14999999999941,1.38434,1.38192,1.3759350000000001,43.799999999998285,103.64999999999736,1.0,1.0,1.0,1.0,0.0,0.0,1.38342,1.39206,2.0,28.799999999997716,-57.6000000000021,0.0,0.0,0.0,0.0,0.0,3.0,3.0,1.0
0.79495,84,109,0.7777777777777778,1.0,7,0.793595,0.7896650000000001,0.7814399999999999,0.78644,0.0,52.84999999999984,0.794145,0.7920499999999999,0.7896650000000001,29.000000000001247,52.84999999999984,1.0,1.0,1.0,1.0,0.0,0.0,0.7936,0.79766,2.0,13.500000000000734,-27.099999999999902,0.0,0.0,0.0,0.0,0.0,3.0,3.0,0.0
184.178,0,109,0.0,0.0,0,184.21800000000002,183.888,183.316,179.53949999999998,0.0,28.999999999999204,184.144,184.21800000000002,183.23200000000003,-4.000000000002046,94.59999999999695,-1.0,1.0,-1.0,0.0,0.0,0.0,0.0,0.0,0.0,0.0,0.0,0.0,1.0,0.0,0.0,0.0,3.0,3.0,-1.0
212.9,72,109,0.6666666666666666,1.0,6,212.997,212.439,210.6905,206.2425,0.0,46.10000000000127,213.002,212.9685,212.04500000000002,-6.850000000000023,85.49999999999898,1.0,1.0,1.0,1.0,0.0,0.0,212.439,213.822,2.0,46.10000000000127,-92.1999999999997,0.0,1.0,0.0,0.0,0.0,3.0,3.0,0.0
4401.57,60,109,0.5555555555555556,-1.0,5,4459.715,4389.0,4758.8150000000005,4680.715,0.0,125.69999999999709,4415.135,4468.200000000001,4571.475,-666.3000000000102,-1699.0500000000065,-1.0,1.0,-1.0,-1.0,0.0,0.0,4459.715,4285.28,2.0,-581.4500000000044,1162.8999999999996,0.0,0.0,1.0,0.0,0.0,3.0,3.0,0.0
46095.18,0,109,0.0,0.0,0,46225.990000000005,46035.31,47494.555,47766.19,0.0,598700.0000000262,46225.990000000005,46323.79,46294.155,-2286100.0000000056,-1989749.9999999856,0.0,1.0,-1.0,-1.0,0.0,0.0,0.0,0.0,0.0,0.0,0.0,0.0,0.0,0.0,1.0,0.0,3.0,3.0,-1.0
23674.96,84,109,0.7777777777777778,-1.0,7,23900.945,24055.305,24501.260000000002,24652.105,0.0,-3803450.0000000116,23795.245000000003,23944.505,24270.905,-2695450.000000019,-5959449.999999997,-1.0,-1.0,-1.0,-1.0,0.0,0.0,23900.945,23222.99,2.0,-2259850.0000000056,4519699.999999975,0.0,0.0,0.0,1.0,0.0,3.0,3.0,1.0
6499.33,84,109,0.7777777777777778,-1.0,7,6539.98,6564.07,6700.700000000001,6679.65,0.0,-647399.9999999978,6521.2,6551.799999999999,6595.77,-524699.9999999935,-964400.0000000051,-1.0,-1.0,-1.0,-1.0,0.0,0.0,6539.98,6418.03,2.0,-406499.9999999964,813000.0000000019,0.0,0.0,0.0,1.0,0.0,3.0,3.0,1.0
99.9,84,109,0.7777777777777778,1.0,7,99.7285,99.503,98.918,98.013,0.0,39.70000000000056,99.842,99.5855,99.643,31.450000000000955,25.7000000000005,1.0,1.0,1.0,1.0,0.0,0.0,99.7285,99.90343,0.02,17.150000000000887,-0.3429999999994493,0.0,0.0,0.0,1.0,1.0,3.0,3.0,1.0
1.15118,84,109,0.7777777777777778,-1.0,7,1.153025,1.1570749999999999,1.162255,1.174675,0.0,-58.949999999997615,1.152485,1.1533449999999998,1.15414,-21.649999999997505,-29.599999999998516,-1.0,-1.0,-1.0,-1.0,0.0,0.0,1.15302,1.14749,2.0,-18.399999999998418,36.90000000000193,0.0,0.0,0.0,0.0,0.0,4.0,3.0,1.0
1.3269,84,109,0.7777777777777778,-1.0,7,1.3313899999999999,1.33694,1.33965,1.34391,0.0,-100.40000000000049,1.329605,1.33188,1.3362500000000002,-49.79999999999984,-93.50000000000192,-1.0,-1.0,-1.0,-1.0,0.0,0.0,1.33139,1.31792,2.0,-44.90000000000105,89.79999999999988,0.0,0.0,0.0,0.0,0.0,4.0,3.0,1.0
160.247,84,109,0.7777777777777778,1.0,7,159.88,159.21249999999998,157.20350000000002,153.49599999999998,0.0,103.45000000000368,160.0555,159.88,158.95749999999998,36.700000000001864,128.95000000000323,1.0,1.0,1.0,1.0,0.0,0.0,159.88,160.981,2.0,36.700000000001864,-73.39999999999804,0.0,1.0,0.0,0.0,0.0,4.0,3.0,0.0
0.68778,84,109,0.7777777777777778,-1.0,7,0.6891400000000001,0.6963250000000001,0.70257,0.680415,0.0,-85.45000000000135,0.688305,0.69042,0.6993750000000001,-26.400000000000865,-115.95000000000132,-1.0,-1.0,-1.0,-1.0,0.0,0.0,0.68914,0.68506,2.0,-13.600000000000279,27.19999999999945,0.0,0.0,0.0,0.0,0.0,4.0,3.0,1.0
1.38913,84,109,0.7777777777777778,1.0,7,1.3865699999999999,1.3782649999999999,1.371035,1.38109,0.0,108.65000000000124,1.387295,1.3858199999999998,1.3782649999999999,33.10000000000146,108.65000000000124,1.0,1.0,1.0,1.0,0.0,0.0,1.38657,1.39425,2.0,25.599999999998957,-51.20000000000013,0.0,0.0,0.0,0.0,0.0,4.0,3.0,1.0
0.79888,84,109,0.7777777777777778,1.0,7,0.796225,0.791385,0.78316,0.78644,0.0,74.9500000000003,0.797295,0.7953250000000001,0.791385,35.54999999999975,74.9500000000003,1.0,1.0,1.0,1.0,0.0,0.0,0.79622,0.80419,2.0,26.59999999999996,-53.099999999999255,0.0,0.0,0.0,0.0,0.0,4.0,3.0,0.0
184.469,72,109,0.6666666666666666,1.0,6,184.256,184.137,183.316,179.53949999999998,0.0,33.19999999999936,184.256,184.256,183.3395,21.299999999999386,112.95000000000073,0.0,1.0,1.0,1.0,0.0,0.0,184.256,184.895,2.0,21.299999999999386,-42.600000000001614,0.0,1.0,0.0,0.0,0.0,4.0,3.0,0.0
212.631,0,109,0.0,0.0,0,212.659,212.762,210.7155,206.2425,0.0,-13.100000000000023,212.609,212.762,212.04500000000002,-13.100000000000023,58.59999999999843,-1.0,0.0,1.0,-1.0,0.0,0.0,0.0,0.0,0.0,0.0,0.0,0.0,1.0,0.0,0.0,0.0,4.0,3.0,-1.0
4498.41,0,109,0.0,0.0,0,4453.015,4454.095,4758.8150000000005,4680.715,0.0,443.149999999996,4483.8099999999995,4453.015,4571.475,453.94999999999527,-730.6500000000051,1.0,-1.0,-1.0,1.0,0.0,0.0,0.0,0.0,0.0,0.0,0.0,0.0,0.0,1.0,0.0,0.0,4.0,3.0,-1.0
45072.38,84,109,0.7777777777777778,-1.0,7,45750.63,45883.24,47423.09,47766.19,0.0,-8108600.000000006,45418.345,45785.44,46222.69,-7130600.000000049,-11503100.00000005,-1.0,-1.0,-1.0,-1.0,0.0,0.0,45750.63,43715.88,2.0,-6782500.0,13565000.0,0.0,0.0,0.0,1.0,0.0,4.0,3.0,0.0
23075.16,84,109,0.7777777777777778,-1.0,7,23431.91,23761.595,24244.059999999998,24652.105,0.0,-6864350.000000013,23258.705,23538.045,24013.705,-4628849.999999984,-9385450.000000019,-1.0,-1.0,-1.0,-1.0,0.0,0.0,23431.91,22361.66,2.0,-3567500.0,7135000.0,0.0,0.0,0.0,1.0,0.0,4.0,3.0,0.0
6355.43,84,109,0.7777777777777778,-1.0,7,6446.83,6499.35,6657.18,6679.65,0.0,-1439200.0000000007,6401.1,6459.4,6552.25,-1039699.9999999935,-1968199.9999999972,-1.0,-1.0,-1.0,-1.0,0.0,0.0,6446.83,6172.63,2.0,-913999.9999999964,1828000.0000000019,0.0,0.0,0.0,1.0,0.0,4.0,3.0,0.0
100.172,84,109,0.7777777777777778,1.0,7,99.9375,99.5295,98.918,98.013,0.0,64.24999999999983,100.0175,99.924,99.5975,24.799999999999045,57.450000000000045,1.0,1.0,1.0,1.0,0.0,0.0,99.9375,100.17669,0.02,23.449999999999704,-0.46899999999965303,0.0,0.0,0.0,1.0,1.0,4.0,3.0,1.0
1.14592,84,109,0.7777777777777778,-1.0,7,1.1482100000000002,1.15368,1.162255,1.174675,0.0,-77.5999999999999,1.1465900000000002,1.149545,1.1541350000000001,-36.24999999999989,-82.15000000000083,-1.0,-1.0,-1.0,-1.0,0.0,0.0,1.14821,1.14134,2.0,-22.899999999999032,45.80000000000028,0.0,0.0,0.0,0.0,0.0,0.0,3.0,0.0
1.31827,84,109,0.7777777777777778,-1.0,7,1.3228,1.33048,1.33743,1.34391,0.0,-122.10000000000053,1.32054,1.3253,1.332635,-70.2999999999987,-143.6499999999996,-1.0,-1.0,-1.0,-1.0,0.0,0.0,1.3228,1.30921,2.0,-45.29999999999923,90.60000000000068,0.0,0.0,0.0,0.0,0.0,0.0,3.0,0.0
159.709,0,109,0.0,0.0,0,159.892,159.41250000000002,157.2285,154.7425,0.0,29.649999999998045,159.529,159.892,158.98250000000002,-18.299999999999272,72.64999999999873,-1.0,1.0,1.0,-1.0,0.0,0.0,0.0,0.0,0.0,0.0,0.0,0.0,1.0,0.0,0.0,0.0,0.0,3.0,-1.0
0.68499,84,109,0.7777777777777778,-1.0,7,0.6856500000000001,0.6923250000000001,0.70102,0.680415,0.0,-73.35000000000092,0.68494,0.686755,0.697825,-17.650000000000166,-128.35000000000042,-1.0,-1.0,-1.0,-1.0,0.0,0.0,0.68565,0.68367,2.0,-6.599999999999939,13.199999999999878,0.0,0.0,0.0,0.0,0.0,0.0,3.0,1.0
1.39277,84,109,0.7777777777777778,1.0,7,1.391035,1.383755,1.3735400000000002,1.38109,0.0,90.14999999999995,1.39301,1.389615,1.38077,31.55000000000019,120.00000000000011,1.0,1.0,1.0,1.0,0.0,0.0,1.39104,1.39624,2.0,17.300000000000093,-34.699999999998624,0.0,0.0,0.0,0.0,0.0,0.0,3.0,1.0
0.79958,84,109,0.7777777777777778,1.0,7,0.798125,0.79413,0.78413,0.78644,0.0,54.499999999999545,0.800195,0.798125,0.792355,14.54999999999984,72.24999999999926,1.0,1.0,1.0,1.0,0.0,0.0,0.79812,0.80249,2.0,14.599999999999058,-29.10000000000079,0.0,0.0,0.0,0.0,0.0,0.0,3.0,0.0
183.01,60,109,0.5555555555555556,-1.0,5,183.555,183.618,183.316,180.7985,0.0,-60.80000000000041,182.8905,183.618,183.3395,-60.80000000000041,-32.94999999999959,-1.0,0.0,1.0,-1.0,0.0,0.0,183.316,182.398,2.0,-30.60000000000116,61.19999999999948,0.0,1.0,0.0,0.0,0.0,0.0,3.0,0.0
210.539,72,109,0.6666666666666666,-1.0,6,211.4435,211.74599999999998,210.7155,207.0285,0.0,-120.69999999999936,210.6295,211.59300000000002,211.74599999999998,-105.40000000000305,-120.69999999999936,-1.0,-1.0,1.0,-1.0,0.0,0.0,210.7155,210.186,2.0,-17.650000000000432,35.29999999999802,0.0,1.0,0.0,0.0,0.0,0.0,3.0,0.0
4504.4,60,109,0.5555555555555556,1.0,5,4499.3,4476.64,4758.8150000000005,4741.095,0.0,277.5999999999931,4535.63,4492.235000000001,4557.424999999999,121.64999999999054,-530.2499999999964,1.0,1.0,-1.0,1.0,0.0,0.0,4499.3,4514.6,2.0,50.99999999999454,-102.00000000000728,0.0,0.0,1.0,0.0,0.0,0.0,3.0,1.0
45195.78,72,109,0.6666666666666666,-1.0,6,45241.295,45781.89,47321.740000000005,47664.84,0.0,-5861100.000000006,45348.05,45400.494999999995,46059.595,-2047149.999999965,-8638150.000000022,1.0,-1.0,-1.0,-1.0,0.0,0.0,45241.295,45104.75,2.0,-455149.9999999942,910299.9999999884,0.0,0.0,0.0,1.0,0.0,0.0,3.0,0.0
22920.75,84,109,0.7777777777777778,-1.0,7,23115.915,23587.870000000003,24141.82,24519.65,0.0,-6671200.000000026,23099.305,23229.215,23911.465,-3084650.0000000014,-9907150.000000002,-1.0,-1.0,-1.0,-1.0,0.0,0.0,23115.915,22530.42,2.0,-1951650.0000000088,3903300.0000000177,0.0,0.0,0.0,1.0,0.0,0.0,3.0,0.0
6338.52,84,109,0.7777777777777778,-1.0,7,6378.1,6475.7,6642.88,6662.969999999999,0.0,-1371799.9999999937,6373.0,6401.05,6537.95,-625299.9999999974,-1994299.9999999937,-1.0,-1.0,-1.0,-1.0,0.0,0.0,6378.1,6259.36,2.0,-395799.9999999993,791600.0000000077,0.0,0.0,0.0,1.0,0.0,0.0,3.0,0.0
100.54,84,109,0.7777777777777778,1.0,7,100.30850000000001,99.8095,98.969,98.0895,0.0,73.05000000000064,100.436,100.21600000000001,99.72800000000001,32.39999999999981,81.19999999999976,1.0,1.0,1.0,1.0,0.0,0.0,100.3085,100.54463,0.02,23.150000000001114,-0.46299999999916963,0.0,0.0,0.0,1.0,1.0,0.0,3.0,1.0
1.15534,0,109,0.0,0.0,0,1.15052,1.152095,1.16197,1.174675,0.0,32.44999999999942,1.15252,1.15032,1.1541350000000001,50.200000000000244,12.049999999999006,1.0,-1.0,-1.0,1.0,0.0,0.0,0.0,0.0,0.0,0.0,0.0,0.0,0.0,0.0,0.0,0.0,1.0,3.0,-1.0
1.32246,0,109,0.0,0.0,0,1.32113,1.32799,1.336695,1.34391,0.0,-55.30000000000035,1.321785,1.32113,1.3319,13.300000000000534,-94.40000000000114,1.0,-1.0,-1.0,0.0,0.0,0.0,0.0,0.0,0.0,0.0,0.0,0.0,0.0,0.0,0.0,0.0,1.0,3.0,-1.0
158.718,60,109,0.5555555555555556,-1.0,5,159.315,159.5595,157.4905,154.7425,0.0,-84.15000000000248,159.11,159.315,158.98250000000002,-59.70000000000084,-26.45000000000266,-1.0,-1.0,1.0,-1.0,0.0,0.0,159.315,157.524,2.0,-59.70000000000084,119.39999999999884,0.0,1.0,0.0,0.0,0.0,1.0,3.0,0.0
0.69004,0,109,0.0,0.0,0,0.68687,0.690215,0.70102,0.680415,0.0,-1.7500000000003624,0.68693,0.68684,0.6971,31.999999999999808,-70.60000000000066,1.0,-1.0,-1.0,1.0,0.0,0.0,0.0,0.0,0.0,0.0,0.0,0.0,0.0,0.0,0.0,0.0,1.0,3.0,-1.0
1.39138,48,109,0.4444444444444444,1.0,4,1.393615,1.386965,1.3746,1.38109,0.0,44.150000000000574,1.393615,1.393615,1.38183,-22.34999999999987,95.50000000000169,0.0,1.0,1.0,0.0,0.0,0.0,1.38697,1.40021,2.0,44.10000000000025,-88.29999999999893,0.0,0.0,0.0,0.0,0.0,1.0,3.0,0.0
0.79923,72,109,0.6666666666666666,1.0,6,0.8007150000000001,0.79669,0.785605,0.78644,0.0,25.399999999999867,0.80159,0.8007150000000001,0.79383,-14.850000000000696,53.9999999999996,1.0,1.0,1.0,1.0,0.0,0.0,0.79669,0.80431,2.0,25.399999999999867,-50.799999999999734,0.0,0.0,0.0,0.0,0.0,1.0,3.0,0.0
183.369,0,109,0.0,0.0,0,183.233,183.618,183.316,180.7985,0.0,-24.899999999999523,183.357,183.11450000000002,183.3395,25.449999999997885,2.950000000001296,1.0,-1.0,1.0,0.0,0.0,0.0,0.0,0.0,0.0,0.0,0.0,0.0,1.0,0.0,0.0,0.0,1.0,3.0,-1.0
209.897,72,109,0.6666666666666666,-1.0,6,210.409,211.45600000000002,210.86700000000002,207.0285,0.0,-155.9000000000026,210.404,210.49200000000002,211.45600000000002,-59.50000000000273,-155.9000000000026,-1.0,-1.0,1.0,-1.0,0.0,0.0,210.409,208.873,2.0,-51.200000000000045,102.40000000000009,0.0,1.0,0.0,0.0,0.0,1.0,3.0,0.0
4667.83,60,109,0.5555555555555556,1.0,5,4584.66,4518.845,4758.8150000000005,4741.095,0.0,1489.8499999999967,4627.27,4584.66,4482.84,831.7000000000007,1849.8999999999978,1.0,1.0,-1.0,1.0,0.0,0.0,4584.66,4834.17,2.0,831.7000000000007,-1663.4000000000015,0.0,0.0,1.0,0.0,0.0,1.0,3.0,0.0
46325.98,0,109,0.0,0.0,0,45720.479999999996,45781.89,47321.740000000005,47664.84,0.0,5440900.000000038,45935.975,45720.479999999996,45862.494999999995,6055000.000000073,4634850.000000078,1.0,-1.0,-1.0,1.0,0.0,0.0,0.0,0.0,0.0,0.0,0.0,0.0,0.0,0.0,1.0,0.0,1.0,3.0,-1.0
23729.76,0,109,0.0,0.0,0,23285.515,23547.89,24111.605,24519.65,0.0,1818699.9999999898,23459.765,23285.515,23665.65,4442449.99999999,641099.9999999695,1.0,-1.0,-1.0,1.0,0.0,0.0,0.0,0.0,0.0,0.0,0.0,0.0,0.0,0.0,1.0,0.0,1.0,3.0,-1.0
6526.33,0,109,0.0,0.0,0,6425.85,6473.32,6640.5,6662.969999999999,0.0,530100.0000000022,6467.55,6425.85,6503.87,1004799.9999999956,224600.00000000035,1.0,-1.0,-1.0,1.0,0.0,0.0,0.0,0.0,0.0,0.0,0.0,0.0,0.0,0.0,1.0,0.0,1.0,3.0,-1.0
99.854,0,109,0.0,0.0,0,100.219,99.9745,99.0735,98.0895,0.0,-12.050000000000693,100.036,100.219,99.7535,-36.49999999999949,10.04999999999967,-1.0,1.0,1.0,-1.0,0.0,0.0,0.0,0.0,0.0,0.0,0.0,0.0,0.0,0.0,1.0,1.0,1.0,3.0,-1.0
1.1589800000000001,60,109,0.5555555555555556,1.0,5,1.1582949999999999,1.153505,1.16197,1.174675,0.0,54.75000000000119,1.16017,1.15423,1.1541350000000001,47.50000000000032,48.44999999999988,1.0,1.0,-1.0,1.0,0.0,0.0,1.15829,1.16035,2.0,6.900000000000794,-13.699999999998713,0.0,0.0,0.0,0.0,0.0,2.0,4.0,0.0
1.33046,0,109,0.0,0.0,0,1.328255,1.32684,1.336695,1.34391,0.0,36.19999999999956,1.331935,1.3259,1.3319,45.59999999999897,-14.400000000001079,1.0,-1.0,-1.0,1.0,0.0,0.0,0.0,0.0,0.0,0.0,0.0,0.0,0.0,0.0,0.0,0.0,2.0,4.0,-1.0
158.778,0,109,0.0,0.0,0,158.6395,159.365,157.9015,154.7425,0.0,-58.70000000000175,158.628,159.0195,159.0285,-24.150000000000205,-25.05000000000166,-1.0,-1.0,1.0,-1.0,0.0,0.0,0.0,0.0,0.0,0.0,0.0,0.0,1.0,0.0,0.0,0.0,2.0,4.0,-1.0
0.69285,60,109,0.5555555555555556,1.0,5,0.6924049999999999,0.68979,0.70102,0.680415,0.0,30.59999999999952,0.6937599999999999,0.68988,0.696515,29.69999999999917,-36.65000000000029,1.0,1.0,-1.0,1.0,0.0,0.0,0.6924,0.69374,2.0,4.499999999999504,-8.900000000000574,0.0,0.0,0.0,0.0,0.0,2.0,4.0,0.0
1.38771,0,109,0.0,0.0,0,1.39049,1.3893849999999999,1.3746,1.38109,0.0,-16.74999999999871,1.388835,1.39193,1.38183,-42.19999999999891,58.80000000000108,-1.0,1.0,1.0,-1.0,0.0,0.0,0.0,0.0,0.0,0.0,0.0,0.0,0.0,0.0,0.0,0.0,2.0,4.0,-1.0
0.79421,0,109,0.0,0.0,0,0.79569,0.797355,0.785605,0.78644,0.0,-31.450000000000642,0.79274,0.797355,0.79383,-31.450000000000642,3.7999999999993594,-1.0,0.0,1.0,-1.0,0.0,0.0,0.0,0.0,0.0,0.0,0.0,0.0,0.0,0.0,0.0,0.0,2.0,4.0,-1.0
183.954,72,109,0.6666666666666666,1.0,6,183.7355,183.618,183.316,180.7985,0.0,33.60000000000127,183.93349999999998,183.559,183.5905,39.50000000000102,36.350000000001614,1.0,-1.0,1.0,1.0,0.0,0.0,183.7355,184.391,2.0,21.85000000000059,-43.69999999999834,0.0,1.0,0.0,0.0,0.0,2.0,4.0,0.0
211.175,0,109,0.0,0.0,0,210.553,211.45600000000002,211.24,207.0285,0.0,-28.10000000000059,211.059,210.52100000000002,211.45600000000002,65.39999999999964,-28.10000000000059,1.0,-1.0,1.0,0.0,0.0,0.0,0.0,0.0,0.0,0.0,0.0,0.0,1.0,0.0,0.0,0.0,2.0,4.0,-1.0
4762.37,72,109,0.6666666666666666,1.0,6,4723.085,4571.77,4758.8150000000005,4741.095,0.0,1905.9999999999945,4754.275,4661.01,4445.695,1013.5999999999967,3166.750000000002,1.0,1.0,-1.0,1.0,0.0,0.0,4758.815,4769.48,2.0,35.55000000000291,-71.09999999999673,0.0,0.0,1.0,0.0,0.0,2.0,4.0,0.0
46601.98,60,109,0.5555555555555556,1.0,5,46485.655,45828.145000000004,47321.740000000005,47664.84,0.0,7738349.999999992,46654.61,46160.81,45862.494999999995,4411700.000000055,7394850.000000078,1.0,1.0,-1.0,1.0,0.0,0.0,46485.655,46834.63,2.0,1163250.0000000438,-2326499.999999942,0.0,0.0,0.0,1.0,0.0,2.0,4.0,0.0
24009.96,60,109,0.5555555555555556,1.0,5,23872.03,23473.489999999998,24111.605,24519.65,0.0,5364700.000000011,24010.739999999998,23611.04,23665.65,3989199.9999999823,3443099.9999999767,1.0,1.0,-1.0,1.0,0.0,0.0,23872.03,24285.82,2.0,1379300.0000000028,-2758600.0000000056,0.0,0.0,0.0,1.0,0.0,2.0,4.0,0.0
6576.62,60,109,0.5555555555555556,1.0,5,6549.35,6461.1,6640.5,6662.969999999999,0.0,1155199.9999999953,6578.75,6495.55,6503.87,810699.9999999971,727500.0,1.0,1.0,-1.0,1.0,0.0,0.0,6549.35,6631.16,2.0,272699.9999999953,-545399.9999999997,0.0,0.0,0.0,1.0,0.0,2.0,4.0,0.0
99.56,60,109,0.5555555555555556,-1.0,5,99.75,99.96700000000001,99.0735,98.0895,0.0,-40.70000000000107,99.4705,99.92150000000001,99.7535,-36.15000000000066,-19.350000000000023,-1.0,-1.0,1.0,-1.0,0.0,0.0,99.75,99.5562,0.02,-18.999999999999773,0.3799999999998249,0.0,0.0,0.0,1.0,1.0,2.0,4.0,1.0
1.15388,0,109,0.0,0.0,0,1.15572,1.153505,1.16197,1.174675,0.0,3.750000000000142,1.154045,1.1568049999999999,1.1541350000000001,-29.249999999998444,-2.5500000000011624,-1.0,1.0,-1.0,0.0,0.0,0.0,0.0,0.0,0.0,0.0,0.0,0.0,0.0,0.0,0.0,0.0,3.0,4.0,-1.0
1.32251,72,109,0.6666666666666666,-1.0,6,1.325075,1.325245,1.336695,1.34391,0.0,-27.34999999999932,1.322575,1.326375,1.3319,-38.65000000000008,-93.90000000000009,-1.0,1.0,-1.0,-1.0,0.0,0.0,1.32508,1.31738,2.0,-25.699999999999612,51.30000000000079,0.0,0.0,0.0,0.0,0.0,3.0,4.0,0.0
159.557,72,109,0.6666666666666666,1.0,6,159.142,159.365,157.9975,154.7425,0.0,19.199999999997885,159.4765,159.027,159.2375,53.000000000000114,31.949999999997658,1.0,-1.0,1.0,1.0,0.0,0.0,159.365,159.941,2.0,19.199999999997885,-38.400000000001455,0.0,1.0,0.0,0.0,0.0,3.0,4.0,0.0
0.69105,0,109,0.0,0.0,0,0.69,0.68979,0.70102,0.680415,0.0,12.600000000000389,0.689145,0.691105,0.694775,-0.5499999999991623,-37.24999999999979,-1.0,1.0,-1.0,0.0,0.0,0.0,0.0,0.0,0.0,0.0,0.0,0.0,0.0,0.0,0.0,0.0,3.0,4.0,-1.0
1.39191,60,109,0.5555555555555556,1.0,5,1.390115,1.39086,1.3746,1.38109,0.0,10.499999999999954,1.39165,1.390115,1.38183,17.94999999999991,100.80000000000089,1.0,-1.0,1.0,0.0,0.0,0.0,1.39086,1.39401,2.0,10.499999999999954,-20.999999999999908,0.0,0.0,0.0,0.0,0.0,3.0,4.0,1.0
0.79855,72,109,0.6666666666666666,1.0,6,0.7968200000000001,0.797355,0.785605,0.78644,0.0,11.949999999999461,0.7991,0.795675,0.79383,28.74999999999961,47.19999999999946,1.0,-1.0,1.0,1.0,0.0,0.0,0.79736,0.80094,2.0,11.900000000000244,-23.900000000000034,0.0,0.0,0.0,0.0,0.0,3.0,4.0,0.0
184.076,84,109,0.7777777777777778,1.0,7,183.8435,183.618,183.277,180.7985,0.0,45.79999999999984,183.98899999999998,183.8625,183.618,21.349999999998204,45.79999999999984,1.0,1.0,1.0,1.0,0.0,0.0,183.8435,184.541,2.0,23.24999999999875,-46.50000000000034,0.0,1.0,0.0,0.0,0.0,3.0,4.0,0.0
210.978,0,109,0.0,0.0,0,210.83499999999998,211.303,211.24,207.0285,0.0,-32.49999999999886,210.887,210.8825,211.45600000000002,9.550000000001546,-47.800000000000864,1.0,-1.0,1.0,1.0,0.0,0.0,0.0,0.0,0.0,0.0,0.0,0.0,1.0,0.0,0.0,0.0,3.0,4.0,-1.0
4670.6,0,109,0.0,0.0,0,4677.095,4606.905000000001,4758.8150000000005,4741.095,0.0,636.9499999999971,4640.22,4677.095,4449.5,-64.94999999999891,2211.0000000000036,-1.0,1.0,-1.0,0.0,0.0,0.0,0.0,0.0,0.0,0.0,0.0,0.0,0.0,1.0,0.0,0.0,3.0,4.0,-1.0
46519.88,0,109,0.0,0.0,0,46297.555,45828.145000000004,47321.740000000005,47664.84,0.0,6917349.999999933,46297.555,46342.91,45862.494999999995,1769699.999999939,6573850.0000000205,0.0,1.0,-1.0,1.0,0.0,0.0,0.0,0.0,0.0,0.0,0.0,0.0,0.0,0.0,1.0,0.0,3.0,4.0,-1.0
24038.76,0,109,0.0,0.0,0,23788.59,23473.489999999998,24073.3,24519.65,0.0,5652700.000000005,23786.04,23827.54,23665.65,2112199.9999999753,3731099.9999999693,-1.0,1.0,-1.0,1.0,0.0,0.0,0.0,0.0,0.0,0.0,0.0,0.0,0.0,0.0,1.0,0.0,3.0,4.0,-1.0
6583.53,0,109,0.0,0.0,0,6533.32,6461.1,6635.219999999999,6662.969999999999,0.0,1224299.9999999937,6533.32,6536.6,6503.87,469299.99999999383,796599.9999999986,0.0,1.0,-1.0,1.0,0.0,0.0,0.0,0.0,0.0,0.0,0.0,0.0,0.0,0.0,1.0,0.0,3.0,4.0,-1.0
99.989,72,109,0.6666666666666666,1.0,6,99.789,99.96700000000001,99.0735,98.0895,0.0,2.199999999999136,100.007,99.7805,99.7535,20.85000000000008,23.550000000000182,1.0,-1.0,1.0,1.0,0.0,0.0,99.967,99.98944,0.02,2.200000000000557,-0.043999999999755346,0.0,0.0,0.0,1.0,1.0,3.0,4.0,0.0
1.15138,72,109,0.6666666666666666,-1.0,6,1.152955,1.153505,1.161865,1.174675,0.0,-21.249999999999325,1.1528,1.15365,1.15368,-22.699999999999942,-22.999999999999687,-1.0,1.0,-1.0,-1.0,0.0,0.0,1.15295,1.14823,2.0,-15.699999999998493,31.49999999999986,0.0,0.0,0.0,0.0,0.0,4.0,4.0,0.0
1.31886,84,109,0.7777777777777778,-1.0,7,1.32139,1.325245,1.33335,1.34391,0.0,-63.85000000000085,1.321145,1.32163,1.3302,-27.700000000001612,-113.40000000000128,-1.0,-1.0,-1.0,-1.0,0.0,0.0,1.32139,1.3138,2.0,-25.300000000001432,50.599999999998424,0.0,0.0,0.0,0.0,0.0,4.0,4.0,0.0
159.569,72,109,0.6666666666666666,1.0,6,159.609,159.1205,157.9975,154.7425,0.0,44.84999999999957,159.615,159.512,159.339,5.699999999998795,22.999999999998977,1.0,1.0,1.0,1.0,0.0,0.0,159.1205,160.466,2.0,44.84999999999957,-89.70000000000198,0.0,1.0,0.0,0.0,0.0,4.0,4.0,0.0
0.68876,84,109,0.7777777777777778,-1.0,7,0.6899649999999999,0.68979,0.70102,0.680415,0.0,-10.299999999999754,0.68973,0.6888749999999999,0.6928700000000001,-1.149999999998652,-41.10000000000058,-1.0,-1.0,-1.0,-1.0,0.0,0.0,0.68979,0.6867,2.0,-10.299999999999754,20.60000000000062,0.0,0.0,0.0,0.0,0.0,4.0,4.0,0.0
1.39336,84,109,0.7777777777777778,1.0,7,1.3930150000000001,1.391785,1.3746,1.38109,0.0,15.74999999999882,1.39374,1.39279,1.38414,5.699999999999594,92.20000000000006,1.0,1.0,1.0,1.0,0.0,0.0,1.39302,1.39405,2.0,3.4000000000000696,-6.900000000000794,0.0,0.0,0.0,0.0,0.0,4.0,4.0,1.0
0.79923,84,109,0.7777777777777778,1.0,7,0.799125,0.797355,0.785605,0.78644,0.0,18.749999999999602,0.799545,0.799125,0.794705,1.0500000000002174,45.250000000000014,1.0,1.0,1.0,1.0,0.0,0.0,0.79912,0.79944,2.0,1.0999999999994348,-2.100000000000435,0.0,0.0,0.0,0.0,0.0,4.0,4.0,1.0
183.697,0,109,0.0,0.0,0,183.902,183.4245,183.277,180.7985,0.0,27.250000000000796,183.87,183.902,183.618,-20.49999999999841,7.900000000000773,-1.0,1.0,1.0,0.0,0.0,0.0,0.0,0.0,0.0,0.0,0.0,0.0,1.0,0.0,0.0,0.0,4.0,4.0,-1.0
210.421,60,109,0.5555555555555556,-1.0,5,210.7955,210.52100000000002,211.24,207.0285,0.0,-10.000000000002274,210.7305,210.7955,211.45600000000002,-37.45000000000118,-103.5000000000025,-1.0,1.0,1.0,-1.0,0.0,0.0,210.521,210.221,2.0,-9.999999999999432,19.999999999998863,0.0,1.0,0.0,0.0,0.0,4.0,4.0,0.0
4670.6,0,109,0.0,0.0,0,4677.095,4606.905000000001,4758.8150000000005,4741.095,0.0,636.9499999999971,4640.22,4677.095,4449.5,-64.94999999999891,2211.0000000000036,-1.0,1.0,-1.0,0.0,0.0,0.0,0.0,0.0,0.0,0.0,0.0,0.0,0.0,1.0,0.0,0.0,4.0,4.0,-1.0
46392.91,60,109,0.5555555555555556,1.0,5,46297.555,45945.41,47086.29,47664.84,0.0,4475000.0,46463.41,46297.555,45828.145000000004,953550.000000032,5647649.999999994,1.0,1.0,-1.0,1.0,0.0,0.0,46297.555,46583.62,2.0,953550.000000032,-1907099.9999999912,0.0,0.0,0.0,1.0,0.0,4.0,4.0,1.0
23956.45,60,109,0.5555555555555556,1.0,5,23786.04,23473.489999999998,23994.15,24519.65,0.0,4829600.000000028,23998.15,23786.04,23557.655,1704099.9999999986,3987950.000000019,1.0,1.0,-1.0,1.0,0.0,0.0,23786.04,24297.27,2.0,1704099.9999999986,-3408199.999999997,0.0,0.0,0.0,1.0,0.0,4.0,4.0,0.0
6561.87,60,109,0.5555555555555556,1.0,5,6533.32,6461.1,6608.42,6662.969999999999,0.0,1007699.9999999952,6575.0,6533.32,6473.32,285500.0000000018,885500.0000000019,1.0,1.0,-1.0,1.0,0.0,0.0,6533.32,6618.97,2.0,285500.0000000018,-571000.0000000036,0.0,0.0,0.0,1.0,0.0,4.0,4.0,1.0
100.139,72,109,0.6666666666666666,1.0,6,100.0445,99.96700000000001,99.099,98.0895,0.0,17.199999999998283,100.0485,99.789,99.83500000000001,34.99999999999943,30.399999999998784,1.0,-1.0,1.0,1.0,0.0,0.0,100.0445,100.14089,0.02,9.449999999999648,-0.1890000000003056,0.0,0.0,0.0,1.0,1.0,4.0,4.0,1.0
1.15421,0,109,0.0,0.0,0,1.1538300000000001,1.156385,1.16032,1.174675,0.0,-21.75000000000038,1.15528,1.1538300000000001,1.15368,3.7999999999982492,5.299999999999194,1.0,-1.0,-1.0,0.0,0.0,0.0,0.0,0.0,0.0,0.0,0.0,0.0,0.0,0.0,0.0,0.0,0.0,4.0,-1.0
1.32345,0,109,0.0,0.0,0,1.3222749999999999,1.3259,1.3321,1.34391,0.0,-24.500000000000632,1.3243049999999998,1.3222749999999999,1.329745,11.750000000001481,-62.94999999999939,1.0,-1.0,-1.0,0.0,0.0,0.0,0.0,0.0,0.0,0.0,0.0,0.0,0.0,0.0,0.0,0.0,0.0,4.0,-1.0
159.683,84,109,0.7777777777777778,1.0,7,159.566,159.049,158.27100000000002,154.918,0.0,63.39999999999861,159.58100000000002,159.566,159.365,11.699999999999022,31.799999999998363,1.0,1.0,1.0,1.0,0.0,0.0,159.566,159.917,2.0,11.699999999999022,-23.400000000000887,0.0,1.0,0.0,0.0,0.0,0.0,4.0,0.0
0.69182,60,109,0.5555555555555556,1.0,5,0.690705,0.68988,0.70102,0.680415,0.0,19.399999999999416,0.692175,0.690705,0.691845,11.149999999999771,-0.2500000000005276,1.0,1.0,-1.0,1.0,0.0,0.0,0.69071,0.69405,2.0,11.099999999999444,-22.299999999999542,0.0,0.0,0.0,0.0,0.0,0.0,4.0,1.0
1.39105,0,109,0.0,0.0,0,1.39252,1.391785,1.3746,1.38109,0.0,-7.350000000001522,1.3913449999999998,1.39257,1.385825,-15.200000000001879,52.24999999999813,-1.0,1.0,1.0,0.0,0.0,0.0,0.0,0.0,0.0,0.0,0.0,0.0,0.0,0.0,0.0,0.0,0.0,4.0,-1.0
0.79806,0,109,0.0,0.0,0,0.79897,0.797355,0.785605,0.78644,0.0,7.049999999999557,0.797455,0.79897,0.795605,-9.099999999999664,24.549999999999848,-1.0,1.0,1.0,0.0,0.0,0.0,0.0,0.0,0.0,0.0,0.0,0.0,0.0,0.0,0.0,0.0,0.0,4.0,-1.0
184.306,84,109,0.7777777777777778,1.0,7,183.9965,183.7615,183.277,180.845,0.0,54.44999999999993,184.29000000000002,183.9965,183.618,30.95000000000141,68.80000000000166,1.0,1.0,1.0,1.0,0.0,0.0,183.9965,184.925,2.0,30.95000000000141,-61.89999999999998,0.0,1.0,0.0,0.0,0.0,0.0,4.0,1.0
211.332,84,109,0.7777777777777778,1.0,7,210.904,210.57150000000001,211.24,207.0285,0.0,76.04999999999791,211.316,210.904,211.45600000000002,42.79999999999973,-12.400000000002365,1.0,1.0,1.0,1.0,0.0,0.0,211.24,211.516,2.0,9.199999999998454,-18.39999999999975,0.0,1.0,0.0,0.0,0.0,0.0,4.0,1.0
4650.11,0,109,0.0,0.0,0,4653.52,4641.39,4758.8150000000005,4742.32,0.0,87.19999999999345,4671.4,4643.605,4553.030000000001,65.05000000000109,970.7999999999902,1.0,1.0,-1.0,-1.0,0.0,0.0,0.0,0.0,0.0,0.0,0.0,0.0,0.0,1.0,0.0,0.0,0.0,4.0,-1.0
46766.28,60,109,0.5555555555555556,1.0,5,46478.28,46160.81,46939.115000000005,47664.84,0.0,6054700.000000011,46577.19,46478.28,45828.145000000004,2880000.0,9381349.999999948,1.0,1.0,-1.0,1.0,0.0,0.0,46478.28,47342.28,2.0,2880000.0,-5760000.0,0.0,0.0,0.0,1.0,0.0,0.0,4.0,0.0
24168.46,72,109,0.6666666666666666,1.0,6,24043.644999999997,23667.19,23994.15,24519.65,0.0,5012700.000000005,24154.83,24043.644999999997,23554.85,1248150.0000000233,6136100.000000006,1.0,1.0,-1.0,1.0,0.0,0.0,24043.645,24418.09,2.0,1248149.999999987,-2496300.0000000102,0.0,0.0,0.0,1.0,0.0,0.0,4.0,0.0
6608.67,72,109,0.6666666666666666,1.0,6,6574.9,6501.22,6607.0599999999995,6662.969999999999,0.0,1074499.9999999981,6600.07,6574.9,6473.32,337700.00000000437,1353500.0000000037,1.0,1.0,-1.0,1.0,0.0,0.0,6607.06,6611.89,2.0,16099.999999996726,-32200.000000002547,0.0,0.0,0.0,1.0,0.0,0.0,4.0,0.0
99.975,60,109,0.5555555555555556,1.0,5,99.9865,99.96700000000001,99.20150000000001,98.0895,0.0,0.7999999999981355,99.8905,99.9865,99.845,-1.1500000000012278,12.999999999999545,-1.0,1.0,1.0,1.0,0.0,0.0,99.967,99.97516,0.02,0.7999999999995566,-0.016000000000815362,0.0,0.0,0.0,1.0,1.0,0.0,4.0,1.0
1.15962,60,109,0.5555555555555556,1.0,5,1.156455,1.15661,1.15587,1.174675,0.0,30.100000000001792,1.157945,1.156455,1.153505,31.650000000000844,61.15000000000093,1.0,-1.0,-1.0,1.0,0.0,0.0,1.15661,1.16564,2.0,30.100000000001792,-60.19999999999914,0.0,0.0,0.0,0.0,0.0,1.0,4.0,1.0
1.32951,0,109,0.0,0.0,0,1.325565,1.326165,1.3321,1.34391,0.0,33.449999999999314,1.3267950000000002,1.325565,1.32684,39.44999999999865,26.699999999999502,1.0,-1.0,-1.0,1.0,0.0,0.0,0.0,0.0,0.0,0.0,0.0,0.0,0.0,0.0,0.0,0.0,1.0,4.0,-1.0
159.666,72,109,0.6666666666666666,1.0,6,159.748,159.2175,158.45499999999998,154.918,0.0,44.84999999999957,159.76749999999998,159.687,159.365,-2.1000000000015007,30.099999999998772,1.0,1.0,1.0,1.0,0.0,0.0,159.2175,160.563,2.0,44.84999999999957,-89.69999999999914,0.0,1.0,0.0,0.0,0.0,1.0,4.0,0.0
0.69754,60,109,0.5555555555555556,1.0,5,0.69381,0.691875,0.70102,0.680415,0.0,56.65000000000031,0.6951149999999999,0.69381,0.6905600000000001,37.30000000000011,69.79999999999987,1.0,1.0,-1.0,1.0,0.0,0.0,0.69381,0.705,2.0,37.30000000000011,-74.59999999999911,0.0,0.0,0.0,0.0,0.0,1.0,4.0,1.0
1.38873,60,109,0.5555555555555556,-1.0,5,1.390825,1.390915,1.3746,1.38109,0.0,-21.849999999998815,1.390595,1.390825,1.388465,-20.94999999999958,2.649999999999597,-1.0,-1.0,1.0,-1.0,0.0,0.0,1.39082,1.38454,2.0,-20.899999999999253,41.89999999999916,0.0,0.0,0.0,0.0,0.0,1.0,4.0,1.0
0.79757,60,109,0.5555555555555556,1.0,5,0.7990200000000001,0.79647,0.78951,0.78644,0.0,10.999999999999899,0.7991900000000001,0.798605,0.797355,-10.350000000000081,2.149999999999652,1.0,1.0,1.0,-1.0,0.0,0.0,0.79647,0.79977,2.0,10.999999999999899,-21.999999999999797,0.0,0.0,0.0,0.0,0.0,1.0,4.0,0.0
185.144,84,109,0.7777777777777778,1.0,7,184.6775,184.319,183.50900000000001,180.845,0.0,82.5000000000017,184.918,184.6205,183.868,52.35000000000127,127.60000000000105,1.0,1.0,1.0,1.0,0.0,0.0,184.6775,186.077,2.0,46.649999999999636,-93.29999999999927,0.0,1.0,0.0,0.0,0.0,1.0,4.0,1.0
212.277,84,109,0.7777777777777778,1.0,7,211.73149999999998,211.28050000000002,211.24,207.0285,0.0,99.64999999999691,211.922,211.6925,211.45600000000002,58.449999999999136,82.09999999999695,1.0,1.0,1.0,1.0,0.0,0.0,211.7315,213.368,2.0,54.54999999999757,-109.10000000000082,0.0,1.0,0.0,0.0,0.0,1.0,4.0,1.0
4711.98,0,109,0.0,0.0,0,4662.99,4677.095,4758.8150000000005,4742.32,0.0,348.8499999999931,4662.99,4662.99,4575.575000000001,489.8999999999978,1364.0499999999884,0.0,-1.0,-1.0,1.0,0.0,0.0,0.0,0.0,0.0,0.0,0.0,0.0,0.0,1.0,0.0,0.0,1.0,4.0,-1.0
46654.78,0,109,0.0,0.0,0,46508.24,46342.91,46837.965,47664.84,0.0,3118699.9999999534,46454.49,46508.24,45828.145000000004,1465400.0000000088,8266349.999999948,-1.0,1.0,-1.0,1.0,0.0,0.0,0.0,0.0,0.0,0.0,0.0,0.0,0.0,0.0,1.0,0.0,1.0,4.0,-1.0
24236.56,60,109,0.5555555555555556,1.0,5,24026.845,23885.355,23994.15,24519.65,0.0,3512050.0000000177,24026.845,24026.845,23531.305,2097150.0000000014,7052550.00000001,0.0,1.0,-1.0,1.0,0.0,0.0,24026.845,24655.99,2.0,2097150.0000000014,-4194300.000000003,0.0,0.0,0.0,1.0,0.0,1.0,4.0,1.0
6624.43,60,109,0.5555555555555556,1.0,5,6584.049999999999,6548.549999999999,6602.42,6662.969999999999,0.0,758800.0000000102,6584.049999999999,6584.049999999999,6473.049999999999,403800.0000000102,1513800.0000000102,0.0,1.0,-1.0,1.0,0.0,0.0,6602.42,6668.45,2.0,220100.00000000218,-440199.9999999953,0.0,0.0,0.0,1.0,0.0,1.0,4.0,1.0
99.63,0,109,0.0,0.0,0,99.8555,99.7805,99.5365,98.0895,0.0,-15.050000000000807,99.775,99.8555,99.96700000000001,-22.55000000000109,-33.70000000000175,-1.0,1.0,1.0,-1.0,0.0,0.0,0.0,0.0,0.0,0.0,0.0,0.0,0.0,0.0,1.0,1.0,1.0,4.0,-1.0
1.1661,84,109,0.7777777777777778,1.0,7,1.16473,1.16134,1.15661,1.174675,0.0,47.59999999999876,1.1682549999999998,1.16337,1.158235,27.29999999999899,78.6500000000001,1.0,1.0,1.0,1.0,0.0,0.0,1.16473,1.16884,2.0,13.699999999998713,-27.400000000001867,0.0,0.0,0.0,0.0,0.0,2.0,4.0,1.0
1.33954,72,109,0.6666666666666666,1.0,6,1.3369849999999999,1.33307,1.33215,1.34391,0.0,64.69999999999976,1.343245,1.3359999999999999,1.33215,35.400000000000986,73.90000000000008,1.0,1.0,0.0,1.0,0.0,0.0,1.33698,1.34465,2.0,25.599999999998957,-51.09999999999948,0.0,0.0,0.0,0.0,0.0,2.0,4.0,1.0
158.565,0,109,0.0,0.0,0,158.87599999999998,158.957,158.45499999999998,154.918,0.0,-39.19999999999959,158.3385,158.957,159.1725,-39.19999999999959,-60.75000000000159,-1.0,0.0,1.0,-1.0,0.0,0.0,0.0,0.0,0.0,0.0,0.0,0.0,1.0,0.0,0.0,0.0,2.0,4.0,-1.0
0.70443,72,109,0.6666666666666666,1.0,6,0.701445,0.69801,0.70102,0.680415,0.0,64.19999999999982,0.70532,0.70043,0.6958850000000001,40.000000000000036,85.44999999999914,1.0,1.0,-1.0,1.0,0.0,0.0,0.70144,0.7104,2.0,29.90000000000048,-59.70000000000031,0.0,0.0,0.0,0.0,0.0,2.0,4.0,0.0
1.38446,60,109,0.5555555555555556,-1.0,5,1.3864699999999999,1.388645,1.3746,1.38109,0.0,-41.84999999999883,1.38543,1.3876249999999999,1.3895149999999998,-31.649999999998624,-50.54999999999809,-1.0,-1.0,1.0,-1.0,0.0,0.0,1.38647,1.38044,2.0,-20.100000000000673,40.200000000001346,0.0,0.0,0.0,0.0,0.0,2.0,4.0,1.0
0.79135,60,109,0.5555555555555556,-1.0,5,0.793235,0.794375,0.78951,0.78644,0.0,-30.250000000000554,0.7897799999999999,0.79401,0.795575,-26.59999999999996,-42.25000000000034,-1.0,-1.0,1.0,-1.0,0.0,0.0,0.79324,0.78758,2.0,-18.899999999999473,37.700000000000514,0.0,0.0,0.0,0.0,0.0,2.0,4.0,1.0
184.903,60,109,0.5555555555555556,1.0,5,185.1735,184.543,183.7065,180.845,0.0,35.99999999999852,185.038,184.9925,184.0655,-8.950000000001523,83.75000000000057,-1.0,1.0,1.0,1.0,0.0,0.0,184.543,185.623,2.0,35.99999999999852,-71.99999999999989,0.0,1.0,0.0,0.0,0.0,2.0,4.0,1.0
212.403,72,109,0.6666666666666666,1.0,6,212.5185,211.70999999999998,211.24,207.0285,0.0,69.3000000000012,212.7645,212.30349999999999,211.3775,9.950000000000614,102.54999999999939,1.0,1.0,1.0,1.0,0.0,0.0,211.71,213.789,2.0,69.29999999999836,-138.59999999999957,0.0,1.0,0.0,0.0,0.0,2.0,4.0,1.0
4719.86,0,109,0.0,0.0,0,4757.27,4705.575000000001,4739.11,4742.32,0.0,142.84999999998945,4753.225,4732.34,4604.055,-124.80000000000473,1158.0499999999938,-1.0,1.0,-1.0,1.0,0.0,0.0,0.0,0.0,0.0,0.0,0.0,0.0,0.0,1.0,0.0,0.0,2.0,4.0,-1.0
47861.38,72,109,0.6666666666666666,1.0,6,47146.1,46941.405,46837.965,47664.84,0.0,9199749.999999985,47803.85,47118.899999999994,46426.64,7424800.000000032,14347399.99999998,1.0,1.0,-1.0,1.0,0.0,0.0,47146.1,49291.94,2.0,7152799.999999989,-14305600.00000005,0.0,0.0,0.0,1.0,0.0,2.0,4.0,-1.0
24867.76,72,109,0.6666666666666666,1.0,6,24497.315000000002,24287.5,23994.15,24519.65,0.0,5802599.999999984,24922.99,24428.99,23933.45,4387699.999999968,9343099.999999978,1.0,1.0,-1.0,1.0,0.0,0.0,24497.315,25608.65,2.0,3704449.999999997,-7408900.000000031,0.0,0.0,0.0,1.0,0.0,2.0,4.0,-1.0
6774.72,72,109,0.6666666666666666,1.0,6,6682.799999999999,6635.469999999999,6602.42,6662.969999999999,0.0,1392500.000000009,6773.57,6670.969999999999,6559.969999999999,1037500.0000000091,2147500.0000000093,1.0,1.0,-1.0,1.0,0.0,0.0,6682.8,6958.56,2.0,919200.0000000007,-1838400.0000000014,0.0,0.0,0.0,1.0,0.0,2.0,4.0,-1.0
99.025,72,109,0.6666666666666666,-1.0,6,99.2025,99.38900000000001,99.563,98.0895,0.0,-36.40000000000043,98.83850000000001,99.2575,99.5755,-23.24999999999875,-55.049999999999955,-1.0,-1.0,1.0,-1.0,0.0,0.0,99.2025,99.02145,0.02,-17.74999999999949,0.3550000000004161,0.0,0.0,0.0,1.0,1.0,2.0,4.0,1.0
1.1698,84,109,0.7777777777777778,1.0,7,1.16834,1.161425,1.156695,1.174675,0.0,83.75000000000021,1.16988,1.16834,1.15832,14.600000000000168,114.79999999999934,1.0,1.0,1.0,1.0,0.0,0.0,1.16834,1.17272,2.0,14.600000000000168,-29.200000000000337,0.0,0.0,0.0,0.0,0.0,3.0,4.0,1.0
1.34338,72,109,0.6666666666666666,1.0,6,1.3419500000000002,1.33307,1.33215,1.34391,0.0,103.10000000000042,1.343105,1.343245,1.33215,1.3499999999999623,112.30000000000074,1.0,1.0,0.0,1.0,0.0,0.0,1.34195,1.34624,2.0,14.300000000000423,-28.600000000000847,0.0,0.0,0.0,0.0,0.0,3.0,4.0,1.0
159.007,72,109,0.6666666666666666,1.0,6,158.8715,158.957,158.45499999999998,154.918,0.0,5.000000000001137,158.962,158.58999999999997,159.1725,41.700000000003,-16.550000000000864,1.0,-1.0,1.0,1.0,0.0,0.0,158.957,159.107,2.0,5.000000000001137,-9.999999999999432,0.0,1.0,0.0,0.0,0.0,3.0,4.0,1.0
0.70841,72,109,0.6666666666666666,1.0,6,0.70583,0.698535,0.70102,0.680415,0.0,98.74999999999967,0.70641,0.70583,0.6963900000000001,25.800000000000267,120.19999999999919,1.0,1.0,-1.0,1.0,0.0,0.0,0.70583,0.71357,2.0,25.800000000000267,-51.600000000000534,0.0,0.0,0.0,0.0,0.0,3.0,4.0,0.0
1.38172,60,109,0.5555555555555556,-1.0,5,1.38326,1.38768,1.3746,1.38109,0.0,-59.59999999999965,1.3824400000000001,1.3839450000000002,1.38855,-22.250000000001435,-68.29999999999892,-1.0,-1.0,1.0,-1.0,0.0,0.0,1.38326,1.37864,2.0,-15.399999999998748,30.799999999999716,0.0,0.0,0.0,0.0,0.0,3.0,4.0,0.0
0.79041,0,109,0.0,0.0,0,0.790265,0.794375,0.78951,0.78644,0.0,-39.65000000000107,0.7895449999999999,0.7897799999999999,0.795575,6.300000000000194,-51.65000000000086,-1.0,-1.0,1.0,-1.0,0.0,0.0,0.0,0.0,0.0,0.0,0.0,0.0,0.0,0.0,0.0,0.0,3.0,4.0,-1.0
186.003,84,109,0.7777777777777778,1.0,7,185.5245,184.882,184.0455,180.845,0.0,112.09999999999809,185.9435,185.5245,184.40449999999998,47.84999999999968,159.85000000000014,1.0,1.0,1.0,1.0,0.0,0.0,185.5245,186.96,2.0,47.84999999999968,-95.7000000000022,0.0,1.0,0.0,0.0,0.0,3.0,4.0,1.0
213.606,84,109,0.7777777777777778,1.0,7,213.0665,212.05849999999998,211.51,207.0285,0.0,154.75000000000136,213.541,213.0665,211.726,53.95000000000039,187.99999999999955,1.0,1.0,1.0,1.0,0.0,0.0,213.0665,214.685,2.0,53.95000000000039,-107.90000000000077,0.0,1.0,0.0,0.0,0.0,3.0,4.0,1.0
4764.86,72,109,0.6666666666666666,1.0,6,4749.860000000001,4719.01,4668.545,4742.32,0.0,458.49999999999454,4767.91,4752.87,4616.27,119.89999999999782,1485.8999999999924,1.0,1.0,-1.0,1.0,0.0,0.0,4749.86,4794.86,2.0,150.0,-300.0,0.0,0.0,1.0,0.0,0.0,3.0,4.0,0.0
48183.68,72,109,0.6666666666666666,1.0,6,47999.1,47231.89,46824.244999999995,47664.84,0.0,9517900.00000001,48010.25,47946.8,46569.59,2368799.999999974,16140900.000000037,1.0,1.0,-1.0,1.0,0.0,0.0,47999.1,48552.84,2.0,1845800.0000000175,-3691599.9999999623,0.0,0.0,0.0,1.0,0.0,3.0,4.0,0.0
25074.46,72,109,0.6666666666666666,1.0,6,24931.955,24434.03,23994.15,24519.65,0.0,6404300.000000003,24942.305,24928.03,23938.489999999998,1464300.0000000028,11359700.000000011,1.0,1.0,-1.0,1.0,0.0,0.0,24931.955,25359.47,2.0,1425049.999999974,-2850100.0000000205,0.0,0.0,0.0,1.0,0.0,3.0,4.0,0.0
6820.27,72,109,0.6666666666666666,1.0,6,6793.23,6681.68,6602.42,6662.969999999999,0.0,1385900.0000000014,6797.549999999999,6788.049999999999,6573.549999999999,322200.00000001164,2467200.0000000116,1.0,1.0,-1.0,1.0,0.0,0.0,6793.23,6874.35,2.0,270400.00000000873,-540799.9999999993,0.0,0.0,0.0,1.0,0.0,3.0,4.0,0.0
98.824,72,109,0.6666666666666666,-1.0,6,98.893,99.3725,99.563,98.0895,0.0,-54.85000000000042,98.803,98.83850000000001,99.5755,-1.4500000000012392,-75.15000000000072,-1.0,-1.0,1.0,-1.0,0.0,0.0,98.893,98.82262,0.02,-6.9000000000002615,0.13799999999974943,0.0,0.0,0.0,1.0,1.0,3.0,4.0,0.0
1.17297,84,109,0.7777777777777778,1.0,7,1.170825,1.163165,1.1574849999999999,1.174675,0.0,98.05000000000064,1.1724350000000001,1.170385,1.15931,25.850000000000595,136.60000000000005,1.0,1.0,1.0,1.0,0.0,0.0,1.17083,1.17726,2.0,21.400000000000308,-42.899999999999054,0.0,0.0,0.0,0.0,0.0,4.0,4.0,0.0
1.3467799999999999,72,109,0.6666666666666666,1.0,6,1.3444699999999998,1.33477,1.33215,1.34391,0.0,120.09999999999854,1.3461249999999998,1.3437350000000001,1.33215,30.449999999997424,146.29999999999922,1.0,1.0,0.0,1.0,0.0,0.0,1.34447,1.3514,2.0,23.099999999998122,-46.200000000000685,0.0,0.0,0.0,0.0,0.0,4.0,4.0,0.0
159.28,72,109,0.6666666666666666,1.0,6,159.113,158.957,158.86599999999999,154.918,0.0,32.30000000000075,159.10000000000002,159.0005,158.957,27.950000000001296,32.30000000000075,-1.0,1.0,1.0,1.0,0.0,0.0,159.113,159.614,2.0,16.70000000000016,-33.40000000000032,0.0,1.0,0.0,0.0,0.0,4.0,4.0,1.0
0.70723,60,109,0.5555555555555556,1.0,5,0.707345,0.69964,0.70102,0.680415,0.0,75.89999999999986,0.70792,0.70583,0.69642,14.000000000000679,108.09999999999987,1.0,1.0,-1.0,1.0,0.0,0.0,0.70102,0.71965,2.0,62.10000000000049,-124.19999999999986,0.0,0.0,0.0,0.0,0.0,4.0,4.0,0.0
1.38401,0,109,0.0,0.0,0,1.382145,1.3864400000000001,1.3746,1.38109,0.0,-24.300000000001543,1.3820800000000002,1.38281,1.38828,11.999999999998678,-42.69999999999996,-1.0,-1.0,1.0,0.0,0.0,0.0,0.0,0.0,0.0,0.0,0.0,0.0,0.0,0.0,0.0,0.0,4.0,4.0,-1.0
0.78904,60,109,0.5555555555555556,-1.0,5,0.78842,0.7932699999999999,0.78951,0.78644,0.0,-42.29999999999956,0.7877449999999999,0.788575,0.794835,4.649999999999377,-57.949999999999946,-1.0,-1.0,1.0,-1.0,0.0,0.0,0.78951,0.7881,2.0,-4.700000000000815,9.399999999999409,0.0,0.0,0.0,0.0,0.0,4.0,4.0,0.0
186.831,84,109,0.7777777777777778,1.0,7,186.3875,185.507,184.3725,180.845,0.0,132.39999999999839,186.54399999999998,186.2225,184.85,60.84999999999923,198.09999999999945,1.0,1.0,1.0,1.0,0.0,0.0,186.3875,187.718,2.0,44.35000000000002,-88.70000000000005,0.0,1.0,0.0,0.0,0.0,4.0,4.0,0.0
214.513,72,109,0.6666666666666666,1.0,6,214.003,212.84699999999998,212.0925,207.0285,0.0,166.60000000000252,214.2495,213.821,212.0925,69.20000000000073,242.0500000000004,1.0,1.0,0.0,1.0,0.0,0.0,214.003,215.533,2.0,51.00000000000193,-101.99999999999818,0.0,1.0,0.0,0.0,0.0,4.0,4.0,0.0
4750.34,0,109,0.0,0.0,0,4764.17,4732.34,4668.545,4742.32,0.0,180.0,4767.945,4761.860000000001,4637.695,-115.20000000000437,1126.4500000000044,1.0,1.0,-1.0,0.0,0.0,0.0,0.0,0.0,0.0,0.0,0.0,0.0,0.0,1.0,0.0,0.0,4.0,4.0,-1.0
47956.68,0,109,0.0,0.0,0,48079.375,47261.85,46569.59,47664.84,0.0,6948300.000000018,48068.775,47999.155,46686.854999999996,-424749.99999998545,12698250.000000043,-1.0,1.0,1.0,0.0,0.0,0.0,0.0,0.0,0.0,0.0,0.0,0.0,0.0,0.0,1.0,0.0,4.0,4.0,-1.0
25147.06,72,109,0.6666666666666666,1.0,6,25101.055,24499.63,24004.09,24519.65,0.0,6474300.000000003,25142.305,25007.905,24004.09,1391550.0000000247,11429700.000000011,1.0,1.0,0.0,1.0,0.0,0.0,25101.055,25239.07,2.0,460050.0000000102,-920099.9999999839,0.0,0.0,0.0,1.0,0.0,4.0,4.0,0.0
6821.77,60,109,0.5555555555555556,1.0,5,6827.74,6690.735,6579.735,6662.969999999999,0.0,1310350.0000000077,6827.815,6799.585,6579.735,221850.00000000402,2420350.0000000075,1.0,1.0,0.0,1.0,0.0,0.0,6690.735,7083.84,2.0,1310350.0000000077,-2620699.999999997,0.0,0.0,0.0,1.0,0.0,4.0,4.0,-1.0
98.654,72,109,0.6666666666666666,-1.0,6,98.68549999999999,99.26650000000001,99.518,98.0895,0.0,-61.25000000000114,98.576,98.7185,99.518,-6.450000000000955,-86.40000000000043,-1.0,-1.0,0.0,-1.0,0.0,0.0,98.6855,98.65337,0.02,-3.15000000000083,0.06300000000010186,0.0,0.0,0.0,1.0,1.0,4.0,4.0,0.0
1.17586,84,109,0.7777777777777778,1.0,7,1.1714699999999998,1.1660599999999999,1.158795,1.174675,0.0,98.00000000000031,1.172295,1.1714699999999998,1.163525,43.90000000000116,123.34999999999985,1.0,1.0,1.0,1.0,0.0,0.0,1.17147,1.18464,2.0,43.89999999999894,-87.8000000000001,0.0,0.0,0.0,0.0,0.0,0.0,4.0,1.0
1.35063,84,109,0.7777777777777778,1.0,7,1.3444500000000001,1.33721,1.3333599999999999,1.34391,0.0,134.19999999999987,1.3462049999999999,1.3444500000000001,1.3342800000000001,61.79999999999852,163.49999999999864,1.0,1.0,1.0,1.0,0.0,0.0,1.34445,1.36299,2.0,61.80000000000074,-123.59999999999927,0.0,0.0,0.0,0.0,0.0,0.0,4.0,-1.0
159.438,72,109,0.6666666666666666,1.0,6,159.55450000000002,158.957,158.86599999999999,155.36450000000002,0.0,48.099999999999454,159.5725,159.3555,158.957,8.249999999998181,48.099999999999454,1.0,1.0,1.0,1.0,0.0,0.0,158.957,160.4,2.0,48.099999999999454,-96.20000000000175,0.0,1.0,0.0,0.0,0.0,0.0,4.0,0.0
0.70971,72,109,0.6666666666666666,1.0,6,0.70445,0.701235,0.70102,0.6821349999999999,0.0,84.74999999999899,0.7064699999999999,0.70445,0.6979949999999999,52.59999999999931,117.1500000000003,1.0,1.0,-1.0,1.0,0.0,0.0,0.70445,0.72023,2.0,52.59999999999931,-105.20000000000084,0.0,0.0,0.0,0.0,0.0,0.0,4.0,1.0
1.37904,60,109,0.5555555555555556,-1.0,5,1.383175,1.385555,1.3746,1.38109,0.0,-65.15000000000049,1.3818899999999998,1.383175,1.386755,-41.349999999999994,-77.14999999999917,-1.0,-1.0,1.0,-1.0,0.0,0.0,1.38318,1.37077,2.0,-41.400000000000325,82.69999999999999,0.0,0.0,0.0,0.0,0.0,0.0,4.0,1.0
0.78381,72,109,0.6666666666666666,-1.0,6,0.788205,0.792045,0.78951,0.78644,0.0,-82.34999999999992,0.787085,0.788205,0.7924100000000001,-43.95000000000038,-86.00000000000053,-1.0,-1.0,1.0,-1.0,0.0,0.0,0.78821,0.77502,2.0,-43.999999999999595,87.89999999999965,0.0,0.0,0.0,0.0,0.0,0.0,4.0,-1.0
187.477,84,109,0.7777777777777778,1.0,7,186.769,186.09449999999998,184.6855,181.5915,0.0,138.25000000000216,187.1035,186.769,185.36849999999998,70.79999999999984,210.85000000000207,1.0,1.0,1.0,1.0,0.0,0.0,186.769,188.893,2.0,70.79999999999984,-141.59999999999968,0.0,1.0,0.0,0.0,0.0,0.0,4.0,0.0
215.341,84,109,0.7777777777777778,1.0,7,214.5,213.454,212.48000000000002,207.47750000000002,0.0,188.70000000000005,214.894,214.5,212.512,84.10000000000082,282.9000000000008,1.0,1.0,1.0,1.0,0.0,0.0,214.5,217.023,2.0,84.10000000000082,-168.1999999999988,0.0,1.0,0.0,0.0,0.0,0.0,4.0,0.0
4738.91,60,109,0.5555555555555556,1.0,5,4708.655,4732.34,4668.545,4742.32,0.0,65.69999999999709,4725.094999999999,4719.53,4669.870000000001,193.8000000000011,690.3999999999905,1.0,-1.0,1.0,-1.0,0.0,0.0,4732.34,4752.05,2.0,65.69999999999709,-131.40000000000327,0.0,0.0,1.0,0.0,0.0,0.0,4.0,1.0
48218.38,84,109,0.7777777777777778,1.0,7,47777.58,47261.85,46569.59,47664.84,0.0,9565299.999999989,47818.445,47806.04,47084.354999999996,4123399.999999965,11340250.000000015,1.0,1.0,1.0,1.0,0.0,0.0,47777.58,49099.98,2.0,4407999.999999956,-8816000.000000058,0.0,0.0,0.0,1.0,0.0,0.0,4.0,1.0
25408.96,84,109,0.7777777777777778,1.0,7,25086.004999999997,24592.645,24097.105,24751.415,0.0,8163149.999999987,25160.955,25086.004999999997,24451.155,3229550.0000000177,9578050.000000004,1.0,1.0,1.0,1.0,0.0,0.0,25086.005,26054.87,2.0,3229549.999999981,-6459099.999999998,0.0,0.0,0.0,1.0,0.0,0.0,4.0,1.0
6888.37,84,109,0.7777777777777778,1.0,7,6809.35,6711.969999999999,6600.969999999999,6729.875,0.0,1764000.0000000054,6827.02,6809.35,6676.469999999999,790199.9999999952,2119000.0000000056,1.0,1.0,1.0,1.0,0.0,0.0,6809.35,7046.41,2.0,790199.9999999952,-1580399.9999999995,0.0,0.0,0.0,1.0,0.0,0.0,4.0,1.0
98.389,84,109,0.7777777777777778,-1.0,7,98.731,99.166,99.498,98.0895,0.0,-77.7000000000001,98.6885,98.731,99.3115,-34.199999999999875,-92.24999999999994,-1.0,-1.0,-1.0,-1.0,0.0,0.0,98.731,98.38216,0.02,-34.199999999999875,0.6839999999996849,0.0,0.0,0.0,1.0,1.0,0.0,4.0,1.0
1.17948,84,109,0.7777777777777778,1.0,7,1.17809,1.1727249999999998,1.16108,1.174675,0.0,67.55000000000288,1.17993,1.17458,1.16581,49.000000000001265,136.7000000000007,1.0,1.0,1.0,1.0,0.0,0.0,1.17809,1.18226,2.0,13.900000000000023,-27.800000000000047,0.0,0.0,0.0,0.0,0.0,1.0,4.0,0.0
1.3567,84,109,0.7777777777777778,1.0,7,1.35412,1.34848,1.33739,1.34391,0.0,82.20000000000115,1.357355,1.350235,1.3383099999999999,64.64999999999944,183.90000000000128,1.0,1.0,1.0,1.0,0.0,0.0,1.35412,1.36186,2.0,25.800000000000267,-51.600000000000534,0.0,0.0,0.0,0.0,0.0,1.0,4.0,0.0
158.805,60,109,0.5555555555555556,-1.0,5,159.0265,158.87099999999998,158.86599999999999,155.36450000000002,0.0,-6.599999999997408,158.76749999999998,159.22899999999998,158.957,-42.39999999999782,-15.199999999998681,-1.0,1.0,1.0,-1.0,0.0,0.0,158.866,158.683,2.0,-6.100000000000705,12.20000000000141,0.0,1.0,0.0,0.0,0.0,1.0,4.0,0.0
0.71264,72,109,0.6666666666666666,1.0,6,0.71123,0.706815,0.70102,0.6821349999999999,0.0,58.2500000000008,0.7134,0.708835,0.70036,38.05000000000058,122.8000000000007,1.0,1.0,-1.0,1.0,0.0,0.0,0.71123,0.71546,2.0,14.100000000000223,-28.199999999999335,0.0,0.0,0.0,0.0,0.0,1.0,4.0,1.0
1.37662,0,109,0.0,0.0,0,1.3762400000000001,1.38042,1.3754300000000002,1.38109,0.0,-38.000000000000256,1.375445,1.379135,1.384,-25.15000000000045,-73.79999999999941,-1.0,-1.0,1.0,-1.0,0.0,0.0,0.0,0.0,0.0,0.0,0.0,0.0,0.0,0.0,0.0,0.0,1.0,4.0,-1.0
0.7809,72,109,0.6666666666666666,-1.0,6,0.78148,0.786215,0.78951,0.78644,0.0,-53.14999999999959,0.7802,0.7850950000000001,0.79042,-41.9500000000006,-95.19999999999973,-1.0,-1.0,1.0,-1.0,0.0,0.0,0.78148,0.77974,2.0,-5.799999999999139,11.600000000000499,0.0,0.0,0.0,0.0,0.0,1.0,4.0,0.0
187.304,72,109,0.6666666666666666,1.0,6,187.3065,186.18,184.70100000000002,181.5915,0.0,112.39999999999952,187.3265,187.0645,185.511,23.94999999999925,179.30000000000064,1.0,1.0,1.0,1.0,0.0,0.0,186.18,189.552,2.0,112.39999999999952,-224.79999999999905,0.0,1.0,0.0,0.0,0.0,1.0,4.0,-1.0
215.45,84,109,0.7777777777777778,1.0,7,215.34199999999998,214.036,212.6955,207.47750000000002,0.0,141.39999999999873,215.55450000000002,215.0815,213.02800000000002,36.84999999999832,242.19999999999686,1.0,1.0,1.0,1.0,0.0,0.0,215.342,215.666,2.0,10.799999999997567,-21.60000000000082,0.0,1.0,0.0,0.0,0.0,1.0,4.0,0.0
4840.95,84,109,0.7777777777777778,1.0,7,4784.645,4745.105,4668.545,4742.32,0.0,958.4500000000025,4804.095,4773.17,4705.575000000001,677.7999999999975,1353.749999999991,1.0,1.0,1.0,1.0,0.0,0.0,4784.645,4953.56,2.0,563.0499999999938,-1126.1000000000058,0.0,0.0,1.0,0.0,0.0,1.0,4.0,0.0
48561.48,84,109,0.7777777777777778,1.0,7,48263.7,47961.59,46705.04,47664.84,0.0,5998900.000000067,48388.4,48001.955,47219.805,5595250.000000015,13416750.00000003,1.0,1.0,1.0,1.0,0.0,0.0,48263.7,49157.04,2.0,2977800.000000061,-5955599.999999977,0.0,0.0,0.0,1.0,0.0,1.0,4.0,1.0
25827.65,84,109,0.7777777777777778,1.0,7,25534.095,25297.504999999997,24308.605,24751.415,0.0,5301450.000000041,25663.105,25372.455,24662.655,4551949.999999997,11649950.000000026,1.0,1.0,1.0,1.0,0.0,0.0,25534.095,26414.76,2.0,2935550.000000003,-5871099.999999969,0.0,0.0,0.0,1.0,0.0,1.0,4.0,1.0
6966.57,84,109,0.7777777777777778,1.0,7,6907.83,6849.505,6641.125,6729.875,0.0,1170649.999999996,6934.625,6867.175,6716.625,993949.9999999952,2499449.999999997,1.0,1.0,1.0,1.0,0.0,0.0,6907.83,7084.05,2.0,587399.9999999978,-1174800.0000000047,0.0,0.0,0.0,1.0,0.0,1.0,4.0,1.0
98.094,84,109,0.7777777777777778,-1.0,7,98.357,98.5565,99.2935,98.0895,0.0,-46.25000000000057,98.037,98.48400000000001,99.107,-39.00000000000148,-101.30000000000052,-1.0,-1.0,-1.0,-1.0,0.0,0.0,98.357,98.08874,0.02,-26.300000000000523,0.5259999999992715,0.0,0.0,0.0,1.0,1.0,1.0,4.0,1.0
1.17999,84,109,0.7777777777777778,1.0,7,1.178995,1.1737549999999999,1.16108,1.174675,0.0,62.350000000002126,1.179255,1.17915,1.16581,8.40000000000174,141.8000000000008,1.0,1.0,1.0,1.0,0.0,0.0,1.179,1.18198,2.0,9.900000000000464,-19.899999999999363,0.0,0.0,0.0,0.0,0.0,2.0,4.0,1.0
1.3563399999999999,84,109,0.7777777777777778,1.0,7,1.356125,1.34848,1.33739,1.34391,0.0,78.59999999999978,1.35621,1.35614,1.3383099999999999,1.9999999999997797,180.2999999999999,1.0,1.0,1.0,1.0,0.0,0.0,1.35613,1.35677,2.0,2.0999999999982144,-4.300000000001525,0.0,0.0,0.0,0.0,0.0,2.0,4.0,0.0
158.956,0,109,0.0,0.0,0,158.898,159.22899999999998,158.98250000000002,155.36450000000002,0.0,-27.299999999999613,158.952,158.8765,158.957,7.949999999999591,-0.10000000000047748,1.0,-1.0,-1.0,0.0,0.0,0.0,0.0,0.0,0.0,0.0,0.0,0.0,1.0,0.0,0.0,0.0,2.0,4.0,-1.0
0.71706,84,109,0.7777777777777778,1.0,7,0.71462,0.7083,0.70102,0.6821349999999999,0.0,87.5999999999999,0.7155549999999999,0.7140500000000001,0.702675,30.09999999999957,143.84999999999982,1.0,1.0,1.0,1.0,0.0,0.0,0.71462,0.72194,2.0,24.399999999999977,-48.799999999999955,0.0,0.0,0.0,0.0,0.0,2.0,4.0,1.0
1.3740299999999999,72,109,0.6666666666666666,-1.0,6,1.375745,1.3802050000000001,1.376065,1.38109,0.0,-61.750000000002636,1.37562,1.375745,1.383785,-17.15000000000133,-97.5500000000018,-1.0,-1.0,1.0,-1.0,0.0,0.0,1.37574,1.3706,2.0,-17.100000000001003,34.29999999999822,0.0,0.0,0.0,0.0,0.0,2.0,4.0,1.0
0.78188,0,109,0.0,0.0,0,0.78149,0.786215,0.79037,0.78644,0.0,-43.34999999999978,0.781785,0.78108,0.79042,8.00000000000023,-85.39999999999992,1.0,-1.0,1.0,0.0,0.0,0.0,0.0,0.0,0.0,0.0,0.0,0.0,0.0,0.0,0.0,0.0,2.0,4.0,-1.0
187.569,84,109,0.7777777777777778,1.0,7,187.395,186.7125,184.779,181.5915,0.0,85.64999999999827,187.51,187.395,185.6155,17.399999999997817,195.3499999999991,1.0,1.0,1.0,1.0,0.0,0.0,187.395,187.917,2.0,17.399999999997817,-34.80000000000132,0.0,1.0,0.0,0.0,0.0,2.0,4.0,0.0
215.596,84,109,0.7777777777777778,1.0,7,215.543,214.56900000000002,212.75400000000002,207.47750000000002,0.0,102.69999999999868,215.687,215.49599999999998,213.0865,10.000000000002274,250.95000000000027,1.0,1.0,1.0,1.0,0.0,0.0,215.543,215.702,2.0,5.299999999999727,-10.599999999999454,0.0,1.0,0.0,0.0,0.0,2.0,4.0,0.0
4789.01,60,109,0.5555555555555556,1.0,5,4828.709999999999,4757.695,4668.545,4742.32,0.0,313.1500000000051,4808.495,4811.775,4712.58,-227.64999999999418,764.3000000000029,-1.0,1.0,1.0,1.0,0.0,0.0,4757.695,4851.64,2.0,313.1500000000051,-626.3000000000011,0.0,0.0,1.0,0.0,0.0,2.0,4.0,1.0
48480.78,60,109,0.5555555555555556,1.0,5,48488.25,48013.89,46757.34,47664.84,0.0,4668899.999999994,48488.25,48417.854999999996,47419.64,629250.0000000291,10611399.999999994,0.0,1.0,1.0,1.0,0.0,0.0,48013.89,49414.56,2.0,4668899.999999994,-9337799.999999989,0.0,0.0,0.0,1.0,0.0,2.0,4.0,1.0
26184.06,84,109,0.7777777777777778,1.0,7,25967.68,25486.04,24497.14,24751.415,0.0,6980200.000000005,26005.44,25835.89,24992.68,3481700.000000019,11913800.00000001,1.0,1.0,1.0,1.0,0.0,0.0,25967.68,26616.82,2.0,2163800.0000000102,-4327599.999999984,0.0,0.0,0.0,1.0,0.0,2.0,4.0,1.0
7019.37,84,109,0.7777777777777778,1.0,7,6986.280000000001,6877.73,6669.35,6729.875,0.0,1416400.0000000033,6995.65,6958.6,6777.48,607699.9999999952,2418900.0000000033,1.0,1.0,1.0,1.0,0.0,0.0,6986.28,7085.55,2.0,330900.00000000146,-661800.0000000029,0.0,0.0,0.0,1.0,0.0,2.0,4.0,1.0
98.073,84,109,0.7777777777777778,-1.0,7,98.137,98.5265,99.2935,98.0895,0.0,-45.350000000000534,98.1245,98.106,99.09049999999999,-3.300000000000125,-101.74999999999983,-1.0,-1.0,-1.0,-1.0,0.0,0.0,98.137,98.07172,0.02,-6.400000000000716,0.12799999999941747,0.0,0.0,0.0,1.0,1.0,2.0,4.0,1.0
1.17821,0,109,0.0,0.0,0,1.1795399999999998,1.174385,1.1617099999999998,1.174675,0.0,38.24999999999967,1.177715,1.1795399999999998,1.16644,-13.299999999998313,117.70000000000059,-1.0,1.0,1.0,0.0,0.0,0.0,0.0,0.0,0.0,0.0,0.0,0.0,0.0,0.0,0.0,0.0,3.0,4.0,-1.0
1.35262,0,109,0.0,0.0,0,1.355545,1.34876,1.33767,1.34391,0.0,38.599999999999746,1.353555,1.355545,1.33859,-29.250000000000664,140.29999999999987,-1.0,1.0,1.0,0.0,0.0,0.0,0.0,0.0,0.0,0.0,0.0,0.0,0.0,0.0,0.0,0.0,3.0,4.0,-1.0
159.162,0,109,0.0,0.0,0,158.781,159.05849999999998,158.98250000000002,155.36450000000002,0.0,10.350000000002524,159.115,158.781,158.957,38.10000000000002,20.50000000000125,1.0,-1.0,-1.0,0.0,0.0,0.0,0.0,0.0,0.0,0.0,0.0,0.0,1.0,0.0,0.0,0.0,3.0,4.0,-1.0
0.71615,60,109,0.5555555555555556,1.0,5,0.717465,0.709295,0.701525,0.6821349999999999,0.0,68.54999999999944,0.7164999999999999,0.716345,0.70367,-1.9500000000005624,124.79999999999936,-1.0,1.0,1.0,1.0,0.0,0.0,0.7093,0.72986,2.0,68.49999999999912,-137.1,0.0,0.0,0.0,0.0,0.0,3.0,4.0,-1.0
1.37031,72,109,0.6666666666666666,-1.0,6,1.37186,1.37864,1.3771550000000001,1.38109,0.0,-83.3000000000017,1.37152,1.37418,1.38215,-38.7000000000004,-118.40000000000073,-1.0,-1.0,1.0,-1.0,0.0,0.0,1.37186,1.36721,2.0,-15.500000000001624,30.999999999998806,0.0,0.0,0.0,0.0,0.0,3.0,4.0,1.0
0.78338,0,109,0.0,0.0,0,0.782205,0.786215,0.791285,0.78644,0.0,-28.35000000000032,0.7835799999999999,0.782205,0.79042,11.749999999999261,-70.40000000000046,1.0,-1.0,-1.0,0.0,0.0,0.0,0.0,0.0,0.0,0.0,0.0,0.0,0.0,0.0,0.0,0.0,3.0,4.0,-1.0
187.524,84,109,0.7777777777777778,1.0,7,187.38,186.8625,184.779,181.5915,0.0,66.14999999999895,187.414,187.393,185.67700000000002,13.100000000000023,184.699999999998,1.0,1.0,1.0,1.0,0.0,0.0,187.38,187.812,2.0,14.400000000000546,-28.80000000000109,0.0,1.0,0.0,0.0,0.0,3.0,4.0,0.0
215.285,0,109,0.0,0.0,0,215.489,214.774,212.75400000000002,207.47750000000002,0.0,51.09999999999957,215.39499999999998,215.50400000000002,213.0865,-21.90000000000225,219.84999999999957,-1.0,1.0,1.0,-1.0,0.0,0.0,0.0,0.0,0.0,0.0,0.0,0.0,1.0,0.0,0.0,0.0,3.0,4.0,-1.0
4789.86,0,109,0.0,0.0,0,4805.37,4757.695,4660.889999999999,4742.32,0.0,321.64999999999964,4798.174999999999,4805.37,4735.93,-155.10000000000218,539.2999999999938,-1.0,1.0,1.0,0.0,0.0,0.0,0.0,0.0,0.0,0.0,0.0,0.0,0.0,1.0,0.0,0.0,3.0,4.0,-1.0
48617.88,72,109,0.6666666666666666,1.0,6,48501.525,48013.89,46757.34,47664.84,0.0,6039899.9999999795,48501.525,48488.25,47419.64,1296299.999999974,11982399.99999998,0.0,1.0,1.0,1.0,0.0,0.0,48501.525,48850.59,2.0,1163549.9999999593,-2327099.999999991,0.0,0.0,0.0,1.0,0.0,3.0,4.0,1.0
26303.56,84,109,0.7777777777777778,1.0,7,26205.73,25579.739999999998,24590.84,24751.415,0.0,7238200.0000000335,26258.13,26086.489999999998,25086.38,2170700.0000000335,12171800.000000004,1.0,1.0,1.0,1.0,0.0,0.0,26205.73,26499.22,2.0,978300.0000000175,-1956599.9999999986,0.0,0.0,0.0,1.0,0.0,3.0,4.0,1.0
7040.87,84,109,0.7777777777777778,1.0,7,7023.505,6889.855,6681.475,6729.875,0.0,1510150.0000000033,7030.155000000001,7002.525,6789.605,383450.00000000256,2512650.0000000033,1.0,1.0,1.0,1.0,0.0,0.0,7023.505,7075.6,2.0,173649.99999999782,-347300.0000000047,0.0,0.0,0.0,1.0,0.0,3.0,4.0,1.0
98.199,0,109,0.0,0.0,0,98.057,98.4735,99.2405,98.0895,0.0,-27.45000000000033,98.2115,98.057,99.0375,14.19999999999959,-83.84999999999962,1.0,-1.0,-1.0,0.0,0.0,0.0,0.0,0.0,0.0,0.0,0.0,0.0,0.0,0.0,1.0,1.0,3.0,4.0,-1.0
1.17629,0,109,0.0,0.0,0,1.1804549999999998,1.17727,1.16298,1.174675,0.0,-9.799999999999809,1.1804549999999998,1.1804549999999998,1.16866,-41.64999999999752,76.30000000000025,0.0,1.0,1.0,-1.0,0.0,0.0,0.0,0.0,0.0,0.0,0.0,0.0,0.0,0.0,0.0,0.0,4.0,4.0,-1.0
1.35151,0,109,0.0,0.0,0,1.3551799999999998,1.351675,1.337895,1.34391,0.0,-1.6499999999997073,1.3555899999999999,1.3551799999999998,1.340515,-36.6999999999984,109.95000000000088,1.0,1.0,1.0,-1.0,0.0,0.0,0.0,0.0,0.0,0.0,0.0,0.0,0.0,0.0,0.0,0.0,4.0,4.0,-1.0
158.61,72,109,0.6666666666666666,-1.0,6,158.5575,158.694,158.98250000000002,155.36450000000002,0.0,-8.399999999997476,158.3815,158.5575,158.808,5.2500000000009095,-19.799999999997908,-1.0,-1.0,-1.0,-1.0,0.0,0.0,158.694,158.442,2.0,-8.399999999997476,16.800000000000637,0.0,1.0,0.0,0.0,0.0,4.0,4.0,0.0
0.71661,60,109,0.5555555555555556,1.0,5,0.7187250000000001,0.7131700000000001,0.70274,0.6821349999999999,0.0,34.399999999998876,0.719365,0.71868,0.70599,-20.700000000000163,106.19999999999963,1.0,1.0,1.0,0.0,0.0,0.0,0.71317,0.72349,2.0,34.399999999999984,-68.79999999999997,0.0,0.0,0.0,0.0,0.0,4.0,4.0,0.0
1.3686,72,109,0.6666666666666666,-1.0,6,1.36779,1.3746,1.379365,1.38109,0.0,-60.00000000000006,1.367205,1.369375,1.3789600000000002,-7.749999999999702,-103.60000000000147,-1.0,-1.0,-1.0,-1.0,0.0,0.0,1.3746,1.3566,2.0,-60.00000000000006,120.00000000000011,0.0,0.0,0.0,0.0,0.0,4.0,4.0,-1.0
0.78178,72,109,0.6666666666666666,-1.0,6,0.78077,0.783725,0.79087,0.78644,0.0,-19.449999999999747,0.7800750000000001,0.78104,0.7893049999999999,7.400000000000739,-75.24999999999893,-1.0,-1.0,-1.0,-1.0,0.0,0.0,0.78373,0.77789,2.0,-19.50000000000007,38.9000000000006,0.0,0.0,0.0,0.0,0.0,4.0,4.0,0.0
186.572,0,109,0.0,0.0,0,187.127,187.127,184.906,181.5915,0.0,-55.50000000000068,187.0255,187.127,186.0745,-55.50000000000068,49.75000000000023,-1.0,0.0,1.0,-1.0,0.0,0.0,0.0,0.0,0.0,0.0,0.0,0.0,1.0,0.0,0.0,0.0,4.0,4.0,-1.0
214.362,60,109,0.5555555555555556,-1.0,5,214.84,214.947,212.75400000000002,207.47750000000002,0.0,-58.500000000000796,214.6895,214.84,213.5375,-47.800000000000864,82.45000000000005,-1.0,-1.0,1.0,-1.0,0.0,0.0,214.84,213.406,2.0,-47.800000000000864,95.59999999999889,0.0,1.0,0.0,0.0,0.0,4.0,4.0,0.0
4832.74,84,109,0.7777777777777778,1.0,7,4829.295,4795.67,4645.115,4742.32,0.0,370.6999999999971,4844.275,4829.295,4749.255,34.44999999999709,834.8499999999967,1.0,1.0,1.0,1.0,0.0,0.0,4829.295,4839.63,2.0,34.44999999999709,-68.90000000000327,0.0,0.0,1.0,0.0,0.0,4.0,4.0,0.0
49441.98,84,109,0.7777777777777778,1.0,7,49112.3,48600.155,47268.240000000005,47664.84,0.0,8418250.000000043,49267.05,49027.175,47960.5,4148050.000000003,14814800.000000032,1.0,1.0,1.0,1.0,0.0,0.0,49112.3,50101.34,2.0,3296800.000000003,-6593599.999999933,0.0,0.0,0.0,1.0,0.0,4.0,4.0,0.0
26671.26,84,109,0.7777777777777778,1.0,7,26458.105000000003,25856.965,24751.415,24751.415,0.0,8142949.999999982,26564.055,26418.705,25246.955,2525549.9999999665,14243049.999999966,1.0,1.0,1.0,1.0,0.0,0.0,26458.105,27097.57,2.0,2131549.9999999884,-4263100.000000013,0.0,0.0,0.0,1.0,0.0,4.0,4.0,0.0
7124.17,84,109,0.7777777777777778,1.0,7,7082.93,6965.625,6729.875,6729.875,0.0,1585450.0000000007,7105.38,7078.555,6840.875,456149.9999999978,2832950.000000001,1.0,1.0,1.0,1.0,0.0,0.0,7082.93,7206.65,2.0,412399.9999999978,-824799.9999999956,0.0,0.0,0.0,1.0,0.0,4.0,4.0,0.0
98.219,60,109,0.5555555555555556,-1.0,5,97.953,98.2635,99.13650000000001,98.0895,0.0,-4.449999999999932,97.923,97.953,98.885,26.599999999999113,-66.6000000000011,-1.0,-1.0,-1.0,1.0,0.0,0.0,98.2635,98.21811,0.02,-4.449999999999932,0.0889999999998281,0.0,0.0,0.0,1.0,1.0,4.0,4.0,0.0
1.17866,0,109,0.0,0.0,0,1.1759249999999999,1.178885,1.16317,1.174675,0.0,-2.249999999999197,1.177285,1.178885,1.171875,-2.249999999999197,67.8500000000004,1.0,0.0,1.0,-1.0,0.0,0.0,0.0,0.0,0.0,0.0,0.0,0.0,0.0,0.0,0.0,0.0,0.0,4.0,-1.0
1.3536000000000001,60,109,0.5555555555555556,1.0,5,1.3508550000000001,1.3535949999999999,1.337895,1.34391,0.0,0.050000000002548006,1.352495,1.3535949999999999,1.3439899999999998,0.050000000002548006,96.1000000000034,1.0,0.0,1.0,-1.0,0.0,0.0,1.35359,1.35361,2.0,0.10000000000065512,-0.09999999999843467,0.0,0.0,0.0,0.0,0.0,0.0,4.0,0.0
158.829,0,109,0.0,0.0,0,158.7835,158.5575,158.98250000000002,155.99900000000002,0.0,27.15000000000032,158.76,158.4055,158.72199999999998,42.35000000000184,10.700000000002774,-1.0,-1.0,-1.0,1.0,0.0,0.0,0.0,0.0,0.0,0.0,0.0,0.0,1.0,0.0,0.0,0.0,0.0,4.0,-1.0
0.71785,60,109,0.5555555555555556,1.0,5,0.714675,0.716765,0.70274,0.6821349999999999,0.0,10.850000000000026,0.716665,0.716765,0.709255,10.850000000000026,85.95000000000019,1.0,0.0,1.0,-1.0,0.0,0.0,0.71676,0.72002,2.0,10.900000000000354,-21.700000000000053,0.0,0.0,0.0,0.0,0.0,0.0,4.0,0.0
1.3645,84,109,0.7777777777777778,-1.0,7,1.36723,1.37117,1.38008,1.38109,0.0,-66.69999999999953,1.366775,1.36723,1.3768150000000001,-27.29999999999899,-123.15000000000076,-1.0,-1.0,-1.0,-1.0,0.0,0.0,1.36723,1.35904,2.0,-27.29999999999899,54.60000000000021,0.0,0.0,0.0,0.0,0.0,0.0,4.0,0.0
0.7783,84,109,0.7777777777777778,-1.0,7,0.7807550000000001,0.78104,0.79087,0.78644,0.0,-27.399999999999647,0.779755,0.780725,0.787875,-24.250000000000107,-95.75,-1.0,-1.0,-1.0,-1.0,0.0,0.0,0.78076,0.77339,2.0,-24.60000000000018,49.099999999999696,0.0,0.0,0.0,0.0,0.0,0.0,4.0,0.0
187.201,72,109,0.6666666666666666,1.0,6,186.774,187.11,184.906,181.821,0.0,9.099999999997976,187.0125,187.047,186.373,15.399999999999636,82.8000000000003,1.0,-1.0,1.0,1.0,0.0,0.0,187.11,187.383,2.0,9.099999999997976,-18.200000000001637,0.0,1.0,0.0,0.0,0.0,0.0,4.0,0.0
214.99,72,109,0.6666666666666666,1.0,6,214.5405,214.947,212.75400000000002,207.47750000000002,0.0,4.300000000000637,214.80599999999998,214.72500000000002,213.91649999999998,26.499999999998636,107.35000000000241,1.0,-1.0,1.0,1.0,0.0,0.0,214.947,215.076,2.0,4.300000000000637,-8.599999999998431,0.0,1.0,0.0,0.0,0.0,0.0,4.0,0.0
4816.78,60,109,0.5555555555555556,1.0,5,4802.335,4813.93,4613.405,4742.32,0.0,28.499999999994543,4809.825,4813.93,4767.605,28.499999999994543,491.7500000000018,1.0,0.0,1.0,-1.0,0.0,0.0,4813.93,4822.48,2.0,28.499999999994543,-56.99999999999818,0.0,0.0,1.0,0.0,0.0,0.0,4.0,1.0
49487.78,84,109,0.7777777777777778,1.0,7,49245.979999999996,48951.600000000006,47268.240000000005,47664.84,0.0,5361799.99999993,49356.244999999995,49223.05,48171.625,2647299.999999959,13161549.999999989,1.0,1.0,1.0,1.0,0.0,0.0,49245.98,49971.38,2.0,2417999.999999956,-4835999.999999985,0.0,0.0,0.0,1.0,0.0,0.0,4.0,0.0
26618.06,72,109,0.6666666666666666,1.0,6,26547.795,26105.915,24751.415,25049.84,0.0,5121450.000000005,26540.355,26536.315000000002,25462.97,817449.9999999898,11550900.000000002,-1.0,1.0,1.0,1.0,0.0,0.0,26547.795,26758.59,2.0,702650.0000000305,-1405299.9999999884,0.0,0.0,0.0,1.0,0.0,0.0,4.0,0.0
7115.93,84,109,0.7777777777777778,1.0,7,7095.43,7023.725,6729.875,6740.075,0.0,922049.9999999993,7103.98,7099.530000000001,6882.555,163999.99999999636,2333750.0,1.0,1.0,1.0,1.0,0.0,0.0,7095.43,7156.93,2.0,205000.0,-410000.0,0.0,0.0,0.0,1.0,0.0,0.0,4.0,0.0
98.035,0,109,0.0,0.0,0,98.158,98.018,99.13650000000001,98.0895,0.0,1.6999999999995907,98.147,98.018,98.3995,1.6999999999995907,-36.45000000000067,-1.0,0.0,-1.0,1.0,0.0,0.0,0.0,0.0,0.0,0.0,0.0,0.0,0.0,0.0,1.0,1.0,0.0,4.0,-1.0
1.17417,60,109,0.5555555555555556,-1.0,5,1.1754850000000001,1.178395,1.164605,1.174675,0.0,-42.25000000000145,1.174735,1.1754850000000001,1.1749749999999999,-13.150000000001771,-8.049999999999446,-1.0,-1.0,1.0,-1.0,0.0,0.0,1.17549,1.17154,2.0,-13.199999999999878,26.299999999999102,0.0,0.0,0.0,0.0,0.0,1.0,4.0,0.0
1.3504399999999999,60,109,0.5555555555555556,-1.0,5,1.3508049999999998,1.3535949999999999,1.337895,1.34391,0.0,-31.55000000000019,1.3507099999999999,1.3509449999999998,1.3489849999999999,-5.049999999999777,14.54999999999984,-1.0,-1.0,1.0,-1.0,0.0,0.0,1.3508,1.34971,2.0,-3.60000000000138,7.299999999998974,0.0,0.0,0.0,0.0,0.0,1.0,4.0,1.0
159.375,72,109,0.6666666666666666,1.0,6,159.154,158.612,158.98250000000002,155.99900000000002,0.0,76.30000000000052,159.324,159.09300000000002,158.72199999999998,28.199999999998226,65.300000000002,1.0,1.0,-1.0,1.0,0.0,0.0,159.154,159.817,2.0,22.100000000000364,-44.20000000000073,0.0,1.0,0.0,0.0,0.0,1.0,4.0,0.0
0.71534,0,109,0.0,0.0,0,0.715785,0.716765,0.70274,0.6821349999999999,0.0,-14.250000000000096,0.715785,0.715785,0.71051,-4.450000000000287,48.30000000000001,0.0,-1.0,1.0,-1.0,0.0,0.0,0.0,0.0,0.0,0.0,0.0,0.0,0.0,0.0,0.0,0.0,1.0,4.0,-1.0
1.3660700000000001,60,109,0.5555555555555556,-1.0,5,1.3653849999999998,1.37035,1.37988,1.38109,0.0,-42.79999999999839,1.3653849999999998,1.366575,1.3754300000000002,-5.049999999999777,-93.60000000000035,0.0,-1.0,-1.0,-1.0,0.0,0.0,1.37035,1.35751,2.0,-42.79999999999839,85.60000000000123,0.0,0.0,0.0,0.0,0.0,1.0,4.0,0.0
0.78079,0,109,0.0,0.0,0,0.780215,0.78104,0.79087,0.78644,0.0,-2.4999999999997247,0.78043,0.780085,0.785465,7.049999999999557,-46.749999999999844,1.0,-1.0,-1.0,0.0,0.0,0.0,0.0,0.0,0.0,0.0,0.0,0.0,0.0,0.0,0.0,0.0,1.0,4.0,-1.0
187.131,60,109,0.5555555555555556,1.0,5,187.16000000000003,187.11,184.98649999999998,181.821,0.0,2.0999999999986585,187.191,187.055,186.385,7.599999999999341,74.60000000000093,1.0,-1.0,1.0,1.0,0.0,0.0,187.11,187.173,2.0,2.0999999999986585,-4.200000000000159,0.0,1.0,0.0,0.0,0.0,1.0,4.0,1.0
215.226,84,109,0.7777777777777778,1.0,7,215.0015,214.947,212.75400000000002,207.47750000000002,0.0,27.899999999999636,215.195,214.9605,214.09449999999998,26.550000000000296,113.15000000000168,1.0,1.0,1.0,1.0,0.0,0.0,215.0015,215.675,2.0,22.450000000000614,-44.90000000000123,0.0,1.0,0.0,0.0,0.0,1.0,4.0,0.0
4712.96,60,109,0.5555555555555556,-1.0,5,4750.425,4779.66,4571.475,4742.32,0.0,-666.9999999999982,4732.51,4750.425,4767.605,-374.65000000000146,-546.4499999999953,-1.0,-1.0,1.0,-1.0,0.0,0.0,4750.425,4638.03,2.0,-374.65000000000146,749.3000000000029,0.0,0.0,1.0,0.0,0.0,1.0,4.0,0.0
49300.98,48,109,0.4444444444444444,1.0,4,49443.15,49061.0,47330.09,47664.84,0.0,2399800.000000032,49443.15,49443.15,48586.64,-1421699.9999999825,7143400.000000038,0.0,1.0,1.0,0.0,0.0,0.0,49061.0,49780.94,2.0,2399800.000000032,-4799599.999999992,0.0,0.0,0.0,1.0,0.0,1.0,4.0,0.0
26568.06,60,109,0.5555555555555556,1.0,5,26571.89,26281.4,24763.55,25049.84,0.0,2866599.9999999986,26563.755,26571.89,25752.449999999997,-38299.99999998108,8156100.000000042,-1.0,1.0,1.0,1.0,0.0,0.0,26281.4,27141.38,2.0,2866599.9999999986,-5733199.999999997,0.0,0.0,0.0,1.0,0.0,1.0,4.0,1.0
7087.73,0,109,0.0,0.0,0,7097.97,7056.925,6729.875,6740.075,0.0,308049.99999999383,7095.1,7097.97,6938.255,-102400.00000000691,1494749.9999999946,-1.0,1.0,1.0,0.0,0.0,0.0,0.0,0.0,0.0,0.0,0.0,0.0,0.0,0.0,1.0,0.0,1.0,4.0,-1.0
98.371,60,109,0.5555555555555556,1.0,5,98.283,98.094,99.13650000000001,98.0895,0.0,27.700000000000102,98.3385,98.283,98.39,8.799999999999386,-1.9000000000005457,1.0,1.0,-1.0,1.0,0.0,0.0,98.283,98.37276,0.02,8.799999999999386,-0.17600000000044247,0.0,0.0,0.0,1.0,1.0,1.0,4.0,1.0
1.17052,60,109,0.5555555555555556,-1.0,5,1.17327,1.1776,1.164605,1.174675,0.0,-70.79999999999976,1.17231,1.17394,1.175655,-34.19999999999979,-51.3499999999989,-1.0,-1.0,1.0,-1.0,0.0,0.0,1.17327,1.16502,2.0,-27.500000000000302,55.000000000000604,0.0,0.0,0.0,0.0,0.0,2.0,4.0,0.0
1.3501699999999999,0,109,0.0,0.0,0,1.3504999999999998,1.3535949999999999,1.337895,1.34391,0.0,-34.250000000000114,1.35081,1.3507099999999999,1.3489849999999999,-5.399999999999849,11.849999999999916,1.0,-1.0,1.0,-1.0,0.0,0.0,0.0,0.0,0.0,0.0,0.0,0.0,0.0,0.0,0.0,0.0,2.0,4.0,-1.0
159.496,60,109,0.5555555555555556,1.0,5,159.368,158.612,158.98250000000002,155.99900000000002,0.0,88.40000000000146,159.3415,159.324,158.72199999999998,17.199999999999704,77.40000000000293,-1.0,1.0,-1.0,1.0,0.0,0.0,159.368,159.752,2.0,12.800000000001432,-25.600000000000023,0.0,1.0,0.0,0.0,0.0,2.0,4.0,0.0
0.71599,60,109,0.5555555555555556,1.0,5,0.715295,0.716765,0.70274,0.6821349999999999,0.0,-7.749999999999702,0.715795,0.715785,0.71051,2.0500000000001073,54.8000000000004,1.0,-1.0,1.0,1.0,0.0,0.0,0.7153,0.71738,2.0,6.899999999999684,-13.900000000000023,0.0,0.0,0.0,0.0,0.0,2.0,4.0,0.0
1.36721,0,109,0.0,0.0,0,1.365945,1.367795,1.37988,1.38109,0.0,-5.850000000000577,1.366035,1.3653849999999998,1.3754300000000002,18.250000000001876,-82.20000000000115,1.0,-1.0,-1.0,1.0,0.0,0.0,0.0,0.0,0.0,0.0,0.0,0.0,0.0,0.0,0.0,0.0,2.0,4.0,-1.0
0.78489,60,109,0.5555555555555556,1.0,5,0.78208,0.781245,0.79087,0.78644,0.0,36.450000000000095,0.78322,0.78162,0.785465,32.69999999999995,-5.749999999999922,1.0,1.0,-1.0,1.0,0.0,0.0,0.78208,0.79051,2.0,28.099999999999792,-56.20000000000069,0.0,0.0,0.0,0.0,0.0,2.0,4.0,-1.0
186.688,60,109,0.5555555555555556,-1.0,5,186.99849999999998,187.11,184.98649999999998,181.821,0.0,-42.20000000000255,186.793,187.018,186.921,-33.00000000000125,-23.30000000000041,-1.0,-1.0,1.0,-1.0,0.0,0.0,186.9985,186.067,2.0,-31.050000000001887,62.09999999999809,0.0,1.0,0.0,0.0,0.0,2.0,4.0,0.0
215.346,72,109,0.6666666666666666,1.0,6,215.28449999999998,214.84,212.75400000000002,207.47750000000002,0.0,50.60000000000002,215.22199999999998,215.2595,214.6645,8.650000000000091,68.14999999999998,-1.0,1.0,1.0,1.0,0.0,0.0,215.2845,215.469,2.0,6.1499999999995225,-12.299999999999045,0.0,1.0,0.0,0.0,0.0,2.0,4.0,0.0
4738.33,0,109,0.0,0.0,0,4720.205,4779.66,4571.475,4742.32,0.0,-413.2999999999993,4742.26,4732.97,4767.605,53.599999999996726,-292.74999999999636,1.0,-1.0,1.0,-1.0,0.0,0.0,0.0,0.0,0.0,0.0,0.0,0.0,0.0,1.0,0.0,0.0,2.0,4.0,-1.0
49293.88,60,109,0.5555555555555556,1.0,5,49331.225000000006,49089.025,47330.09,47664.84,0.0,2048549.9999999593,49430.265,49443.15,48586.64,-1492700.0000000407,7072399.9999999795,1.0,1.0,1.0,-1.0,0.0,0.0,49089.025,49703.59,2.0,2048549.9999999593,-4097099.999999991,0.0,0.0,0.0,1.0,0.0,2.0,4.0,0.0
26941.86,84,109,0.7777777777777778,1.0,7,26688.845,26547.795,24880.504999999997,25049.84,0.0,3940650.0000000233,26820.195,26688.845,25869.405,2530149.9999999944,10724550.000000017,1.0,1.0,1.0,1.0,0.0,0.0,26688.845,27447.89,2.0,2530149.9999999944,-5060299.999999989,0.0,0.0,0.0,1.0,0.0,2.0,4.0,0.0
7126.12,84,109,0.7777777777777778,1.0,7,7093.675,7078.555,6729.875,6740.075,0.0,475649.999999996,7120.275,7097.97,6938.255,281499.9999999964,1878649.999999998,1.0,1.0,1.0,1.0,0.0,0.0,7093.675,7191.01,2.0,324449.9999999971,-648900.0000000033,0.0,0.0,0.0,1.0,0.0,2.0,4.0,0.0
98.596,60,109,0.5555555555555556,1.0,5,98.4195,98.129,99.13650000000001,98.0895,0.0,46.699999999999875,98.4785,98.3735,98.3695,22.24999999999966,22.650000000000148,1.0,1.0,-1.0,1.0,0.0,0.0,98.4195,98.59953,0.02,17.650000000000432,-0.35299999999978127,0.0,0.0,0.0,1.0,1.0,2.0,4.0,1.0
1.16821,0,109,0.0,0.0,0,1.16928,1.17591,1.164605,1.174675,0.0,-77.0000000000004,1.16928,1.1713200000000001,1.175655,-31.100000000001682,-74.44999999999924,0.0,-1.0,1.0,-1.0,0.0,0.0,0.0,0.0,0.0,0.0,0.0,0.0,0.0,0.0,0.0,0.0,3.0,4.0,-1.0
1.34628,0,109,0.0,0.0,0,1.3482750000000001,1.352325,1.337895,1.34391,0.0,-60.450000000000784,1.3482750000000001,1.34914,1.3489849999999999,-28.600000000000847,-27.049999999999574,0.0,-1.0,1.0,-1.0,0.0,0.0,0.0,0.0,0.0,0.0,0.0,0.0,0.0,0.0,0.0,0.0,3.0,4.0,-1.0
159.728,72,109,0.6666666666666666,1.0,6,159.567,158.7135,158.98250000000002,155.99900000000002,0.0,101.44999999999982,159.575,159.4755,158.72199999999998,25.249999999999773,100.60000000000286,1.0,1.0,-1.0,1.0,0.0,0.0,159.567,160.05,2.0,16.100000000000136,-32.20000000000027,0.0,1.0,0.0,0.0,0.0,3.0,4.0,0.0
0.71275,60,109,0.5555555555555556,-1.0,5,0.71388,0.71663,0.70274,0.6821349999999999,0.0,-38.79999999999995,0.71371,0.714035,0.71051,-12.849999999999806,22.400000000000198,-1.0,-1.0,1.0,-1.0,0.0,0.0,0.71388,0.71049,2.0,-11.299999999999644,22.6000000000004,0.0,0.0,0.0,0.0,0.0,3.0,4.0,0.0
1.36987,60,109,0.5555555555555556,1.0,5,1.368715,1.367255,1.37988,1.38109,0.0,26.14999999999812,1.3689900000000002,1.36794,1.3754300000000002,19.299999999999873,-55.60000000000231,1.0,1.0,-1.0,1.0,0.0,0.0,1.36871,1.37218,2.0,11.599999999998278,-23.100000000000342,0.0,0.0,0.0,0.0,0.0,3.0,4.0,0.0
0.78642,60,109,0.5555555555555556,1.0,5,0.7850900000000001,0.782435,0.79087,0.78644,0.0,39.850000000000165,0.7852600000000001,0.783575,0.785465,28.449999999999864,9.550000000000392,1.0,1.0,-1.0,1.0,0.0,0.0,0.78509,0.78908,2.0,13.300000000000534,-26.59999999999996,0.0,0.0,0.0,0.0,0.0,3.0,4.0,0.0
186.593,60,109,0.5555555555555556,-1.0,5,186.683,186.9075,184.98649999999998,181.821,0.0,-31.450000000000955,186.5755,186.8625,186.9895,-26.950000000002206,-39.65000000000032,-1.0,-1.0,1.0,-1.0,0.0,0.0,186.683,186.413,2.0,-9.000000000000341,17.99999999999784,0.0,1.0,0.0,0.0,0.0,3.0,4.0,1.0
215.038,0,109,0.0,0.0,0,215.33100000000002,214.86,212.75400000000002,207.47750000000002,0.0,17.799999999999727,215.23450000000003,215.3195,214.774,-28.14999999999941,26.400000000001,-1.0,1.0,1.0,-1.0,0.0,0.0,0.0,0.0,0.0,0.0,0.0,0.0,1.0,0.0,0.0,0.0,3.0,4.0,-1.0
4690.34,60,109,0.5555555555555556,-1.0,5,4708.75,4777.58,4557.424999999999,4742.32,0.0,-872.3999999999978,4703.58,4713.1900000000005,4767.605,-228.50000000000364,-772.6499999999942,-1.0,-1.0,1.0,-1.0,0.0,0.0,4708.75,4653.52,2.0,-184.09999999999854,368.1999999999971,0.0,0.0,1.0,0.0,0.0,3.0,4.0,0.0
49225.58,0,109,0.0,0.0,0,49193.4,49353.4,47330.09,47664.84,0.0,-1278199.9999999972,49193.4,49241.475000000006,48586.64,-158950.00000004075,6389400.000000023,0.0,-1.0,1.0,-1.0,0.0,0.0,0.0,0.0,0.0,0.0,0.0,0.0,0.0,0.0,1.0,0.0,3.0,4.0,-1.0
26802.56,72,109,0.6666666666666666,1.0,6,26768.205,26701.105,24892.765,25049.84,0.0,1014550.0000000175,26768.205,26768.205,25881.665,343549.99999999563,9208950.000000004,0.0,1.0,1.0,1.0,0.0,0.0,26768.205,26871.27,2.0,343549.99999999563,-687099.9999999913,0.0,0.0,0.0,1.0,0.0,3.0,4.0,1.0
7101.22,48,109,0.4444444444444444,1.0,4,7096.5,7096.725,6729.875,6740.075,0.0,44949.99999999891,7096.5,7096.5,6938.255,47200.00000000255,1629650.0000000014,0.0,-1.0,1.0,0.0,0.0,0.0,7096.725,7110.21,2.0,44949.99999999891,-89899.99999999782,0.0,0.0,0.0,1.0,0.0,3.0,4.0,1.0
98.803,60,109,0.5555555555555556,1.0,5,98.727,98.2775,99.13650000000001,98.0895,0.0,52.549999999999386,98.72800000000001,98.59100000000001,98.3695,21.19999999999891,43.34999999999951,1.0,1.0,-1.0,1.0,0.0,0.0,98.727,98.80452,0.02,7.599999999999341,-0.15199999999992997,0.0,0.0,0.0,1.0,1.0,3.0,4.0,1.0
1.17219,60,109,0.5555555555555556,1.0,5,1.16975,1.173,1.164605,1.174675,0.0,-8.099999999999774,1.1710349999999998,1.1695600000000002,1.17591,26.299999999999102,-37.199999999999456,1.0,-1.0,1.0,1.0,0.0,0.0,1.16975,1.17707,2.0,24.399999999999977,-48.799999999999955,0.0,0.0,0.0,0.0,0.0,4.0,4.0,0.0
1.35362,72,109,0.6666666666666666,1.0,6,1.3494950000000001,1.349585,1.337895,1.34391,0.0,40.35000000000011,1.3510550000000001,1.349195,1.352325,44.250000000001236,12.950000000000461,1.0,-1.0,1.0,1.0,0.0,0.0,1.34959,1.36169,2.0,40.299999999999784,-80.70000000000022,0.0,0.0,0.0,0.0,0.0,4.0,4.0,0.0
159.329,0,109,0.0,0.0,0,159.5725,159.1945,159.0235,155.99900000000002,0.0,13.450000000000273,159.4785,159.573,158.7135,-24.399999999999977,61.54999999999973,-1.0,1.0,-1.0,-1.0,0.0,0.0,0.0,0.0,0.0,0.0,0.0,0.0,1.0,0.0,0.0,0.0,4.0,4.0,-1.0
0.71518,72,109,0.6666666666666666,1.0,6,0.71348,0.7148399999999999,0.70274,0.6821349999999999,0.0,3.40000000000118,0.714045,0.71371,0.714925,14.700000000000824,2.5500000000000522,1.0,-1.0,1.0,1.0,0.0,0.0,0.71484,0.71586,2.0,3.4000000000000696,-6.800000000000139,0.0,0.0,0.0,0.0,0.0,4.0,4.0,0.0
1.36638,72,109,0.6666666666666666,-1.0,6,1.368855,1.367265,1.37988,1.38109,0.0,-8.850000000000247,1.368105,1.36883,1.371115,-24.500000000000632,-47.35000000000156,-1.0,1.0,-1.0,-1.0,0.0,0.0,1.36726,1.36461,2.0,-8.799999999999919,17.699999999998273,0.0,0.0,0.0,0.0,0.0,4.0,4.0,0.0
0.78465,0,109,0.0,0.0,0,0.785995,0.78261,0.79087,0.78644,0.0,20.39999999999931,0.78598,0.785405,0.78258,-7.550000000000612,20.69999999999905,-1.0,1.0,-1.0,0.0,0.0,0.0,0.0,0.0,0.0,0.0,0.0,0.0,0.0,0.0,0.0,0.0,4.0,4.0,-1.0
186.759,0,109,0.0,0.0,0,186.616,186.85950000000003,185.2375,181.821,0.0,-10.050000000003934,186.75850000000003,186.616,187.11,14.299999999997226,-35.10000000000275,1.0,-1.0,1.0,0.0,0.0,0.0,0.0,0.0,0.0,0.0,0.0,0.0,1.0,0.0,0.0,0.0,4.0,4.0,-1.0
215.67,84,109,0.7777777777777778,1.0,7,215.309,215.1485,212.75400000000002,207.47750000000002,0.0,52.149999999997476,215.4235,215.309,214.947,36.099999999999,72.29999999999848,1.0,1.0,1.0,1.0,0.0,0.0,215.309,216.392,2.0,36.099999999999,-72.20000000000084,0.0,1.0,0.0,0.0,0.0,4.0,4.0,0.0
4706.74,0,109,0.0,0.0,0,4698.83,4745.025,4494.895,4742.32,0.0,-382.84999999999854,4714.91,4700.26,4774.26,64.79999999999563,-675.2000000000044,1.0,-1.0,1.0,0.0,0.0,0.0,0.0,0.0,0.0,0.0,0.0,0.0,0.0,1.0,0.0,0.0,4.0,4.0,-1.0
49236.68,0,109,0.0,0.0,0,49250.805,49353.4,47330.09,47664.84,0.0,-1167200.0000000116,49208.65,49193.4,48990.604999999996,432799.99999998836,2460750.000000044,-1.0,-1.0,1.0,0.0,0.0,0.0,0.0,0.0,0.0,0.0,0.0,0.0,0.0,0.0,1.0,0.0,4.0,4.0,-1.0
27287.55,84,109,0.7777777777777778,1.0,7,27005.48,26858.18,25049.84,25049.84,0.0,4293699.99999999,27153.23,26925.28,26358.489999999998,3622700.000000004,9290600.000000013,1.0,1.0,1.0,1.0,0.0,0.0,27005.48,27851.69,2.0,2820699.999999997,-5641399.999999994,0.0,0.0,0.0,1.0,0.0,4.0,4.0,0.0
7162.57,72,109,0.6666666666666666,1.0,6,7126.675,7106.925,6740.075,6740.075,0.0,556449.9999999952,7140.505,7106.925,7025.33,556449.9999999952,1372399.999999998,1.0,0.0,1.0,1.0,0.0,0.0,7126.675,7234.36,2.0,358949.9999999953,-717899.9999999997,0.0,0.0,0.0,1.0,0.0,4.0,4.0,0.0
98.486,0,109,0.0,0.0,0,98.70949999999999,98.4665,99.13650000000001,98.0895,0.0,1.9500000000007844,98.6,98.70949999999999,98.2775,-22.349999999998715,20.85000000000008,-1.0,1.0,-1.0,0.0,0.0,0.0,0.0,0.0,0.0,0.0,0.0,0.0,0.0,0.0,1.0,1.0,4.0,4.0,-1.0
1.17212,0,109,0.0,0.0,0,1.17252,1.17225,1.164605,1.174675,0.0,-1.2999999999996348,1.1736849999999999,1.17194,1.17591,1.80000000000069,-37.8999999999996,1.0,-1.0,1.0,1.0,0.0,0.0,0.0,0.0,0.0,0.0,0.0,0.0,0.0,0.0,0.0,0.0,0.0,4.0,-1.0
1.35335,72,109,0.6666666666666666,1.0,6,1.35371,1.351165,1.337895,1.34391,0.0,21.850000000001035,1.355305,1.352505,1.352325,8.449999999999847,10.250000000000536,1.0,1.0,1.0,1.0,0.0,0.0,1.35116,1.35772,2.0,21.900000000001363,-43.69999999999985,0.0,0.0,0.0,0.0,0.0,0.0,4.0,0.0
159.414,0,109,0.0,0.0,0,159.345,159.4255,159.0235,156.40750000000003,0.0,-1.1500000000012278,159.28199999999998,159.4315,158.7135,-1.7500000000012506,70.04999999999768,-1.0,1.0,-1.0,-1.0,0.0,0.0,0.0,0.0,0.0,0.0,0.0,0.0,1.0,0.0,0.0,0.0,0.0,4.0,-1.0
0.71853,84,109,0.7777777777777778,1.0,7,0.71634,0.71554,0.70274,0.6824399999999999,0.0,29.90000000000048,0.71912,0.71628,0.71663,22.499999999999744,19.000000000000128,1.0,1.0,1.0,1.0,0.0,0.0,0.71634,0.72291,2.0,21.900000000000254,-43.80000000000051,0.0,0.0,0.0,0.0,0.0,0.0,4.0,0.0
1.3624100000000001,84,109,0.7777777777777778,-1.0,7,1.363925,1.36558,1.3781949999999998,1.38109,0.0,-31.69999999999895,1.3616549999999998,1.36483,1.369285,-24.199999999998667,-68.74999999999964,-1.0,-1.0,-1.0,-1.0,0.0,0.0,1.36393,1.35938,2.0,-15.199999999999658,30.300000000000882,0.0,0.0,0.0,0.0,0.0,0.0,4.0,0.0
0.78558,0,109,0.0,0.0,0,0.784815,0.7829550000000001,0.79087,0.78644,0.0,26.249999999998774,0.78454,0.7852600000000001,0.78258,3.1999999999987594,29.999999999998916,-1.0,1.0,-1.0,0.0,0.0,0.0,0.0,0.0,0.0,0.0,0.0,0.0,0.0,0.0,0.0,0.0,0.0,4.0,-1.0
186.859,60,109,0.5555555555555556,1.0,5,186.8145,186.85950000000003,185.265,181.821,0.0,-0.05000000000165983,186.9495,186.8145,187.11,4.449999999999932,-25.100000000000477,1.0,-1.0,1.0,1.0,0.0,0.0,186.8145,186.948,2.0,4.449999999999932,-8.899999999999864,0.0,1.0,0.0,0.0,0.0,0.0,4.0,0.0
215.742,84,109,0.7777777777777778,1.0,7,215.6755,215.449,212.828,207.82350000000002,0.0,29.299999999997794,215.788,215.5635,215.02100000000002,17.849999999998545,72.09999999999752,1.0,1.0,1.0,1.0,0.0,0.0,215.6755,215.875,2.0,6.649999999999068,-13.300000000000978,0.0,1.0,0.0,0.0,0.0,0.0,4.0,0.0
4679.79,60,109,0.5555555555555556,-1.0,5,4698.425,4725.85,4494.895,4763.4,0.0,-460.600000000004,4689.75,4703.615,4774.26,-238.24999999999818,-944.7000000000025,-1.0,-1.0,1.0,-1.0,0.0,0.0,4698.425,4642.52,2.0,-186.35000000000218,372.69999999999527,0.0,0.0,1.0,0.0,0.0,0.0,4.0,0.0
49181.18,0,109,0.0,0.0,0,49196.3,49353.4,47330.09,47664.84,0.0,-1722200.0000000116,49196.3,49229.005000000005,49061.0,-478250.00000004366,1201800.0000000028,0.0,-1.0,1.0,-1.0,0.0,0.0,0.0,0.0,0.0,0.0,0.0,0.0,0.0,0.0,1.0,0.0,0.0,4.0,-1.0
27294.66,72,109,0.6666666666666666,1.0,6,27285.09,26901.739999999998,25093.4,25284.64,0.0,3929200.000000019,27256.239999999998,27163.6,26589.05,1310600.000000013,7056100.000000006,-1.0,1.0,1.0,1.0,0.0,0.0,27285.09,27313.8,2.0,95699.99999999709,-191399.99999999418,0.0,0.0,0.0,1.0,0.0,0.0,4.0,1.0
7175.37,84,109,0.7777777777777778,1.0,7,7160.605,7112.725,6745.875,6791.1,0.0,626449.9999999952,7163.030000000001,7141.375,7066.925,339949.9999999989,1084449.9999999972,1.0,1.0,1.0,1.0,0.0,0.0,7160.605,7204.9,2.0,147650.00000000326,-295299.99999999744,0.0,0.0,0.0,1.0,0.0,0.0,4.0,0.0
98.469,72,109,0.6666666666666666,-1.0,6,98.39,98.52199999999999,99.13650000000001,98.0895,0.0,-5.299999999999727,98.33500000000001,98.4915,98.2775,-2.250000000000796,19.149999999999068,-1.0,-1.0,-1.0,-1.0,0.0,0.0,98.522,98.46794,0.02,-5.300000000001148,0.1059999999995398,0.0,0.0,0.0,1.0,1.0,0.0,4.0,1.0
1.17134,60,109,0.5555555555555556,1.0,5,1.170215,1.1712,1.164605,1.174675,0.0,1.40000000000029,1.1697600000000001,1.171615,1.17591,-2.7500000000002522,-45.69999999999963,-1.0,1.0,1.0,0.0,0.0,0.0,1.1712,1.17162,2.0,1.40000000000029,-2.80000000000058,0.0,0.0,0.0,0.0,0.0,1.0,4.0,0.0
1.35194,60,109,0.5555555555555556,1.0,5,1.35019,1.351165,1.337895,1.34391,0.0,7.749999999999702,1.349285,1.35194,1.352325,0.0,-3.8500000000007972,-1.0,1.0,1.0,0.0,0.0,0.0,1.35116,1.35349,2.0,7.800000000000029,-15.500000000001624,0.0,0.0,0.0,0.0,0.0,1.0,4.0,0.0
159.601,60,109,0.5555555555555556,1.0,5,159.37099999999998,159.3985,159.0235,156.40750000000003,0.0,20.249999999998636,159.5965,159.37099999999998,158.7135,23.00000000000182,88.74999999999886,1.0,-1.0,-1.0,1.0,0.0,0.0,159.3985,160.006,2.0,20.249999999998636,-40.500000000000114,0.0,1.0,0.0,0.0,0.0,1.0,4.0,1.0
0.71821,72,109,0.6666666666666666,1.0,6,0.7172750000000001,0.71554,0.70274,0.6824399999999999,0.0,26.700000000000614,0.71687,0.71753,0.71663,6.800000000000139,15.800000000000258,-1.0,1.0,1.0,1.0,0.0,0.0,0.71728,0.72008,2.0,9.299999999999864,-18.700000000000383,0.0,0.0,0.0,0.0,0.0,1.0,4.0,0.0
1.36837,0,109,0.0,0.0,0,1.36521,1.36558,1.3781949999999998,1.38109,0.0,27.900000000000702,1.367765,1.364445,1.366835,39.25000000000178,15.350000000000641,1.0,-1.0,-1.0,1.0,0.0,0.0,0.0,0.0,0.0,0.0,0.0,0.0,0.0,0.0,0.0,0.0,1.0,4.0,-1.0
0.78912,60,109,0.5555555555555556,1.0,5,0.78742,0.78641,0.79087,0.78644,0.0,27.099999999999902,0.78989,0.7870900000000001,0.7843100000000001,20.299999999999763,48.09999999999981,1.0,1.0,-1.0,1.0,0.0,0.0,0.78742,0.79252,2.0,17.000000000000348,-33.99999999999959,0.0,0.0,0.0,0.0,0.0,1.0,4.0,0.0
186.916,72,109,0.6666666666666666,1.0,6,186.5035,186.58350000000002,185.265,181.821,0.0,33.24999999999818,186.692,186.58350000000002,187.005,33.24999999999818,-8.899999999999864,1.0,0.0,1.0,1.0,0.0,0.0,186.5835,187.581,2.0,33.25000000000102,-66.4999999999992,0.0,1.0,0.0,0.0,0.0,1.0,4.0,0.0
215.77,84,109,0.7777777777777778,1.0,7,215.381,215.449,212.828,207.82350000000002,0.0,32.099999999999795,215.422,215.49200000000002,215.02100000000002,27.79999999999916,74.89999999999952,1.0,1.0,1.0,1.0,0.0,0.0,215.449,216.412,2.0,32.099999999999795,-64.19999999999959,0.0,1.0,0.0,0.0,0.0,1.0,4.0,1.0
4593.06,60,109,0.5555555555555556,-1.0,5,4627.9,4657.74,4494.895,4763.4,0.0,-646.7999999999938,4578.04,4633.594999999999,4722.889999999999,-405.34999999998945,-1298.2999999999902,-1.0,-1.0,1.0,-1.0,0.0,0.0,4627.9,4523.38,2.0,-348.39999999999236,696.8000000000029,0.0,0.0,1.0,0.0,0.0,1.0,4.0,1.0
49187.68,60,109,0.5555555555555556,-1.0,5,49233.805,49241.475000000006,47330.09,47664.84,0.0,-537950.0000000553,49231.9,49210.205,49089.025,-225250.00000001455,986549.9999999884,-1.0,-1.0,1.0,-1.0,0.0,0.0,49233.805,49095.43,2.0,-461250.0,922500.0,0.0,0.0,0.0,1.0,0.0,1.0,4.0,0.0
27056.06,0,109,0.0,0.0,0,27126.015,26968.84,25093.4,25284.64,0.0,872200.0000000116,26995.755,27126.015,26760.690000000002,-699549.9999999811,2953699.9999999898,-1.0,1.0,1.0,0.0,0.0,0.0,0.0,0.0,0.0,0.0,0.0,0.0,0.0,0.0,1.0,0.0,1.0,4.0,-1.0
7140.57,0,109,0.0,0.0,0,7153.77,7118.870000000001,6752.02,6791.1,0.0,216999.9999999891,7133.65,7153.77,7100.700000000001,-132000.00000000728,398699.9999999898,-1.0,1.0,1.0,0.0,0.0,0.0,0.0,0.0,0.0,0.0,0.0,0.0,0.0,0.0,1.0,0.0,1.0,4.0,-1.0
98.616,0,109,0.0,0.0,0,98.619,98.5575,99.13650000000001,98.0895,0.0,5.849999999999511,98.7325,98.5275,98.2775,8.849999999999625,33.849999999999625,1.0,-1.0,-1.0,1.0,0.0,0.0,0.0,0.0,0.0,0.0,0.0,0.0,0.0,0.0,1.0,1.0,1.0,4.0,-1.0
1.16728,60,109,0.5555555555555556,-1.0,5,1.16909,1.17081,1.164605,1.174675,0.0,-35.29999999999811,1.168475,1.16909,1.17552,-18.099999999998673,-82.39999999999803,-1.0,-1.0,1.0,-1.0,0.0,0.0,1.16909,1.16366,2.0,-18.099999999998673,36.200000000001786,0.0,0.0,0.0,0.0,0.0,2.0,4.0,0.0
1.3473899999999999,60,109,0.5555555555555556,-1.0,5,1.34925,1.351165,1.337895,1.34391,0.0,-37.75000000000084,1.34855,1.34925,1.352325,-18.60000000000195,-49.35000000000134,-1.0,-1.0,1.0,-1.0,0.0,0.0,1.34925,1.34367,2.0,-18.60000000000195,37.199999999999456,0.0,0.0,0.0,0.0,0.0,2.0,4.0,0.0
160.449,72,109,0.6666666666666666,1.0,6,159.9835,159.70499999999998,159.0235,156.40750000000003,0.0,74.40000000000282,160.132,159.93349999999998,159.01999999999998,51.55000000000314,142.90000000000305,1.0,1.0,-1.0,1.0,0.0,0.0,159.9835,161.38,2.0,46.550000000002,-93.09999999999832,0.0,1.0,0.0,0.0,0.0,2.0,4.0,0.0
0.71158,60,109,0.5555555555555556,-1.0,5,0.714555,0.715065,0.70274,0.6824399999999999,0.0,-34.8499999999996,0.7133849999999999,0.714555,0.716155,-29.75000000000061,-45.74999999999996,-1.0,-1.0,1.0,-1.0,0.0,0.0,0.71456,0.70563,2.0,-29.799999999999827,59.50000000000011,0.0,0.0,0.0,0.0,0.0,2.0,4.0,0.0
1.36821,0,109,0.0,0.0,0,1.3689,1.36558,1.3781949999999998,1.38109,0.0,26.299999999999102,1.3689,1.36778,1.36558,4.299999999999304,26.299999999999102,0.0,1.0,-1.0,1.0,0.0,0.0,0.0,0.0,0.0,0.0,0.0,0.0,0.0,0.0,0.0,0.0,2.0,4.0,-1.0
0.79158,72,109,0.6666666666666666,1.0,6,0.7903800000000001,0.787775,0.79087,0.78644,0.0,38.04999999999947,0.7905949999999999,0.7903800000000001,0.784995,11.999999999998678,65.84999999999953,1.0,1.0,-1.0,1.0,0.0,0.0,0.79087,0.793,2.0,7.099999999999884,-14.200000000000879,0.0,0.0,0.0,0.0,0.0,2.0,4.0,0.0
187.215,84,109,0.7777777777777778,1.0,7,187.042,186.7375,185.265,181.821,0.0,47.749999999999204,187.1765,186.926,187.005,28.90000000000157,21.000000000000796,1.0,1.0,1.0,1.0,0.0,0.0,187.042,187.561,2.0,17.300000000000182,-34.600000000000364,0.0,1.0,0.0,0.0,0.0,2.0,4.0,0.0
216.187,84,109,0.7777777777777778,1.0,7,215.8725,215.5615,212.9405,207.82350000000002,0.0,62.55000000000166,216.0315,215.6515,215.1335,53.55000000000132,105.35000000000139,1.0,1.0,1.0,1.0,0.0,0.0,215.8725,216.816,2.0,31.450000000000955,-62.89999999999907,0.0,1.0,0.0,0.0,0.0,2.0,4.0,0.0
4541.81,72,109,0.6666666666666666,-1.0,6,4560.105,4625.5650000000005,4598.425,4763.4,0.0,-837.5500000000011,4539.46,4569.98,4700.5650000000005,-281.69999999999163,-1587.550000000001,-1.0,-1.0,1.0,-1.0,0.0,0.0,4560.105,4505.22,2.0,-182.94999999999163,365.90000000000146,0.0,0.0,1.0,0.0,0.0,2.0,4.0,0.0
48699.08,60,109,0.5555555555555556,-1.0,5,48970.845,49100.19,47330.09,47664.84,0.0,-4011100.0000000056,48922.045,49031.994999999995,49235.34,-3329149.9999999357,-5362599.999999948,-1.0,-1.0,1.0,-1.0,0.0,0.0,48970.845,48155.55,2.0,-2717649.9999999944,5435299.999999989,0.0,0.0,0.0,1.0,0.0,2.0,4.0,0.0
27099.86,48,109,0.4444444444444444,1.0,4,27118.86,26968.84,25093.4,25284.64,0.0,1310200.0000000044,27118.86,27074.870000000003,26847.199999999997,249899.99999997963,2526600.000000035,0.0,1.0,1.0,0.0,0.0,0.0,26968.84,27361.9,2.0,1310200.0000000044,-2620400.000000009,0.0,0.0,0.0,1.0,0.0,2.0,4.0,1.0
7127.13,0,109,0.0,0.0,0,7130.43,7118.870000000001,6752.02,6791.1,0.0,82599.99999999309,7130.43,7135.28,7115.4,-81499.99999999636,117300.00000000473,0.0,1.0,1.0,-1.0,0.0,0.0,0.0,0.0,0.0,0.0,0.0,0.0,0.0,0.0,1.0,0.0,2.0,4.0,-1.0
98.952,60,109,0.5555555555555556,1.0,5,98.811,98.613,99.13650000000001,98.0895,0.0,33.899999999999864,98.862,98.811,98.333,14.099999999999113,61.89999999999998,1.0,1.0,-1.0,1.0,0.0,0.0,98.811,98.95482,0.02,14.099999999999113,-0.28199999999998226,0.0,0.0,0.0,1.0,1.0,2.0,4.0,1.0
1.17324,72,109,0.6666666666666666,1.0,6,1.1698300000000001,1.1704949999999998,1.164605,1.174675,0.0,27.450000000002195,1.17117,1.1698300000000001,1.172295,34.09999999999913,9.449999999999736,1.0,-1.0,1.0,1.0,0.0,0.0,1.17049,1.17873,2.0,27.500000000000302,-54.89999999999995,0.0,0.0,0.0,0.0,0.0,3.0,4.0,0.0
1.36041,72,109,0.6666666666666666,1.0,6,1.3532899999999999,1.3532899999999999,1.33853,1.34391,0.0,71.20000000000016,1.3555000000000001,1.3532899999999999,1.35296,71.20000000000016,74.49999999999957,1.0,0.0,1.0,1.0,0.0,0.0,1.35329,1.37465,2.0,71.19999999999793,-142.40000000000032,0.0,0.0,0.0,0.0,0.0,3.0,4.0,0.0
156.585,60,109,0.5555555555555556,-1.0,5,158.125,158.125,158.125,156.40750000000003,0.0,-153.9999999999992,156.655,158.125,158.125,-153.9999999999992,-153.9999999999992,-1.0,0.0,0.0,-1.0,0.0,0.0,158.125,153.505,2.0,-153.9999999999992,308.00000000000125,0.0,1.0,0.0,0.0,0.0,3.0,4.0,-1.0
0.72014,72,109,0.6666666666666666,1.0,6,0.71547,0.715225,0.70274,0.6824399999999999,0.0,49.15000000000003,0.717325,0.715225,0.715225,49.15000000000003,49.15000000000003,1.0,0.0,1.0,1.0,0.0,0.0,0.71547,0.72948,2.0,46.69999999999952,-93.40000000000015,0.0,0.0,0.0,0.0,0.0,3.0,4.0,0.0
1.35802,72,109,0.6666666666666666,-1.0,6,1.3634650000000001,1.364525,1.377325,1.38109,0.0,-65.04999999999983,1.36281,1.364525,1.36471,-65.04999999999983,-66.90000000000084,-1.0,0.0,-1.0,-1.0,0.0,0.0,1.36347,1.34713,2.0,-54.499999999999545,108.90000000000066,0.0,0.0,0.0,0.0,0.0,3.0,4.0,-1.0
0.78131,72,109,0.6666666666666666,-1.0,6,0.7864249999999999,0.78651,0.79087,0.78644,0.0,-52.00000000000094,0.78306,0.78651,0.7850250000000001,-52.00000000000094,-37.15000000000135,-1.0,0.0,-1.0,-1.0,0.0,0.0,0.78642,0.77108,2.0,-51.10000000000059,102.29999999999961,0.0,0.0,0.0,0.0,0.0,3.0,4.0,-1.0
183.725,72,109,0.6666666666666666,-1.0,6,184.911,184.911,185.108,181.821,0.0,-118.6000000000007,183.33350000000002,184.911,184.911,-118.6000000000007,-118.6000000000007,-1.0,0.0,-1.0,-1.0,0.0,0.0,184.911,181.353,2.0,-118.6000000000007,237.19999999999857,0.0,1.0,0.0,0.0,0.0,3.0,4.0,-1.0
213.018,60,109,0.5555555555555556,-1.0,5,213.505,213.505,213.10000000000002,207.82350000000002,0.0,-48.69999999999948,212.0925,213.505,213.505,-48.69999999999948,-48.69999999999948,-1.0,0.0,1.0,-1.0,0.0,0.0,213.1,212.854,2.0,-8.199999999999363,16.399999999998727,0.0,1.0,0.0,0.0,0.0,3.0,4.0,1.0
4618.42,0,109,0.0,0.0,0,4582.465,4625.135,4620.97,4763.4,0.0,-67.15000000000146,4625.450000000001,4578.42,4671.33,400.0,-529.0999999999985,1.0,-1.0,1.0,1.0,0.0,0.0,0.0,0.0,0.0,0.0,0.0,0.0,0.0,1.0,0.0,0.0,3.0,4.0,-1.0
49744.78,72,109,0.6666666666666666,1.0,6,49115.28,49115.28,47330.09,47664.84,0.0,6295000.0,49405.125,49115.28,49156.755000000005,6295000.0,5880249.999999942,1.0,0.0,1.0,1.0,0.0,0.0,49115.28,51003.78,2.0,6295000.0,-12590000.0,0.0,0.0,0.0,1.0,0.0,3.0,4.0,0.0
27462.26,84,109,0.7777777777777778,1.0,7,27227.155,27183.165,25135.95,25284.64,0.0,2790949.9999999753,27258.879999999997,27227.155,26944.29,2351049.999999996,5179699.999999975,1.0,1.0,1.0,1.0,0.0,0.0,27227.155,27932.47,2.0,2351049.999999996,-4702100.000000028,0.0,0.0,0.0,1.0,0.0,3.0,4.0,1.0
7215.12,72,109,0.6666666666666666,1.0,6,7161.03,7161.03,6766.65,6791.1,0.0,540900.0000000014,7174.25,7161.03,7133.5,540900.0000000014,816199.999999999,1.0,0.0,1.0,1.0,0.0,0.0,7161.03,7323.3,2.0,540900.0000000014,-1081800.0000000028,0.0,0.0,0.0,1.0,0.0,3.0,4.0,-1.0
98.084,72,109,0.6666666666666666,-1.0,6,98.547,98.547,99.13650000000001,98.0895,0.0,-46.299999999999386,98.265,98.547,98.547,-46.299999999999386,-46.299999999999386,-1.0,0.0,-1.0,-1.0,0.0,0.0,98.547,98.07474,0.02,-46.299999999999386,0.9259999999997603,0.0,0.0,0.0,1.0,1.0,3.0,4.0,1.0
1.17198,0,109,0.0,0.0,0,1.17502,1.17201,1.164605,1.174675,0.0,-0.2999999999997449,1.17502,1.17292,1.172295,-9.399999999999409,-3.1500000000006523,0.0,1.0,1.0,1.0,0.0,0.0,0.0,0.0,0.0,0.0,0.0,0.0,0.0,0.0,0.0,0.0,4.0,5.0,-1.0
1.3572199999999999,60,109,0.5555555555555556,1.0,5,1.36129,1.3555899999999999,1.34083,1.34391,0.0,16.300000000000203,1.36129,1.35683,1.35526,3.8999999999989043,19.599999999999618,0.0,1.0,1.0,1.0,0.0,0.0,1.35559,1.36048,2.0,16.299999999997983,-32.600000000000406,0.0,0.0,0.0,0.0,0.0,4.0,5.0,0.0
157.057,0,109,0.0,0.0,0,156.409,158.10700000000003,158.10700000000003,156.40750000000003,0.0,-105.00000000000398,156.7255,157.54000000000002,158.10700000000003,-48.30000000000325,-105.00000000000398,1.0,-1.0,0.0,-1.0,0.0,0.0,0.0,0.0,0.0,0.0,0.0,0.0,1.0,0.0,0.0,0.0,4.0,5.0,-1.0
0.71994,72,109,0.6666666666666666,1.0,6,0.72055,0.71646,0.703045,0.6824399999999999,0.0,34.80000000000039,0.72109,0.71775,0.71646,21.900000000000254,34.80000000000039,1.0,1.0,1.0,1.0,0.0,0.0,0.71646,0.7269,2.0,34.80000000000039,-69.59999999999967,0.0,0.0,0.0,0.0,0.0,4.0,5.0,0.0
1.35889,60,109,0.5555555555555556,-1.0,5,1.357165,1.36303,1.37583,1.38109,0.0,-41.400000000000325,1.357165,1.361315,1.3632149999999998,-24.250000000001215,-43.24999999999912,0.0,-1.0,-1.0,-1.0,0.0,0.0,1.36303,1.35061,2.0,-41.400000000000325,82.79999999999843,0.0,0.0,0.0,0.0,0.0,4.0,5.0,0.0
0.78157,72,109,0.6666666666666666,-1.0,6,0.7804599999999999,0.78518,0.79087,0.78644,0.0,-36.10000000000002,0.77986,0.78376,0.785155,-21.900000000000254,-35.850000000000605,-1.0,-1.0,-1.0,-1.0,0.0,0.0,0.78518,0.77435,2.0,-36.10000000000002,72.20000000000005,0.0,0.0,0.0,0.0,0.0,4.0,5.0,-1.0
184.098,60,109,0.5555555555555556,-1.0,5,183.60649999999998,184.911,185.108,181.821,0.0,-81.29999999999882,184.11599999999999,184.3675,184.911,-26.949999999999363,-81.29999999999882,1.0,-1.0,-1.0,-1.0,0.0,0.0,184.911,182.472,2.0,-81.29999999999882,162.60000000000048,0.0,1.0,0.0,0.0,0.0,4.0,5.0,0.0
213.159,0,109,0.0,0.0,0,212.916,213.505,213.10000000000002,207.82350000000002,0.0,-34.600000000000364,213.33249999999998,212.8465,213.505,31.25,-34.600000000000364,1.0,-1.0,1.0,0.0,0.0,0.0,0.0,0.0,0.0,0.0,0.0,0.0,1.0,0.0,0.0,0.0,4.0,5.0,-1.0
4613.13,72,109,0.6666666666666666,1.0,6,4610.145,4606.655,4620.97,4763.4,0.0,64.75000000000364,4617.415,4610.145,4671.33,29.849999999996726,-581.9999999999982,1.0,1.0,1.0,1.0,0.0,0.0,4610.145,4619.1,2.0,29.849999999996726,-59.70000000000255,0.0,0.0,1.0,0.0,0.0,4.0,5.0,1.0
49463.38,60,109,0.5555555555555556,1.0,5,49722.39,49228.705,47402.04,47664.84,0.0,2346749.999999956,49722.39,49308.705,49228.705,1546749.9999999562,2346749.999999956,0.0,1.0,1.0,1.0,0.0,0.0,49228.705,49932.73,2.0,2346749.999999956,-4693500.000000058,0.0,0.0,0.0,1.0,0.0,4.0,5.0,0.0
27665.86,84,109,0.7777777777777778,1.0,7,27597.93,27331.855,25284.64,25284.64,0.0,3340050.0000000102,27603.89,27410.379999999997,27092.98,2554800.000000032,5728800.00000001,1.0,1.0,1.0,1.0,0.0,0.0,27597.93,27801.72,2.0,679300.0000000029,-1358600.0000000058,0.0,0.0,0.0,1.0,0.0,4.0,5.0,1.0
7219.82,72,109,0.6666666666666666,1.0,6,7231.655000000001,7185.48,6791.1,6791.1,0.0,343400.00000000146,7243.625,7198.700000000001,7157.950000000001,211199.9999999898,618699.9999999898,1.0,1.0,1.0,1.0,0.0,0.0,7185.48,7288.5,2.0,343400.00000000146,-686800.0000000029,0.0,0.0,0.0,1.0,0.0,4.0,5.0,0.0
98.212,60,109,0.5555555555555556,-1.0,5,97.964,98.399,99.13650000000001,98.0895,0.0,-18.69999999999976,97.964,98.27850000000001,98.399,-6.650000000000489,-18.69999999999976,0.0,-1.0,-1.0,-1.0,0.0,0.0,98.399,98.20826,0.02,-18.69999999999976,0.3740000000007626,0.0,0.0,0.0,1.0,1.0,4.0,5.0,1.0
1.1690800000000001,0,109,0.0,0.0,0,1.17147,1.17201,1.164605,1.174675,0.0,-29.29999999999877,1.16994,1.173305,1.17201,-42.24999999999923,-29.29999999999877,-1.0,1.0,1.0,-1.0,0.0,0.0,0.0,0.0,0.0,0.0,0.0,0.0,0.0,0.0,0.0,0.0,0.0,5.0,-1.0
1.35304,0,109,0.0,0.0,0,1.35579,1.3555899999999999,1.34083,1.345295,0.0,-25.499999999998302,1.35407,1.3585,1.35526,-54.60000000000021,-22.199999999998887,-1.0,1.0,1.0,-1.0,0.0,0.0,0.0,0.0,0.0,0.0,0.0,0.0,0.0,0.0,0.0,0.0,0.0,5.0,-1.0
157.233,0,109,0.0,0.0,0,156.486,158.10700000000003,158.10700000000003,156.40750000000003,0.0,-87.40000000000236,156.9315,156.486,158.10700000000003,74.70000000000141,-87.40000000000236,1.0,-1.0,0.0,0.0,0.0,0.0,0.0,0.0,0.0,0.0,0.0,0.0,1.0,0.0,0.0,0.0,0.0,5.0,-1.0
0.71656,0,109,0.0,0.0,0,0.718675,0.71646,0.703045,0.68493,0.0,0.9999999999998899,0.717395,0.71905,0.71646,-24.89999999999992,0.9999999999998899,-1.0,1.0,1.0,0.0,0.0,0.0,0.0,0.0,0.0,0.0,0.0,0.0,0.0,0.0,0.0,0.0,0.0,5.0,-1.0
1.36205,0,109,0.0,0.0,0,1.3600349999999999,1.36303,1.37583,1.38061,0.0,-9.799999999999809,1.361355,1.3588,1.3632149999999998,32.49999999999975,-11.649999999998606,1.0,-1.0,-1.0,0.0,0.0,0.0,0.0,0.0,0.0,0.0,0.0,0.0,0.0,0.0,0.0,0.0,0.0,5.0,-1.0
0.78393,0,109,0.0,0.0,0,0.78148,0.78518,0.79087,0.78532,0.0,-12.499999999999734,0.78338,0.781325,0.78518,26.049999999999685,-12.499999999999734,1.0,-1.0,-1.0,0.0,0.0,0.0,0.0,0.0,0.0,0.0,0.0,0.0,0.0,0.0,0.0,0.0,0.0,5.0,-1.0
183.832,60,109,0.5555555555555556,-1.0,5,183.5805,184.911,185.108,182.63400000000001,0.0,-107.90000000000077,183.59300000000002,183.6045,184.911,22.749999999999204,-107.90000000000077,1.0,-1.0,-1.0,-1.0,0.0,0.0,184.911,181.674,2.0,-107.90000000000077,215.7999999999987,0.0,1.0,0.0,0.0,0.0,0.0,5.0,0.0
212.74,60,109,0.5555555555555556,-1.0,5,212.668,213.505,213.10000000000002,209.1705,0.0,-76.49999999999864,212.5205,212.685,213.505,5.500000000000682,-76.49999999999864,-1.0,-1.0,1.0,-1.0,0.0,0.0,213.1,212.02,2.0,-35.99999999999852,71.99999999999989,0.0,1.0,0.0,0.0,0.0,0.0,5.0,0.0
4521.4,60,109,0.5555555555555556,-1.0,5,4565.58,4580.32,4633.1849999999995,4798.035,0.0,-589.2000000000007,4541.845,4580.32,4636.35,-589.2000000000007,-1149.5000000000073,-1.0,0.0,1.0,-1.0,0.0,0.0,4565.58,4433.04,2.0,-441.8000000000029,883.5999999999967,0.0,0.0,1.0,0.0,0.0,0.0,5.0,0.0
48942.08,0,109,0.0,0.0,0,49285.600000000006,49228.705,47402.04,47664.84,0.0,-2866250.0,49165.05,49442.850000000006,49228.705,-5007700.000000041,-2866250.0,-1.0,1.0,1.0,-1.0,0.0,0.0,0.0,0.0,0.0,0.0,0.0,0.0,0.0,0.0,1.0,0.0,0.0,5.0,-1.0
27627.66,60,109,0.5555555555555556,1.0,5,27673.09,27361.415,25314.2,26023.705,0.0,2662449.9999999898,27660.129999999997,27627.9,27189.64,-2400.000000016007,4380200.000000005,-1.0,1.0,1.0,1.0,0.0,0.0,27361.415,28160.15,2.0,2662449.9999999898,-5324900.000000016,0.0,0.0,0.0,1.0,0.0,0.0,5.0,1.0
7198.87,0,109,0.0,0.0,0,7212.325,7185.48,6791.1,6857.174999999999,0.0,133900.00000000326,7209.3,7221.9,7157.950000000001,-230299.99999999744,409199.9999999916,-1.0,1.0,1.0,0.0,0.0,0.0,0.0,0.0,0.0,0.0,0.0,0.0,0.0,0.0,1.0,0.0,0.0,5.0,-1.0
98.45,0,109,0.0,0.0,0,98.227,98.399,99.13650000000001,98.0895,0.0,5.100000000000193,98.3925,98.122,98.399,32.800000000000296,5.100000000000193,1.0,-1.0,-1.0,1.0,0.0,0.0,0.0,0.0,0.0,0.0,0.0,0.0,0.0,0.0,1.0,1.0,0.0,5.0,-1.0
1.16938,0,109,0.0,0.0,0,1.169505,1.17201,1.1648049999999999,1.174675,0.0,-26.299999999999102,1.169945,1.170005,1.17201,-6.2499999999987566,-26.299999999999102,1.0,-1.0,1.0,-1.0,0.0,0.0,0.0,0.0,0.0,0.0,0.0,0.0,0.0,0.0,0.0,0.0,1.0,5.0,-1.0
1.35398,0,109,0.0,0.0,0,1.354575,1.3555899999999999,1.34083,1.345295,0.0,-16.099999999998893,1.3554849999999998,1.3545150000000001,1.35526,-5.350000000001742,-12.799999999999478,1.0,-1.0,1.0,-1.0,0.0,0.0,0.0,0.0,0.0,0.0,0.0,0.0,0.0,0.0,0.0,0.0,1.0,5.0,-1.0
157.874,0,109,0.0,0.0,0,157.3245,158.10700000000003,158.10700000000003,156.40750000000003,0.0,-23.30000000000325,157.762,157.24099999999999,158.10700000000003,63.30000000000098,-23.30000000000325,1.0,-1.0,0.0,1.0,0.0,0.0,0.0,0.0,0.0,0.0,0.0,0.0,1.0,0.0,0.0,0.0,1.0,5.0,-1.0
0.71825,72,109,0.6666666666666666,1.0,6,0.716665,0.71646,0.703075,0.68493,0.0,17.900000000000695,0.71824,0.716765,0.71646,14.850000000000696,17.900000000000695,1.0,1.0,1.0,0.0,0.0,0.0,0.71666,0.72142,2.0,15.900000000000913,-31.69999999999895,0.0,0.0,0.0,0.0,0.0,1.0,5.0,1.0
1.3618000000000001,0,109,0.0,0.0,0,1.36168,1.36303,1.37583,1.38061,0.0,-12.299999999998423,1.3616899999999998,1.3613849999999998,1.3632149999999998,4.150000000002763,-14.14999999999722,1.0,-1.0,-1.0,1.0,0.0,0.0,0.0,0.0,0.0,0.0,0.0,0.0,0.0,0.0,0.0,0.0,1.0,5.0,-1.0
0.78301,72,109,0.6666666666666666,-1.0,6,0.78305,0.78518,0.79087,0.78532,0.0,-21.700000000000053,0.78277,0.78305,0.78518,-0.40000000000040004,-21.700000000000053,-1.0,-1.0,-1.0,1.0,0.0,0.0,0.78305,0.78293,2.0,-0.40000000000040004,0.7999999999996898,0.0,0.0,0.0,0.0,0.0,1.0,5.0,1.0
184.619,0,109,0.0,0.0,0,184.046,184.911,185.108,182.63400000000001,0.0,-29.20000000000016,184.51749999999998,183.953,184.911,66.59999999999968,-29.20000000000016,1.0,-1.0,-1.0,1.0,0.0,0.0,0.0,0.0,0.0,0.0,0.0,0.0,1.0,0.0,0.0,0.0,1.0,5.0,-1.0
213.757,72,109,0.6666666666666666,1.0,6,213.1125,213.505,213.10000000000002,209.1705,0.0,25.200000000000955,213.753,213.00150000000002,213.505,75.54999999999836,25.200000000000955,1.0,-1.0,1.0,1.0,0.0,0.0,213.505,214.261,2.0,25.200000000000955,-50.39999999999907,0.0,1.0,0.0,0.0,0.0,1.0,5.0,0.0
4555.83,60,109,0.5555555555555556,-1.0,5,4548.095,4580.32,4654.610000000001,4798.035,0.0,-244.89999999999782,4568.915,4543.495000000001,4626.975,123.34999999999127,-711.4500000000044,1.0,-1.0,-1.0,-1.0,0.0,0.0,4580.32,4506.85,2.0,-244.89999999999782,489.79999999999563,0.0,0.0,1.0,0.0,0.0,1.0,5.0,0.0
49272.28,60,109,0.5555555555555556,1.0,5,49131.21,49228.705,47519.305,47664.84,0.0,435749.9999999709,49180.8,49167.3,49228.705,1049799.9999999593,435749.9999999709,1.0,-1.0,1.0,0.0,0.0,0.0,49228.705,49359.43,2.0,435749.9999999709,-871500.0000000146,0.0,0.0,0.0,1.0,0.0,1.0,5.0,1.0
28065.06,84,109,0.7777777777777778,1.0,7,27862.995,27544.559999999998,25453.355,26023.705,0.0,5205000.000000036,27968.405,27812.245,27328.795,2528150.0000000233,7362650.000000031,1.0,1.0,1.0,1.0,0.0,0.0,27862.995,28469.19,2.0,2020650.0000000233,-4041299.999999974,0.0,0.0,0.0,1.0,0.0,1.0,5.0,1.0
7267.02,84,109,0.7777777777777778,1.0,7,7234.705,7189.43,6795.049999999999,6857.174999999999,0.0,775900.0000000014,7254.555,7225.85,7161.9,411700.0000000007,1051200.000000008,1.0,1.0,1.0,1.0,0.0,0.0,7234.705,7331.65,2.0,323150.0000000051,-646299.999999992,0.0,0.0,0.0,1.0,0.0,1.0,5.0,1.0
98.472,0,109,0.0,0.0,0,98.42750000000001,98.399,99.13650000000001,98.0895,0.0,7.299999999999329,98.411,98.376,98.399,9.599999999998943,7.299999999999329,-1.0,-1.0,-1.0,1.0,0.0,0.0,0.0,0.0,0.0,0.0,0.0,0.0,0.0,0.0,1.0,1.0,1.0,5.0,-1.0
1.17465,84,109,0.7777777777777778,1.0,7,1.174415,1.1736550000000001,1.16771,1.174675,0.0,9.949999999998571,1.1756,1.17389,1.172585,7.599999999998719,20.649999999999835,1.0,1.0,1.0,1.0,0.0,0.0,1.17441,1.17512,2.0,2.4000000000001798,-4.699999999999704,0.0,0.0,0.0,0.0,0.0,2.0,5.0,0.0
1.35904,84,109,0.7777777777777778,1.0,7,1.358875,1.35812,1.34175,1.345295,0.0,9.200000000000319,1.3601,1.35868,1.35556,3.5999999999991594,34.79999999999927,1.0,1.0,1.0,1.0,0.0,0.0,1.35888,1.35937,2.0,1.5999999999993797,-3.2999999999994145,0.0,0.0,0.0,0.0,0.0,2.0,5.0,0.0
156.372,60,109,0.5555555555555556,-1.0,5,156.48250000000002,156.48250000000002,157.87650000000002,156.40750000000003,0.0,-11.050000000000182,156.2755,156.48250000000002,157.87650000000002,-11.050000000000182,-150.45000000000073,-1.0,0.0,0.0,-1.0,0.0,0.0,156.4825,156.151,2.0,-11.04999999999734,22.100000000000364,0.0,1.0,0.0,0.0,0.0,2.0,5.0,0.0
0.72363,84,109,0.7777777777777778,1.0,7,0.72275,0.720655,0.70685,0.68493,0.0,29.7499999999995,0.723705,0.721545,0.71895,20.850000000000037,46.800000000000175,1.0,1.0,1.0,1.0,0.0,0.0,0.72275,0.72539,2.0,8.799999999999919,-17.599999999999838,0.0,0.0,0.0,0.0,0.0,2.0,5.0,1.0
1.36331,0,109,0.0,0.0,0,1.3609499999999999,1.361065,1.37496,1.38061,0.0,22.450000000000525,1.361815,1.3609499999999999,1.3632149999999998,23.600000000001398,0.9500000000017828,1.0,-1.0,-1.0,1.0,0.0,0.0,0.0,0.0,0.0,0.0,0.0,0.0,0.0,0.0,0.0,0.0,2.0,5.0,-1.0
0.7787,84,109,0.7777777777777778,-1.0,7,0.780205,0.781195,0.789465,0.78532,0.0,-24.95000000000025,0.779335,0.780675,0.78479,-19.7500000000006,-60.9000000000004,-1.0,-1.0,-1.0,-1.0,0.0,0.0,0.78021,0.77569,2.0,-15.100000000000113,30.09999999999957,0.0,0.0,0.0,0.0,0.0,2.0,5.0,0.0
183.683,0,109,0.0,0.0,0,183.5355,183.5355,184.99200000000002,182.63400000000001,0.0,14.749999999997954,183.6525,183.5355,184.79500000000002,14.749999999997954,-111.20000000000232,1.0,0.0,-1.0,-1.0,0.0,0.0,0.0,0.0,0.0,0.0,0.0,0.0,1.0,0.0,0.0,0.0,2.0,5.0,-1.0
212.515,0,109,0.0,0.0,0,212.4855,212.4855,213.132,209.1705,0.0,2.949999999998454,212.5575,212.4855,213.505,2.949999999998454,-99.00000000000091,1.0,0.0,1.0,-1.0,0.0,0.0,0.0,0.0,0.0,0.0,0.0,0.0,1.0,0.0,0.0,0.0,2.0,5.0,-1.0
4689.31,72,109,0.6666666666666666,1.0,6,4634.495,4611.71,4686.785,4798.035,0.0,776.0000000000036,4688.775,4631.299999999999,4620.375,580.1000000000113,689.350000000004,1.0,1.0,-1.0,1.0,0.0,0.0,4686.785,4694.36,2.0,25.250000000005457,-50.499999999992724,0.0,0.0,1.0,0.0,0.0,2.0,5.0,1.0
49890.38,84,109,0.7777777777777778,1.0,7,49625.475000000006,49454.475000000006,47928.43,47664.84,0.0,4359049.999999915,49821.93,49507.125,49240.33,3832549.999999974,6500499.999999956,1.0,1.0,1.0,1.0,0.0,0.0,49625.475,50420.19,2.0,2649049.9999999884,-5298100.000000049,0.0,0.0,0.0,1.0,0.0,2.0,5.0,0.0
28590.36,84,109,0.7777777777777778,1.0,7,28333.57,27855.345,26083.655,26023.705,0.0,7350149.999999994,28449.345,28230.205,27776.205,3601549.9999999884,8141549.999999989,1.0,1.0,1.0,1.0,0.0,0.0,28333.57,29103.94,2.0,2567900.000000009,-5135799.999999981,0.0,0.0,0.0,1.0,0.0,2.0,5.0,1.0
7359.42,84,109,0.7777777777777778,1.0,7,7312.88,7248.225,6916.125,6857.174999999999,0.0,1111949.9999999972,7335.705,7296.375,7235.005,630450.0000000007,1244149.9999999995,1.0,1.0,1.0,1.0,0.0,0.0,7312.88,7452.5,2.0,465399.99999999965,-930799.9999999993,0.0,0.0,0.0,1.0,0.0,2.0,5.0,-1.0
98.041,72,109,0.6666666666666666,-1.0,6,98.0335,98.0755,98.93299999999999,98.0895,0.0,-3.4500000000008413,97.9385,98.06049999999999,98.34100000000001,-1.9499999999993634,-30.000000000001137,-1.0,-1.0,-1.0,-1.0,0.0,0.0,98.0755,98.04031,0.02,-3.4500000000008413,0.06899999999916417,0.0,0.0,0.0,1.0,1.0,2.0,5.0,1.0
1.1729,0,109,0.0,0.0,0,1.175335,1.1736550000000001,1.16771,1.174675,0.0,-7.550000000000612,1.17532,1.17626,1.172585,-33.60000000000029,3.1500000000006523,-1.0,1.0,1.0,-1.0,0.0,0.0,0.0,0.0,0.0,0.0,0.0,0.0,0.0,0.0,0.0,0.0,3.0,5.0,-1.0
1.35541,0,109,0.0,0.0,0,1.35918,1.3585,1.34175,1.345295,0.0,-30.90000000000037,1.35918,1.359725,1.3555899999999999,-43.15000000000069,-1.7999999999984695,0.0,1.0,1.0,-1.0,0.0,0.0,0.0,0.0,0.0,0.0,0.0,0.0,0.0,0.0,0.0,0.0,3.0,5.0,-1.0
156.904,0,109,0.0,0.0,0,156.482,156.48250000000002,157.87650000000002,156.40750000000003,0.0,42.149999999998045,156.55450000000002,156.28,157.87650000000002,62.39999999999952,-97.2500000000025,1.0,-1.0,0.0,1.0,0.0,0.0,0.0,0.0,0.0,0.0,0.0,0.0,1.0,0.0,0.0,0.0,3.0,5.0,-1.0
0.72095,0,109,0.0,0.0,0,0.723555,0.720655,0.70685,0.68493,0.0,2.949999999999342,0.72333,0.7242200000000001,0.71895,-32.70000000000106,20.000000000000018,-1.0,1.0,1.0,0.0,0.0,0.0,0.0,0.0,0.0,0.0,0.0,0.0,0.0,0.0,0.0,0.0,3.0,5.0,-1.0
1.3658299999999999,60,109,0.5555555555555556,1.0,5,1.3639549999999998,1.36065,1.37496,1.38061,0.0,51.79999999999963,1.36415,1.362095,1.36303,37.34999999999822,27.999999999999137,1.0,1.0,-1.0,1.0,0.0,0.0,1.36395,1.36958,2.0,18.799999999998818,-37.50000000000142,0.0,0.0,0.0,0.0,0.0,3.0,5.0,1.0
0.78031,48,109,0.4444444444444444,-1.0,4,0.778565,0.7806900000000001,0.7892,0.78532,0.0,-3.80000000000158,0.778565,0.778565,0.784525,17.449999999999967,-42.1500000000008,0.0,-1.0,-1.0,0.0,0.0,0.0,0.78069,0.77955,2.0,-3.8000000000004697,7.599999999999829,0.0,0.0,0.0,0.0,0.0,3.0,5.0,1.0
184.026,60,109,0.5555555555555556,1.0,5,183.82299999999998,183.5355,184.99200000000002,182.63400000000001,0.0,49.04999999999973,184.07049999999998,183.8195,184.79500000000002,20.650000000000546,-76.90000000000055,1.0,1.0,-1.0,1.0,0.0,0.0,183.823,184.432,2.0,20.300000000000296,-40.59999999999775,0.0,1.0,0.0,0.0,0.0,3.0,5.0,0.0
212.668,60,109,0.5555555555555556,1.0,5,212.6845,212.4855,213.4325,209.1705,0.0,18.250000000000455,212.844,212.678,213.505,-0.9999999999990905,-83.69999999999891,1.0,1.0,1.0,1.0,0.0,0.0,212.4855,213.033,2.0,18.250000000000455,-36.49999999999807,0.0,1.0,0.0,0.0,0.0,3.0,5.0,0.0
4702.3,60,109,0.5555555555555556,1.0,5,4723.195,4632.575000000001,4695.805,4798.035,0.0,697.2499999999945,4726.110000000001,4712.43,4632.575000000001,-101.30000000000109,697.2499999999945,1.0,1.0,-1.0,1.0,0.0,0.0,4695.805,4715.29,2.0,64.94999999999891,-129.89999999999782,0.0,0.0,1.0,0.0,0.0,3.0,5.0,0.0
49569.68,48,109,0.4444444444444444,1.0,4,49799.7,49508.65,47982.604999999996,47664.84,0.0,610299.9999999884,49799.7,49799.7,49294.505000000005,-2300199.999999968,2751749.999999956,0.0,1.0,1.0,0.0,0.0,0.0,49508.65,49691.74,2.0,610299.9999999884,-1220599.9999999767,0.0,0.0,0.0,1.0,0.0,3.0,5.0,0.0
28540.36,60,109,0.5555555555555556,1.0,5,28631.480000000003,28136.99,26157.84,26023.705,0.0,4033699.9999999898,28631.480000000003,28523.53,27851.005,168300.00000001746,6893549.999999995,0.0,1.0,1.0,1.0,0.0,0.0,28136.99,29347.1,2.0,4033699.9999999898,-8067399.9999999795,0.0,0.0,0.0,1.0,0.0,3.0,5.0,1.0
7331.03,60,109,0.5555555555555556,1.0,5,7352.57,7279.37,6924.07,6857.174999999999,0.0,516599.99999999854,7352.174999999999,7341.42,7242.95,-103900.00000000327,880799.9999999993,-1.0,1.0,1.0,1.0,0.0,0.0,7279.37,7434.35,2.0,516599.99999999854,-1033200.0000000062,0.0,0.0,0.0,1.0,0.0,3.0,5.0,-1.0
98.246,0,109,0.0,0.0,0,98.02799999999999,98.0755,98.93299999999999,98.0895,0.0,17.049999999998988,98.02799999999999,97.9165,98.34100000000001,32.94999999999959,-9.500000000001307,0.0,-1.0,-1.0,1.0,0.0,0.0,0.0,0.0,0.0,0.0,0.0,0.0,0.0,0.0,1.0,1.0,3.0,5.0,-1.0
1.1787,84,109,0.7777777777777778,1.0,7,1.17551,1.1736550000000001,1.16771,1.174675,0.0,50.44999999999966,1.17721,1.17551,1.172585,31.90000000000026,61.15000000000093,1.0,1.0,1.0,1.0,0.0,0.0,1.17551,1.18508,2.0,31.90000000000026,-63.799999999998306,0.0,0.0,0.0,0.0,0.0,4.0,5.0,0.0
1.36353,84,109,0.7777777777777778,1.0,7,1.3591550000000001,1.357765,1.34175,1.345295,0.0,57.64999999999798,1.361805,1.3591550000000001,1.3555899999999999,43.749999999997954,79.40000000000057,1.0,1.0,1.0,1.0,0.0,0.0,1.35916,1.37228,2.0,43.69999999999985,-87.50000000000036,0.0,0.0,0.0,0.0,0.0,4.0,5.0,0.0
156.689,0,109,0.0,0.0,0,156.707,156.48250000000002,157.87650000000002,156.40750000000003,0.0,20.649999999997704,156.6245,156.57350000000002,157.87650000000002,11.549999999996885,-118.75000000000284,-1.0,1.0,0.0,1.0,0.0,0.0,0.0,0.0,0.0,0.0,0.0,0.0,1.0,0.0,0.0,0.0,4.0,5.0,-1.0
0.72477,84,109,0.7777777777777778,1.0,7,0.722445,0.720655,0.7076800000000001,0.68493,0.0,41.1499999999998,0.72385,0.723175,0.71895,15.95000000000013,58.20000000000047,1.0,1.0,1.0,1.0,0.0,0.0,0.72245,0.72942,2.0,23.19999999999989,-46.49999999999932,0.0,0.0,0.0,0.0,0.0,4.0,5.0,0.0
1.36731,60,109,0.5555555555555556,1.0,5,1.36707,1.364395,1.37496,1.38061,0.0,29.15000000000001,1.3676650000000001,1.36651,1.36303,8.00000000000134,42.800000000000615,1.0,1.0,-1.0,1.0,0.0,0.0,1.36707,1.36779,2.0,2.4000000000001798,-4.8000000000003595,0.0,0.0,0.0,0.0,0.0,4.0,5.0,1.0
0.77621,84,109,0.7777777777777778,-1.0,7,0.7785200000000001,0.78047,0.78898,0.78532,0.0,-42.60000000000041,0.77746,0.7785200000000001,0.784305,-23.10000000000145,-80.95000000000074,-1.0,-1.0,-1.0,-1.0,0.0,0.0,0.77852,0.77159,2.0,-23.100000000000342,46.19999999999958,0.0,0.0,0.0,0.0,0.0,4.0,5.0,0.0
184.689,60,109,0.5555555555555556,1.0,5,184.21550000000002,183.5355,184.99200000000002,182.63400000000001,0.0,115.34999999999798,184.48250000000002,184.21550000000002,184.79500000000002,47.349999999997294,-10.600000000002296,1.0,1.0,-1.0,1.0,0.0,0.0,184.2155,185.636,2.0,47.350000000000136,-94.70000000000027,0.0,1.0,0.0,0.0,0.0,4.0,5.0,0.0
213.649,84,109,0.7777777777777778,1.0,7,212.984,212.4855,213.4325,209.1705,0.0,116.34999999999991,213.3915,212.984,213.505,66.4999999999992,14.400000000000546,1.0,1.0,1.0,1.0,0.0,0.0,213.4325,214.082,2.0,21.649999999999636,-43.29999999999927,0.0,1.0,0.0,0.0,0.0,4.0,5.0,0.0
4714.96,0,109,0.0,0.0,0,4715.38,4632.575000000001,4695.805,4798.035,0.0,823.8499999999931,4725.535,4723.085,4632.575000000001,-81.25,823.8499999999931,1.0,1.0,-1.0,0.0,0.0,0.0,0.0,0.0,0.0,0.0,0.0,0.0,0.0,1.0,0.0,0.0,4.0,5.0,-1.0
49631.28,60,109,0.5555555555555556,1.0,5,49667.155,49508.65,48130.14,47664.84,0.0,1226299.999999974,49671.255000000005,49799.7,49294.505000000005,-1684199.9999999825,3367749.999999942,1.0,1.0,1.0,0.0,0.0,0.0,49508.65,49876.54,2.0,1226299.999999974,-2452600.0000000205,0.0,0.0,0.0,1.0,0.0,4.0,5.0,0.0
29228.15,84,109,0.7777777777777778,1.0,7,28866.045,28382.595,26519.245000000003,26023.705,0.0,8455550.000000004,29007.395,28851.395,28070.92,3767550.0000000102,11572300.000000032,1.0,1.0,1.0,1.0,0.0,0.0,28866.045,29952.36,2.0,3621050.000000032,-7242099.999999992,0.0,0.0,0.0,1.0,0.0,4.0,5.0,0.0
7396.87,84,109,0.7777777777777778,1.0,7,7360.805,7287.975,6965.305,6857.174999999999,0.0,1088949.9999999953,7383.075,7360.805,7251.555,360649.999999996,1453149.999999996,1.0,1.0,1.0,1.0,0.0,0.0,7360.805,7469.0,2.0,360649.999999996,-721300.000000001,0.0,0.0,0.0,1.0,0.0,4.0,5.0,0.0
97.828,84,109,0.7777777777777778,-1.0,7,98.05199999999999,98.0755,98.9165,98.0895,0.0,-24.750000000000227,97.9255,98.047,98.34100000000001,-21.89999999999941,-51.30000000000052,-1.0,-1.0,-1.0,-1.0,0.0,0.0,98.052,97.82352,0.02,-22.400000000000375,0.44800000000009277,0.0,0.0,0.0,1.0,1.0,4.0,5.0,0.0
1.17807,84,109,0.7777777777777778,1.0,7,1.176655,1.17441,1.16771,1.174675,0.0,36.599999999999966,1.17761,1.176655,1.172585,14.14999999999944,54.849999999999625,1.0,1.0,1.0,1.0,0.0,0.0,1.17666,1.1809,2.0,14.099999999999113,-28.300000000001102,0.0,0.0,0.0,0.0,0.0,0.0,5.0,0.0
1.36091,84,109,0.7777777777777778,1.0,7,1.36015,1.359365,1.34175,1.345295,0.0,15.450000000001296,1.362625,1.36015,1.3555899999999999,7.600000000000939,53.200000000002134,1.0,1.0,1.0,1.0,0.0,0.0,1.36015,1.36243,2.0,7.600000000000939,-15.199999999999658,0.0,0.0,0.0,0.0,0.0,0.0,5.0,0.0
157.218,60,109,0.5555555555555556,1.0,5,156.88400000000001,156.48250000000002,157.87650000000002,156.40750000000003,0.0,73.54999999999734,157.1215,156.8495,157.87650000000002,36.84999999999832,-65.8500000000032,1.0,1.0,0.0,1.0,0.0,0.0,156.884,157.886,2.0,33.40000000000032,-66.80000000000064,0.0,1.0,0.0,0.0,0.0,0.0,5.0,0.0
0.72483,84,109,0.7777777777777778,1.0,7,0.72382,0.7226250000000001,0.7076800000000001,0.68493,0.0,22.049999999999017,0.724845,0.72382,0.71895,10.099999999999554,58.79999999999996,1.0,1.0,1.0,1.0,0.0,0.0,0.72382,0.72685,2.0,10.099999999999554,-20.200000000000216,0.0,0.0,0.0,0.0,0.0,0.0,5.0,0.0
1.36776,0,109,0.0,0.0,0,1.36715,1.364395,1.37489,1.38061,0.0,33.650000000000624,1.366525,1.3676300000000001,1.36303,1.2999999999996348,47.30000000000123,-1.0,1.0,-1.0,1.0,0.0,0.0,0.0,0.0,0.0,0.0,0.0,0.0,0.0,0.0,0.0,0.0,0.0,5.0,-1.0
0.77797,60,109,0.5555555555555556,-1.0,5,0.77782,0.779895,0.78897,0.78532,0.0,-19.249999999999545,0.777925,0.77782,0.784295,1.500000000000945,-63.24999999999914,1.0,-1.0,-1.0,-1.0,0.0,0.0,0.7799,0.77412,2.0,-19.299999999999873,38.5000000000002,0.0,0.0,0.0,0.0,0.0,0.0,5.0,0.0
185.212,72,109,0.6666666666666666,1.0,6,184.54899999999998,183.643,184.99200000000002,183.6,0.0,156.89999999999884,185.0435,184.54899999999998,184.79500000000002,66.30000000000109,41.69999999999732,1.0,1.0,-1.0,1.0,0.0,0.0,184.992,185.652,2.0,21.999999999999886,-43.99999999999977,0.0,1.0,0.0,0.0,0.0,0.0,5.0,0.0
213.959,84,109,0.7777777777777778,1.0,7,213.267,212.5855,213.4325,209.8555,0.0,137.3500000000007,214.05,213.267,213.505,69.20000000000073,45.40000000000077,1.0,1.0,1.0,1.0,0.0,0.0,213.4325,215.012,2.0,52.649999999999864,-105.29999999999973,0.0,1.0,0.0,0.0,0.0,0.0,5.0,0.0
4736.57,72,109,0.6666666666666666,1.0,6,4698.155000000001,4655.360000000001,4695.805,4798.035,0.0,812.0999999999913,4707.84,4698.555,4632.575000000001,380.1499999999942,1039.9499999999898,1.0,1.0,-1.0,1.0,0.0,0.0,4698.155,4813.4,2.0,384.14999999999964,-768.2999999999993,0.0,0.0,1.0,0.0,0.0,0.0,5.0,0.0
49708.58,72,109,0.6666666666666666,1.0,6,49575.59,49561.3,48130.14,47664.84,0.0,1472799.9999999884,49620.05,49617.395000000004,49294.505000000005,911849.9999999767,4140749.999999971,1.0,1.0,1.0,0.0,0.0,0.0,49575.59,49974.56,2.0,1329900.0000000524,-2659799.999999959,0.0,0.0,0.0,1.0,0.0,0.0,5.0,0.0
29291.35,84,109,0.7777777777777778,1.0,7,29244.195,28612.28,26571.38,26228.59,0.0,6790699.999999997,29255.28,29043.690000000002,28167.045,2476599.9999999623,11243050.000000004,1.0,1.0,1.0,1.0,0.0,0.0,29244.195,29385.66,2.0,471549.99999998836,-943100.000000013,0.0,0.0,0.0,1.0,0.0,0.0,5.0,0.0
7411.27,84,109,0.7777777777777778,1.0,7,7398.805,7333.004999999999,6979.055,6914.575,0.0,782650.0000000123,7404.625,7396.825,7265.305,144450.00000000617,1459650.0000000014,1.0,1.0,1.0,1.0,0.0,0.0,7398.805,7436.2,2.0,124650.00000000146,-249299.99999999383,0.0,0.0,0.0,1.0,0.0,0.0,5.0,0.0
97.936,72,109,0.6666666666666666,-1.0,6,97.9825,98.0335,98.9165,98.0895,0.0,-9.749999999999659,97.92699999999999,97.98,98.34100000000001,-4.399999999999693,-40.500000000000114,-1.0,-1.0,-1.0,0.0,0.0,0.0,97.9825,97.93507,0.02,-4.649999999999466,0.09300000000109776,0.0,0.0,0.0,1.0,1.0,0.0,5.0,0.0
1.17399,0,109,0.0,0.0,0,1.17546,1.17546,1.16866,1.174675,0.0,-14.699999999998603,1.17357,1.17546,1.172585,-14.699999999998603,14.050000000001006,-1.0,0.0,1.0,-1.0,0.0,0.0,0.0,0.0,0.0,0.0,0.0,0.0,0.0,0.0,0.0,0.0,1.0,5.0,-1.0
1.35373,0,109,0.0,0.0,0,1.35649,1.35765,1.34345,1.345295,0.0,-39.199999999999235,1.352205,1.35765,1.3555899999999999,-39.199999999999235,-18.599999999997507,-1.0,0.0,1.0,-1.0,0.0,0.0,0.0,0.0,0.0,0.0,0.0,0.0,0.0,0.0,0.0,0.0,1.0,5.0,-1.0
157.623,60,109,0.5555555555555556,1.0,5,157.24349999999998,156.8905,157.87650000000002,156.40750000000003,0.0,73.24999999999875,157.621,157.24349999999998,157.87650000000002,37.95000000000073,-25.350000000003092,1.0,1.0,0.0,1.0,0.0,0.0,157.2435,158.382,2.0,37.949999999997885,-75.90000000000146,0.0,1.0,0.0,0.0,0.0,1.0,5.0,1.0
0.72394,60,109,0.5555555555555556,1.0,5,0.723035,0.723205,0.708785,0.68493,0.0,7.350000000000412,0.722805,0.7234050000000001,0.7193499999999999,5.349999999999522,45.900000000000944,-1.0,1.0,1.0,0.0,0.0,0.0,0.7232,0.72541,2.0,7.400000000000739,-14.699999999999713,0.0,0.0,0.0,0.0,0.0,1.0,5.0,0.0
1.3695300000000001,0,109,0.0,0.0,0,1.369725,1.36656,1.37399,1.38061,0.0,29.700000000001392,1.370885,1.368625,1.363715,9.050000000001557,58.150000000001256,1.0,1.0,-1.0,1.0,0.0,0.0,0.0,0.0,0.0,0.0,0.0,0.0,0.0,0.0,0.0,0.0,1.0,5.0,-1.0
0.78048,60,109,0.5555555555555556,1.0,5,0.7792399999999999,0.7792250000000001,0.788605,0.78532,0.0,12.54999999999895,0.7811699999999999,0.7792399999999999,0.7842100000000001,12.400000000000189,-37.30000000000122,1.0,1.0,-1.0,1.0,0.0,0.0,0.77924,0.78296,2.0,12.399999999999078,-24.800000000000377,0.0,0.0,0.0,0.0,0.0,1.0,5.0,1.0
185.046,72,109,0.6666666666666666,1.0,6,184.885,184.43200000000002,184.99200000000002,183.6,0.0,61.39999999999759,184.9935,184.885,184.79500000000002,16.100000000000136,25.099999999997635,1.0,1.0,-1.0,1.0,0.0,0.0,184.992,185.154,2.0,5.400000000000205,-10.80000000000041,0.0,1.0,0.0,0.0,0.0,1.0,5.0,0.0
213.378,0,109,0.0,0.0,0,213.51,213.267,213.505,209.8555,0.0,11.099999999999,213.1805,213.5755,213.505,-19.750000000001933,-12.700000000000955,-1.0,1.0,0.0,0.0,0.0,0.0,0.0,0.0,0.0,0.0,0.0,0.0,1.0,0.0,0.0,0.0,1.0,5.0,-1.0
4715.16,0,109,0.0,0.0,0,4705.74,4705.74,4695.805,4798.035,0.0,94.20000000000073,4678.635,4705.74,4636.905000000001,94.20000000000073,782.549999999992,-1.0,0.0,-1.0,1.0,0.0,0.0,0.0,0.0,0.0,0.0,0.0,0.0,0.0,1.0,0.0,0.0,1.0,5.0,-1.0
49763.38,60,109,0.5555555555555556,1.0,5,49565.3,49711.75,48160.1,47664.84,0.0,516299.9999999738,49565.3,49565.3,49294.505000000005,1980799.9999999446,4688749.999999927,0.0,-1.0,1.0,1.0,0.0,0.0,49711.75,49866.64,2.0,516299.9999999738,-1032600.0000000204,0.0,0.0,0.0,1.0,0.0,1.0,5.0,0.0
29029.15,60,109,0.5555555555555556,1.0,5,29001.28,28795.58,26571.38,26228.59,0.0,2335699.999999997,28913.03,29003.73,28201.58,254200.00000001892,8275699.999999997,-1.0,1.0,1.0,0.0,0.0,0.0,29001.28,29084.89,2.0,278700.0000000262,-557399.9999999796,0.0,0.0,0.0,1.0,0.0,1.0,5.0,0.0
7395.37,60,109,0.5555555555555556,1.0,5,7383.73,7366.004999999999,6981.924999999999,6914.575,0.0,293650.0000000069,7373.805,7384.23,7266.875,111400.00000000327,1284949.9999999988,-1.0,1.0,1.0,0.0,0.0,0.0,7383.73,7418.65,2.0,116400.00000000327,-232799.99999999744,0.0,0.0,0.0,1.0,0.0,1.0,5.0,1.0
98.278,60,109,0.5555555555555556,1.0,5,98.1645,98.1285,98.868,98.0895,0.0,14.95000000000033,98.33099999999999,98.1465,98.34100000000001,13.150000000000261,-6.300000000000239,1.0,1.0,-1.0,1.0,0.0,0.0,98.1645,98.28027,0.02,11.350000000000193,-0.22699999999957754,0.0,0.0,0.0,1.0,1.0,1.0,5.0,1.0
1.17129,72,109,0.6666666666666666,-1.0,6,1.172115,1.174165,1.171875,1.174675,0.0,-28.74999999999961,1.17073,1.17236,1.1736550000000001,-10.700000000001264,-23.650000000001725,-1.0,-1.0,1.0,-1.0,0.0,0.0,1.17188,1.17012,2.0,-5.9000000000009045,11.699999999998933,0.0,0.0,0.0,0.0,0.0,2.0,5.0,0.0
1.3523,0,109,0.0,0.0,0,1.35178,1.356875,1.346925,1.345295,0.0,-45.74999999999996,1.350685,1.35188,1.35712,4.20000000000087,-48.200000000000465,-1.0,-1.0,1.0,-1.0,0.0,0.0,0.0,0.0,0.0,0.0,0.0,0.0,0.0,0.0,0.0,0.0,2.0,5.0,-1.0
157.88,72,109,0.6666666666666666,1.0,6,157.7185,157.043,157.87650000000002,156.40750000000003,0.0,83.69999999999891,157.832,157.70100000000002,156.48250000000002,17.899999999997362,139.74999999999795,1.0,1.0,-1.0,1.0,0.0,0.0,157.8765,157.887,2.0,0.3500000000002501,-0.7000000000005002,0.0,1.0,0.0,0.0,0.0,2.0,5.0,0.0
0.72588,84,109,0.7777777777777778,1.0,7,0.725105,0.7235750000000001,0.7120500000000001,0.68493,0.0,23.049999999998903,0.725355,0.724295,0.720655,15.849999999999476,52.24999999999924,1.0,1.0,1.0,1.0,0.0,0.0,0.7251,0.72743,2.0,7.800000000000029,-15.500000000000513,0.0,0.0,0.0,0.0,0.0,2.0,5.0,0.0
1.3704,60,109,0.5555555555555556,1.0,5,1.37013,1.36754,1.372565,1.38061,0.0,28.600000000000847,1.3704100000000001,1.370415,1.363715,-0.14999999999876223,66.85000000000052,1.0,1.0,-1.0,1.0,0.0,0.0,1.37013,1.37094,2.0,2.6999999999999247,-5.399999999999849,0.0,0.0,0.0,0.0,0.0,2.0,5.0,0.0
0.78161,60,109,0.5555555555555556,1.0,5,0.781525,0.779605,0.787175,0.78532,0.0,20.050000000000345,0.782135,0.781525,0.78046,0.8500000000000174,11.499999999999844,1.0,1.0,-1.0,1.0,0.0,0.0,0.78153,0.78178,2.0,0.8000000000008001,-1.7000000000000348,0.0,0.0,0.0,0.0,0.0,2.0,5.0,0.0
184.921,0,109,0.0,0.0,0,184.88150000000002,184.5855,184.99200000000002,183.6,0.0,33.54999999999961,184.7725,184.90449999999998,183.7475,1.650000000000773,117.349999999999,-1.0,1.0,-1.0,0.0,0.0,0.0,0.0,0.0,0.0,0.0,0.0,0.0,1.0,0.0,0.0,0.0,2.0,5.0,-1.0
213.5,0,109,0.0,0.0,0,213.26749999999998,213.267,213.505,209.8555,0.0,23.30000000000041,213.2025,213.26749999999998,212.5855,23.25000000000159,91.45000000000039,-1.0,1.0,-1.0,1.0,0.0,0.0,0.0,0.0,0.0,0.0,0.0,0.0,1.0,0.0,0.0,0.0,2.0,5.0,-1.0
4688.74,84,109,0.7777777777777778,-1.0,7,4697.89,4705.74,4695.805,4798.035,0.0,-170.0,4689.46,4682.37,4636.905000000001,63.69999999999891,518.3499999999913,-1.0,-1.0,-1.0,-1.0,0.0,0.0,4695.805,4674.61,2.0,-70.6500000000051,141.3000000000011,0.0,0.0,1.0,0.0,0.0,2.0,5.0,0.0
49806.88,60,109,0.5555555555555556,1.0,5,49637.75,49711.75,48371.225,47664.84,0.0,951299.9999999738,49630.64,49565.3,49508.65,2415799.9999999446,2982299.999999959,-1.0,-1.0,1.0,1.0,0.0,0.0,49711.75,49997.14,2.0,951299.9999999738,-1902600.0000000205,0.0,0.0,0.0,1.0,0.0,2.0,5.0,1.0
29427.05,84,109,0.7777777777777778,1.0,7,29132.455,28947.28,26831.145,26228.59,0.0,4797700.000000005,29215.18,29047.48,28433.29,3795699.999999997,9937599.999999983,1.0,1.0,1.0,1.0,0.0,0.0,29132.455,30016.24,2.0,2945949.9999999753,-5891900.000000023,0.0,0.0,0.0,1.0,0.0,2.0,5.0,0.0
7451.57,84,109,0.7777777777777778,1.0,7,7413.83,7389.805,7038.855,6914.575,0.0,617649.9999999942,7417.705,7399.48,7316.975,520900.00000000146,1345949.9999999935,1.0,1.0,1.0,1.0,0.0,0.0,7413.83,7527.05,2.0,377399.9999999978,-754800.0000000048,0.0,0.0,0.0,1.0,0.0,2.0,5.0,0.0
98.473,72,109,0.6666666666666666,1.0,6,98.4295,98.2235,98.3825,98.0895,0.0,24.94999999999976,98.5335,98.426,98.112,4.699999999999704,36.10000000000042,1.0,1.0,-1.0,1.0,0.0,0.0,98.4295,98.47387,0.02,4.349999999999454,-0.08700000000061436,0.0,0.0,0.0,1.0,1.0,2.0,5.0,1.0
1.16686,84,109,0.7777777777777778,-1.0,7,1.169355,1.17267,1.1749749999999999,1.174675,0.0,-58.10000000000093,1.168555,1.169355,1.1731150000000001,-24.94999999999914,-62.55000000000122,-1.0,-1.0,-1.0,-1.0,0.0,0.0,1.16935,1.16187,2.0,-24.899999999998812,49.9000000000005,0.0,0.0,0.0,0.0,0.0,3.0,5.0,1.0
1.33998,72,109,0.6666666666666666,-1.0,6,1.346355,1.35238,1.35192,1.345295,0.0,-123.99999999999966,1.34564,1.346355,1.35238,-63.7500000000002,-123.99999999999966,-1.0,-1.0,1.0,-1.0,0.0,0.0,1.34635,1.32723,2.0,-63.69999999999987,127.5000000000004,0.0,0.0,0.0,0.0,0.0,3.0,5.0,-1.0
158.395,60,109,0.5555555555555556,1.0,5,157.86,157.4225,157.87650000000002,156.40750000000003,0.0,97.24999999999966,157.86,157.86,156.7225,53.49999999999966,167.25000000000136,0.0,1.0,-1.0,1.0,0.0,0.0,157.8765,159.432,2.0,51.85000000000173,-103.69999999999777,0.0,1.0,0.0,0.0,0.0,3.0,5.0,-1.0
0.72199,0,109,0.0,0.0,0,0.7239949999999999,0.7240150000000001,0.7133050000000001,0.68493,0.0,-20.250000000000547,0.72294,0.724365,0.720655,-23.75000000000016,13.349999999999751,-1.0,1.0,1.0,-1.0,0.0,0.0,0.0,0.0,0.0,0.0,0.0,0.0,0.0,0.0,0.0,0.0,3.0,5.0,-1.0
1.37177,60,109,0.5555555555555556,1.0,5,1.37195,1.369295,1.37138,1.38061,0.0,24.75000000000005,1.372555,1.371365,1.3656199999999998,4.049999999999887,61.500000000000995,1.0,1.0,-1.0,1.0,0.0,0.0,1.37138,1.37255,2.0,3.8999999999989043,-7.800000000000029,0.0,0.0,0.0,0.0,0.0,3.0,5.0,1.0
0.78376,60,109,0.5555555555555556,1.0,5,0.7824,0.7800750000000001,0.7847649999999999,0.78532,0.0,36.84999999999938,0.782675,0.7824,0.78046,13.600000000000279,32.999999999999694,1.0,1.0,-1.0,1.0,0.0,0.0,0.7824,0.78648,2.0,13.600000000000279,-27.19999999999945,0.0,0.0,0.0,0.0,0.0,3.0,5.0,1.0
184.821,0,109,0.0,0.0,0,184.5285,184.6535,184.99200000000002,183.6,0.0,16.749999999998977,184.4395,184.5285,183.7475,29.249999999998977,107.34999999999957,-1.0,-1.0,-1.0,0.0,0.0,0.0,0.0,0.0,0.0,0.0,0.0,0.0,1.0,0.0,0.0,0.0,3.0,5.0,-1.0
212.245,84,109,0.7777777777777778,-1.0,7,212.784,213.1415,213.505,209.8555,0.0,-89.65000000000032,212.6725,212.784,212.5855,-53.89999999999873,-34.04999999999916,-1.0,-1.0,-1.0,-1.0,0.0,0.0,212.784,211.167,2.0,-53.89999999999873,107.8000000000003,0.0,1.0,0.0,0.0,0.0,3.0,5.0,1.0
4650.21,84,109,0.7777777777777778,-1.0,7,4681.395,4705.74,4695.805,4798.035,0.0,-555.2999999999975,4677.055,4681.395,4636.905000000001,-311.850000000004,133.04999999999382,-1.0,-1.0,-1.0,-1.0,0.0,0.0,4681.395,4587.84,2.0,-311.850000000004,623.6999999999989,0.0,0.0,1.0,0.0,0.0,3.0,5.0,1.0
50065.18,84,109,0.7777777777777778,1.0,7,49925.875,49751.975,48764.615,47664.84,0.0,3132050.0000000177,50033.95,49824.425,49548.875,2407549.999999974,5163050.000000003,1.0,1.0,1.0,1.0,0.0,0.0,49925.875,50343.79,2.0,1393050.0000000028,-2786100.0000000056,0.0,0.0,0.0,1.0,0.0,3.0,5.0,0.0
29565.76,84,109,0.7777777777777778,1.0,7,29506.03,29156.48,27217.489999999998,26228.59,0.0,4092799.9999999884,29509.54,29324.18,28587.48,2415799.999999981,9782799.999999989,1.0,1.0,1.0,1.0,0.0,0.0,29506.03,29685.22,2.0,597299.9999999956,-1194600.0000000277,0.0,0.0,0.0,1.0,0.0,3.0,5.0,0.0
7499.62,84,109,0.7777777777777778,1.0,7,7479.83,7427.88,7122.955,6914.575,0.0,717399.9999999978,7486.68,7446.105,7345.375,535150.0000000033,1542449.9999999988,1.0,1.0,1.0,1.0,0.0,0.0,7479.83,7539.2,2.0,197899.99999999965,-395799.9999999993,0.0,0.0,0.0,1.0,0.0,3.0,5.0,0.0
98.872,72,109,0.6666666666666666,1.0,6,98.649,98.35300000000001,98.37299999999999,98.0895,0.0,51.899999999999125,98.70750000000001,98.649,98.2365,22.299999999999898,63.54999999999933,1.0,1.0,-1.0,1.0,0.0,0.0,98.649,98.87646,0.02,22.299999999999898,-0.44599999999945794,0.0,0.0,0.0,1.0,1.0,3.0,5.0,1.0
1.16233,84,109,0.7777777777777778,-1.0,7,1.164795,1.170235,1.1733,1.174675,0.0,-79.04999999999829,1.16273,1.1665,1.17068,-41.700000000000074,-83.49999999999858,-1.0,-1.0,-1.0,-1.0,0.0,0.0,1.1648,1.1574,2.0,-24.699999999999722,49.300000000001006,0.0,0.0,0.0,0.0,0.0,4.0,5.0,0.0
1.33157,84,109,0.7777777777777778,-1.0,7,1.33616,1.34839,1.348635,1.345295,0.0,-168.20000000000056,1.33389,1.3417750000000002,1.34839,-102.05000000000241,-168.20000000000056,-1.0,-1.0,-1.0,-1.0,0.0,0.0,1.33616,1.32239,2.0,-45.900000000000944,91.79999999999966,0.0,0.0,0.0,0.0,0.0,4.0,5.0,0.0
158.78,72,109,0.6666666666666666,1.0,6,158.5025,157.7805,157.87650000000002,156.40750000000003,0.0,99.95000000000118,158.672,158.071,156.93349999999998,70.90000000000032,184.65000000000202,1.0,1.0,-1.0,1.0,0.0,0.0,158.5025,159.335,2.0,27.75000000000034,-55.50000000000068,0.0,1.0,0.0,0.0,0.0,4.0,5.0,0.0
0.71445,60,109,0.5555555555555556,-1.0,5,0.718265,0.7205600000000001,0.7133050000000001,0.68493,0.0,-61.1000000000006,0.71548,0.719665,0.720655,-52.14999999999969,-62.05000000000016,-1.0,-1.0,1.0,-1.0,0.0,0.0,0.71827,0.70682,2.0,-38.19999999999935,76.30000000000025,0.0,0.0,0.0,0.0,0.0,4.0,5.0,0.0
1.37518,72,109,0.6666666666666666,1.0,6,1.3740999999999999,1.37076,1.37138,1.38061,0.0,44.200000000000905,1.3748900000000002,1.373555,1.36724,16.249999999999876,79.40000000000057,1.0,1.0,-1.0,1.0,0.0,0.0,1.3741,1.37734,2.0,10.799999999999699,-21.599999999999397,0.0,0.0,0.0,0.0,0.0,4.0,5.0,0.0
0.78674,72,109,0.6666666666666666,1.0,6,0.785115,0.78174,0.7847649999999999,0.78532,0.0,50.00000000000004,0.786385,0.7843249999999999,0.781725,24.15000000000056,50.14999999999992,1.0,1.0,-1.0,1.0,0.0,0.0,0.78512,0.78999,2.0,16.199999999999548,-32.49999999999975,0.0,0.0,0.0,0.0,0.0,4.0,5.0,0.0
184.552,60,109,0.5555555555555556,-1.0,5,184.506,184.7345,184.99200000000002,183.6,0.0,-18.250000000000455,184.422,184.4795,183.7475,7.2499999999990905,80.44999999999902,-1.0,-1.0,-1.0,0.0,0.0,0.0,184.7345,184.187,2.0,-18.250000000000455,36.49999999999807,0.0,1.0,0.0,0.0,0.0,4.0,5.0,1.0
211.426,84,109,0.7777777777777778,-1.0,7,211.7745,212.8515,213.505,209.8555,0.0,-142.54999999999995,211.6335,212.39,212.5855,-96.39999999999986,-115.95000000000084,-1.0,-1.0,-1.0,-1.0,0.0,0.0,211.7745,210.729,2.0,-34.850000000000136,69.69999999999743,0.0,1.0,0.0,0.0,0.0,4.0,5.0,0.0
4538.07,84,109,0.7777777777777778,-1.0,7,4594.915,4642.43,4695.805,4798.035,0.0,-1043.6000000000058,4538.969999999999,4610.754999999999,4642.43,-726.8499999999949,-1043.6000000000058,-1.0,-1.0,-1.0,-1.0,0.0,0.0,4594.915,4424.38,2.0,-568.4500000000025,1136.899999999996,0.0,0.0,1.0,0.0,0.0,4.0,5.0,-1.0
49408.38,0,109,0.0,0.0,0,49729.39,49751.975,48764.615,47664.84,0.0,-3435950.0000000116,49548.78999999999,49776.91499999999,49570.63,-3685349.9999999623,-1622500.0,-1.0,1.0,1.0,-1.0,0.0,0.0,0.0,0.0,0.0,0.0,0.0,0.0,0.0,0.0,1.0,0.0,4.0,5.0,-1.0
29076.46,0,109,0.0,0.0,0,29309.895,29156.48,27217.489999999998,26228.59,0.0,-800200.0000000044,29187.68,29332.33,28645.489999999998,-2558700.000000026,4309700.000000011,-1.0,1.0,1.0,-1.0,0.0,0.0,0.0,0.0,0.0,0.0,0.0,0.0,0.0,0.0,1.0,0.0,4.0,5.0,-1.0
7397.42,0,109,0.0,0.0,0,7448.255,7427.88,7122.955,6914.575,0.0,-304600.00000000035,7421.255,7452.605,7357.725,-551849.9999999949,396949.9999999971,-1.0,1.0,1.0,-1.0,0.0,0.0,0.0,0.0,0.0,0.0,0.0,0.0,0.0,0.0,1.0,0.0,4.0,5.0,-1.0
99.296,72,109,0.6666666666666666,1.0,6,99.02600000000001,98.588,98.4585,98.0895,0.0,70.80000000000126,99.2425,98.90350000000001,98.4585,39.24999999999983,83.75000000000057,1.0,1.0,0.0,1.0,0.0,0.0,99.026,99.3014,0.02,27.000000000001023,-0.539999999999452,0.0,0.0,0.0,1.0,1.0,4.0,5.0,1.0
1.16546,0,109,0.0,0.0,0,1.163445,1.167915,1.17287,1.174675,0.0,-24.55000000000096,1.16446,1.163445,1.17025,20.14999999999878,-47.900000000000716,1.0,-1.0,-1.0,0.0,0.0,0.0,0.0,0.0,0.0,0.0,0.0,0.0,0.0,0.0,0.0,0.0,0.0,5.0,-1.0
1.3433899999999999,0,109,0.0,0.0,0,1.3375750000000002,1.3426550000000002,1.347995,1.347445,0.0,7.349999999997081,1.34121,1.3375750000000002,1.34775,58.149999999996815,-43.600000000001415,1.0,-1.0,-1.0,1.0,0.0,0.0,0.0,0.0,0.0,0.0,0.0,0.0,0.0,0.0,0.0,0.0,0.0,5.0,-1.0
158.838,72,109,0.6666666666666666,1.0,6,158.7865,158.1905,157.87650000000002,156.40750000000003,0.0,64.7500000000008,158.8425,158.683,157.053,15.500000000000114,178.49999999999966,1.0,1.0,-1.0,1.0,0.0,0.0,158.7865,158.941,2.0,5.150000000000432,-10.300000000000864,0.0,1.0,0.0,0.0,0.0,0.0,5.0,0.0
0.71679,0,109,0.0,0.0,0,0.715135,0.7195050000000001,0.7133050000000001,0.685675,0.0,-27.15000000000023,0.716585,0.715135,0.7198,16.55000000000073,-30.09999999999957,1.0,-1.0,1.0,-1.0,0.0,0.0,0.0,0.0,0.0,0.0,0.0,0.0,0.0,0.0,0.0,0.0,0.0,5.0,-1.0
1.37395,0,109,0.0,0.0,0,1.37478,1.37255,1.37138,1.380315,0.0,14.000000000000679,1.37418,1.3748900000000002,1.36724,-9.40000000000163,67.09999999999994,-1.0,1.0,-1.0,0.0,0.0,0.0,0.0,0.0,0.0,0.0,0.0,0.0,0.0,0.0,0.0,0.0,0.0,5.0,-1.0
0.7844,0,109,0.0,0.0,0,0.785865,0.783845,0.7847649999999999,0.78532,0.0,5.549999999999722,0.7852250000000001,0.785785,0.781925,-13.849999999999696,24.75000000000005,-1.0,1.0,-1.0,0.0,0.0,0.0,0.0,0.0,0.0,0.0,0.0,0.0,0.0,0.0,0.0,0.0,0.0,5.0,-1.0
185.118,72,109,0.6666666666666666,1.0,6,184.679,184.611,184.99200000000002,183.9615,0.0,50.7000000000005,185.031,184.679,183.7475,43.899999999999295,137.04999999999927,1.0,1.0,-1.0,1.0,0.0,0.0,184.992,185.37,2.0,12.600000000000477,-25.200000000000955,0.0,1.0,0.0,0.0,0.0,0.0,5.0,0.0
213.38,0,109,0.0,0.0,0,212.346,212.425,213.505,210.6735,0.0,95.49999999999841,212.97899999999998,212.346,212.5855,103.39999999999918,79.44999999999993,1.0,-1.0,-1.0,1.0,0.0,0.0,0.0,0.0,0.0,0.0,0.0,0.0,1.0,0.0,0.0,0.0,0.0,5.0,-1.0
4563.7,60,109,0.5555555555555556,-1.0,5,4532.15,4603.385,4685.655000000001,4819.11,0.0,-396.850000000004,4557.835,4532.15,4626.755,315.5000000000018,-630.5500000000029,1.0,-1.0,-1.0,-1.0,0.0,0.0,4603.385,4484.33,2.0,-396.850000000004,793.6999999999989,0.0,0.0,1.0,0.0,0.0,0.0,5.0,1.0
49684.38,60,109,0.5555555555555556,1.0,5,49421.055,49638.58,48764.615,47825.89,0.0,457999.99999995634,49555.055,49480.36,49638.58,2040199.9999999679,457999.99999995634,1.0,-1.0,1.0,-1.0,0.0,0.0,49638.58,49775.98,2.0,457999.99999995634,-916000.0000000582,0.0,0.0,0.0,1.0,0.0,0.0,5.0,0.0
28990.96,60,109,0.5555555555555556,-1.0,5,29052.105000000003,29156.48,27217.489999999998,26228.59,0.0,-1655200.0000000044,29019.365,29052.105000000003,28903.489999999998,-611450.0000000407,874700.0000000116,-1.0,-1.0,1.0,-1.0,0.0,0.0,29052.105,28868.67,2.0,-611450.0000000044,1222900.0000000088,0.0,0.0,0.0,1.0,0.0,0.0,5.0,0.0
7401.72,60,109,0.5555555555555556,-1.0,5,7403.705,7427.88,7122.955,6914.575,0.0,-261599.99999999854,7393.08,7403.705,7392.75,-19849.999999996726,89700.00000000255,-1.0,-1.0,1.0,-1.0,0.0,0.0,7403.705,7397.75,2.0,-19849.999999996726,39700.00000000255,0.0,0.0,0.0,1.0,0.0,0.0,5.0,0.0
98.968,0,109,0.0,0.0,0,99.1755,98.8135,98.4995,98.0895,0.0,15.449999999999875,99.062,99.1755,98.4995,-20.749999999999602,46.85000000000059,-1.0,1.0,0.0,0.0,0.0,0.0,0.0,0.0,0.0,0.0,0.0,0.0,0.0,0.0,1.0,1.0,0.0,5.0,-1.0
1.1605,84,109,0.7777777777777778,-1.0,7,1.1627100000000001,1.16568,1.17206,1.174675,0.0,-51.79999999999963,1.1608049999999999,1.1627100000000001,1.168995,-22.100000000000453,-84.94999999999919,-1.0,-1.0,-1.0,-1.0,0.0,0.0,1.16271,1.15608,2.0,-22.099999999998232,44.200000000000905,0.0,0.0,0.0,0.0,0.0,1.0,5.0,0.0
1.3397700000000001,72,109,0.6666666666666666,-1.0,6,1.340855,1.341725,1.347995,1.347445,0.0,-19.54999999999929,1.339865,1.33978,1.34775,-0.09999999999843467,-79.79999999999876,-1.0,-1.0,-1.0,1.0,0.0,0.0,1.34085,1.3376,2.0,-10.799999999999699,21.700000000002273,0.0,0.0,0.0,0.0,0.0,1.0,5.0,1.0
159.081,60,109,0.5555555555555556,1.0,5,158.9645,158.277,157.87650000000002,156.40750000000003,0.0,80.4000000000002,158.9645,158.929,157.6335,15.199999999998681,144.7499999999991,0.0,1.0,-1.0,1.0,0.0,0.0,158.9645,159.314,2.0,11.650000000000205,-23.30000000000041,0.0,1.0,0.0,0.0,0.0,1.0,5.0,0.0
0.71064,84,109,0.7777777777777778,-1.0,7,0.7128,0.71755,0.71772,0.685675,0.0,-69.09999999999971,0.710115,0.7131799999999999,0.71755,-25.399999999998755,-69.09999999999971,-1.0,-1.0,-1.0,-1.0,0.0,0.0,0.7128,0.70632,2.0,-21.599999999999397,43.20000000000101,0.0,0.0,0.0,0.0,0.0,1.0,5.0,0.0
1.3745,60,109,0.5555555555555556,1.0,5,1.375475,1.37331,1.367065,1.380315,0.0,11.900000000000244,1.375795,1.3753000000000002,1.3697,-8.00000000000134,48.00000000000138,1.0,1.0,1.0,0.0,0.0,0.0,1.37331,1.37688,2.0,11.900000000000244,-23.800000000000487,0.0,0.0,0.0,0.0,0.0,1.0,5.0,1.0
0.78895,72,109,0.6666666666666666,1.0,6,0.7871900000000001,0.785695,0.784295,0.78532,0.0,32.55000000000008,0.78886,0.7871900000000001,0.78337,17.599999999999838,55.800000000000296,1.0,1.0,-1.0,1.0,0.0,0.0,0.78719,0.79247,2.0,17.600000000000946,-35.199999999999676,0.0,0.0,0.0,0.0,0.0,1.0,5.0,0.0
184.61,72,109,0.6666666666666666,-1.0,6,184.7025,184.611,184.99200000000002,183.9615,0.0,-0.09999999999763531,184.567,184.7045,184.4355,-9.449999999998226,17.45000000000232,-1.0,1.0,-1.0,-1.0,0.0,0.0,184.611,184.608,2.0,-0.09999999999763531,0.20000000000095497,0.0,1.0,0.0,0.0,0.0,1.0,5.0,1.0
213.131,0,109,0.0,0.0,0,213.071,212.425,213.505,210.6735,0.0,70.59999999999889,213.071,212.8245,212.7825,30.649999999999977,34.850000000000136,0.0,1.0,-1.0,1.0,0.0,0.0,0.0,0.0,0.0,0.0,0.0,0.0,1.0,0.0,0.0,0.0,1.0,5.0,-1.0
4483.03,84,109,0.7777777777777778,-1.0,7,4526.95,4591.68,4677.915,4819.11,0.0,-1086.5000000000055,4505.865,4526.95,4619.014999999999,-439.2000000000007,-1359.8499999999967,-1.0,-1.0,-1.0,-1.0,0.0,0.0,4526.95,4395.19,2.0,-439.2000000000007,878.4000000000015,0.0,0.0,1.0,0.0,0.0,1.0,5.0,0.0
49360.18,60,109,0.5555555555555556,-1.0,5,49494.955,49638.58,49168.58,47825.89,0.0,-2784000.0000000144,49428.905,49443.055,49638.58,-828750.0,-2784000.0000000144,-1.0,-1.0,1.0,-1.0,0.0,0.0,49494.955,49090.63,2.0,-1347750.0000000144,2695500.000000029,0.0,0.0,0.0,1.0,0.0,1.0,5.0,0.0
28802.26,60,109,0.5555555555555556,-1.0,5,28828.440000000002,29121.28,27537.239999999998,26228.59,0.0,-3190200.000000004,28797.505,28943.89,29056.28,-1416300.0000000102,-2540200.000000004,-1.0,-1.0,1.0,-1.0,0.0,0.0,28828.44,28749.9,2.0,-261800.0000000029,523599.99999996944,0.0,0.0,0.0,1.0,0.0,1.0,5.0,0.0
7351.32,60,109,0.5555555555555556,-1.0,5,7376.200000000001,7425.355,7199.83,6914.575,0.0,-740349.9999999986,7364.005,7383.38,7418.205,-320600.000000004,-668850.0000000022,-1.0,-1.0,1.0,-1.0,0.0,0.0,7376.2,7301.56,2.0,-248800.0000000011,497599.9999999931,0.0,0.0,0.0,1.0,0.0,1.0,5.0,0.0
99.312,84,109,0.7777777777777778,1.0,7,99.18350000000001,98.92,98.5075,98.0895,0.0,39.19999999999959,99.31,99.18350000000001,98.619,12.849999999998829,69.29999999999978,1.0,1.0,1.0,1.0,0.0,0.0,99.1835,99.31457,0.02,12.85000000000025,-0.25700000000057344,0.0,0.0,0.0,1.0,1.0,1.0,5.0,1.0
1.16256,48,109,0.4444444444444444,-1.0,4,1.161375,1.164135,1.1715849999999999,1.174675,0.0,-15.74999999999882,1.161375,1.161375,1.16852,11.849999999999916,-59.59999999999965,0.0,-1.0,-1.0,0.0,0.0,0.0,1.16413,1.15941,2.0,-15.700000000000713,31.49999999999986,0.0,0.0,0.0,0.0,0.0,2.0,5.0,1.0
1.34347,60,109,0.5555555555555556,1.0,5,1.3417999999999999,1.34074,1.347995,1.347445,0.0,27.29999999999899,1.342305,1.3417999999999999,1.34775,16.700000000000603,-42.800000000000615,1.0,1.0,-1.0,1.0,0.0,0.0,1.3418,1.34681,2.0,16.699999999998383,-33.40000000000121,0.0,0.0,0.0,0.0,0.0,2.0,5.0,0.0
158.906,48,109,0.4444444444444444,1.0,4,158.877,158.277,157.87650000000002,156.40750000000003,0.0,62.90000000000191,158.877,158.9185,157.8395,-1.2499999999988631,106.65000000000191,0.0,1.0,-1.0,0.0,0.0,0.0,158.877,158.964,2.0,2.899999999999636,-5.799999999999272,0.0,1.0,0.0,0.0,0.0,2.0,5.0,0.0
0.71532,0,109,0.0,0.0,0,0.71305,0.715775,0.7178450000000001,0.685675,0.0,-4.550000000000942,0.71446,0.712685,0.71755,26.34999999999943,-22.30000000000065,1.0,-1.0,-1.0,1.0,0.0,0.0,0.0,0.0,0.0,0.0,0.0,0.0,0.0,0.0,0.0,0.0,2.0,5.0,-1.0
1.37429,0,109,0.0,0.0,0,1.37547,1.374595,1.36692,1.380315,0.0,-3.049999999999997,1.3753449999999998,1.37547,1.3710499999999999,-11.799999999999589,32.40000000000131,-1.0,1.0,1.0,-1.0,0.0,0.0,0.0,0.0,0.0,0.0,0.0,0.0,0.0,0.0,0.0,0.0,2.0,5.0,-1.0
0.78716,0,109,0.0,0.0,0,0.788205,0.786225,0.784295,0.78532,0.0,9.350000000000191,0.788195,0.788205,0.7833950000000001,-10.450000000000736,37.649999999999075,-1.0,1.0,-1.0,-1.0,0.0,0.0,0.0,0.0,0.0,0.0,0.0,0.0,0.0,0.0,0.0,0.0,2.0,5.0,-1.0
184.737,0,109,0.0,0.0,0,184.5235,184.611,184.99200000000002,183.9615,0.0,12.600000000000477,184.559,184.587,184.5855,15.000000000000568,15.149999999999864,1.0,-1.0,-1.0,1.0,0.0,0.0,0.0,0.0,0.0,0.0,0.0,0.0,1.0,0.0,0.0,0.0,2.0,5.0,-1.0
213.485,60,109,0.5555555555555556,1.0,5,213.095,212.38,213.505,210.6735,0.0,110.50000000000182,213.304,213.095,212.7825,39.00000000000148,70.25000000000148,1.0,1.0,-1.0,1.0,0.0,0.0,213.095,214.265,2.0,39.00000000000148,-77.99999999999727,0.0,1.0,0.0,0.0,0.0,2.0,5.0,1.0
4542.77,0,109,0.0,0.0,0,4502.969999999999,4580.585,4672.29,4819.11,0.0,-378.149999999996,4509.6900000000005,4502.969999999999,4613.389999999999,398.0000000000109,-706.1999999999898,1.0,-1.0,-1.0,1.0,0.0,0.0,0.0,0.0,0.0,0.0,0.0,0.0,0.0,1.0,0.0,0.0,2.0,5.0,-1.0
49954.48,84,109,0.7777777777777778,1.0,7,49647.455,49638.58,49238.975,47825.89,0.0,3159000.0000000144,49651.35,49647.455,49638.58,3070250.0000000144,3159000.0000000144,1.0,1.0,1.0,1.0,0.0,0.0,49647.455,50568.53,2.0,3070250.0000000144,-6140499.999999956,0.0,0.0,0.0,1.0,0.0,2.0,5.0,1.0
29208.26,72,109,0.6666666666666666,1.0,6,29004.99,29121.28,27724.239999999998,26228.59,0.0,869799.9999999956,29110.53,28935.730000000003,29080.645,2725299.999999952,1276149.9999999795,1.0,-1.0,1.0,1.0,0.0,0.0,29121.28,29382.22,2.0,869799.9999999956,-1739600.0000000277,0.0,0.0,0.0,1.0,0.0,2.0,5.0,0.0
7417.62,60,109,0.5555555555555556,1.0,5,7386.9,7425.355,7235.625,6914.575,0.0,-77349.99999999673,7397.32,7385.65,7418.205,319700.00000000256,-5850.000000000364,1.0,-1.0,1.0,1.0,0.0,0.0,7386.9,7479.06,2.0,307200.00000000256,-614400.0000000051,0.0,0.0,0.0,1.0,0.0,2.0,5.0,1.0
99.119,0,109,0.0,0.0,0,99.1945,98.995,98.524,98.0895,0.0,12.399999999999523,99.1925,99.1945,98.6405,-7.550000000000523,47.84999999999968,-1.0,1.0,1.0,-1.0,0.0,0.0,0.0,0.0,0.0,0.0,0.0,0.0,0.0,0.0,1.0,1.0,2.0,5.0,-1.0
1.16176,60,109,0.5555555555555556,-1.0,5,1.1605850000000002,1.161915,1.171265,1.174675,0.0,-1.5500000000012726,1.160315,1.1610550000000002,1.1682000000000001,7.049999999997336,-64.40000000000224,-1.0,-1.0,-1.0,0.0,0.0,0.0,1.16192,1.16145,2.0,-1.6000000000016001,3.0999999999981043,0.0,0.0,0.0,0.0,0.0,3.0,5.0,0.0
1.34332,0,109,0.0,0.0,0,1.342325,1.33826,1.347995,1.347445,0.0,50.60000000000065,1.342055,1.3421599999999998,1.34775,11.60000000000272,-44.29999999999934,-1.0,1.0,-1.0,1.0,0.0,0.0,0.0,0.0,0.0,0.0,0.0,0.0,0.0,0.0,0.0,0.0,3.0,5.0,-1.0
158.981,72,109,0.6666666666666666,1.0,6,159.06,158.92000000000002,157.87650000000002,156.40750000000003,0.0,6.099999999997863,159.0805,158.9655,157.921,1.5500000000002956,106.00000000000023,1.0,1.0,1.0,1.0,0.0,0.0,158.92,159.103,2.0,6.100000000000705,-12.20000000000141,0.0,1.0,0.0,0.0,0.0,3.0,5.0,0.0
0.71508,60,109,0.5555555555555556,1.0,5,0.7134100000000001,0.7131799999999999,0.7178450000000001,0.685675,0.0,19.000000000001236,0.714225,0.713705,0.71755,13.750000000000151,-24.699999999999722,1.0,1.0,-1.0,1.0,0.0,0.0,0.71341,0.71842,2.0,16.700000000000603,-33.39999999999898,0.0,0.0,0.0,0.0,0.0,3.0,5.0,0.0
1.37787,84,109,0.7777777777777778,1.0,7,1.376795,1.3765399999999999,1.3675,1.380315,0.0,13.300000000000534,1.378275,1.376545,1.37241,13.250000000000206,54.60000000000021,1.0,1.0,1.0,1.0,0.0,0.0,1.37679,1.38002,2.0,10.799999999999699,-21.500000000000963,0.0,0.0,0.0,0.0,0.0,3.0,5.0,1.0
0.78659,0,109,0.0,0.0,0,0.788075,0.787215,0.784295,0.78532,0.0,-6.249999999999867,0.788075,0.788195,0.7833950000000001,-16.049999999999677,31.949999999999477,0.0,1.0,-1.0,-1.0,0.0,0.0,0.0,0.0,0.0,0.0,0.0,0.0,0.0,0.0,0.0,0.0,3.0,5.0,-1.0
184.697,0,109,0.0,0.0,0,184.66,184.679,184.99200000000002,183.9615,0.0,1.8000000000000682,184.577,184.6225,184.6535,7.4500000000000455,4.349999999999454,-1.0,-1.0,-1.0,0.0,0.0,0.0,0.0,0.0,0.0,0.0,0.0,0.0,1.0,0.0,0.0,0.0,3.0,5.0,-1.0
213.561,60,109,0.5555555555555556,1.0,5,213.5455,212.481,213.505,210.6735,0.0,108.00000000000125,213.49149999999997,213.31799999999998,212.7825,24.300000000002342,77.85000000000082,-1.0,1.0,-1.0,1.0,0.0,0.0,213.5455,213.592,2.0,1.5500000000002956,-3.100000000000591,0.0,1.0,0.0,0.0,0.0,3.0,5.0,0.0
4540.44,0,109,0.0,0.0,0,4529.615,4521.325,4672.29,4819.11,0.0,191.14999999999782,4523.889999999999,4518.785,4613.389999999999,216.54999999999745,-729.4999999999982,-1.0,-1.0,-1.0,1.0,0.0,0.0,0.0,0.0,0.0,0.0,0.0,0.0,0.0,1.0,0.0,0.0,3.0,5.0,-1.0
50314.38,72,109,0.6666666666666666,1.0,6,50036.7,49729.354999999996,49357.775,47825.89,0.0,5850250.000000015,50036.7,49806.6,49729.354999999996,5077799.999999989,5850250.000000015,0.0,1.0,1.0,1.0,0.0,0.0,50036.7,50869.74,2.0,2776800.000000003,-5553600.000000006,0.0,0.0,0.0,1.0,0.0,3.0,5.0,1.0
29367.85,84,109,0.7777777777777778,1.0,7,29241.87,29013.705,27895.88,26228.59,0.0,3541449.999999968,29248.504999999997,29188.504999999997,29121.28,1793450.0000000116,2465699.999999997,1.0,1.0,1.0,1.0,0.0,0.0,29241.87,29619.81,2.0,1259799.9999999956,-2519600.0000000275,0.0,0.0,0.0,1.0,0.0,3.0,5.0,1.0
7448.37,84,109,0.7777777777777778,1.0,7,7427.105,7400.255,7263.255,6914.575,0.0,481149.9999999978,7428.275,7411.925,7425.355,364449.9999999971,230150.00000000326,1.0,1.0,1.0,1.0,0.0,0.0,7427.105,7490.9,2.0,212650.00000000326,-425299.99999999744,0.0,0.0,0.0,1.0,0.0,3.0,5.0,1.0
99.199,0,109,0.0,0.0,0,99.26599999999999,99.2175,98.547,98.0895,0.0,-1.850000000000307,99.3,99.2175,98.6765,-1.850000000000307,52.249999999999375,1.0,0.0,1.0,1.0,0.0,0.0,0.0,0.0,0.0,0.0,0.0,0.0,0.0,0.0,1.0,1.0,3.0,5.0,-1.0
1.16024,84,109,0.7777777777777778,-1.0,7,1.16063,1.161915,1.171265,1.174675,0.0,-16.75000000000093,1.160365,1.160485,1.1682000000000001,-2.4500000000005073,-79.6000000000019,-1.0,-1.0,-1.0,-1.0,0.0,0.0,1.16063,1.15946,2.0,-3.900000000001125,7.800000000000029,0.0,0.0,0.0,0.0,0.0,4.0,5.0,0.0
1.3434300000000001,0,109,0.0,0.0,0,1.34379,1.3417999999999999,1.347995,1.347445,0.0,16.300000000002424,1.34397,1.342735,1.345595,6.950000000001122,-21.649999999999725,1.0,1.0,-1.0,1.0,0.0,0.0,0.0,0.0,0.0,0.0,0.0,0.0,0.0,0.0,0.0,0.0,4.0,5.0,-1.0
159.185,84,109,0.7777777777777778,1.0,7,159.0525,158.9655,157.87650000000002,156.40750000000003,0.0,21.95000000000107,159.109,159.0805,158.0335,10.45000000000016,115.14999999999986,1.0,1.0,1.0,1.0,0.0,0.0,159.0525,159.45,2.0,13.249999999999318,-26.499999999998636,0.0,1.0,0.0,0.0,0.0,4.0,5.0,0.0
0.71288,60,109,0.5555555555555556,-1.0,5,0.7137100000000001,0.713015,0.7178450000000001,0.685675,0.0,-1.3499999999999623,0.71295,0.714225,0.71755,-13.450000000000406,-46.70000000000063,-1.0,1.0,-1.0,0.0,0.0,0.0,0.71301,0.71261,2.0,-1.300000000000745,2.6999999999999247,0.0,0.0,0.0,0.0,0.0,4.0,5.0,0.0
1.38208,84,109,0.7777777777777778,1.0,7,1.3797199999999998,1.377735,1.36869,1.380315,0.0,43.45000000000043,1.380735,1.3792149999999999,1.3747,28.650000000001175,73.79999999999941,1.0,1.0,1.0,1.0,0.0,0.0,1.37972,1.3868,2.0,23.599999999999177,-47.20000000000057,0.0,0.0,0.0,0.0,0.0,4.0,5.0,0.0
0.7849,72,109,0.6666666666666666,-1.0,6,0.78569,0.787215,0.784295,0.78532,0.0,-23.149999999999558,0.78544,0.7871,0.7834099999999999,-21.999999999999797,14.900000000001024,-1.0,-1.0,-1.0,-1.0,0.0,0.0,0.78569,0.78332,2.0,-7.899999999999574,15.800000000000258,0.0,0.0,0.0,0.0,0.0,4.0,5.0,1.0
184.69,0,109,0.0,0.0,0,184.649,184.7045,184.99200000000002,183.9615,0.0,-1.449999999999818,184.649,184.644,184.7345,4.599999999999227,-4.449999999999932,0.0,-1.0,-1.0,1.0,0.0,0.0,0.0,0.0,0.0,0.0,0.0,0.0,1.0,0.0,0.0,0.0,4.0,5.0,-1.0
213.835,72,109,0.6666666666666666,1.0,6,213.664,213.223,213.505,210.6735,0.0,61.19999999999948,213.75850000000003,213.65449999999998,212.672,18.050000000002342,116.30000000000109,1.0,1.0,-1.0,1.0,0.0,0.0,213.664,214.177,2.0,17.10000000000207,-34.199999999998454,0.0,1.0,0.0,0.0,0.0,4.0,5.0,0.0
4506.77,72,109,0.6666666666666666,-1.0,6,4522.205,4521.325,4672.29,4819.11,0.0,-145.54999999999382,4512.085,4523.799999999999,4613.389999999999,-170.29999999998836,-1066.1999999999898,-1.0,1.0,-1.0,-1.0,0.0,0.0,4521.325,4477.66,2.0,-145.54999999999382,291.1000000000058,0.0,0.0,1.0,0.0,0.0,4.0,5.0,0.0
50555.38,84,109,0.7777777777777778,1.0,7,50489.55,50029.755000000005,49652.555,47825.89,0.0,5256249.999999927,50654.85,50263.75,49956.405,2916299.999999974,5989749.999999985,1.0,1.0,1.0,1.0,0.0,0.0,50489.55,50687.04,2.0,658299.9999999447,-1316600.000000035,0.0,0.0,0.0,1.0,0.0,4.0,5.0,1.0
29451.66,84,109,0.7777777777777778,1.0,7,29436.93,29117.78,27982.39,26228.59,0.0,3338800.0000000102,29538.53,29352.58,29121.28,990799.9999999811,3303800.0000000102,1.0,1.0,1.0,1.0,0.0,0.0,29436.93,29481.12,2.0,147299.99999999563,-294599.99999999127,0.0,0.0,0.0,1.0,0.0,4.0,5.0,1.0
7467.12,84,109,0.7777777777777778,1.0,7,7462.719999999999,7420.1,7277.955,6914.575,0.0,470199.9999999953,7483.7,7448.12,7425.355,190000.0,417650.00000000326,1.0,1.0,1.0,1.0,0.0,0.0,7462.72,7475.92,2.0,43999.99999999636,-88000.00000000182,0.0,0.0,0.0,1.0,0.0,4.0,5.0,1.0
99.323,84,109,0.7777777777777778,1.0,7,99.2675,99.2175,98.547,98.0895,0.0,10.549999999999216,99.283,99.29499999999999,98.743,2.80000000000058,57.99999999999983,1.0,1.0,1.0,1.0,0.0,0.0,99.2675,99.32411,0.02,5.5499999999995,-0.11100000000112686,0.0,0.0,0.0,1.0,1.0,4.0,5.0,0.0
1.1643,60,109,0.5555555555555556,1.0,5,1.16253,1.16145,1.1686450000000002,1.174675,0.0,28.49999999999797,1.164475,1.162055,1.1659000000000002,22.449999999998305,-16.00000000000268,1.0,1.0,-1.0,1.0,0.0,0.0,1.16253,1.16784,2.0,17.699999999998273,-35.400000000000986,0.0,0.0,0.0,0.0,0.0,0.0,5.0,0.0
1.35065,72,109,0.6666666666666666,1.0,6,1.3470300000000002,1.3440949999999998,1.347995,1.351365,0.0,65.55000000000089,1.35007,1.3462649999999998,1.3426550000000002,43.85000000000083,79.94999999999752,1.0,1.0,-1.0,1.0,0.0,0.0,1.348,1.35596,2.0,26.49999999999819,-53.10000000000148,0.0,0.0,0.0,0.0,0.0,0.0,5.0,0.0
158.912,0,109,0.0,0.0,0,158.95850000000002,158.9655,157.87650000000002,156.40750000000003,0.0,-5.349999999998545,158.911,158.9785,158.324,-6.649999999999068,58.799999999999386,-1.0,1.0,1.0,-1.0,0.0,0.0,0.0,0.0,0.0,0.0,0.0,0.0,1.0,0.0,0.0,0.0,0.0,5.0,-1.0
0.71747,60,109,0.5555555555555556,1.0,5,0.71536,0.71306,0.7178450000000001,0.690555,0.0,44.10000000000025,0.717435,0.714905,0.71755,25.650000000000396,-0.7999999999996898,1.0,1.0,-1.0,1.0,0.0,0.0,0.71536,0.72169,2.0,21.100000000000563,-42.20000000000002,0.0,0.0,0.0,0.0,0.0,0.0,5.0,0.0
1.38015,60,109,0.5555555555555556,1.0,5,1.38093,1.377735,1.36869,1.374795,0.0,24.15000000000056,1.380435,1.380385,1.37539,-2.349999999999852,47.600000000000975,-1.0,1.0,1.0,1.0,0.0,0.0,1.37773,1.38498,2.0,24.200000000000887,-48.30000000000112,0.0,0.0,0.0,0.0,0.0,0.0,5.0,1.0
0.78257,72,109,0.6666666666666666,-1.0,6,0.7829699999999999,0.785725,0.784295,0.7845,0.0,-31.55000000000019,0.782135,0.78393,0.785315,-13.600000000000279,-27.449999999999974,-1.0,-1.0,1.0,-1.0,0.0,0.0,0.78297,0.78177,2.0,-4.00000000000067,8.00000000000023,0.0,0.0,0.0,0.0,0.0,0.0,5.0,0.0
185.017,72,109,0.6666666666666666,1.0,6,184.875,184.667,184.79500000000002,184.01600000000002,0.0,34.99999999999943,185.02749999999997,184.789,184.611,22.800000000000864,40.60000000000059,1.0,1.0,-1.0,1.0,0.0,0.0,184.875,185.301,2.0,14.19999999999959,-28.39999999999918,0.0,1.0,0.0,0.0,0.0,0.0,5.0,0.0
214.634,72,109,0.6666666666666666,1.0,6,214.048,213.625,213.505,210.89,0.0,100.89999999999861,214.54,214.048,212.91,58.59999999999843,172.39999999999895,1.0,1.0,-1.0,1.0,0.0,0.0,214.048,215.806,2.0,58.59999999999843,-117.20000000000255,0.0,1.0,0.0,0.0,0.0,0.0,5.0,0.0
4570.78,60,109,0.5555555555555556,1.0,5,4541.905000000001,4516.67,4643.055,4848.41,0.0,541.0999999999967,4565.215,4534.13,4590.02,366.49999999999636,-192.4000000000069,1.0,1.0,-1.0,1.0,0.0,0.0,4541.905,4628.53,2.0,288.75,-577.5,0.0,0.0,1.0,0.0,0.0,0.0,5.0,0.0
51053.2,84,109,0.7777777777777778,1.0,7,50827.899999999994,50174.555,49797.354999999996,47970.69,0.0,8786449.999999968,51044.175,50747.149999999994,50101.205,3060500.000000029,9519949.999999953,1.0,1.0,1.0,1.0,0.0,0.0,50827.9,51503.8,2.0,2252999.999999956,-4506000.000000058,0.0,0.0,0.0,1.0,0.0,0.0,5.0,0.0
29887.83,84,109,0.7777777777777778,1.0,7,29662.68,29241.93,28157.58,26620.864999999998,0.0,6459000.000000015,29875.23,29636.239999999998,29241.93,2515900.0000000377,6459000.000000015,1.0,1.0,1.0,1.0,0.0,0.0,29662.68,30338.13,2.0,2251500.0000000144,-4502999.999999993,0.0,0.0,0.0,1.0,0.0,0.0,5.0,1.0
7546.68,84,109,0.7777777777777778,1.0,7,7507.005,7443.030000000001,7299.1,6953.799999999999,0.0,1036499.9999999964,7544.030000000001,7502.38,7443.030000000001,443000.0000000018,1036499.9999999964,1.0,1.0,1.0,1.0,0.0,0.0,7507.005,7626.03,2.0,396750.0000000018,-793499.9999999945,0.0,0.0,0.0,1.0,0.0,0.0,5.0,0.0
98.976,60,109,0.5555555555555556,-1.0,5,99.1455,99.1945,98.547,98.0895,0.0,-21.85000000000059,98.949,99.1455,98.875,-16.949999999999932,10.099999999999909,-1.0,-1.0,1.0,-1.0,0.0,0.0,99.1455,98.97261,0.02,-16.949999999999932,0.33899999999960073,0.0,0.0,0.0,1.0,1.0,0.0,5.0,0.0
1.16311,0,109,0.0,0.0,0,1.16306,1.16145,1.1686450000000002,1.174675,0.0,16.599999999999948,1.16265,1.163455,1.164885,-3.4499999999981767,-17.7499999999986,-1.0,1.0,-1.0,0.0,0.0,0.0,0.0,0.0,0.0,0.0,0.0,0.0,0.0,0.0,0.0,0.0,1.0,5.0,-1.0
1.34475,60,109,0.5555555555555556,-1.0,5,1.34717,1.3446,1.347995,1.351365,0.0,1.4999999999987246,1.345465,1.34717,1.341725,-24.200000000000887,30.249999999998334,-1.0,1.0,-1.0,-1.0,0.0,0.0,1.34717,1.33991,2.0,-24.200000000000887,48.39999999999955,0.0,0.0,0.0,0.0,0.0,1.0,5.0,1.0
159.308,84,109,0.7777777777777778,1.0,7,159.0895,158.98250000000002,157.87650000000002,156.40750000000003,0.0,32.54999999999768,159.27949999999998,159.0895,158.341,21.85000000000059,96.69999999999845,1.0,1.0,1.0,1.0,0.0,0.0,159.0895,159.745,2.0,21.85000000000059,-43.70000000000118,0.0,1.0,0.0,0.0,0.0,1.0,5.0,-1.0
0.71664,60,109,0.5555555555555556,1.0,5,0.716575,0.71408,0.7178450000000001,0.690555,0.0,25.600000000000065,0.716715,0.716845,0.7171799999999999,-2.049999999998997,-5.399999999998739,1.0,1.0,-1.0,1.0,0.0,0.0,0.71657,0.71677,2.0,0.700000000000145,-1.2999999999996348,0.0,0.0,0.0,0.0,0.0,1.0,5.0,1.0
1.38134,84,109,0.7777777777777778,1.0,7,1.380865,1.377735,1.36869,1.374795,0.0,36.05000000000081,1.38104,1.380795,1.376255,5.450000000000177,50.850000000000065,1.0,1.0,1.0,1.0,0.0,0.0,1.38087,1.38229,2.0,4.699999999999704,-9.500000000000064,0.0,0.0,0.0,0.0,0.0,1.0,5.0,0.0
0.7856,60,109,0.5555555555555556,1.0,5,0.78432,0.7857149999999999,0.784295,0.7845,0.0,-1.1499999999997623,0.78549,0.78361,0.78572,19.899999999999363,-1.2000000000000899,1.0,-1.0,1.0,1.0,0.0,0.0,0.78432,0.78816,2.0,12.799999999999478,-25.600000000000065,0.0,0.0,0.0,0.0,0.0,1.0,5.0,0.0
185.29,72,109,0.6666666666666666,1.0,6,185.0765,184.8445,184.79500000000002,184.01600000000002,0.0,44.549999999998136,185.188,185.0765,184.683,21.349999999998204,60.69999999999993,1.0,1.0,-1.0,1.0,0.0,0.0,185.0765,185.717,2.0,21.349999999998204,-42.70000000000209,0.0,1.0,0.0,0.0,0.0,1.0,5.0,1.0
214.228,0,109,0.0,0.0,0,214.371,213.835,213.505,210.89,0.0,39.30000000000007,214.3025,214.371,212.911,-14.300000000000068,131.70000000000073,-1.0,1.0,-1.0,0.0,0.0,0.0,0.0,0.0,0.0,0.0,0.0,0.0,1.0,0.0,0.0,0.0,1.0,5.0,-1.0
4506.5,72,109,0.6666666666666666,-1.0,6,4531.215,4523.495000000001,4643.055,4848.41,0.0,-169.950000000008,4506.775,4531.215,4586.055,-247.15000000000146,-795.5500000000029,-1.0,1.0,-1.0,-1.0,0.0,0.0,4523.495,4472.51,2.0,-169.9499999999989,339.8999999999978,0.0,0.0,1.0,0.0,0.0,1.0,5.0,0.0
50451.68,0,109,0.0,0.0,0,50740.3,50178.45,49797.354999999996,47970.69,0.0,2732300.000000032,50608.375,50740.3,50101.205,-2886200.000000026,3504749.9999999856,-1.0,1.0,1.0,0.0,0.0,0.0,0.0,0.0,0.0,0.0,0.0,0.0,0.0,0.0,1.0,0.0,1.0,5.0,-1.0
29966.05,84,109,0.7777777777777778,1.0,7,29857.515,29480.254999999997,28221.105,26620.864999999998,0.0,4857950.000000019,29899.004999999997,29857.515,29305.455,1085349.9999999986,6605949.999999975,1.0,1.0,1.0,1.0,0.0,0.0,29857.515,30183.12,2.0,1085349.9999999986,-2170699.999999997,0.0,0.0,0.0,1.0,0.0,1.0,5.0,1.0
7516.07,0,109,0.0,0.0,0,7526.405000000001,7454.700000000001,7299.1,6953.799999999999,0.0,613699.9999999898,7519.38,7526.405000000001,7443.030000000001,-103350.00000000946,730399.9999999906,-1.0,1.0,1.0,0.0,0.0,0.0,0.0,0.0,0.0,0.0,0.0,0.0,0.0,0.0,1.0,0.0,1.0,5.0,-1.0
99.141,0,109,0.0,0.0,0,99.099,99.1945,98.547,98.0895,0.0,-5.349999999999966,99.16550000000001,99.066,98.95949999999999,7.500000000000284,18.1500000000014,1.0,-1.0,1.0,0.0,0.0,0.0,0.0,0.0,0.0,0.0,0.0,0.0,0.0,0.0,1.0,1.0,1.0,5.0,-1.0
1.16262,0,109,0.0,0.0,0,1.1641650000000001,1.1618650000000001,1.1686450000000002,1.174675,0.0,7.549999999998391,1.1641650000000001,1.16387,1.16243,-12.499999999999734,1.8999999999991246,0.0,1.0,-1.0,0.0,0.0,0.0,0.0,0.0,0.0,0.0,0.0,0.0,0.0,0.0,0.0,0.0,2.0,5.0,-1.0
1.34284,72,109,0.6666666666666666,-1.0,6,1.343755,1.34505,1.347995,1.351365,0.0,-22.100000000000453,1.3436949999999999,1.34528,1.3405550000000002,-24.399999999999977,22.849999999998705,-1.0,1.0,-1.0,-1.0,0.0,0.0,1.34376,1.34101,2.0,-9.200000000000319,18.299999999999983,0.0,0.0,0.0,0.0,0.0,2.0,5.0,1.0
159.523,84,109,0.7777777777777778,1.0,7,159.37650000000002,159.151,157.87650000000002,156.40750000000003,0.0,37.19999999999857,159.4115,159.34199999999998,158.91250000000002,18.10000000000116,61.04999999999734,1.0,1.0,1.0,1.0,0.0,0.0,159.3765,159.816,2.0,14.650000000000318,-29.300000000000637,0.0,1.0,0.0,0.0,0.0,2.0,5.0,0.0
0.71412,72,109,0.6666666666666666,-1.0,6,0.715165,0.7148950000000001,0.7178450000000001,0.690555,0.0,-7.750000000000812,0.7136549999999999,0.715165,0.715105,-10.450000000000736,-9.850000000000136,-1.0,1.0,-1.0,-1.0,0.0,0.0,0.7149,0.71257,2.0,-7.800000000000029,15.499999999999403,0.0,0.0,0.0,0.0,0.0,2.0,5.0,1.0
1.38391,84,109,0.7777777777777778,1.0,7,1.382775,1.380965,1.3700999999999999,1.374795,0.0,29.449999999999754,1.38361,1.38256,1.37835,13.499999999999623,55.600000000000094,1.0,1.0,1.0,1.0,0.0,0.0,1.38278,1.38618,2.0,11.300000000000754,-22.699999999999942,0.0,0.0,0.0,0.0,0.0,2.0,5.0,1.0
0.78704,72,109,0.6666666666666666,1.0,6,0.78593,0.78559,0.784295,0.7845,0.0,14.499999999999513,0.78593,0.78576,0.785725,12.799999999999478,13.149999999999551,0.0,1.0,1.0,1.0,0.0,0.0,0.78593,0.78926,2.0,11.099999999999444,-22.199999999999996,0.0,0.0,0.0,0.0,0.0,2.0,5.0,1.0
185.461,72,109,0.6666666666666666,1.0,6,185.478,185.08350000000002,184.79500000000002,184.01600000000002,0.0,37.74999999999977,185.59050000000002,185.4185,184.964,4.250000000001819,49.70000000000141,1.0,1.0,1.0,1.0,0.0,0.0,185.0835,186.216,2.0,37.750000000002615,-75.49999999999955,0.0,1.0,0.0,0.0,0.0,2.0,5.0,0.0
214.213,0,109,0.0,0.0,0,214.23399999999998,213.9755,213.505,210.89,0.0,23.749999999998295,214.23399999999998,214.334,212.911,-12.100000000000932,130.19999999999925,0.0,1.0,-1.0,0.0,0.0,0.0,0.0,0.0,0.0,0.0,0.0,0.0,1.0,0.0,0.0,0.0,2.0,5.0,-1.0
4454.14,84,109,0.7777777777777778,-1.0,7,4464.665,4490.6900000000005,4587.305,4848.41,0.0,-365.5000000000018,4433.79,4470.87,4533.219999999999,-167.29999999999563,-790.7999999999902,-1.0,-1.0,-1.0,-1.0,0.0,0.0,4464.665,4433.09,2.0,-105.24999999999636,210.50000000000182,0.0,0.0,1.0,0.0,0.0,2.0,5.0,1.0
50690.48,72,109,0.6666666666666666,1.0,6,50590.05,50408.55,49797.354999999996,47970.69,0.0,2819300.000000003,50633.95,50621.100000000006,50101.205,693799.9999999738,5892750.000000015,1.0,1.0,1.0,0.0,0.0,0.0,50590.05,50891.34,2.0,1004300.0000000029,-2008599.999999933,0.0,0.0,0.0,1.0,0.0,2.0,5.0,0.0
30040.66,60,109,0.5555555555555556,1.0,5,30056.64,29670.989999999998,28418.940000000002,26620.864999999998,0.0,3696700.000000019,30056.64,30018.465,29436.190000000002,221949.9999999971,6044699.999999975,0.0,1.0,1.0,1.0,0.0,0.0,29670.99,30780.0,2.0,3696699.9999999823,-7393400.000000002,0.0,0.0,0.0,1.0,0.0,2.0,5.0,-1.0
7533.07,72,109,0.6666666666666666,1.0,6,7527.0,7472.17,7300.22,6953.799999999999,0.0,608999.9999999964,7527.0,7527.0,7444.15,60699.99999999709,889200.0000000007,0.0,1.0,1.0,1.0,0.0,0.0,7527.0,7545.21,2.0,60699.99999999709,-121400.00000000327,0.0,0.0,0.0,1.0,0.0,2.0,5.0,0.0
99.219,60,109,0.5555555555555556,1.0,5,99.106,99.1945,98.547,98.0895,0.0,2.4499999999989086,99.106,99.106,99.1945,11.299999999999955,2.4499999999989086,0.0,-1.0,1.0,1.0,0.0,0.0,99.1945,99.21949,0.02,2.4499999999989086,-0.04899999999992133,0.0,0.0,0.0,1.0,1.0,2.0,5.0,1.0
1.16489,0,109,0.0,0.0,0,1.162375,1.162375,1.1686450000000002,1.174675,0.0,25.15000000000045,1.163845,1.162375,1.161915,25.15000000000045,29.7499999999995,1.0,0.0,-1.0,1.0,0.0,0.0,0.0,0.0,0.0,0.0,0.0,0.0,0.0,0.0,0.0,0.0,3.0,5.0,-1.0
1.3443,0,109,0.0,0.0,0,1.34091,1.34381,1.347995,1.351365,0.0,4.900000000001015,1.342655,1.341245,1.3405550000000002,30.5500000000003,37.44999999999887,1.0,-1.0,-1.0,0.0,0.0,0.0,0.0,0.0,0.0,0.0,0.0,0.0,0.0,0.0,0.0,0.0,3.0,5.0,-1.0
159.247,0,109,0.0,0.0,0,159.37900000000002,159.1875,157.87650000000002,156.40750000000003,0.0,5.95000000000141,159.2975,159.37900000000002,159.074,-13.2000000000005,17.300000000000182,-1.0,1.0,1.0,0.0,0.0,0.0,0.0,0.0,0.0,0.0,0.0,0.0,1.0,0.0,0.0,0.0,3.0,5.0,-1.0
0.71619,0,109,0.0,0.0,0,0.71336,0.713975,0.7178450000000001,0.690555,0.0,22.14999999999967,0.714345,0.71336,0.7131799999999999,28.29999999999999,30.100000000000684,1.0,-1.0,-1.0,1.0,0.0,0.0,0.0,0.0,0.0,0.0,0.0,0.0,0.0,0.0,0.0,0.0,3.0,5.0,-1.0
1.37815,0,109,0.0,0.0,0,1.382185,1.382185,1.370995,1.374795,0.0,-40.35000000000011,1.3813900000000001,1.382185,1.38004,-40.35000000000011,-18.899999999999473,-1.0,0.0,1.0,-1.0,0.0,0.0,0.0,0.0,0.0,0.0,0.0,0.0,0.0,0.0,0.0,0.0,3.0,5.0,-1.0
0.78391,60,109,0.5555555555555556,-1.0,5,0.78662,0.78535,0.784295,0.7845,0.0,-14.399999999999968,0.786205,0.78662,0.785725,-27.099999999999902,-18.150000000000112,-1.0,1.0,1.0,-1.0,0.0,0.0,0.78429,0.78314,2.0,-3.8000000000004697,7.700000000000484,0.0,0.0,0.0,0.0,0.0,3.0,5.0,1.0
185.501,72,109,0.6666666666666666,1.0,6,185.27,185.1115,184.79500000000002,184.01600000000002,0.0,38.94999999999982,185.41000000000003,185.3345,184.964,16.65000000000134,53.700000000000614,1.0,1.0,1.0,0.0,0.0,0.0,185.27,185.963,2.0,23.099999999999454,-46.19999999999891,0.0,1.0,0.0,0.0,0.0,3.0,5.0,0.0
214.075,0,109,0.0,0.0,0,213.796,213.9955,213.505,210.89,0.0,7.949999999999591,213.865,213.8955,212.911,17.949999999999022,116.39999999999873,1.0,-1.0,-1.0,-1.0,0.0,0.0,0.0,0.0,0.0,0.0,0.0,0.0,1.0,0.0,0.0,0.0,3.0,5.0,-1.0
4495.87,0,109,0.0,0.0,0,4441.42,4473.235000000001,4569.85,4848.41,0.0,226.3499999999931,4448.02,4441.42,4477.785,544.4999999999982,180.85000000000036,1.0,-1.0,-1.0,1.0,0.0,0.0,0.0,0.0,0.0,0.0,0.0,0.0,0.0,1.0,0.0,0.0,3.0,5.0,-1.0
50678.88,0,109,0.0,0.0,0,50555.45,50725.7,49797.354999999996,47970.69,0.0,-468199.9999999971,50555.45,50575.45,50101.205,1034300.0000000029,5776749.999999956,0.0,-1.0,1.0,0.0,0.0,0.0,0.0,0.0,0.0,0.0,0.0,0.0,0.0,0.0,1.0,0.0,3.0,5.0,-1.0
30240.86,84,109,0.7777777777777778,1.0,7,29981.39,29830.5,28418.940000000002,26620.864999999998,0.0,4103600.0000000056,30059.63,30000.85,29436.190000000002,2400100.0000000205,8046699.999999982,1.0,1.0,1.0,1.0,0.0,0.0,29981.39,30759.8,2.0,2594700.0000000116,-5189399.999999987,0.0,0.0,0.0,1.0,0.0,3.0,5.0,-1.0
7570.37,84,109,0.7777777777777778,1.0,7,7531.45,7512.7,7309.42,6953.799999999999,0.0,576700.0000000007,7538.95,7531.45,7453.35,389200.0000000007,1170199.9999999953,1.0,1.0,1.0,1.0,0.0,0.0,7531.45,7648.21,2.0,389200.0000000007,-778400.0000000014,0.0,0.0,0.0,1.0,0.0,3.0,5.0,-1.0
99.003,0,109,0.0,0.0,0,99.233,99.218,98.57050000000001,98.0895,0.0,-21.50000000000034,99.1235,99.233,99.218,-23.000000000000398,-21.50000000000034,-1.0,1.0,1.0,-1.0,0.0,0.0,0.0,0.0,0.0,0.0,0.0,0.0,0.0,0.0,1.0,1.0,3.0,5.0,-1.0
1.16593,60,109,0.5555555555555556,1.0,5,1.16554,1.16361,1.1686450000000002,1.174675,0.0,23.199999999998777,1.166315,1.1644700000000001,1.163105,14.599999999997948,28.249999999998554,1.0,1.0,-1.0,1.0,0.0,0.0,1.16554,1.16671,2.0,3.8999999999989043,-7.800000000000029,0.0,0.0,0.0,0.0,0.0,4.0,5.0,0.0
1.34555,0,109,0.0,0.0,0,1.3446799999999999,1.34381,1.347995,1.351365,0.0,17.400000000000748,1.3452899999999999,1.34358,1.34381,19.700000000000273,17.400000000000748,1.0,-1.0,-1.0,1.0,0.0,0.0,0.0,0.0,0.0,0.0,0.0,0.0,0.0,0.0,0.0,0.0,4.0,5.0,-1.0
159.255,60,109,0.5555555555555556,1.0,5,159.234,159.2265,157.87650000000002,156.40750000000003,0.0,2.8500000000008185,159.2245,159.292,159.11950000000002,-3.700000000000614,13.549999999997908,-1.0,1.0,1.0,-1.0,0.0,0.0,159.234,159.297,2.0,2.0999999999986585,-4.200000000000159,0.0,1.0,0.0,0.0,0.0,4.0,5.0,1.0
0.7184,72,109,0.6666666666666666,1.0,6,0.717475,0.7149099999999999,0.7178450000000001,0.690555,0.0,34.90000000000104,0.718395,0.715435,0.7139949999999999,29.649999999999956,44.050000000001035,1.0,1.0,-1.0,1.0,0.0,0.0,0.71785,0.71951,2.0,5.5000000000005045,-11.099999999999444,0.0,0.0,0.0,0.0,0.0,4.0,5.0,0.0
1.37945,0,109,0.0,0.0,0,1.37998,1.382005,1.370995,1.374795,0.0,-25.54999999999863,1.37998,1.382005,1.38004,-25.54999999999863,-5.899999999998684,0.0,0.0,1.0,-1.0,0.0,0.0,0.0,0.0,0.0,0.0,0.0,0.0,0.0,0.0,0.0,0.0,4.0,5.0,-1.0
0.78109,72,109,0.6666666666666666,-1.0,6,0.78211,0.78472,0.784295,0.7845,0.0,-36.300000000000225,0.7811699999999999,0.784705,0.785095,-36.15000000000035,-40.05000000000037,-1.0,-1.0,1.0,-1.0,0.0,0.0,0.78211,0.77905,2.0,-10.200000000000209,20.39999999999931,0.0,0.0,0.0,0.0,0.0,4.0,5.0,0.0
185.68,84,109,0.7777777777777778,1.0,7,185.57850000000002,185.389,184.79500000000002,184.01600000000002,0.0,29.09999999999968,185.705,185.5,185.089,18.000000000000682,59.10000000000082,1.0,1.0,1.0,1.0,0.0,0.0,185.5785,185.883,2.0,10.150000000001569,-20.300000000000296,0.0,1.0,0.0,0.0,0.0,4.0,5.0,1.0
214.285,84,109,0.7777777777777778,1.0,7,214.10399999999998,213.9955,213.505,210.89,0.0,28.950000000000387,214.20049999999998,214.01999999999998,213.626,26.500000000001478,65.89999999999918,1.0,1.0,1.0,1.0,0.0,0.0,214.104,214.647,2.0,18.099999999998317,-36.19999999999948,0.0,1.0,0.0,0.0,0.0,4.0,5.0,1.0
4541.77,0,109,0.0,0.0,0,4542.05,4480.8099999999995,4569.85,4848.41,0.0,609.6000000000095,4553.9,4485.1849999999995,4480.8099999999995,565.8500000000095,609.6000000000095,1.0,1.0,-1.0,1.0,0.0,0.0,0.0,0.0,0.0,0.0,0.0,0.0,0.0,1.0,0.0,0.0,4.0,5.0,-1.0
50993.48,72,109,0.6666666666666666,1.0,6,50829.0,50725.7,49797.354999999996,47970.69,0.0,2677800.000000061,50879.55,50707.75,50174.555,2857300.000000032,8189250.000000029,1.0,-1.0,1.0,1.0,0.0,0.0,50829.0,51322.44,2.0,1644800.0000000321,-3289599.999999991,0.0,0.0,0.0,1.0,0.0,4.0,5.0,0.0
30322.35,84,109,0.7777777777777778,1.0,7,30298.765,30065.614999999998,28667.465,26620.864999999998,0.0,2567350.0000000056,30329.355,30130.665,29513.555,1916849.9999999767,8087949.999999982,1.0,1.0,1.0,1.0,0.0,0.0,30298.765,30369.52,2.0,235849.99999999127,-471700.0000000189,0.0,0.0,0.0,1.0,0.0,4.0,5.0,1.0
7576.17,84,109,0.7777777777777778,1.0,7,7575.655,7542.68,7348.18,6953.799999999999,0.0,334899.9999999978,7578.93,7547.35,7464.58,288199.9999999971,1115900.0000000014,1.0,1.0,1.0,1.0,0.0,0.0,7575.655,7577.2,2.0,5150.000000003274,-10299.999999997453,0.0,0.0,0.0,1.0,0.0,4.0,5.0,1.0
98.919,60,109,0.5555555555555556,-1.0,5,98.9575,99.146,98.57050000000001,98.0895,0.0,-22.700000000000387,98.911,99.08099999999999,99.146,-16.199999999999193,-22.700000000000387,-1.0,-1.0,1.0,-1.0,0.0,0.0,98.9575,98.91823,0.02,-3.849999999999909,0.0770000000002824,0.0,0.0,0.0,1.0,1.0,4.0,5.0,0.0
1.16312,72,109,0.6666666666666666,-1.0,6,1.16369,1.16361,1.1686450000000002,1.174675,0.0,-4.900000000001015,1.162745,1.164515,1.163105,-13.950000000000351,0.14999999999876223,-1.0,1.0,-1.0,-1.0,0.0,0.0,1.16361,1.16214,2.0,-4.900000000001015,9.799999999999809,0.0,0.0,0.0,0.0,0.0,0.0,6.0,0.0
1.34554,0,109,0.0,0.0,0,1.3441200000000002,1.342625,1.347995,1.351365,0.0,29.15000000000001,1.34381,1.3445900000000002,1.34381,9.499999999997844,17.300000000000093,-1.0,1.0,-1.0,1.0,0.0,0.0,0.0,0.0,0.0,0.0,0.0,0.0,0.0,0.0,0.0,0.0,0.0,6.0,-1.0
159.662,72,109,0.6666666666666666,1.0,6,159.487,159.4275,157.87650000000002,156.40750000000003,0.0,23.449999999999704,159.59449999999998,159.4275,159.1735,23.449999999999704,48.850000000001614,1.0,0.0,1.0,1.0,0.0,0.0,159.487,160.012,2.0,17.500000000001137,-34.99999999999943,0.0,1.0,0.0,0.0,0.0,0.0,6.0,0.0
0.71598,0,109,0.0,0.0,0,0.716145,0.7149099999999999,0.7178450000000001,0.693495,0.0,10.700000000000154,0.7153499999999999,0.716665,0.71436,-6.850000000000467,16.199999999999548,-1.0,1.0,-1.0,0.0,0.0,0.0,0.0,0.0,0.0,0.0,0.0,0.0,0.0,0.0,0.0,0.0,0.0,6.0,-1.0
1.38407,72,109,0.6666666666666666,1.0,6,1.3816950000000001,1.382005,1.370995,1.3723999999999998,0.0,20.649999999999835,1.38367,1.3809749999999998,1.38004,30.9500000000007,40.299999999999784,1.0,-1.0,1.0,1.0,0.0,0.0,1.382,1.3882,2.0,20.700000000000163,-41.30000000000189,0.0,0.0,0.0,0.0,0.0,0.0,6.0,0.0
0.78654,72,109,0.6666666666666666,1.0,6,0.78413,0.78472,0.784295,0.7845,0.0,18.200000000000436,0.78603,0.78398,0.785095,25.600000000000065,14.450000000000296,1.0,-1.0,1.0,1.0,0.0,0.0,0.78472,0.79018,2.0,18.200000000000436,-36.399999999999764,0.0,0.0,0.0,0.0,0.0,0.0,6.0,0.0
185.701,72,109,0.6666666666666666,1.0,6,185.654,185.43400000000003,184.79500000000002,184.21800000000002,0.0,26.69999999999675,185.5735,185.5895,185.12150000000003,11.15000000000066,57.94999999999675,-1.0,1.0,1.0,1.0,0.0,0.0,185.654,185.795,2.0,4.699999999999704,-9.399999999999409,0.0,1.0,0.0,0.0,0.0,0.0,6.0,0.0
214.831,72,109,0.6666666666666666,1.0,6,214.56799999999998,214.15550000000002,213.505,211.585,0.0,67.54999999999711,214.56799999999998,214.286,213.786,54.49999999999875,104.49999999999875,0.0,1.0,1.0,1.0,0.0,0.0,214.568,215.357,2.0,26.29999999999768,-52.600000000001046,0.0,1.0,0.0,0.0,0.0,0.0,6.0,1.0
4483.77,0,109,0.0,0.0,0,4504.245000000001,4480.8099999999995,4569.85,4848.41,0.0,29.60000000000946,4478.635,4521.05,4480.8099999999995,-372.79999999999745,29.60000000000946,-1.0,1.0,-1.0,0.0,0.0,0.0,0.0,0.0,0.0,0.0,0.0,0.0,0.0,1.0,0.0,0.0,0.0,6.0,-1.0
51069.78,72,109,0.6666666666666666,1.0,6,51042.775,50822.35,49894.005000000005,48274.645000000004,0.0,2474300.000000003,51005.275,50994.15,50271.205,756299.9999999738,7985749.999999971,-1.0,1.0,1.0,1.0,0.0,0.0,51042.775,51123.79,2.0,270049.9999999738,-540100.0000000204,0.0,0.0,0.0,1.0,0.0,0.0,6.0,0.0
30484.86,84,109,0.7777777777777778,1.0,7,30428.005,30164.04,28753.905,26770.09,0.0,3208199.999999997,30431.39,30415.18,29668.64,696800.0000000029,8162200.000000011,1.0,1.0,1.0,1.0,0.0,0.0,30428.005,30598.57,2.0,568549.9999999956,-1137099.9999999912,0.0,0.0,0.0,1.0,0.0,0.0,6.0,0.0
7600.02,72,109,0.6666666666666666,1.0,6,7591.75,7554.95,7360.45,6966.775,0.0,450700.00000000617,7591.75,7591.2,7478.1,88200.00000000618,1219200.0000000007,0.0,1.0,1.0,1.0,0.0,0.0,7591.75,7616.56,2.0,82700.00000000437,-165399.99999999965,0.0,0.0,0.0,1.0,0.0,0.0,6.0,0.0
99.173,72,109,0.6666666666666666,1.0,6,99.086,99.146,98.57050000000001,98.0895,0.0,2.7000000000001023,99.1995,99.0585,99.146,11.45000000000067,2.7000000000001023,1.0,-1.0,1.0,1.0,0.0,0.0,99.146,99.17354,0.02,2.7000000000001023,-0.05400000000008731,0.0,0.0,0.0,1.0,1.0,0.0,6.0,1.0
1.16302,72,109,0.6666666666666666,-1.0,6,1.16345,1.16361,1.1686450000000002,1.174675,0.0,-5.9000000000009045,1.16345,1.163255,1.163105,-2.349999999999852,-0.8500000000011276,0.0,-1.0,-1.0,-1.0,0.0,0.0,1.16345,1.16216,2.0,-4.300000000001525,8.599999999998609,0.0,0.0,0.0,0.0,0.0,1.0,6.0,1.0
1.34662,60,109,0.5555555555555556,1.0,5,1.3465349999999998,1.342625,1.347995,1.351365,0.0,39.949999999999704,1.34666,1.344395,1.34381,22.249999999999215,28.099999999999792,1.0,1.0,-1.0,1.0,0.0,0.0,1.34653,1.34679,2.0,0.8999999999992347,-1.7000000000000348,0.0,0.0,0.0,0.0,0.0,1.0,6.0,0.0
159.916,84,109,0.7777777777777778,1.0,7,159.7735,159.54000000000002,157.87650000000002,156.40750000000003,0.0,37.599999999997635,159.8585,159.707,159.35399999999998,20.90000000000032,56.20000000000118,1.0,1.0,1.0,1.0,0.0,0.0,159.7735,160.201,2.0,14.249999999998408,-28.49999999999966,0.0,1.0,0.0,0.0,0.0,1.0,6.0,0.0
0.71801,72,109,0.6666666666666666,1.0,6,0.7170300000000001,0.7149099999999999,0.7178450000000001,0.693495,0.0,31.000000000001027,0.7178100000000001,0.716035,0.7149099999999999,19.7500000000006,31.000000000001027,1.0,1.0,-1.0,1.0,0.0,0.0,0.71785,0.71834,2.0,1.60000000000049,-3.2999999999994145,0.0,0.0,0.0,0.0,0.0,1.0,6.0,0.0
1.3839000000000001,72,109,0.6666666666666666,1.0,6,1.3834499999999998,1.382005,1.370995,1.3723999999999998,0.0,18.95000000000202,1.38305,1.3833,1.38029,6.00000000000156,36.10000000000113,-1.0,1.0,1.0,1.0,0.0,0.0,1.38345,1.3848,2.0,4.500000000000615,-8.999999999999009,0.0,0.0,0.0,0.0,0.0,1.0,6.0,0.0
0.78713,84,109,0.7777777777777778,1.0,7,0.786415,0.78472,0.784295,0.7845,0.0,24.100000000000232,0.7867,0.78565,0.78496,14.800000000000368,21.700000000000053,1.0,1.0,1.0,1.0,0.0,0.0,0.78641,0.78856,2.0,7.199999999999429,-14.300000000000423,0.0,0.0,0.0,0.0,0.0,1.0,6.0,0.0
185.984,84,109,0.7777777777777778,1.0,7,185.87900000000002,185.544,184.79500000000002,184.21800000000002,0.0,43.99999999999977,185.996,185.7665,185.293,21.750000000000114,69.10000000000025,1.0,1.0,1.0,1.0,0.0,0.0,185.879,186.194,2.0,10.500000000001819,-20.999999999997954,0.0,1.0,0.0,0.0,0.0,1.0,6.0,0.0
215.345,84,109,0.7777777777777778,1.0,7,215.0765,214.41649999999998,213.505,211.585,0.0,92.85000000000139,215.3265,214.829,214.3965,51.59999999999911,94.84999999999957,1.0,1.0,1.0,1.0,0.0,0.0,215.0765,215.882,2.0,26.849999999998886,-53.700000000000614,0.0,1.0,0.0,0.0,0.0,1.0,6.0,0.0
4488.65,0,109,0.0,0.0,0,4502.105,4480.8099999999995,4569.85,4848.41,0.0,78.40000000000146,4506.29,4494.135,4480.8099999999995,-54.85000000000582,78.40000000000146,1.0,1.0,-1.0,0.0,0.0,0.0,0.0,0.0,0.0,0.0,0.0,0.0,0.0,1.0,0.0,0.0,1.0,6.0,-1.0
51348.68,72,109,0.6666666666666666,1.0,6,51078.455,50848.5,49920.155,48274.645000000004,0.0,5001800.000000003,51078.455,51068.925,50531.350000000006,2797549.999999974,8173299.999999945,0.0,1.0,1.0,1.0,0.0,0.0,51078.455,51889.13,2.0,2702249.9999999856,-5404499.999999971,0.0,0.0,0.0,1.0,0.0,1.0,6.0,0.0
30690.45,84,109,0.7777777777777778,1.0,7,30485.705,30202.205,28792.07,26770.09,0.0,4882449.99999999,30538.995,30469.555,29865.71,2208950.000000004,8247400.000000016,1.0,1.0,1.0,1.0,0.0,0.0,30485.705,31099.94,2.0,2047449.9999999898,-4094899.9999999795,0.0,0.0,0.0,1.0,0.0,1.0,6.0,0.0
7616.37,84,109,0.7777777777777778,1.0,7,7593.004999999999,7555.655,7361.155,6966.775,0.0,607150.0000000014,7598.725,7592.455,7504.405,239149.99999999965,1119650.0000000014,1.0,1.0,1.0,1.0,0.0,0.0,7593.005,7663.1,2.0,233649.99999999782,-467300.0000000047,0.0,0.0,0.0,1.0,0.0,1.0,6.0,0.0
99.209,84,109,0.7777777777777778,1.0,7,99.1825,99.146,98.57050000000001,98.0895,0.0,6.300000000000239,99.188,99.1625,99.146,4.650000000000887,6.300000000000239,1.0,1.0,1.0,1.0,0.0,0.0,99.1825,99.20953,0.02,2.6499999999998636,-0.0529999999997699,0.0,0.0,0.0,1.0,1.0,1.0,6.0,1.0
1.15985,84,109,0.7777777777777778,-1.0,7,1.16148,1.16404,1.1686450000000002,1.174675,0.0,-41.89999999999916,1.1606649999999998,1.162525,1.16361,-26.74999999999983,-37.59999999999985,-1.0,-1.0,-1.0,-1.0,0.0,0.0,1.16148,1.15659,2.0,-16.300000000000203,32.600000000000406,0.0,0.0,0.0,0.0,0.0,2.0,6.0,0.0
1.34184,72,109,0.6666666666666666,-1.0,6,1.34421,1.3445900000000002,1.347995,1.351365,0.0,-27.500000000002522,1.343135,1.34462,1.34381,-27.800000000000047,-19.700000000000273,-1.0,1.0,-1.0,-1.0,0.0,0.0,1.34421,1.3371,2.0,-23.699999999999832,47.399999999999665,0.0,0.0,0.0,0.0,0.0,2.0,6.0,0.0
160.08,84,109,0.7777777777777778,1.0,7,159.7255,159.5885,157.87650000000002,156.40750000000003,0.0,49.150000000000205,159.9325,159.7255,159.40249999999997,35.45000000000016,67.75000000000375,1.0,1.0,1.0,1.0,0.0,0.0,159.7255,160.789,2.0,35.45000000000016,-70.89999999999748,0.0,1.0,0.0,0.0,0.0,2.0,6.0,0.0
0.71276,84,109,0.7777777777777778,-1.0,7,0.71546,0.716275,0.7178450000000001,0.693495,0.0,-35.15000000000046,0.714635,0.71572,0.7149099999999999,-29.600000000000737,-21.49999999999985,-1.0,-1.0,-1.0,-1.0,0.0,0.0,0.71546,0.70736,2.0,-27.000000000000355,53.9999999999996,0.0,0.0,0.0,0.0,0.0,2.0,6.0,1.0
1.38952,84,109,0.7777777777777778,1.0,7,1.3863850000000002,1.383475,1.372465,1.3723999999999998,0.0,60.450000000000784,1.38758,1.38571,1.383475,38.10000000000091,60.450000000000784,1.0,1.0,1.0,1.0,0.0,0.0,1.38639,1.39579,2.0,31.30000000000077,-62.699999999999974,0.0,0.0,0.0,0.0,0.0,2.0,6.0,1.0
0.79208,84,109,0.7777777777777778,1.0,7,0.789525,0.78611,0.78441,0.7845,0.0,59.70000000000031,0.790665,0.78882,0.78611,32.600000000000406,59.70000000000031,1.0,1.0,1.0,1.0,0.0,0.0,0.78953,0.79719,2.0,25.500000000000522,-51.09999999999948,0.0,0.0,0.0,0.0,0.0,2.0,6.0,0.0
185.665,60,109,0.5555555555555556,1.0,5,185.5805,185.649,184.79500000000002,184.21800000000002,0.0,1.5999999999991132,185.594,185.649,185.32100000000003,1.5999999999991132,34.39999999999657,1.0,0.0,1.0,-1.0,0.0,0.0,185.649,185.697,2.0,1.5999999999991132,-3.2000000000010687,0.0,1.0,0.0,0.0,0.0,2.0,6.0,0.0
214.801,0,109,0.0,0.0,0,214.928,214.547,213.505,211.585,0.0,25.399999999999068,214.817,214.96699999999998,214.406,-16.59999999999968,39.49999999999818,-1.0,1.0,1.0,-1.0,0.0,0.0,0.0,0.0,0.0,0.0,0.0,0.0,1.0,0.0,0.0,0.0,2.0,6.0,-1.0
4431.36,84,109,0.7777777777777778,-1.0,7,4461.455,4506.665,4569.85,4848.41,0.0,-753.0500000000029,4446.675,4480.97,4480.8099999999995,-496.1000000000058,-494.4999999999982,-1.0,-1.0,-1.0,-1.0,0.0,0.0,4461.455,4371.17,2.0,-300.95000000000255,601.899999999996,0.0,0.0,1.0,0.0,0.0,2.0,6.0,0.0
50691.78,0,109,0.0,0.0,0,51027.79,50848.5,49920.155,48274.645000000004,0.0,-1567200.0000000116,50941.34,51027.79,50847.79,-3360100.0000000205,-1560100.0000000205,-1.0,1.0,1.0,-1.0,0.0,0.0,0.0,0.0,0.0,0.0,0.0,0.0,0.0,0.0,1.0,0.0,2.0,6.0,-1.0
30439.96,48,109,0.4444444444444444,1.0,4,30599.145,30305.68,28861.295,26770.09,0.0,1342799.9999999884,30599.145,30564.23,30057.09,-1242700.0000000044,3828699.9999999898,0.0,1.0,1.0,0.0,0.0,0.0,30305.68,30708.52,2.0,1342799.9999999884,-2685600.000000013,0.0,0.0,0.0,1.0,0.0,2.0,6.0,0.0
7533.53,0,109,0.0,0.0,0,7574.975,7565.53,7361.155,6966.775,0.0,-320000.0,7569.855,7576.655,7536.35,-431250.0,-28200.000000006185,-1.0,1.0,1.0,-1.0,0.0,0.0,0.0,0.0,0.0,0.0,0.0,0.0,0.0,0.0,1.0,0.0,2.0,6.0,-1.0
99.526,84,109,0.7777777777777778,1.0,7,99.33850000000001,99.1445,98.57050000000001,98.0895,0.0,38.15000000000026,99.434,99.3005,99.146,22.54999999999967,37.999999999999545,1.0,1.0,1.0,1.0,0.0,0.0,99.3385,99.52975,0.02,18.75,-0.37500000000108,0.0,0.0,0.0,1.0,1.0,2.0,6.0,1.0
1.1611,72,109,0.6666666666666666,-1.0,6,1.16198,1.164015,1.1686450000000002,1.174675,0.0,-29.15000000000001,1.16265,1.16198,1.16361,-8.799999999999919,-25.100000000000122,1.0,-1.0,-1.0,-1.0,0.0,0.0,1.16198,1.15934,2.0,-8.799999999999919,17.599999999999838,0.0,0.0,0.0,0.0,0.0,3.0,6.0,0.0
1.34233,72,109,0.6666666666666666,-1.0,6,1.3435899999999998,1.3445900000000002,1.347995,1.351365,0.0,-22.600000000001508,1.344115,1.3435899999999998,1.34381,-12.599999999998168,-14.799999999999258,1.0,-1.0,-1.0,-1.0,0.0,0.0,1.34359,1.33981,2.0,-12.600000000000389,25.200000000000777,0.0,0.0,0.0,0.0,0.0,3.0,6.0,0.0
160.016,84,109,0.7777777777777778,1.0,7,159.815,159.5885,157.87650000000002,156.40750000000003,0.0,42.74999999999807,159.8985,159.815,159.40249999999997,20.09999999999934,61.350000000001614,1.0,1.0,1.0,1.0,0.0,0.0,159.815,160.418,2.0,20.09999999999934,-40.20000000000152,0.0,1.0,0.0,0.0,0.0,3.0,6.0,0.0
0.71329,72,109,0.6666666666666666,-1.0,6,0.7135549999999999,0.71614,0.7178450000000001,0.693495,0.0,-28.500000000000192,0.7140599999999999,0.71495,0.7149099999999999,-16.599999999999948,-16.199999999999548,1.0,-1.0,-1.0,-1.0,0.0,0.0,0.71355,0.71276,2.0,-2.60000000000038,5.3000000000003045,0.0,0.0,0.0,0.0,0.0,3.0,6.0,0.0
1.3908800000000001,72,109,0.6666666666666666,1.0,6,1.3903,1.384765,1.373755,1.3723999999999998,0.0,61.15000000000093,1.389615,1.3886100000000001,1.384765,22.699999999999942,61.15000000000093,-1.0,1.0,1.0,1.0,0.0,0.0,1.3903,1.39204,2.0,5.800000000000249,-11.599999999998278,0.0,0.0,0.0,0.0,0.0,3.0,6.0,0.0
0.78947,0,109,0.0,0.0,0,0.789575,0.78611,0.78441,0.7845,0.0,33.60000000000029,0.788285,0.78974,0.78611,-2.6999999999999247,33.60000000000029,-1.0,1.0,1.0,0.0,0.0,0.0,0.0,0.0,0.0,0.0,0.0,0.0,0.0,0.0,0.0,0.0,3.0,6.0,-1.0
185.793,84,109,0.7777777777777778,1.0,7,185.678,185.649,184.79500000000002,184.21800000000002,0.0,14.400000000000546,185.9385,185.678,185.44150000000002,11.50000000000091,35.14999999999873,1.0,1.0,1.0,1.0,0.0,0.0,185.678,186.023,2.0,11.50000000000091,-22.999999999998977,0.0,1.0,0.0,0.0,0.0,3.0,6.0,1.0
214.794,72,109,0.6666666666666666,1.0,6,214.709,214.7035,213.505,211.585,0.0,9.050000000002001,214.95850000000002,214.709,214.41649999999998,8.500000000000796,37.750000000002615,1.0,1.0,1.0,-1.0,0.0,0.0,214.709,214.964,2.0,8.500000000000796,-16.99999999999875,0.0,1.0,0.0,0.0,0.0,3.0,6.0,0.0
4474.66,0,109,0.0,0.0,0,4469.47,4509.405000000001,4569.85,4848.41,0.0,-347.450000000008,4486.235000000001,4469.47,4480.8099999999995,51.899999999996,-61.49999999999636,1.0,-1.0,-1.0,0.0,0.0,0.0,0.0,0.0,0.0,0.0,0.0,0.0,0.0,1.0,0.0,0.0,3.0,6.0,-1.0
51559.48,84,109,0.7777777777777778,1.0,7,51169.555,51162.25,50062.104999999996,48274.645000000004,0.0,3972300.000000032,51383.805,51169.555,50990.45,3899250.000000029,5690300.0000000615,1.0,1.0,1.0,1.0,0.0,0.0,51169.555,52339.33,2.0,3899250.000000029,-7798499.999999985,0.0,0.0,0.0,1.0,0.0,3.0,6.0,0.0
30336.86,0,109,0.0,0.0,0,30369.43,30428.38,28895.83,26770.09,0.0,-915200.0000000044,30321.13,30428.38,30214.84,-915200.0000000044,1220200.0000000044,-1.0,0.0,1.0,-1.0,0.0,0.0,0.0,0.0,0.0,0.0,0.0,0.0,0.0,0.0,1.0,0.0,3.0,6.0,-1.0
7574.37,60,109,0.5555555555555556,1.0,5,7555.775,7567.325,7362.725,6966.775,0.0,70450.00000000073,7561.875,7562.27,7555.655,120999.99999999454,187150.00000000146,1.0,-1.0,1.0,-1.0,0.0,0.0,7567.325,7588.46,2.0,70450.00000000073,-140900.00000000146,0.0,0.0,0.0,1.0,0.0,3.0,6.0,0.0
99.435,72,109,0.6666666666666666,1.0,6,99.3585,99.1445,98.57050000000001,98.0895,0.0,29.050000000000864,99.311,99.3585,99.146,7.649999999999579,28.900000000000148,-1.0,1.0,1.0,1.0,0.0,0.0,99.3585,99.43653,0.02,7.649999999999579,-0.15300000000024738,0.0,0.0,0.0,1.0,1.0,3.0,6.0,1.0
1.1522000000000001,84,109,0.7777777777777778,-1.0,7,1.158105,1.158665,1.1657199999999999,1.174675,0.0,-64.64999999999944,1.1580300000000001,1.158145,1.16018,-59.44999999999867,-79.79999999999876,-1.0,-1.0,-1.0,-1.0,0.0,0.0,1.1581,1.14039,2.0,-58.99999999999794,118.10000000000099,0.0,0.0,0.0,0.0,0.0,4.0,6.0,-1.0
1.3335,72,109,0.6666666666666666,-1.0,6,1.3406600000000002,1.3406600000000002,1.347995,1.351365,0.0,-71.60000000000278,1.33996,1.3406600000000002,1.341755,-71.60000000000278,-82.55000000000123,-1.0,0.0,-1.0,-1.0,0.0,0.0,1.34066,1.31918,2.0,-71.60000000000055,143.19999999999888,0.0,0.0,0.0,0.0,0.0,4.0,6.0,0.0
160.238,72,109,0.6666666666666666,1.0,6,160.0325,159.85500000000002,157.685,156.40750000000003,0.0,38.299999999998136,160.0325,160.0325,159.571,20.550000000000068,66.70000000000016,0.0,1.0,1.0,1.0,0.0,0.0,160.0325,160.649,2.0,20.550000000000068,-41.100000000000136,0.0,1.0,0.0,0.0,0.0,4.0,6.0,0.0
0.70419,84,109,0.7777777777777778,-1.0,7,0.70905,0.711265,0.7157450000000001,0.693495,0.0,-70.75000000000054,0.70902,0.70931,0.711895,-51.20000000000013,-77.04999999999961,-1.0,-1.0,-1.0,-1.0,0.0,0.0,0.70905,0.69447,2.0,-48.59999999999975,97.1999999999995,0.0,0.0,0.0,0.0,0.0,4.0,6.0,-1.0
1.39407,72,109,0.6666666666666666,1.0,6,1.39081,1.388265,1.3750200000000001,1.3723999999999998,0.0,58.04999999999838,1.39081,1.39081,1.3860299999999999,32.59999999999819,80.40000000000047,0.0,1.0,1.0,1.0,0.0,0.0,1.39081,1.40059,2.0,32.59999999999819,-65.20000000000081,0.0,0.0,0.0,0.0,0.0,4.0,6.0,0.0
0.79627,84,109,0.7777777777777778,1.0,7,0.79198,0.790605,0.7864500000000001,0.7845,0.0,56.65000000000031,0.792335,0.79178,0.78815,44.89999999999994,81.20000000000016,1.0,1.0,1.0,1.0,0.0,0.0,0.79198,0.80485,2.0,42.90000000000016,-85.79999999999922,0.0,0.0,0.0,0.0,0.0,4.0,6.0,-1.0
184.621,0,109,0.0,0.0,0,185.34550000000002,185.34550000000002,184.119,184.21800000000002,0.0,-72.45000000000061,185.3005,185.34550000000002,185.34550000000002,-72.45000000000061,-72.45000000000061,-1.0,0.0,1.0,-1.0,0.0,0.0,0.0,0.0,0.0,0.0,0.0,0.0,1.0,0.0,0.0,0.0,4.0,6.0,-1.0
213.676,0,109,0.0,0.0,0,214.5615,214.5615,213.18,211.585,0.0,-88.55000000000075,214.413,214.5615,214.4615,-88.55000000000075,-78.55000000000132,-1.0,0.0,1.0,-1.0,0.0,0.0,0.0,0.0,0.0,0.0,0.0,0.0,1.0,0.0,0.0,0.0,4.0,6.0,-1.0
4327.26,84,109,0.7777777777777778,-1.0,7,4397.485000000001,4426.505,4542.46,4848.41,0.0,-992.4499999999989,4393.639999999999,4413.485000000001,4453.42,-862.2500000000036,-1261.5999999999985,-1.0,-1.0,-1.0,-1.0,0.0,0.0,4397.485,4186.81,2.0,-702.2499999999945,1404.4999999999982,0.0,0.0,1.0,0.0,0.0,4.0,6.0,1.0
50726.58,0,109,0.0,0.0,0,51202.095,51202.095,50315.455,48274.645000000004,0.0,-4755149.999999994,51202.095,51202.095,51029.655,-4755149.999999994,-3030749.999999971,0.0,0.0,1.0,-1.0,0.0,0.0,0.0,0.0,0.0,0.0,0.0,0.0,0.0,0.0,1.0,0.0,4.0,6.0,-1.0
28756.16,72,109,0.6666666666666666,-1.0,6,29634.895,29742.145,29083.79,26770.09,0.0,-9859850.000000006,29412.205,29634.895,29742.145,-8787350.000000006,-9859850.000000006,-1.0,-1.0,1.0,-1.0,0.0,0.0,29083.79,28100.9,2.0,-3276300.0000000102,6552599.999999984,0.0,0.0,0.0,1.0,0.0,4.0,6.0,0.0
7353.73,72,109,0.6666666666666666,-1.0,6,7472.705,7484.254999999999,7397.575,6966.775,0.0,-1305249.9999999963,7451.4,7472.705,7484.254999999999,-1189750.0000000037,-1305249.9999999963,-1.0,-1.0,1.0,-1.0,0.0,0.0,7397.575,7266.04,2.0,-438450.00000000256,876899.999999996,0.0,0.0,0.0,1.0,0.0,4.0,6.0,0.0
100.051,84,109,0.7777777777777778,1.0,7,99.62950000000001,99.57,98.844,98.0895,0.0,48.100000000000875,99.642,99.62950000000001,99.4195,42.149999999999466,63.15000000000026,1.0,1.0,1.0,1.0,0.0,0.0,99.6295,100.05943,0.02,42.15000000000089,-0.8430000000004156,0.0,0.0,0.0,1.0,1.0,4.0,6.0,1.0
1.15312,60,109,0.5555555555555556,-1.0,5,1.15272,1.157595,1.16482,1.174675,0.0,-44.75000000000007,1.15411,1.1572049999999998,1.1592799999999999,-40.84999999999894,-61.59999999999943,1.0,-1.0,-1.0,-1.0,0.0,0.0,1.15759,1.14417,2.0,-44.69999999999974,89.50000000000014,0.0,0.0,0.0,0.0,0.0,0.0,6.0,0.0
1.33383,0,109,0.0,0.0,0,1.33377,1.339445,1.34775,1.351365,0.0,-56.14999999999925,1.3351199999999999,1.339445,1.3395549999999998,-56.14999999999925,-57.249999999997584,1.0,0.0,-1.0,-1.0,0.0,0.0,0.0,0.0,0.0,0.0,0.0,0.0,0.0,0.0,0.0,0.0,0.0,6.0,-1.0
160.175,72,109,0.6666666666666666,1.0,6,160.111,159.88,157.70999999999998,156.40750000000003,0.0,29.50000000000159,160.0885,160.0575,159.743,11.750000000000682,43.20000000000164,-1.0,1.0,1.0,1.0,0.0,0.0,160.111,160.303,2.0,6.400000000002137,-12.79999999999859,0.0,1.0,0.0,0.0,0.0,0.0,6.0,0.0
0.70442,72,109,0.6666666666666666,-1.0,6,0.70489,0.71038,0.71486,0.693495,0.0,-59.59999999999965,0.70591,0.7081649999999999,0.7110099999999999,-37.44999999999887,-65.89999999999874,1.0,-1.0,-1.0,-1.0,0.0,0.0,0.70489,0.70348,2.0,-4.699999999999704,9.400000000000519,0.0,0.0,0.0,0.0,0.0,0.0,6.0,1.0
1.39533,72,109,0.6666666666666666,1.0,6,1.394355,1.388795,1.376785,1.375265,0.0,65.34999999999957,1.394355,1.39134,1.38656,39.89999999999938,87.69999999999945,0.0,1.0,1.0,1.0,0.0,0.0,1.39436,1.39728,2.0,9.699999999999154,-19.500000000001183,0.0,0.0,0.0,0.0,0.0,0.0,6.0,0.0
0.7979,84,109,0.7777777777777778,1.0,7,0.79617,0.79194,0.787385,0.78234,0.0,59.60000000000076,0.79647,0.7929299999999999,0.789085,49.70000000000141,88.15000000000018,1.0,1.0,1.0,1.0,0.0,0.0,0.79617,0.80136,2.0,17.300000000000093,-34.59999999999908,0.0,0.0,0.0,0.0,0.0,0.0,6.0,0.0
184.698,0,109,0.0,0.0,0,184.48250000000002,185.08749999999998,184.119,184.374,0.0,-38.949999999996976,184.688,185.08749999999998,185.08749999999998,-38.949999999996976,-38.949999999996976,1.0,0.0,1.0,-1.0,0.0,0.0,0.0,0.0,0.0,0.0,0.0,0.0,1.0,0.0,0.0,0.0,0.0,6.0,-1.0
213.645,0,109,0.0,0.0,0,213.48,214.26299999999998,213.18,211.676,0.0,-61.79999999999666,213.65449999999998,214.26299999999998,214.26299999999998,-61.79999999999666,-61.79999999999666,1.0,0.0,1.0,-1.0,0.0,0.0,0.0,0.0,0.0,0.0,0.0,0.0,1.0,0.0,0.0,0.0,0.0,6.0,-1.0
4327.26,60,109,0.5555555555555556,-1.0,5,4310.875,4396.585,4520.875,4810.925,0.0,-693.2499999999982,4330.615,4372.055,4431.835,-447.9500000000007,-1045.7499999999982,1.0,-1.0,-1.0,-1.0,0.0,0.0,4396.585,4188.61,2.0,-693.2499999999982,1386.5000000000055,0.0,0.0,1.0,0.0,0.0,0.0,6.0,1.0
50768.18,0,109,0.0,0.0,0,50923.99,51153.945,50315.455,48274.645000000004,0.0,-3857649.9999999944,51007.075,51153.945,51029.655,-3857649.9999999944,-2614749.9999999856,1.0,0.0,1.0,-1.0,0.0,0.0,0.0,0.0,0.0,0.0,0.0,0.0,0.0,0.0,1.0,0.0,0.0,6.0,-1.0
29388.26,0,109,0.0,0.0,0,29212.695,29742.145,29128.98,26770.09,0.0,-3538850.0000000205,29495.58,29462.905,29742.145,-746450.0000000044,-3538850.0000000205,1.0,-1.0,1.0,-1.0,0.0,0.0,0.0,0.0,0.0,0.0,0.0,0.0,0.0,0.0,1.0,0.0,0.0,6.0,-1.0
7399.67,0,109,0.0,0.0,0,7404.13,7482.555,7397.575,6966.775,0.0,-828850.0000000022,7428.255,7455.200000000001,7482.555,-555300.0000000065,-828850.0000000022,1.0,-1.0,1.0,-1.0,0.0,0.0,0.0,0.0,0.0,0.0,0.0,0.0,0.0,0.0,1.0,0.0,0.0,6.0,-1.0
100.006,60,109,0.5555555555555556,1.0,5,100.0075,99.6315,98.8925,98.0895,0.0,37.44999999999976,99.92750000000001,99.678,99.46799999999999,32.800000000000296,53.80000000000109,-1.0,1.0,1.0,1.0,0.0,0.0,99.6315,100.01349,0.02,37.44999999999976,-0.7490000000004216,0.0,0.0,0.0,1.0,1.0,0.0,6.0,1.0
1.15432,60,109,0.5555555555555556,-1.0,5,1.15524,1.157245,1.16482,1.174675,0.0,-29.250000000000664,1.15533,1.1538849999999998,1.1592799999999999,4.350000000001852,-49.59999999999853,1.0,-1.0,-1.0,0.0,0.0,0.0,1.15524,1.15248,2.0,-9.200000000000319,18.400000000000638,0.0,0.0,0.0,0.0,0.0,1.0,6.0,0.0
1.33793,0,109,0.0,0.0,0,1.337055,1.339445,1.34775,1.351365,0.0,-15.14999999999933,1.33843,1.335815,1.3395549999999998,21.15000000000089,-16.249999999997655,1.0,-1.0,-1.0,0.0,0.0,0.0,0.0,0.0,0.0,0.0,0.0,0.0,0.0,0.0,0.0,0.0,1.0,6.0,-1.0
160.373,84,109,0.7777777777777778,1.0,7,160.24650000000003,159.996,157.7365,156.40750000000003,0.0,37.69999999999811,160.293,160.16250000000002,159.7695,21.04999999999677,60.34999999999968,1.0,1.0,1.0,1.0,0.0,0.0,160.2465,160.626,2.0,12.649999999999295,-25.300000000001432,0.0,1.0,0.0,0.0,0.0,1.0,6.0,0.0
0.70268,84,109,0.7777777777777778,-1.0,7,0.70377,0.7079850000000001,0.714125,0.693495,0.0,-53.05000000000115,0.70338,0.7041550000000001,0.710275,-14.750000000001151,-75.95000000000019,-1.0,-1.0,-1.0,-1.0,0.0,0.0,0.70377,0.7005,2.0,-10.900000000000354,21.7999999999996,0.0,0.0,0.0,0.0,0.0,1.0,6.0,1.0
1.395,72,109,0.6666666666666666,1.0,6,1.3944,1.39161,1.377345,1.375265,0.0,33.90000000000004,1.3944,1.3944,1.386965,5.999999999999339,80.35000000000014,0.0,1.0,1.0,1.0,0.0,0.0,1.3944,1.3962,2.0,5.999999999999339,-12.000000000000899,0.0,0.0,0.0,0.0,0.0,1.0,6.0,0.0
0.79829,72,109,0.6666666666666666,1.0,6,0.796995,0.79297,0.78764,0.78234,0.0,53.200000000001026,0.796995,0.796935,0.7893399999999999,13.550000000001061,89.50000000000125,0.0,1.0,1.0,1.0,0.0,0.0,0.797,0.80088,2.0,12.900000000000134,-25.899999999999814,0.0,0.0,0.0,0.0,0.0,1.0,6.0,0.0
185.12,72,109,0.6666666666666666,1.0,6,185.0295,185.08749999999998,184.119,184.374,0.0,3.2500000000027285,185.21050000000002,184.7425,185.08749999999998,37.74999999999977,3.2500000000027285,1.0,-1.0,1.0,1.0,0.0,0.0,185.0875,185.185,2.0,3.2499999999998863,-6.499999999999773,0.0,1.0,0.0,0.0,0.0,1.0,6.0,0.0
214.567,72,109,0.6666666666666666,1.0,6,214.1385,214.26299999999998,213.18,211.676,0.0,30.400000000003047,214.551,213.8575,214.26299999999998,70.95000000000198,30.400000000003047,1.0,-1.0,1.0,1.0,0.0,0.0,214.263,215.175,2.0,30.400000000000205,-60.80000000000041,0.0,1.0,0.0,0.0,0.0,1.0,6.0,1.0
4261.67,72,109,0.6666666666666666,-1.0,6,4300.014999999999,4375.98,4504.955,4810.925,0.0,-1143.099999999995,4300.014999999999,4300.014999999999,4415.915,-383.44999999999345,-1542.449999999999,0.0,-1.0,-1.0,-1.0,0.0,0.0,4300.015,4184.98,2.0,-383.45000000000255,766.9000000000051,0.0,0.0,1.0,0.0,0.0,1.0,6.0,1.0
50821.98,0,109,0.0,0.0,0,50738.600000000006,50974.205,50337.21,48274.645000000004,0.0,-1522249.9999999856,50738.600000000006,50744.25,50974.205,777300.000000032,-1522249.9999999856,0.0,-1.0,1.0,-1.0,0.0,0.0,0.0,0.0,0.0,0.0,0.0,0.0,0.0,0.0,1.0,0.0,1.0,6.0,-1.0
29115.06,0,109,0.0,0.0,0,28998.03,29474.18,29186.989999999998,26770.09,0.0,-3591199.9999999898,28998.03,28998.03,29474.18,1170300.0000000247,-3591199.9999999898,0.0,-1.0,1.0,-1.0,0.0,0.0,0.0,0.0,0.0,0.0,0.0,0.0,0.0,0.0,1.0,0.0,1.0,6.0,-1.0
7382.22,0,109,0.0,0.0,0,7359.05,7421.075000000001,7409.924999999999,6966.775,0.0,-388550.0000000047,7359.05,7359.05,7429.875,231700.00000000073,-476549.99999999744,0.0,-1.0,1.0,-1.0,0.0,0.0,0.0,0.0,0.0,0.0,0.0,0.0,0.0,0.0,1.0,0.0,1.0,6.0,-1.0
99.944,72,109,0.6666666666666666,1.0,6,99.87,99.678,98.8925,98.0895,0.0,26.600000000000534,99.87,99.935,99.46799999999999,0.9000000000000341,47.60000000000133,0.0,1.0,1.0,1.0,0.0,0.0,99.87,99.94548,0.02,7.399999999999807,-0.1480000000000814,0.0,0.0,0.0,1.0,1.0,1.0,6.0,1.0
1.15354,72,109,0.6666666666666666,-1.0,6,1.1553,1.1572049999999998,1.16482,1.174675,0.0,-36.64999999999807,1.155375,1.15533,1.1592799999999999,-17.899999999999583,-57.39999999999856,1.0,-1.0,-1.0,-1.0,0.0,0.0,1.1553,1.15002,2.0,-17.599999999999838,35.199999999999676,0.0,0.0,0.0,0.0,0.0,2.0,6.0,0.0
1.3367200000000001,60,109,0.5555555555555556,-1.0,5,1.339325,1.339445,1.34775,1.351365,0.0,-27.249999999998664,1.3395000000000001,1.33907,1.3395549999999998,-23.499999999998522,-28.34999999999699,1.0,-1.0,-1.0,0.0,0.0,0.0,1.33933,1.33151,2.0,-26.09999999999779,52.100000000001586,0.0,0.0,0.0,0.0,0.0,2.0,6.0,0.0
160.563,84,109,0.7777777777777778,1.0,7,160.401,160.14600000000002,157.7985,156.40750000000003,0.0,41.69999999999732,160.429,160.3535,159.8315,20.949999999999136,73.14999999999827,1.0,1.0,1.0,1.0,0.0,0.0,160.401,160.887,2.0,16.19999999999777,-32.40000000000123,0.0,1.0,0.0,0.0,0.0,2.0,6.0,0.0
0.69954,72,109,0.6666666666666666,-1.0,6,0.70158,0.707005,0.71359,0.693495,0.0,-74.64999999999944,0.70158,0.7028449999999999,0.70974,-33.04999999999892,-101.99999999999987,0.0,-1.0,-1.0,-1.0,0.0,0.0,0.70158,0.69546,2.0,-20.39999999999931,40.800000000000836,0.0,0.0,0.0,0.0,0.0,2.0,6.0,0.0
1.39438,60,109,0.5555555555555556,1.0,5,1.3928150000000001,1.391745,1.377345,1.375265,0.0,26.34999999999943,1.392465,1.393415,1.386965,9.649999999998826,74.1499999999995,-1.0,1.0,1.0,0.0,0.0,0.0,1.39282,1.39751,2.0,15.600000000000058,-31.30000000000077,0.0,0.0,0.0,0.0,0.0,2.0,6.0,1.0
0.80008,72,109,0.6666666666666666,1.0,6,0.79832,0.7936650000000001,0.788135,0.78234,0.0,64.14999999999948,0.79832,0.79749,0.7898350000000001,25.899999999999814,102.44999999999949,0.0,1.0,1.0,1.0,0.0,0.0,0.79832,0.8036,2.0,17.599999999999838,-35.199999999999676,0.0,0.0,0.0,0.0,0.0,2.0,6.0,0.0
185.21,72,109,0.6666666666666666,1.0,6,185.257,185.08749999999998,184.119,184.374,0.0,12.25000000000307,185.34699999999998,185.257,185.08749999999998,-4.699999999999704,12.25000000000307,1.0,1.0,1.0,1.0,0.0,0.0,185.0875,185.455,2.0,12.250000000000227,-24.500000000000455,0.0,1.0,0.0,0.0,0.0,2.0,6.0,0.0
214.627,72,109,0.6666666666666666,1.0,6,214.753,214.26299999999998,213.18,211.676,0.0,36.400000000003274,214.916,214.753,214.26299999999998,-12.599999999997635,36.400000000003274,1.0,1.0,1.0,1.0,0.0,0.0,214.263,215.355,2.0,36.40000000000043,-72.79999999999802,0.0,1.0,0.0,0.0,0.0,2.0,6.0,0.0
4067.78,84,109,0.7777777777777778,-1.0,7,4170.775,4291.34,4420.3150000000005,4810.925,0.0,-2235.5999999999995,4126.77,4215.375,4331.275,-1475.949999999998,-2634.9499999999944,-1.0,-1.0,-1.0,-1.0,0.0,0.0,4170.775,3861.79,2.0,-1029.9499999999944,2059.9000000000024,0.0,0.0,1.0,0.0,0.0,2.0,6.0,0.0
49836.23,72,109,0.6666666666666666,-1.0,6,50367.990000000005,50778.67,50405.16,48274.645000000004,0.0,-9424399.99999995,50296.665,50543.065,50778.67,-7068349.999999992,-9424399.99999995,-1.0,-1.0,1.0,-1.0,0.0,0.0,50367.99,48772.71,2.0,-5317599.999999948,10635200.000000041,0.0,0.0,0.0,1.0,0.0,2.0,6.0,0.0
28396.04,60,109,0.5555555555555556,-1.0,5,28795.434999999998,29366.93,29444.989999999998,26770.09,0.0,-9708899.999999994,28795.434999999998,28998.03,29474.18,-6019899.9999999795,-10781399.999999994,0.0,-1.0,1.0,-1.0,0.0,0.0,28795.435,27597.25,2.0,-3993950.000000004,7987900.000000008,0.0,0.0,0.0,1.0,0.0,2.0,6.0,0.0
7251.93,60,109,0.5555555555555556,-1.0,5,7322.75,7418.325000000001,7429.875,6966.775,0.0,-1663950.0000000044,7322.75,7359.05,7429.875,-1071199.9999999988,-1779449.9999999972,0.0,-1.0,0.0,-1.0,0.0,0.0,7322.75,7110.29,2.0,-708199.9999999971,1416400.0000000033,0.0,0.0,0.0,1.0,0.0,2.0,6.0,0.0
100.048,72,109,0.6666666666666666,1.0,6,99.8875,99.678,98.8925,98.0895,0.0,37.000000000000455,99.8755,99.87,99.46799999999999,17.799999999999727,58.00000000000125,-1.0,1.0,1.0,1.0,0.0,0.0,99.8875,100.05121,0.02,16.049999999999898,-0.32099999999957163,0.0,0.0,0.0,1.0,1.0,2.0,6.0,1.0
1.15782,0,109,0.0,0.0,0,1.15462,1.15496,1.164375,1.174675,0.0,28.600000000000847,1.15462,1.15462,1.1582249999999998,32.00000000000092,-4.049999999997667,0.0,-1.0,-1.0,1.0,0.0,0.0,0.0,0.0,0.0,0.0,0.0,0.0,0.0,0.0,0.0,0.0,3.0,6.0,-1.0
1.3414,0,109,0.0,0.0,0,1.33786,1.33693,1.34775,1.351365,0.0,44.69999999999974,1.33786,1.33786,1.339445,35.39999999999877,19.54999999999929,0.0,1.0,-1.0,1.0,0.0,0.0,0.0,0.0,0.0,0.0,0.0,0.0,0.0,0.0,0.0,0.0,3.0,6.0,-1.0
159.942,0,109,0.0,0.0,0,160.065,160.065,158.30450000000002,156.40750000000003,0.0,-12.299999999999045,160.065,160.065,159.94299999999998,-12.299999999999045,-0.09999999999763531,0.0,0.0,1.0,-1.0,0.0,0.0,0.0,0.0,0.0,0.0,0.0,0.0,1.0,0.0,0.0,0.0,3.0,6.0,-1.0
0.70472,0,109,0.0,0.0,0,0.7017,0.704485,0.7125250000000001,0.693495,0.0,2.349999999999852,0.7017,0.7017,0.70845,30.200000000000227,-37.30000000000011,0.0,-1.0,-1.0,1.0,0.0,0.0,0.0,0.0,0.0,0.0,0.0,0.0,0.0,0.0,0.0,0.0,3.0,6.0,-1.0
1.3967,72,109,0.6666666666666666,1.0,6,1.39777,1.3955950000000001,1.3822,1.375265,0.0,11.049999999999116,1.39886,1.396155,1.390545,5.450000000000177,61.550000000001326,1.0,1.0,1.0,1.0,0.0,0.0,1.3956,1.39891,2.0,11.000000000001009,-22.100000000000453,0.0,0.0,0.0,0.0,0.0,3.0,6.0,0.0
0.79479,0,109,0.0,0.0,0,0.79772,0.79644,0.7887,0.78234,0.0,-16.500000000000405,0.79772,0.79772,0.79055,-29.299999999999883,42.40000000000022,0.0,1.0,1.0,-1.0,0.0,0.0,0.0,0.0,0.0,0.0,0.0,0.0,0.0,0.0,0.0,0.0,3.0,6.0,-1.0
185.178,60,109,0.5555555555555556,1.0,5,185.06,184.834,184.807,184.374,0.0,34.39999999999941,184.9725,185.1095,185.08749999999998,6.850000000000023,9.050000000002001,-1.0,1.0,1.0,0.0,0.0,0.0,185.06,185.414,2.0,11.7999999999995,-23.599999999999,0.0,1.0,0.0,0.0,0.0,3.0,6.0,0.0
214.545,60,109,0.5555555555555556,1.0,5,214.39749999999998,214.075,213.377,211.676,0.0,46.999999999999886,214.238,214.546,214.26299999999998,-0.10000000000047748,28.20000000000107,-1.0,1.0,1.0,0.0,0.0,0.0,214.3975,214.84,2.0,14.749999999997954,-29.50000000000159,0.0,1.0,0.0,0.0,0.0,3.0,6.0,0.0
4211.06,0,109,0.0,0.0,0,4121.845,4222.325,4398.51,4810.925,0.0,-112.64999999999418,4136.360000000001,4121.845,4284.78,892.1500000000015,-737.1999999999935,1.0,-1.0,-1.0,0.0,0.0,0.0,0.0,0.0,0.0,0.0,0.0,0.0,0.0,1.0,0.0,0.0,3.0,6.0,-1.0
50826.33,72,109,0.6666666666666666,1.0,6,50334.755000000005,50689.935,50405.16,48274.645000000004,0.0,1363950.0000000407,50505.925,50334.755000000005,50720.485,4915749.999999971,1058450.0000000116,1.0,-1.0,1.0,1.0,0.0,0.0,50689.935,51099.12,2.0,1363950.0000000407,-2727900.000000009,0.0,0.0,0.0,1.0,0.0,3.0,6.0,1.0
29391.24,0,109,0.0,0.0,0,28869.980000000003,29116.08,29474.18,26770.09,0.0,2751599.9999999986,29026.88,28869.980000000003,29474.18,5212599.999999984,-829399.999999987,1.0,-1.0,0.0,1.0,0.0,0.0,0.0,0.0,0.0,0.0,0.0,0.0,0.0,0.0,1.0,0.0,3.0,6.0,-1.0
7386.12,0,109,0.0,0.0,0,7319.27,7383.32,7423.775,6966.775,0.0,28000.00000000182,7334.27,7319.27,7423.775,668499.9999999945,-376549.99999999744,1.0,-1.0,0.0,1.0,0.0,0.0,0.0,0.0,0.0,0.0,0.0,0.0,0.0,0.0,1.0,0.0,3.0,6.0,-1.0
99.676,0,109,0.0,0.0,0,99.93199999999999,99.8975,99.06,98.0895,0.0,-22.14999999999918,99.93199999999999,99.93199999999999,99.614,-25.5999999999986,6.199999999999761,0.0,1.0,1.0,-1.0,0.0,0.0,0.0,0.0,0.0,0.0,0.0,0.0,0.0,0.0,1.0,1.0,3.0,6.0,-1.0
1.15675,0,109,0.0,0.0,0,1.15733,1.15462,1.164375,1.174675,0.0,21.299999999999653,1.15719,1.15462,1.157765,21.299999999999653,-10.149999999999881,-1.0,0.0,-1.0,1.0,0.0,0.0,0.0,0.0,0.0,0.0,0.0,0.0,0.0,0.0,0.0,0.0,4.0,6.0,-1.0
1.3403399999999999,0,109,0.0,0.0,0,1.340805,1.33786,1.34775,1.351365,0.0,24.799999999998157,1.34067,1.33786,1.339445,24.799999999998157,8.949999999998681,-1.0,0.0,-1.0,1.0,0.0,0.0,0.0,0.0,0.0,0.0,0.0,0.0,0.0,0.0,0.0,0.0,4.0,6.0,-1.0
160.189,60,109,0.5555555555555556,1.0,5,159.9565,160.065,158.5105,156.40750000000003,0.0,12.399999999999523,160.2465,160.065,159.9805,12.399999999999523,20.84999999999866,1.0,0.0,1.0,-1.0,0.0,0.0,160.065,160.437,2.0,12.399999999999523,-24.800000000001887,0.0,1.0,0.0,0.0,0.0,4.0,6.0,0.0
0.70448,0,109,0.0,0.0,0,0.704035,0.70268,0.7125250000000001,0.693495,0.0,18.000000000000238,0.704555,0.7019299999999999,0.70834,25.500000000000522,-38.599999999999746,1.0,-1.0,-1.0,1.0,0.0,0.0,0.0,0.0,0.0,0.0,0.0,0.0,0.0,0.0,0.0,0.0,4.0,6.0,-1.0
1.39883,84,109,0.7777777777777778,1.0,7,1.397355,1.396155,1.3833199999999999,1.375265,0.0,26.74999999999983,1.397635,1.398755,1.39194,0.7500000000004725,68.90000000000063,1.0,1.0,1.0,1.0,0.0,0.0,1.39735,1.40178,2.0,14.799999999999258,-29.50000000000008,0.0,0.0,0.0,0.0,0.0,4.0,6.0,0.0
0.79697,0,109,0.0,0.0,0,0.795795,0.7976449999999999,0.7887,0.78234,0.0,-6.749999999999812,0.7967,0.7976449999999999,0.792855,-6.749999999999812,41.1499999999998,1.0,0.0,1.0,-1.0,0.0,0.0,0.0,0.0,0.0,0.0,0.0,0.0,0.0,0.0,0.0,0.0,4.0,6.0,-1.0
185.296,84,109,0.7777777777777778,1.0,7,185.2135,185.082,184.957,184.374,0.0,21.399999999999864,185.3945,185.1015,185.08749999999998,19.4500000000005,20.8500000000015,1.0,1.0,1.0,1.0,0.0,0.0,185.2135,185.461,2.0,8.249999999998181,-16.500000000002046,0.0,1.0,0.0,0.0,0.0,4.0,6.0,0.0
214.707,84,109,0.7777777777777778,1.0,7,214.65949999999998,214.35899999999998,213.377,211.676,0.0,34.80000000000132,214.786,214.4395,214.26299999999998,26.74999999999841,44.40000000000168,1.0,1.0,1.0,1.0,0.0,0.0,214.6595,214.802,2.0,4.749999999998522,-9.499999999999886,0.0,1.0,0.0,0.0,0.0,4.0,6.0,0.0
4214.9,0,109,0.0,0.0,0,4188.82,4193.57,4398.51,4810.925,0.0,213.29999999999927,4206.17,4149.625,4282.555,652.7499999999964,-676.5500000000065,1.0,-1.0,-1.0,1.0,0.0,0.0,0.0,0.0,0.0,0.0,0.0,0.0,0.0,1.0,0.0,0.0,4.0,6.0,-1.0
51209.23,84,109,0.7777777777777778,1.0,7,50997.875,50558.455,50405.16,48274.645000000004,0.0,6507750.000000015,51117.275,50729.625,50720.485,4796050.000000032,4887450.000000026,1.0,1.0,1.0,1.0,0.0,0.0,50997.875,51631.94,2.0,2113550.000000032,-4227099.999999992,0.0,0.0,0.0,1.0,0.0,4.0,6.0,1.0
29653.64,72,109,0.6666666666666666,1.0,6,29384.98,28998.03,29474.18,26770.09,0.0,6556100.000000006,29468.83,29139.98,29474.18,5136599.999999998,1794599.9999999912,1.0,1.0,0.0,1.0,0.0,0.0,29474.18,30012.56,2.0,1794599.9999999912,-3589200.000000019,0.0,0.0,0.0,1.0,0.0,4.0,6.0,1.0
7432.17,72,109,0.6666666666666666,1.0,6,7397.0,7352.95,7423.775,6966.775,0.0,792200.0000000026,7408.25,7355.85,7423.775,763199.9999999971,83950.00000000437,1.0,1.0,0.0,1.0,0.0,0.0,7423.775,7448.96,2.0,83950.00000000437,-167899.99999999965,0.0,0.0,0.0,1.0,0.0,4.0,6.0,1.0
99.804,0,109,0.0,0.0,0,99.93199999999999,99.93199999999999,99.065,98.0895,0.0,-12.79999999999859,99.756,99.93199999999999,99.6745,-12.79999999999859,12.950000000000728,-1.0,0.0,1.0,-1.0,0.0,0.0,0.0,0.0,0.0,0.0,0.0,0.0,0.0,0.0,1.0,1.0,4.0,6.0,-1.0
1.15881,0,109,0.0,0.0,0,1.159405,1.15624,1.164375,1.174675,0.0,25.699999999999612,1.1602000000000001,1.159105,1.157245,-2.9500000000015625,15.649999999998165,1.0,1.0,-1.0,1.0,0.0,0.0,0.0,0.0,0.0,0.0,0.0,0.0,0.0,0.0,0.0,0.0,0.0,6.0,-1.0
1.34098,0,109,0.0,0.0,0,1.34293,1.3392650000000001,1.34775,1.351365,0.0,17.14999999999911,1.342505,1.3425150000000001,1.339445,-15.350000000000641,15.350000000000641,-1.0,1.0,-1.0,1.0,0.0,0.0,0.0,0.0,0.0,0.0,0.0,0.0,0.0,0.0,0.0,0.0,0.0,6.0,-1.0
160.352,72,109,0.6666666666666666,1.0,6,160.06099999999998,160.065,158.54500000000002,156.95,0.0,28.700000000000614,160.20850000000002,160.06099999999998,159.9805,29.100000000002524,37.14999999999975,1.0,-1.0,1.0,1.0,0.0,0.0,160.065,160.926,2.0,28.700000000000614,-57.399999999998386,0.0,1.0,0.0,0.0,0.0,0.0,6.0,0.0
0.70697,60,109,0.5555555555555556,1.0,5,0.70635,0.70336,0.7125250000000001,0.694075,0.0,36.10000000000002,0.707625,0.705985,0.708025,9.850000000000136,-10.550000000000281,1.0,1.0,-1.0,1.0,0.0,0.0,0.70635,0.70821,2.0,6.199999999999539,-12.400000000000189,0.0,0.0,0.0,0.0,0.0,0.0,6.0,0.0
1.39906,84,109,0.7777777777777778,1.0,7,1.397215,1.396155,1.383605,1.38322,0.0,29.049999999999354,1.3981999999999999,1.397215,1.3926150000000002,18.449999999998745,64.44999999999811,1.0,1.0,1.0,1.0,0.0,0.0,1.39722,1.40275,2.0,18.400000000000638,-36.89999999999971,0.0,0.0,0.0,0.0,0.0,0.0,6.0,1.0
0.79474,0,109,0.0,0.0,0,0.7945599999999999,0.796685,0.7887,0.784815,0.0,-19.449999999999747,0.7935,0.794835,0.7938149999999999,-0.9499999999995623,9.250000000000647,-1.0,-1.0,1.0,-1.0,0.0,0.0,0.0,0.0,0.0,0.0,0.0,0.0,0.0,0.0,0.0,0.0,0.0,6.0,-1.0
185.814,84,109,0.7777777777777778,1.0,7,185.59699999999998,185.35199999999998,185.02499999999998,184.374,0.0,46.20000000000175,185.8995,185.59699999999998,185.08749999999998,21.700000000001296,72.65000000000157,1.0,1.0,1.0,1.0,0.0,0.0,185.597,186.248,2.0,21.699999999998454,-43.39999999999975,0.0,1.0,0.0,0.0,0.0,0.0,6.0,0.0
215.028,84,109,0.7777777777777778,1.0,7,214.81099999999998,214.6155,213.377,211.9085,0.0,41.24999999999943,215.0685,214.81099999999998,214.26299999999998,21.700000000001296,76.50000000000148,1.0,1.0,1.0,1.0,0.0,0.0,214.811,215.462,2.0,21.699999999998454,-43.39999999999975,0.0,1.0,0.0,0.0,0.0,0.0,6.0,0.0
4309.81,60,109,0.5555555555555556,1.0,5,4285.525,4196.565,4398.51,4810.925,0.0,1132.450000000008,4338.764999999999,4273.139999999999,4269.535,366.7000000000098,402.75000000000546,1.0,1.0,-1.0,1.0,0.0,0.0,4285.525,4358.38,2.0,242.85000000000764,-485.6999999999971,0.0,0.0,1.0,0.0,0.0,0.0,6.0,1.0
51724.13,84,109,0.7777777777777778,1.0,7,51542.475000000006,50825.630000000005,50510.305,48545.265,0.0,8984999.999999927,51786.43,51384.45,50825.630000000005,3396800.000000003,8984999.999999927,1.0,1.0,1.0,1.0,0.0,0.0,51542.475,52087.44,2.0,1816549.9999999884,-3633100.0000000494,0.0,0.0,0.0,1.0,0.0,0.0,6.0,1.0
30506.94,72,109,0.6666666666666666,1.0,6,30072.88,29389.43,29474.18,26770.09,0.0,11175099.999999983,30403.88,29896.78,29474.18,6101599.999999998,10327599.999999983,1.0,1.0,0.0,1.0,0.0,0.0,30072.88,31375.06,2.0,4340599.999999977,-8681200.000000026,0.0,0.0,0.0,1.0,0.0,0.0,6.0,0.0
7556.77,72,109,0.6666666666666666,1.0,6,7496.305,7402.875,7423.775,6966.775,0.0,1538950.0000000044,7549.505,7470.275,7421.225,864950.000000008,1355450.0000000007,1.0,1.0,-1.0,1.0,0.0,0.0,7496.305,7677.7,2.0,604650.0000000014,-1209299.9999999937,0.0,0.0,0.0,1.0,0.0,0.0,6.0,0.0
99.682,0,109,0.0,0.0,0,99.5995,99.8485,99.078,98.316,0.0,-16.64999999999992,99.5715,99.61699999999999,99.734,6.500000000001194,-5.19999999999925,-1.0,-1.0,1.0,-1.0,0.0,0.0,0.0,0.0,0.0,0.0,0.0,0.0,0.0,0.0,1.0,1.0,0.0,6.0,-1.0
1.16083,60,109,0.5555555555555556,1.0,5,1.159725,1.15624,1.164375,1.174675,0.0,45.900000000000944,1.160375,1.1597650000000002,1.157245,10.649999999998716,35.8499999999995,1.0,1.0,-1.0,1.0,0.0,0.0,1.15972,1.16304,2.0,11.099999999999444,-22.100000000000453,0.0,0.0,0.0,0.0,0.0,1.0,6.0,0.0
1.34245,0,109,0.0,0.0,0,1.3416649999999999,1.3392650000000001,1.345595,1.351365,0.0,31.849999999997713,1.3422749999999999,1.3417400000000002,1.339445,7.099999999997664,30.049999999999244,1.0,1.0,-1.0,0.0,0.0,0.0,0.0,0.0,0.0,0.0,0.0,0.0,0.0,0.0,0.0,0.0,1.0,6.0,-1.0
160.467,84,109,0.7777777777777778,1.0,7,160.2625,160.065,158.6575,156.95,0.0,40.20000000000152,160.397,160.253,160.065,21.400000000002706,40.20000000000152,1.0,1.0,1.0,1.0,0.0,0.0,160.2625,160.876,2.0,20.450000000002433,-40.89999999999918,0.0,1.0,0.0,0.0,0.0,1.0,6.0,0.0
0.70661,0,109,0.0,0.0,0,0.70608,0.70336,0.7125250000000001,0.694075,0.0,32.49999999999975,0.70713,0.706515,0.706385,0.9499999999995623,2.249999999999197,1.0,1.0,-1.0,0.0,0.0,0.0,0.0,0.0,0.0,0.0,0.0,0.0,0.0,0.0,0.0,0.0,1.0,6.0,-1.0
1.3994900000000001,60,109,0.5555555555555556,1.0,5,1.39987,1.396155,1.384705,1.38322,0.0,33.350000000000875,1.399785,1.399245,1.394485,2.4500000000005073,50.05000000000148,-1.0,1.0,1.0,1.0,0.0,0.0,1.39616,1.40616,2.0,33.30000000000055,-66.69999999999953,0.0,0.0,0.0,0.0,0.0,1.0,6.0,1.0
0.79315,60,109,0.5555555555555556,-1.0,5,0.7940499999999999,0.796685,0.788715,0.784815,0.0,-35.34999999999955,0.7939350000000001,0.794025,0.79403,-8.749999999999591,-8.799999999999919,-1.0,-1.0,1.0,-1.0,0.0,0.0,0.79405,0.79135,2.0,-9.000000000000119,18.000000000000238,0.0,0.0,0.0,0.0,0.0,1.0,6.0,1.0
186.27,72,109,0.6666666666666666,1.0,6,185.8795,185.483,185.144,184.374,0.0,78.70000000000061,186.1,185.8795,185.144,39.050000000000296,112.60000000000048,1.0,1.0,0.0,1.0,0.0,0.0,185.8795,187.051,2.0,39.050000000000296,-78.09999999999775,0.0,1.0,0.0,0.0,0.0,1.0,6.0,0.0
215.418,84,109,0.7777777777777778,1.0,7,215.02949999999998,214.70600000000002,213.377,211.9085,0.0,71.19999999999891,215.26350000000002,215.02949999999998,214.26299999999998,38.85000000000218,115.50000000000296,1.0,1.0,1.0,1.0,0.0,0.0,215.0295,216.195,2.0,38.84999999999934,-77.69999999999868,0.0,1.0,0.0,0.0,0.0,1.0,6.0,0.0
4331.77,60,109,0.5555555555555556,1.0,5,4330.265,4196.565,4398.51,4810.925,0.0,1352.0500000000084,4333.950000000001,4337.5650000000005,4269.535,-57.95000000000073,622.3500000000058,1.0,1.0,-1.0,1.0,0.0,0.0,4330.265,4334.78,2.0,15.050000000001091,-30.099999999993088,0.0,0.0,1.0,0.0,0.0,1.0,6.0,0.0
51999.13,84,109,0.7777777777777778,1.0,7,51926.58,50954.729999999996,50639.405,48545.265,0.0,10444000.000000015,51967.925,51895.08,50954.729999999996,1040499.9999999563,10444000.000000015,1.0,1.0,1.0,1.0,0.0,0.0,51926.58,52144.23,2.0,725499.9999999563,-1451000.0000000582,0.0,0.0,0.0,1.0,0.0,1.0,6.0,1.0
29985.84,0,109,0.0,0.0,0,30298.635000000002,29442.28,29474.18,26770.09,0.0,5435600.000000013,30287.885000000002,30298.635000000002,29420.68,-3127950.000000019,5651599.999999998,-1.0,1.0,-1.0,0.0,0.0,0.0,0.0,0.0,0.0,0.0,0.0,0.0,0.0,0.0,1.0,0.0,1.0,6.0,-1.0
7511.17,0,109,0.0,0.0,0,7535.325,7402.875,7423.775,6966.775,0.0,1082950.0000000007,7535.325,7541.9,7412.225,-307299.99999999563,989449.9999999971,0.0,1.0,-1.0,0.0,0.0,0.0,0.0,0.0,0.0,0.0,0.0,0.0,0.0,0.0,1.0,0.0,1.0,6.0,-1.0
99.553,60,109,0.5555555555555556,-1.0,5,99.62,99.8485,99.1445,98.316,0.0,-29.55000000000041,99.566,99.61449999999999,99.734,-6.1499999999995225,-18.09999999999974,-1.0,-1.0,1.0,-1.0,0.0,0.0,99.62,99.55166,0.02,-6.700000000000728,0.13399999999990087,0.0,0.0,0.0,1.0,1.0,1.0,6.0,1.0
1.15008,84,109,0.7777777777777778,-1.0,7,1.1547100000000001,1.154985,1.16098,1.174675,0.0,-49.04999999999937,1.1540300000000001,1.154875,1.15611,-47.95000000000105,-60.2999999999998,-1.0,-1.0,-1.0,-1.0,0.0,0.0,1.15471,1.14082,2.0,-46.299999999999116,92.60000000000046,0.0,0.0,0.0,0.0,0.0,2.0,6.0,-1.0
1.32948,84,109,0.7777777777777778,-1.0,7,1.33486,1.3361450000000001,1.3406500000000001,1.351365,0.0,-66.65000000000143,1.3340049999999999,1.33524,1.337255,-57.59999999999987,-77.75000000000088,-1.0,-1.0,-1.0,-1.0,0.0,0.0,1.33486,1.31872,2.0,-53.7999999999994,107.60000000000103,0.0,0.0,0.0,0.0,0.0,2.0,6.0,1.0
160.667,84,109,0.7777777777777778,1.0,7,160.454,160.16699999999997,159.05,156.95,0.0,50.00000000000284,160.474,160.454,160.16699999999997,21.299999999999386,50.00000000000284,1.0,1.0,1.0,1.0,0.0,0.0,160.454,161.093,2.0,21.299999999999386,-42.59999999999877,0.0,1.0,0.0,0.0,0.0,2.0,6.0,1.0
0.70129,60,109,0.5555555555555556,-1.0,5,0.70351,0.70339,0.7125250000000001,0.694075,0.0,-20.999999999999908,0.70351,0.70372,0.706125,-24.30000000000043,-48.350000000000335,0.0,1.0,-1.0,-1.0,0.0,0.0,0.70339,0.69709,2.0,-20.999999999999908,41.999999999999815,0.0,0.0,0.0,0.0,0.0,2.0,6.0,0.0
1.41022,84,109,0.7777777777777778,1.0,7,1.40556,1.40366,1.3903400000000001,1.38322,0.0,65.60000000000122,1.4062299999999999,1.40514,1.39943,50.799999999999734,107.90000000000077,1.0,1.0,1.0,1.0,0.0,0.0,1.40556,1.41954,2.0,46.60000000000109,-93.19999999999995,0.0,0.0,0.0,0.0,0.0,2.0,6.0,-1.0
0.79967,72,109,0.6666666666666666,1.0,6,0.79626,0.79626,0.7905249999999999,0.784815,0.0,34.10000000000024,0.79668,0.79626,0.7943549999999999,34.10000000000024,53.150000000000695,1.0,0.0,1.0,1.0,0.0,0.0,0.79626,0.80649,2.0,34.10000000000024,-68.20000000000049,0.0,0.0,0.0,0.0,0.0,2.0,6.0,1.0
184.777,60,109,0.5555555555555556,-1.0,5,185.4205,185.422,185.144,184.374,0.0,-64.50000000000102,185.2375,185.422,185.144,-64.50000000000102,-36.700000000001864,-1.0,0.0,0.0,-1.0,0.0,0.0,185.144,184.043,2.0,-36.700000000001864,73.39999999999804,0.0,1.0,0.0,0.0,0.0,2.0,6.0,0.0
213.603,0,109,0.0,0.0,0,214.336,214.38150000000002,213.377,211.9085,0.0,-77.85000000000082,214.123,214.38150000000002,214.26299999999998,-77.85000000000082,-65.99999999999682,-1.0,0.0,1.0,-1.0,0.0,0.0,0.0,0.0,0.0,0.0,0.0,0.0,1.0,0.0,0.0,0.0,2.0,6.0,-1.0
4258.39,0,109,0.0,0.0,0,4300.57,4217.54,4375.14,4810.925,0.0,408.50000000000364,4300.57,4300.57,4252.525,-421.7999999999938,58.65000000000691,0.0,1.0,-1.0,-1.0,0.0,0.0,0.0,0.0,0.0,0.0,0.0,0.0,0.0,1.0,0.0,0.0,2.0,6.0,-1.0
51585.03,48,109,0.4444444444444444,1.0,4,51830.825,51162.274999999994,50675.78,48545.265,0.0,4227550.000000047,51830.825,51830.825,50991.104999999996,-2457949.9999999823,5939250.000000029,0.0,1.0,1.0,0.0,0.0,0.0,51162.275,52430.54,2.0,4227549.999999974,-8455100.00000002,0.0,0.0,0.0,1.0,0.0,2.0,6.0,-1.0
29781.94,0,109,0.0,0.0,0,29921.78,29599.18,29474.18,26770.09,0.0,1827599.999999984,29901.88,30121.93,29420.68,-3399900.000000016,3612599.999999984,-1.0,1.0,-1.0,-1.0,0.0,0.0,0.0,0.0,0.0,0.0,0.0,0.0,0.0,0.0,1.0,0.0,2.0,6.0,-1.0
7437.42,0,109,0.0,0.0,0,7470.3,7417.875,7423.775,6966.775,0.0,195450.00000000073,7466.925,7483.85,7402.875,-464300.0000000029,345450.0000000007,-1.0,1.0,-1.0,-1.0,0.0,0.0,0.0,0.0,0.0,0.0,0.0,0.0,0.0,0.0,1.0,0.0,2.0,6.0,-1.0
100.397,84,109,0.7777777777777778,1.0,7,100.00800000000001,99.9815,99.40950000000001,98.316,0.0,41.550000000000864,100.069,100.00800000000001,99.86699999999999,38.89999999999958,53.000000000001535,1.0,1.0,1.0,1.0,0.0,0.0,100.008,100.40478,0.02,38.900000000001,-0.777999999999679,0.0,0.0,0.0,1.0,1.0,2.0,6.0,1.0
1.14574,84,109,0.7777777777777778,-1.0,7,1.14966,1.15366,1.1586400000000001,1.174675,0.0,-79.19999999999928,1.1469399999999998,1.15286,1.15366,-71.20000000000016,-79.19999999999928,-1.0,-1.0,-1.0,-1.0,0.0,0.0,1.14966,1.1379,2.0,-39.199999999999235,78.40000000000069,0.0,0.0,0.0,0.0,0.0,3.0,6.0,1.0
1.32023,84,109,0.7777777777777778,-1.0,7,1.32663,1.3326799999999999,1.336255,1.351365,0.0,-124.4999999999985,1.322305,1.3306149999999999,1.3326799999999999,-103.84999999999866,-124.4999999999985,-1.0,-1.0,-1.0,-1.0,0.0,0.0,1.32663,1.30743,2.0,-63.999999999999616,127.99999999999923,0.0,0.0,0.0,0.0,0.0,3.0,6.0,0.0
161.401,84,109,0.7777777777777778,1.0,7,161.1345,160.7695,159.5565,156.95,0.0,63.15000000000168,161.302,160.9805,160.6735,42.05000000000041,72.75000000000205,1.0,1.0,1.0,1.0,0.0,0.0,161.1345,161.934,2.0,26.650000000000773,-53.299999999998704,0.0,1.0,0.0,0.0,0.0,3.0,6.0,0.0
0.70137,84,109,0.7777777777777778,-1.0,7,0.7019949999999999,0.704155,0.712155,0.694075,0.0,-27.849999999999262,0.7019299999999999,0.70351,0.70336,-21.399999999999196,-19.899999999999363,-1.0,-1.0,-1.0,-1.0,0.0,0.0,0.70199,0.70012,2.0,-6.199999999999539,12.500000000000844,0.0,0.0,0.0,0.0,0.0,3.0,6.0,1.0
1.41358,84,109,0.7777777777777778,1.0,7,1.410685,1.404845,1.39239,1.38322,0.0,87.35000000000159,1.41284,1.407095,1.402285,64.85000000000073,112.95000000000056,1.0,1.0,1.0,1.0,0.0,0.0,1.41068,1.41937,2.0,29.000000000001247,-57.89999999999962,0.0,0.0,0.0,0.0,0.0,3.0,6.0,1.0
0.8045,84,109,0.7777777777777778,1.0,7,0.8015650000000001,0.7985949999999999,0.79286,0.784815,0.0,59.050000000000495,0.804145,0.79871,0.7985949999999999,57.89999999999962,59.050000000000495,1.0,1.0,1.0,1.0,0.0,0.0,0.80157,0.81037,2.0,29.299999999999883,-58.700000000000415,0.0,0.0,0.0,0.0,0.0,3.0,6.0,1.0
184.918,0,109,0.0,0.0,0,184.8255,185.2995,185.144,184.374,0.0,-38.14999999999884,184.8435,185.115,185.144,-19.700000000000273,-22.59999999999991,1.0,-1.0,0.0,-1.0,0.0,0.0,0.0,0.0,0.0,0.0,0.0,0.0,1.0,0.0,0.0,0.0,3.0,6.0,-1.0
213.085,72,109,0.6666666666666666,-1.0,6,213.2285,213.973,213.377,211.9085,0.0,-88.80000000000052,212.98,213.7145,213.973,-62.949999999997885,-88.80000000000052,-1.0,-1.0,1.0,-1.0,0.0,0.0,213.2285,212.798,2.0,-14.349999999998886,28.700000000000614,0.0,1.0,0.0,0.0,0.0,3.0,6.0,1.0
4210.02,72,109,0.6666666666666666,-1.0,6,4290.415,4279.6,4371.175,4810.925,0.0,-695.7999999999993,4239.01,4291.86,4203.025,-818.3999999999924,69.950000000008,-1.0,1.0,-1.0,-1.0,0.0,0.0,4279.6,4070.86,2.0,-695.7999999999993,1391.600000000003,0.0,0.0,1.0,0.0,0.0,3.0,6.0,-1.0
51617.23,0,109,0.0,0.0,0,51779.880000000005,51549.925,50675.78,48545.265,0.0,673050.0000000029,51742.9,51830.825,50991.104999999996,-2135949.999999939,6261250.000000073,-1.0,1.0,1.0,-1.0,0.0,0.0,0.0,0.0,0.0,0.0,0.0,0.0,0.0,0.0,1.0,0.0,3.0,6.0,-1.0
30395.44,72,109,0.6666666666666666,1.0,6,30028.53,29928.03,29474.18,26770.09,0.0,4674099.999999998,30270.980000000003,30028.53,29420.68,3669099.9999999986,9747599.999999983,1.0,1.0,-1.0,1.0,0.0,0.0,30028.53,31129.26,2.0,3669099.9999999986,-7338199.999999997,0.0,0.0,0.0,1.0,0.0,3.0,6.0,0.0
7503.42,0,109,0.0,0.0,0,7459.295,7470.275,7423.775,6966.775,0.0,331450.00000000437,7489.595,7466.925,7402.875,364949.9999999989,1005450.0000000007,1.0,-1.0,-1.0,-1.0,0.0,0.0,0.0,0.0,0.0,0.0,0.0,0.0,0.0,0.0,1.0,0.0,3.0,6.0,-1.0
100.811,84,109,0.7777777777777778,1.0,7,100.23,100.1425,99.655,98.316,0.0,66.85000000000088,100.7105,100.2235,100.1425,58.75000000000057,66.85000000000088,1.0,1.0,1.0,1.0,0.0,0.0,100.23,100.82262,0.02,58.10000000000031,-1.1619999999993524,0.0,0.0,0.0,1.0,1.0,3.0,6.0,1.0
1.14711,60,109,0.5555555555555556,-1.0,5,1.14492,1.151915,1.155185,1.174675,0.0,-48.049999999999486,1.146865,1.145265,1.151985,18.450000000000966,-48.74999999999963,1.0,-1.0,-1.0,-1.0,0.0,0.0,1.15192,1.1375,2.0,-48.09999999999981,96.10000000000119,0.0,0.0,0.0,0.0,0.0,4.0,6.0,1.0
1.3225799999999999,60,109,0.5555555555555556,-1.0,5,1.32016,1.330355,1.33359,1.351365,0.0,-77.75000000000088,1.322655,1.3208099999999998,1.331185,17.700000000000493,-86.05000000000196,1.0,-1.0,-1.0,-1.0,0.0,0.0,1.33035,1.30703,2.0,-77.70000000000054,155.49999999999952,0.0,0.0,0.0,0.0,0.0,4.0,6.0,-1.0
161.273,60,109,0.5555555555555556,1.0,5,161.3645,160.917,160.0275,156.95,0.0,35.599999999999454,161.2345,161.139,160.6735,13.399999999998613,59.950000000000614,-1.0,1.0,1.0,1.0,0.0,0.0,160.917,161.985,2.0,35.599999999999454,-71.20000000000175,0.0,1.0,0.0,0.0,0.0,4.0,6.0,-1.0
0.70082,60,109,0.5555555555555556,-1.0,5,0.7006600000000001,0.70387,0.71008,0.694075,0.0,-30.49999999999997,0.701435,0.701325,0.70336,-5.049999999999777,-25.399999999999867,1.0,-1.0,-1.0,-1.0,0.0,0.0,0.70387,0.69472,2.0,-30.49999999999997,60.99999999999994,0.0,0.0,0.0,0.0,0.0,4.0,6.0,1.0
1.41663,84,109,0.7777777777777778,1.0,7,1.415365,1.4076549999999999,1.3948999999999998,1.38322,0.0,89.75000000000178,1.416505,1.4146649999999998,1.40411,19.650000000002166,125.20000000000087,1.0,1.0,1.0,1.0,0.0,0.0,1.41536,1.41916,2.0,12.700000000001044,-25.299999999999212,0.0,0.0,0.0,0.0,0.0,4.0,6.0,1.0
0.80641,84,109,0.7777777777777778,1.0,7,0.8063,0.8000799999999999,0.794345,0.784815,0.0,63.30000000000058,0.807015,0.805595,0.8000799999999999,8.150000000000102,63.30000000000058,1.0,1.0,1.0,1.0,0.0,0.0,0.8063,0.80663,2.0,1.0999999999994348,-2.1999999999999797,0.0,0.0,0.0,0.0,0.0,4.0,6.0,1.0
185.007,0,109,0.0,0.0,0,184.82850000000002,185.2995,185.144,184.374,0.0,-29.249999999998977,184.94650000000001,184.8255,185.2995,18.149999999999977,-29.249999999998977,1.0,-1.0,1.0,0.0,0.0,0.0,0.0,0.0,0.0,0.0,0.0,0.0,1.0,0.0,0.0,0.0,4.0,6.0,-1.0
213.292,0,109,0.0,0.0,0,212.98,213.973,213.377,211.9085,0.0,-68.10000000000116,213.3345,212.98,213.973,31.200000000001182,-68.10000000000116,1.0,-1.0,1.0,-1.0,0.0,0.0,0.0,0.0,0.0,0.0,0.0,0.0,1.0,0.0,0.0,0.0,4.0,6.0,-1.0
4155.46,84,109,0.7777777777777778,-1.0,7,4189.655,4251.965,4344.425,4810.925,0.0,-965.0500000000011,4162.24,4223.12,4203.025,-676.5999999999985,-475.649999999996,-1.0,-1.0,-1.0,-1.0,0.0,0.0,4189.655,4087.07,2.0,-341.9499999999971,683.8999999999987,0.0,0.0,1.0,0.0,0.0,4.0,6.0,0.0
51461.6,60,109,0.5555555555555556,-1.0,5,51584.854999999996,51827.854999999996,50675.78,48545.265,0.0,-3662549.999999974,51483.979999999996,51659.33,50991.104999999996,-1977300.0000000321,4704950.000000026,-1.0,-1.0,1.0,-1.0,0.0,0.0,51584.855,51215.09,2.0,-1232550.0000000466,2465100.0000000205,0.0,0.0,0.0,1.0,0.0,4.0,6.0,0.0
30322.33,72,109,0.6666666666666666,1.0,6,30268.33,30121.93,29474.18,26770.09,0.0,2004000.0000000144,30297.53,30235.230000000003,29420.68,870999.9999999854,9016500.000000015,1.0,1.0,-1.0,1.0,0.0,0.0,30268.33,30430.33,2.0,540000.0,-1080000.0,0.0,0.0,0.0,1.0,0.0,4.0,6.0,0.0
7486.48,0,109,0.0,0.0,0,7482.745,7490.425,7423.775,6966.775,0.0,-39450.000000006185,7482.43,7482.745,7402.875,37349.999999996726,836049.9999999956,-1.0,-1.0,-1.0,1.0,0.0,0.0,0.0,0.0,0.0,0.0,0.0,0.0,0.0,0.0,1.0,0.0,4.0,6.0,-1.0
100.724,60,109,0.5555555555555556,1.0,5,100.814,100.267,99.9215,98.316,0.0,45.700000000000784,100.7625,100.8135,100.246,-8.950000000000102,47.800000000000864,-1.0,1.0,1.0,1.0,0.0,0.0,100.267,100.73314,0.02,45.700000000000784,-0.9140000000002146,0.0,0.0,0.0,1.0,1.0,4.0,6.0,1.0
1.14278,84,109,0.7777777777777778,-1.0,7,1.1448649999999998,1.151875,1.155185,1.170375,0.0,-90.95000000000076,1.14404,1.1449799999999999,1.151985,-21.999999999999797,-92.05000000000129,-1.0,-1.0,-1.0,-1.0,0.0,0.0,1.14486,1.13861,2.0,-20.800000000000818,41.700000000000074,0.0,0.0,0.0,0.0,0.0,0.0,6.0,1.0
1.32487,0,109,0.0,0.0,0,1.3226399999999998,1.33028,1.33359,1.350425,0.0,-54.09999999999915,1.32538,1.3226399999999998,1.331185,22.300000000001763,-63.1500000000007,1.0,-1.0,-1.0,0.0,0.0,0.0,0.0,0.0,0.0,0.0,0.0,0.0,0.0,0.0,0.0,0.0,0.0,6.0,-1.0
161.603,72,109,0.6666666666666666,1.0,6,161.502,161.01850000000002,160.21050000000002,157.02,0.0,58.449999999999136,161.502,161.502,160.73149999999998,10.099999999999909,87.15000000000259,0.0,1.0,1.0,1.0,0.0,0.0,161.502,161.805,2.0,10.099999999999909,-20.199999999999818,0.0,1.0,0.0,0.0,0.0,0.0,6.0,0.0
0.69996,84,109,0.7777777777777778,-1.0,7,0.700635,0.703435,0.70897,0.69685,0.0,-34.75000000000006,0.7004349999999999,0.700895,0.70336,-9.350000000000191,-33.99999999999959,-1.0,-1.0,-1.0,-1.0,0.0,0.0,0.70064,0.69861,2.0,-6.800000000000139,13.500000000000734,0.0,0.0,0.0,0.0,0.0,0.0,6.0,1.0
1.4160300000000001,60,109,0.5555555555555556,1.0,5,1.41686,1.408665,1.39621,1.38647,0.0,73.65000000000066,1.41609,1.41639,1.404625,-3.5999999999991594,114.05000000000109,-1.0,1.0,1.0,1.0,0.0,0.0,1.40867,1.43076,2.0,73.60000000000034,-147.2999999999991,0.0,0.0,0.0,0.0,0.0,0.0,6.0,-1.0
0.80863,84,109,0.7777777777777778,1.0,7,0.80803,0.80036,0.7946249999999999,0.7872049999999999,0.0,82.69999999999999,0.808515,0.807545,0.80036,10.850000000000026,82.69999999999999,1.0,1.0,1.0,1.0,0.0,0.0,0.80803,0.80983,2.0,5.999999999999339,-12.000000000000899,0.0,0.0,0.0,0.0,0.0,0.0,6.0,0.0
184.672,60,109,0.5555555555555556,-1.0,5,184.88549999999998,185.2995,185.144,184.374,0.0,-62.74999999999977,184.88549999999998,184.88549999999998,185.2995,-21.349999999998204,-62.74999999999977,0.0,-1.0,1.0,-1.0,0.0,0.0,184.8855,184.245,2.0,-21.350000000001046,42.69999999999925,0.0,1.0,0.0,0.0,0.0,0.0,6.0,1.0
214.102,72,109,0.6666666666666666,1.0,6,213.6035,213.973,213.377,211.9085,0.0,12.899999999999068,214.13049999999998,213.6035,213.973,49.850000000000705,12.899999999999068,1.0,-1.0,1.0,1.0,0.0,0.0,213.973,214.36,2.0,12.899999999999068,-25.800000000000978,0.0,1.0,0.0,0.0,0.0,0.0,6.0,0.0
4191.05,0,109,0.0,0.0,0,4178.385,4251.965,4309.47,4778.635,0.0,-609.1499999999996,4190.665,4171.025,4203.025,200.25000000000546,-119.74999999999454,1.0,-1.0,-1.0,0.0,0.0,0.0,0.0,0.0,0.0,0.0,0.0,0.0,0.0,1.0,0.0,0.0,0.0,6.0,-1.0
51767.33,0,109,0.0,0.0,0,51601.49,51791.19,50675.78,48743.69,0.0,-238600.00000000582,51749.075,51601.49,50991.104999999996,1658400.0000000377,7762250.000000058,1.0,-1.0,1.0,0.0,0.0,0.0,0.0,0.0,0.0,0.0,0.0,0.0,0.0,0.0,1.0,0.0,0.0,6.0,-1.0
30343.24,72,109,0.6666666666666666,1.0,6,30338.33,30122.43,29474.18,26770.09,0.0,2208100.000000013,30421.58,30338.33,29442.78,49099.999999998545,9004600.000000028,1.0,1.0,-1.0,1.0,0.0,0.0,30338.33,30353.06,2.0,49099.999999998545,-98199.99999999709,0.0,0.0,0.0,1.0,0.0,0.0,6.0,1.0
7473.57,0,109,0.0,0.0,0,7487.855,7483.85,7423.775,6966.775,0.0,-102800.00000000655,7494.975,7487.855,7402.875,-142849.99999999854,706949.9999999971,1.0,1.0,-1.0,0.0,0.0,0.0,0.0,0.0,0.0,0.0,0.0,0.0,0.0,0.0,1.0,0.0,0.0,6.0,-1.0
100.978,84,109,0.7777777777777778,1.0,7,100.8755,100.27250000000001,99.9215,98.658,0.0,70.54999999999865,100.9145,100.86250000000001,100.246,11.549999999998306,73.19999999999993,1.0,1.0,1.0,1.0,0.0,0.0,100.8755,100.98005,0.02,10.249999999999204,-0.20500000000112095,0.0,0.0,0.0,1.0,1.0,0.0,6.0,1.0
1.13808,84,109,0.7777777777777778,-1.0,7,1.14074,1.148925,1.15308,1.170375,0.0,-108.44999999999993,1.138785,1.141965,1.14988,-38.84999999999916,-118.00000000000033,-1.0,-1.0,-1.0,-1.0,0.0,0.0,1.14074,1.13276,2.0,-26.600000000001067,53.19999999999992,0.0,0.0,0.0,0.0,0.0,1.0,6.0,1.0
1.32016,84,109,0.7777777777777778,-1.0,7,1.32179,1.3290449999999998,1.33359,1.350425,0.0,-88.84999999999809,1.3202,1.322755,1.331185,-25.94999999999903,-110.25000000000063,-1.0,-1.0,-1.0,-1.0,0.0,0.0,1.32179,1.3169,2.0,-16.300000000000203,32.600000000000406,0.0,0.0,0.0,0.0,0.0,1.0,6.0,1.0
161.574,84,109,0.7777777777777778,1.0,7,161.503,161.0385,160.256,157.02,0.0,53.55000000000132,161.529,161.502,160.73149999999998,7.200000000000273,84.25000000000296,1.0,1.0,1.0,1.0,0.0,0.0,161.503,161.716,2.0,7.1000000000026375,-14.19999999999959,0.0,1.0,0.0,0.0,0.0,1.0,6.0,0.0
0.69152,84,109,0.7777777777777778,-1.0,7,0.695525,0.699105,0.70536,0.69685,0.0,-75.84999999999953,0.69242,0.696025,0.69975,-45.04999999999981,-82.2999999999996,-1.0,-1.0,-1.0,-1.0,0.0,0.0,0.69552,0.68351,2.0,-40.000000000000036,80.10000000000073,0.0,0.0,0.0,0.0,0.0,1.0,6.0,-1.0
1.42077,84,109,0.7777777777777778,1.0,7,1.4183,1.41107,1.397395,1.38647,0.0,97.00000000000043,1.419295,1.418045,1.407425,27.250000000000885,133.45000000000164,1.0,1.0,1.0,1.0,0.0,0.0,1.4183,1.42571,2.0,24.700000000001943,-49.399999999999444,0.0,0.0,0.0,0.0,0.0,1.0,6.0,0.0
0.80957,72,109,0.6666666666666666,1.0,6,0.80906,0.80123,0.795075,0.7872049999999999,0.0,83.40000000000015,0.80906,0.80877,0.80081,8.00000000000023,87.5999999999999,0.0,1.0,1.0,1.0,0.0,0.0,0.80906,0.81059,2.0,5.1000000000001044,-10.200000000000209,0.0,0.0,0.0,0.0,0.0,1.0,6.0,1.0
183.882,72,109,0.6666666666666666,-1.0,6,184.30700000000002,184.8595,185.04399999999998,184.374,0.0,-97.7499999999992,183.9335,184.58249999999998,185.04399999999998,-70.04999999999768,-116.19999999999777,-1.0,-1.0,0.0,-1.0,0.0,0.0,184.307,183.032,2.0,-42.499999999998295,84.99999999999943,0.0,1.0,0.0,0.0,0.0,1.0,6.0,0.0
213.303,72,109,0.6666666666666666,-1.0,6,213.5885,213.7145,214.00099999999998,211.9085,0.0,-41.149999999998954,213.2665,213.8225,213.973,-51.94999999999936,-67.00000000000159,-1.0,1.0,-1.0,-1.0,0.0,0.0,213.5885,212.732,2.0,-28.55000000000132,57.099999999999795,0.0,1.0,0.0,0.0,0.0,1.0,6.0,1.0
4110.26,84,109,0.7777777777777778,-1.0,7,4144.475,4236.565,4309.47,4778.635,0.0,-1263.0499999999938,4125.085,4152.875,4203.025,-426.1499999999978,-927.6499999999942,-1.0,-1.0,-1.0,-1.0,0.0,0.0,4144.475,4041.83,2.0,-342.15000000000146,684.3000000000029,0.0,0.0,1.0,0.0,0.0,1.0,6.0,1.0
51690.53,60,109,0.5555555555555556,1.0,5,51584.43,51783.455,50749.130000000005,48743.69,0.0,-929250.0000000291,51586.55,51593.755,50991.104999999996,967750.0000000146,6994250.000000029,1.0,-1.0,1.0,1.0,0.0,0.0,51584.43,51902.73,2.0,1060999.9999999856,-2122000.000000044,0.0,0.0,0.0,1.0,0.0,1.0,6.0,0.0
29405.74,72,109,0.6666666666666666,-1.0,6,29820.185,29959.88,29474.18,26770.09,0.0,-5541399.999999994,29500.88,29959.88,29442.78,-5541399.999999994,-370399.99999997235,-1.0,0.0,-1.0,-1.0,0.0,0.0,29474.18,29268.86,2.0,-684399.999999987,1368800.0000000102,0.0,0.0,0.0,1.0,0.0,1.0,6.0,0.0
7374.02,84,109,0.7777777777777778,-1.0,7,7416.575000000001,7440.225,7423.775,6966.775,0.0,-662049.9999999993,7386.4,7439.325000000001,7402.875,-653050.0000000029,-288549.99999999563,-1.0,-1.0,-1.0,-1.0,0.0,0.0,7416.575,7288.91,2.0,-425549.99999999383,851100.0000000058,0.0,0.0,0.0,1.0,0.0,1.0,6.0,0.0
101.385,84,109,0.7777777777777778,1.0,7,101.17099999999999,100.5,100.088,98.658,0.0,88.50000000000051,101.3175,101.116,100.4125,26.900000000000546,97.25000000000108,1.0,1.0,1.0,1.0,0.0,0.0,101.171,101.38928,0.02,21.399999999999864,-0.42799999999942884,0.0,0.0,0.0,1.0,1.0,1.0,6.0,1.0
1.1359,72,109,0.6666666666666666,-1.0,6,1.135405,1.1406,1.15052,1.170375,0.0,-47.000000000001485,1.13462,1.13686,1.1473200000000001,-9.600000000000719,-114.20000000000208,-1.0,-1.0,-1.0,-1.0,0.0,0.0,1.1406,1.1265,2.0,-47.000000000001485,93.99999999999852,0.0,0.0,0.0,0.0,0.0,2.0,6.0,0.0
1.31661,84,109,0.7777777777777778,-1.0,7,1.317445,1.32065,1.3324500000000001,1.350425,0.0,-40.40000000000043,1.3159399999999999,1.318575,1.3300450000000001,-19.649999999999945,-134.35000000000085,-1.0,-1.0,-1.0,-1.0,0.0,0.0,1.31744,1.31494,2.0,-8.299999999998864,16.700000000000603,0.0,0.0,0.0,0.0,0.0,2.0,6.0,1.0
161.808,84,109,0.7777777777777778,1.0,7,161.6445,161.36,160.256,157.02,0.0,44.79999999999791,161.7355,161.5885,160.8275,21.949999999998226,98.05000000000064,1.0,1.0,1.0,1.0,0.0,0.0,161.6445,162.135,2.0,16.34999999999991,-32.69999999999982,0.0,1.0,0.0,0.0,0.0,2.0,6.0,0.0
0.68999,84,109,0.7777777777777778,-1.0,7,0.690275,0.6959850000000001,0.70414,0.69685,0.0,-59.950000000000834,0.689415,0.692105,0.69853,-21.14999999999978,-85.39999999999992,-1.0,-1.0,-1.0,-1.0,0.0,0.0,0.69027,0.68942,2.0,-2.80000000000058,5.699999999999594,0.0,0.0,0.0,0.0,0.0,2.0,6.0,1.0
1.42328,84,109,0.7777777777777778,1.0,7,1.4224649999999999,1.4179650000000001,1.39894,1.38647,0.0,53.14999999999959,1.423155,1.42084,1.409915,24.399999999999977,133.65000000000072,1.0,1.0,1.0,1.0,0.0,0.0,1.42246,1.42491,2.0,8.20000000000043,-16.299999999997983,0.0,0.0,0.0,0.0,0.0,2.0,6.0,0.0
0.81224,84,109,0.7777777777777778,1.0,7,0.811565,0.80802,0.796735,0.7872049999999999,0.0,42.20000000000002,0.8126549999999999,0.81072,0.80247,15.199999999999658,97.69999999999945,1.0,1.0,1.0,1.0,0.0,0.0,0.81156,0.81359,2.0,6.800000000000139,-13.500000000000734,0.0,0.0,0.0,0.0,0.0,2.0,6.0,0.0
183.792,60,109,0.5555555555555556,-1.0,5,183.5435,184.27749999999997,184.73899999999998,184.374,0.0,-48.54999999999734,183.4895,183.69,184.73899999999998,10.200000000000387,-94.69999999999743,-1.0,-1.0,0.0,-1.0,0.0,0.0,184.2775,182.821,2.0,-48.55000000000018,97.10000000000036,0.0,1.0,0.0,0.0,0.0,2.0,6.0,0.0
213.037,72,109,0.6666666666666666,-1.0,6,213.015,213.534,214.00099999999998,211.9085,0.0,-49.69999999999857,212.8095,213.0455,213.973,-0.8499999999997954,-93.6000000000007,-1.0,-1.0,-1.0,-1.0,0.0,0.0,213.534,212.043,2.0,-49.69999999999857,99.39999999999998,0.0,1.0,0.0,0.0,0.0,2.0,6.0,0.0
3997.04,84,109,0.7777777777777778,-1.0,7,4045.0600000000004,4117.885,4277.18,4778.635,0.0,-1208.4500000000025,4003.925,4052.035,4170.735,-549.9499999999989,-1736.949999999997,-1.0,-1.0,-1.0,-1.0,0.0,0.0,4045.06,3901.0,2.0,-480.1999999999998,960.3999999999996,0.0,0.0,1.0,0.0,0.0,2.0,6.0,0.0
51940.03,72,109,0.6666666666666666,1.0,6,51908.08,51783.729999999996,50749.405,48743.69,0.0,1563000.000000029,51908.08,51785.850000000006,51533.130000000005,1541799.9999999302,4068999.999999942,0.0,1.0,1.0,1.0,0.0,0.0,51908.08,52003.93,2.0,319499.9999999709,-639000.0000000146,0.0,0.0,0.0,1.0,0.0,2.0,6.0,0.0
29821.44,48,109,0.4444444444444444,1.0,4,29402.135000000002,29805.13,29474.18,26770.09,0.0,163099.99999997672,29402.135000000002,29402.135000000002,29805.13,4193049.9999999665,163099.99999997672,0.0,-1.0,1.0,0.0,0.0,0.0,29805.13,29854.06,2.0,163099.99999997672,-326200.0000000262,0.0,0.0,0.0,1.0,0.0,2.0,6.0,0.0
7412.43,0,109,0.0,0.0,0,7383.75,7434.325000000001,7423.775,6966.775,0.0,-218950.00000000437,7383.75,7383.75,7458.725,286800.0000000029,-462950.0000000007,0.0,-1.0,1.0,0.0,0.0,0.0,0.0,0.0,0.0,0.0,0.0,0.0,0.0,0.0,1.0,0.0,2.0,6.0,-1.0
101.597,84,109,0.7777777777777778,1.0,7,101.5735,101.156,100.2635,98.658,0.0,44.09999999999883,101.642,101.4305,100.588,16.64999999999992,100.90000000000003,1.0,1.0,1.0,1.0,0.0,0.0,101.5735,101.59747,0.02,2.349999999999852,-0.04700000000070759,0.0,0.0,0.0,1.0,1.0,2.0,6.0,1.0
1.13708,0,109,0.0,0.0,0,1.13606,1.140255,1.15052,1.170375,0.0,-31.74999999999928,1.1362100000000002,1.135625,1.1473200000000001,14.54999999999984,-102.40000000000026,1.0,-1.0,-1.0,0.0,0.0,0.0,0.0,0.0,0.0,0.0,0.0,0.0,0.0,0.0,0.0,0.0,3.0,6.0,-1.0
1.3191899999999999,0,109,0.0,0.0,0,1.31839,1.32065,1.3324500000000001,1.350425,0.0,-14.600000000002389,1.3185799999999999,1.3179500000000002,1.3300450000000001,12.399999999996858,-108.55000000000281,1.0,-1.0,-1.0,0.0,0.0,0.0,0.0,0.0,0.0,0.0,0.0,0.0,0.0,0.0,0.0,0.0,3.0,6.0,-1.0
161.79,72,109,0.6666666666666666,1.0,6,161.75,161.514,160.336,157.02,0.0,27.599999999998204,161.728,161.75,160.8395,3.999999999999204,95.05000000000052,-1.0,1.0,1.0,1.0,0.0,0.0,161.75,161.87,2.0,3.999999999999204,-8.00000000000125,0.0,1.0,0.0,0.0,0.0,3.0,6.0,0.0
0.69093,0,109,0.0,0.0,0,0.690525,0.69522,0.70414,0.69685,0.0,-42.899999999999054,0.690615,0.690475,0.69853,4.550000000000942,-75.9999999999994,1.0,-1.0,-1.0,0.0,0.0,0.0,0.0,0.0,0.0,0.0,0.0,0.0,0.0,0.0,0.0,0.0,3.0,6.0,-1.0
1.41989,0,109,0.0,0.0,0,1.42127,1.4195950000000002,1.3991950000000002,1.38647,0.0,2.949999999999342,1.421265,1.42127,1.40992,-13.799999999999368,99.70000000000034,-1.0,1.0,1.0,0.0,0.0,0.0,0.0,0.0,0.0,0.0,0.0,0.0,0.0,0.0,0.0,0.0,3.0,6.0,-1.0
0.80999,0,109,0.0,0.0,0,0.81121,0.81014,0.796735,0.7872049999999999,0.0,-1.4999999999998348,0.81121,0.81145,0.80247,-14.600000000000168,75.1999999999997,0.0,1.0,1.0,-1.0,0.0,0.0,0.0,0.0,0.0,0.0,0.0,0.0,0.0,0.0,0.0,0.0,3.0,6.0,-1.0
183.966,0,109,0.0,0.0,0,183.749,184.27749999999997,184.73899999999998,184.374,0.0,-31.14999999999668,183.801,183.63,184.73899999999998,33.60000000000127,-77.29999999999677,1.0,-1.0,0.0,0.0,0.0,0.0,0.0,0.0,0.0,0.0,0.0,0.0,1.0,0.0,0.0,0.0,3.0,6.0,-1.0
213.431,0,109,0.0,0.0,0,213.2095,213.6005,214.00099999999998,211.9085,0.0,-16.949999999999932,213.31599999999997,213.1265,213.973,30.450000000001864,-54.20000000000016,1.0,-1.0,-1.0,1.0,0.0,0.0,0.0,0.0,0.0,0.0,0.0,0.0,1.0,0.0,0.0,0.0,3.0,6.0,-1.0
4024.61,60,109,0.5555555555555556,-1.0,5,4001.62,4089.795,4277.18,4778.635,0.0,-651.8499999999995,4011.42,4019.075,4170.735,55.35000000000309,-1461.2499999999955,1.0,-1.0,-1.0,-1.0,0.0,0.0,4089.795,3894.24,2.0,-651.8499999999995,1303.7000000000035,0.0,0.0,1.0,0.0,0.0,3.0,6.0,0.0
52054.93,72,109,0.6666666666666666,1.0,6,52221.524999999994,51981.88,51181.55,48743.69,0.0,730500.0000000291,52270.975,52106.229999999996,51981.88,-512999.99999995634,730500.0000000291,1.0,1.0,1.0,1.0,0.0,0.0,51981.88,52201.03,2.0,730500.0000000291,-1460999.9999999856,0.0,0.0,0.0,1.0,0.0,3.0,6.0,0.0
29461.54,0,109,0.0,0.0,0,29456.33,29805.13,29474.18,26770.09,0.0,-3435900.0000000014,29473.63,29456.33,29805.13,52099.99999999127,-3435900.0000000014,1.0,-1.0,1.0,0.0,0.0,0.0,0.0,0.0,0.0,0.0,0.0,0.0,0.0,0.0,1.0,0.0,3.0,6.0,-1.0
7369.62,60,109,0.5555555555555556,-1.0,5,7375.02,7426.625,7423.775,6966.775,0.0,-570050.000000001,7375.02,7376.049999999999,7451.025,-64299.999999993815,-814049.9999999974,0.0,-1.0,1.0,-1.0,0.0,0.0,7375.02,7358.82,2.0,-54000.00000000546,108000.00000000182,0.0,0.0,0.0,1.0,0.0,3.0,6.0,1.0
101.415,0,109,0.0,0.0,0,101.51650000000001,101.249,100.2635,98.658,0.0,16.600000000001103,101.5085,101.53800000000001,100.588,-12.300000000000466,82.70000000000124,-1.0,1.0,1.0,0.0,0.0,0.0,0.0,0.0,0.0,0.0,0.0,0.0,0.0,0.0,1.0,1.0,3.0,6.0,-1.0
1.13813,60,109,0.5555555555555556,-1.0,5,1.13941,1.13898,1.15052,1.170375,0.0,-8.500000000000174,1.140745,1.13836,1.1472099999999998,-2.2999999999995246,-90.79999999999755,1.0,-1.0,-1.0,1.0,0.0,0.0,1.13898,1.13643,2.0,-8.500000000000174,17.000000000000348,0.0,0.0,0.0,0.0,0.0,4.0,6.0,0.0
1.31914,60,109,0.5555555555555556,-1.0,5,1.320595,1.320365,1.3324500000000001,1.350425,0.0,-12.250000000000316,1.3211300000000001,1.319125,1.32914,0.14999999999876223,-100.00000000000009,1.0,-1.0,-1.0,1.0,0.0,0.0,1.32037,1.31669,2.0,-12.300000000000644,24.500000000000632,0.0,0.0,0.0,0.0,0.0,4.0,6.0,0.0
161.756,72,109,0.6666666666666666,1.0,6,161.6865,161.514,160.336,157.02,0.0,24.199999999999022,161.6765,161.738,160.9965,1.8000000000000682,75.95000000000027,-1.0,1.0,1.0,1.0,0.0,0.0,161.6865,161.895,2.0,6.9500000000005,-13.900000000001,0.0,1.0,0.0,0.0,0.0,4.0,6.0,1.0
0.68911,72,109,0.6666666666666666,-1.0,6,0.6896150000000001,0.69445,0.703785,0.69685,0.0,-53.40000000000011,0.6903950000000001,0.6901200000000001,0.69774,-10.100000000000664,-86.30000000000027,1.0,-1.0,-1.0,-1.0,0.0,0.0,0.68962,0.6881,2.0,-5.1000000000001044,10.099999999999554,0.0,0.0,0.0,0.0,0.0,4.0,6.0,0.0
1.41925,0,109,0.0,0.0,0,1.418925,1.419775,1.40091,1.38647,0.0,-5.250000000001087,1.4184700000000001,1.4208500000000002,1.411355,-16.00000000000268,78.94999999999985,-1.0,1.0,1.0,-1.0,0.0,0.0,0.0,0.0,0.0,0.0,0.0,0.0,0.0,0.0,0.0,0.0,4.0,6.0,-1.0
0.81007,0,109,0.0,0.0,0,0.808835,0.8102199999999999,0.796735,0.7872049999999999,0.0,-1.4999999999998348,0.80829,0.80998,0.80247,0.8999999999992347,75.9999999999994,-1.0,-1.0,1.0,-1.0,0.0,0.0,0.0,0.0,0.0,0.0,0.0,0.0,0.0,0.0,0.0,0.0,4.0,6.0,-1.0
184.104,0,109,0.0,0.0,0,184.26749999999998,184.2395,184.73899999999998,184.374,0.0,-13.549999999997908,184.4445,184.1125,184.73899999999998,-0.8499999999997954,-63.49999999999625,1.0,-1.0,0.0,1.0,0.0,0.0,0.0,0.0,0.0,0.0,0.0,0.0,1.0,0.0,0.0,0.0,4.0,6.0,-1.0
213.378,60,109,0.5555555555555556,-1.0,5,213.505,213.583,214.00099999999998,211.9085,0.0,-20.50000000000125,213.5815,213.3185,213.973,5.9499999999985675,-59.50000000000273,1.0,-1.0,-1.0,1.0,0.0,0.0,213.505,213.124,2.0,-12.700000000000955,25.399999999999068,0.0,1.0,0.0,0.0,0.0,4.0,6.0,0.0
4075.46,0,109,0.0,0.0,0,4039.37,4084.875,4277.18,4778.635,0.0,-94.14999999999964,4065.785,4034.69,4170.735,407.6999999999998,-952.7499999999964,1.0,-1.0,-1.0,1.0,0.0,0.0,0.0,0.0,0.0,0.0,0.0,0.0,0.0,1.0,0.0,0.0,4.0,6.0,-1.0
51788.23,0,109,0.0,0.0,0,51866.55,51981.88,51189.53,48743.69,0.0,-1936499.9999999418,51862.25,52132.05,51981.88,-3438199.999999997,-1936499.9999999418,-1.0,1.0,1.0,-1.0,0.0,0.0,0.0,0.0,0.0,0.0,0.0,0.0,0.0,0.0,1.0,0.0,4.0,6.0,-1.0
28977.04,72,109,0.6666666666666666,-1.0,6,29236.635000000002,29756.38,29474.18,26770.09,0.0,-7793400.000000002,29150.28,29407.58,29756.38,-4305400.000000008,-7793400.000000002,-1.0,-1.0,1.0,-1.0,0.0,0.0,29236.635,28457.85,2.0,-2595949.9999999753,5191900.000000023,0.0,0.0,0.0,1.0,0.0,4.0,6.0,0.0
7332.73,60,109,0.5555555555555556,-1.0,5,7340.9,7410.325000000001,7423.775,6966.775,0.0,-775950.0000000116,7342.4,7358.72,7428.15,-259900.00000000693,-954200.0000000007,1.0,-1.0,1.0,-1.0,0.0,0.0,7340.9,7316.39,2.0,-81700.00000000073,163399.99999999237,0.0,0.0,0.0,1.0,0.0,4.0,6.0,0.0
101.331,60,109,0.5555555555555556,1.0,5,101.30000000000001,101.29150000000001,100.2635,98.658,0.0,3.9499999999989654,101.199,101.3945,100.6145,-6.349999999999056,71.64999999999964,-1.0,1.0,1.0,-1.0,0.0,0.0,101.3,101.33162,0.02,3.100000000000591,-0.06199999999978445,0.0,0.0,0.0,1.0,1.0,4.0,6.0,1.0
1.14233,60,109,0.5555555555555556,1.0,5,1.14046,1.137925,1.15052,1.170375,0.0,44.049999999999926,1.1415549999999999,1.14063,1.1470449999999999,17.000000000000348,-47.14999999999803,1.0,1.0,-1.0,1.0,0.0,0.0,1.14046,1.14607,2.0,18.700000000000383,-37.39999999999854,0.0,0.0,0.0,0.0,0.0,0.0,6.0,0.0
1.32589,60,109,0.5555555555555556,1.0,5,1.3224900000000002,1.3201,1.3324500000000001,1.350425,0.0,57.89999999999962,1.324475,1.3224900000000002,1.32876,33.99999999999848,-28.69999999999928,1.0,1.0,-1.0,1.0,0.0,0.0,1.32249,1.33269,2.0,34.000000000000696,-67.99999999999918,0.0,0.0,0.0,0.0,0.0,0.0,6.0,0.0
161.952,84,109,0.7777777777777778,1.0,7,161.8315,161.7105,160.35,157.465,0.0,24.150000000000205,161.8945,161.752,161.0445,19.999999999998863,90.74999999999989,1.0,1.0,1.0,1.0,0.0,0.0,161.8315,162.193,2.0,12.049999999999272,-24.100000000001387,0.0,1.0,0.0,0.0,0.0,0.0,6.0,1.0
0.68862,84,109,0.7777777777777778,-1.0,7,0.6890700000000001,0.6908449999999999,0.703785,0.6970149999999999,0.0,-22.249999999999215,0.6889449999999999,0.6897150000000001,0.69753,-10.950000000000681,-89.09999999999974,-1.0,-1.0,-1.0,-1.0,0.0,0.0,0.68907,0.68772,2.0,-4.499999999999504,9.000000000000119,0.0,0.0,0.0,0.0,0.0,0.0,6.0,1.0
1.42114,72,109,0.6666666666666666,1.0,6,1.419635,1.420845,1.40091,1.38647,0.0,2.9500000000015625,1.4206750000000001,1.419335,1.41182,18.050000000000566,93.19999999999995,1.0,-1.0,1.0,1.0,0.0,0.0,1.42084,1.42173,2.0,2.9999999999996696,-5.899999999998684,0.0,0.0,0.0,0.0,0.0,0.0,6.0,0.0
0.80748,60,109,0.5555555555555556,-1.0,5,0.80873,0.8102199999999999,0.796735,0.7872049999999999,0.0,-27.399999999999647,0.80806,0.8084100000000001,0.80247,-9.300000000000974,50.09999999999959,-1.0,-1.0,1.0,-1.0,0.0,0.0,0.80873,0.80498,2.0,-12.499999999999734,24.999999999999467,0.0,0.0,0.0,0.0,0.0,0.0,6.0,0.0
185.0,72,109,0.6666666666666666,1.0,6,184.54500000000002,184.1285,184.73899999999998,184.374,0.0,87.14999999999975,184.8225,184.54500000000002,184.7375,45.49999999999841,26.249999999998863,1.0,1.0,-1.0,1.0,0.0,0.0,184.739,185.522,2.0,26.099999999999568,-52.199999999999136,0.0,1.0,0.0,0.0,0.0,0.0,6.0,0.0
214.73,72,109,0.6666666666666666,1.0,6,214.0075,213.6465,214.00099999999998,211.9085,0.0,108.34999999999866,214.433,214.0075,213.9155,72.24999999999966,81.44999999999811,1.0,1.0,-1.0,1.0,0.0,0.0,214.0075,216.175,2.0,72.24999999999966,-144.50000000000216,0.0,1.0,0.0,0.0,0.0,0.0,6.0,-1.0
4014.54,84,109,0.7777777777777778,-1.0,7,4041.6549999999997,4052.035,4277.18,4769.91,0.0,-374.9499999999989,4026.065,4047.84,4170.735,-333.0000000000018,-1561.949999999997,-1.0,-1.0,-1.0,-1.0,0.0,0.0,4041.655,3960.31,2.0,-271.15000000000236,542.3000000000002,0.0,0.0,1.0,0.0,0.0,0.0,6.0,1.0
52173.03,72,109,0.6666666666666666,1.0,6,52014.6,51984.0,51189.53,48938.119999999995,0.0,1890299.9999999884,52118.25,51948.25,51981.88,2247799.9999999884,1911500.0000000144,1.0,-1.0,1.0,1.0,0.0,0.0,52014.6,52489.89,2.0,1584300.0000000028,-3168600.0000000056,0.0,0.0,0.0,1.0,0.0,0.0,6.0,0.0
29721.94,72,109,0.6666666666666666,1.0,6,29368.934999999998,29407.58,29474.18,26770.09,0.0,3143599.9999999693,29383.03,29333.18,29756.38,3887599.999999984,-344400.0000000233,1.0,-1.0,1.0,1.0,0.0,0.0,29474.18,30217.46,2.0,2477599.999999984,-4955200.000000005,0.0,0.0,0.0,1.0,0.0,0.0,6.0,1.0
7432.87,72,109,0.6666666666666666,1.0,6,7372.905,7366.775,7423.775,6966.775,0.0,660950.0000000026,7394.275,7368.275,7414.6,645950.0000000026,182699.99999999529,1.0,1.0,-1.0,1.0,0.0,0.0,7423.775,7451.06,2.0,90950.00000000255,-181900.0000000051,0.0,0.0,0.0,1.0,0.0,0.0,6.0,0.0
101.099,60,109,0.5555555555555556,-1.0,5,101.219,101.416,100.2635,98.658,0.0,-31.699999999999307,101.162,101.21000000000001,100.63900000000001,-11.10000000000042,45.999999999999375,-1.0,-1.0,1.0,-1.0,0.0,0.0,101.219,101.0966,0.02,-11.999999999999034,0.24000000000086175,0.0,0.0,0.0,1.0,1.0,0.0,6.0,0.0
1.14217,60,109,0.5555555555555556,1.0,5,1.1409500000000001,1.1380599999999998,1.15052,1.170375,0.0,41.10000000000058,1.141265,1.1409500000000001,1.1426349999999998,12.199999999997768,-4.649999999999377,1.0,1.0,-1.0,1.0,0.0,0.0,1.14095,1.14461,2.0,12.199999999999989,-24.399999999999977,0.0,0.0,0.0,0.0,0.0,1.0,6.0,0.0
1.326,0,109,0.0,0.0,0,1.3244150000000001,1.32083,1.3322500000000002,1.350425,0.0,51.70000000000119,1.3244150000000001,1.32413,1.32324,18.700000000000383,27.600000000000957,0.0,1.0,-1.0,1.0,0.0,0.0,0.0,0.0,0.0,0.0,0.0,0.0,0.0,0.0,0.0,0.0,1.0,6.0,-1.0
162.575,84,109,0.7777777777777778,1.0,7,162.26749999999998,162.0975,160.7345,157.465,0.0,47.749999999999204,162.34,162.238,161.56400000000002,33.69999999999891,101.09999999999673,1.0,1.0,1.0,1.0,0.0,0.0,162.2675,163.19,2.0,30.749999999997613,-61.50000000000091,0.0,1.0,0.0,0.0,0.0,1.0,6.0,0.0
0.69198,0,109,0.0,0.0,0,0.689745,0.689745,0.7032849999999999,0.6970149999999999,0.0,22.34999999999987,0.6905749999999999,0.689745,0.695335,22.34999999999987,-33.54999999999997,1.0,0.0,-1.0,1.0,0.0,0.0,0.0,0.0,0.0,0.0,0.0,0.0,0.0,0.0,0.0,0.0,1.0,6.0,-1.0
1.41966,0,109,0.0,0.0,0,1.421275,1.4208500000000002,1.40091,1.38647,0.0,-11.900000000002464,1.4209,1.421275,1.4170150000000001,-16.15000000000144,26.449999999997864,-1.0,1.0,1.0,0.0,0.0,0.0,0.0,0.0,0.0,0.0,0.0,0.0,0.0,0.0,0.0,0.0,1.0,6.0,-1.0
0.80813,60,109,0.5555555555555556,-1.0,5,0.8082199999999999,0.810125,0.796735,0.7872049999999999,0.0,-19.94999999999969,0.8080350000000001,0.8082199999999999,0.806065,-0.8999999999992347,20.649999999999835,-1.0,-1.0,1.0,-1.0,0.0,0.0,0.80822,0.80795,2.0,-0.900000000000345,1.80000000000069,0.0,0.0,0.0,0.0,0.0,1.0,6.0,1.0
185.683,60,109,0.5555555555555556,1.0,5,185.2125,184.5115,184.73899999999998,184.374,0.0,117.14999999999804,185.2125,185.135,184.5115,54.80000000000018,117.14999999999804,0.0,1.0,-1.0,1.0,0.0,0.0,185.2125,186.624,2.0,47.049999999998704,-94.10000000000025,0.0,1.0,0.0,0.0,0.0,1.0,6.0,0.0
215.574,60,109,0.5555555555555556,1.0,5,214.96699999999998,214.1505,214.084,211.9085,0.0,142.35000000000184,214.96699999999998,214.7505,214.084,82.35000000000241,149.0000000000009,0.0,1.0,0.0,1.0,0.0,0.0,214.967,216.788,2.0,60.69999999999993,-121.39999999999986,0.0,1.0,0.0,0.0,0.0,1.0,6.0,0.0
4010.82,60,109,0.5555555555555556,-1.0,5,4002.4799999999996,4018.79,4268.455,4769.91,0.0,-79.699999999998,4035.8999999999996,4002.4799999999996,4135.6849999999995,83.400000000006,-1248.6499999999933,1.0,-1.0,-1.0,-1.0,0.0,0.0,4018.79,3994.88,2.0,-79.699999999998,159.40000000000055,0.0,0.0,1.0,0.0,0.0,1.0,6.0,1.0
52190.73,60,109,0.5555555555555556,1.0,5,52191.5,52106.229999999996,51189.53,48938.119999999995,0.0,845000.0000000728,52191.5,52155.7,51981.88,350300.0000000611,2088500.0000000582,0.0,1.0,1.0,1.0,0.0,0.0,52106.23,52359.73,2.0,845000.0,-1690000.0,0.0,0.0,0.0,1.0,0.0,1.0,6.0,0.0
30212.34,84,109,0.7777777777777778,1.0,7,29988.83,29590.03,29474.18,26770.09,0.0,6223100.000000013,30019.33,29652.28,29756.38,5600600.000000013,4559599.999999992,1.0,1.0,1.0,1.0,0.0,0.0,29988.83,30659.36,2.0,2235099.999999984,-4470200.000000005,0.0,0.0,0.0,1.0,0.0,1.0,6.0,0.0
7479.17,72,109,0.6666666666666666,1.0,6,7464.525,7398.575000000001,7423.775,6966.775,0.0,805949.9999999935,7469.375,7426.075000000001,7410.325000000001,530949.9999999935,688449.9999999935,1.0,1.0,-1.0,1.0,0.0,0.0,7464.525,7508.46,2.0,146450.00000000437,-292899.99999999965,0.0,0.0,0.0,1.0,0.0,1.0,6.0,0.0
101.156,60,109,0.5555555555555556,-1.0,5,101.2245,101.41300000000001,100.2635,98.658,0.0,-25.7000000000005,101.2175,101.2245,100.99600000000001,-6.850000000000023,15.999999999999659,-1.0,-1.0,1.0,-1.0,0.0,0.0,101.2245,101.15463,0.02,-6.850000000000023,0.1370000000008531,0.0,0.0,0.0,1.0,1.0,1.0,6.0,0.0
1.13763,72,109,0.6666666666666666,-1.0,6,1.13945,1.1393,1.15052,1.170375,0.0,-16.700000000000603,1.138675,1.13992,1.140255,-22.900000000001253,-26.250000000000995,-1.0,1.0,-1.0,-1.0,0.0,0.0,1.1393,1.13429,2.0,-16.700000000000603,33.39999999999898,0.0,0.0,0.0,0.0,0.0,2.0,7.0,0.0
1.32737,0,109,0.0,0.0,0,1.325525,1.32325,1.3312650000000001,1.350425,0.0,41.199999999999015,1.325525,1.325175,1.32159,21.94999999999947,57.79999999999896,0.0,1.0,-1.0,1.0,0.0,0.0,0.0,0.0,0.0,0.0,0.0,0.0,0.0,0.0,0.0,0.0,2.0,7.0,-1.0
162.601,72,109,0.6666666666666666,1.0,6,162.5645,162.183,160.96699999999998,157.465,0.0,41.80000000000064,162.526,162.4255,161.9105,17.549999999999955,69.04999999999859,-1.0,1.0,1.0,1.0,0.0,0.0,162.5645,162.674,2.0,3.649999999998954,-7.30000000000075,0.0,1.0,0.0,0.0,0.0,2.0,7.0,0.0
0.68922,72,109,0.6666666666666666,-1.0,6,0.690315,0.689745,0.7032849999999999,0.6970149999999999,0.0,-5.249999999999977,0.69003,0.690495,0.694465,-12.749999999999151,-52.44999999999944,-1.0,1.0,-1.0,-1.0,0.0,0.0,0.68975,0.68817,2.0,-5.299999999999194,10.500000000001064,0.0,0.0,0.0,0.0,0.0,2.0,7.0,0.0
1.4215200000000001,72,109,0.6666666666666666,1.0,6,1.42065,1.420825,1.40091,1.38647,0.0,6.950000000001122,1.421335,1.421275,1.418615,2.4500000000005073,29.050000000001575,1.0,1.0,1.0,0.0,0.0,0.0,1.42083,1.42291,2.0,6.900000000000794,-13.899999999997803,0.0,0.0,0.0,0.0,0.0,2.0,7.0,0.0
0.8095,60,109,0.5555555555555556,1.0,5,0.8096099999999999,0.80933,0.796735,0.7872049999999999,0.0,1.7000000000000348,0.8099000000000001,0.8091550000000001,0.8086899999999999,3.449999999999287,8.100000000000884,1.0,-1.0,1.0,1.0,0.0,0.0,0.80933,0.80984,2.0,1.7000000000000348,-3.4000000000000696,0.0,0.0,0.0,0.0,0.0,2.0,7.0,0.0
184.974,0,109,0.0,0.0,0,185.316,184.7705,184.73899999999998,184.374,0.0,20.349999999999113,185.0625,185.2125,184.5115,-23.850000000001614,46.249999999997726,-1.0,1.0,-1.0,0.0,0.0,0.0,0.0,0.0,0.0,0.0,0.0,0.0,1.0,0.0,0.0,0.0,2.0,7.0,-1.0
215.831,72,109,0.6666666666666666,1.0,6,215.518,214.5625,214.164,211.9085,0.0,126.84999999999889,215.518,215.047,214.1915,78.39999999999918,163.94999999999982,0.0,1.0,1.0,1.0,0.0,0.0,215.518,216.457,2.0,31.299999999998818,-62.60000000000048,0.0,1.0,0.0,0.0,0.0,2.0,7.0,0.0
4032.82,0,109,0.0,0.0,0,4037.8199999999997,4028.66,4268.455,4769.91,0.0,41.60000000000309,4064.16,4037.8199999999997,4081.0699999999997,-49.99999999999545,-482.49999999999545,1.0,1.0,-1.0,1.0,0.0,0.0,0.0,0.0,0.0,0.0,0.0,0.0,0.0,1.0,0.0,0.0,2.0,7.0,-1.0
52214.73,60,109,0.5555555555555556,1.0,5,52375.35,52163.25,51220.729999999996,48938.119999999995,0.0,514800.000000032,52375.35,52369.05,52013.08,-1543199.9999999972,2016500.0000000144,0.0,1.0,1.0,1.0,0.0,0.0,52163.25,52317.69,2.0,514800.000000032,-1029599.9999999913,0.0,0.0,0.0,1.0,0.0,2.0,7.0,1.0
29788.34,0,109,0.0,0.0,0,30031.585,29590.03,29474.18,26770.09,0.0,1983100.000000013,29934.885000000002,30019.33,29756.38,-2309900.000000016,319599.99999999127,-1.0,1.0,1.0,0.0,0.0,0.0,0.0,0.0,0.0,0.0,0.0,0.0,0.0,0.0,1.0,0.0,2.0,7.0,-1.0
7473.27,0,109,0.0,0.0,0,7485.175,7405.675,7423.775,6966.775,0.0,675950.0000000026,7485.175,7476.475,7410.325000000001,-32049.999999999272,629449.9999999971,0.0,1.0,-1.0,1.0,0.0,0.0,0.0,0.0,0.0,0.0,0.0,0.0,0.0,0.0,1.0,0.0,2.0,7.0,-1.0
101.416,72,109,0.6666666666666666,1.0,6,101.34649999999999,101.32650000000001,100.2635,98.658,0.0,8.949999999998681,101.36850000000001,101.307,101.2395,10.899999999999466,17.64999999999901,1.0,-1.0,1.0,1.0,0.0,0.0,101.3465,101.41739,0.02,6.949999999999079,-0.13900000000006685,0.0,0.0,0.0,1.0,1.0,2.0,7.0,1.0
1.14338,0,109,0.0,0.0,0,1.142315,1.1417199999999998,1.15052,1.170375,0.0,16.60000000000217,1.1434,1.1417199999999998,1.139915,16.60000000000217,34.65000000000052,1.0,0.0,-1.0,1.0,0.0,0.0,0.0,0.0,0.0,0.0,0.0,0.0,0.0,0.0,0.0,0.0,3.0,7.0,-1.0
1.33483,72,109,0.6666666666666666,1.0,6,1.332315,1.32862,1.3312650000000001,1.350425,0.0,62.10000000000049,1.33407,1.330165,1.32623,46.649999999999196,85.9999999999994,1.0,1.0,-1.0,1.0,0.0,0.0,1.33231,1.33986,2.0,25.199999999998557,-50.3000000000009,0.0,0.0,0.0,0.0,0.0,3.0,7.0,1.0
161.104,60,109,0.5555555555555556,-1.0,5,161.622,161.735,160.96699999999998,157.465,0.0,-63.10000000000002,161.1365,161.69650000000001,161.735,-59.250000000000114,-63.10000000000002,-1.0,-1.0,1.0,-1.0,0.0,0.0,161.622,160.068,2.0,-51.80000000000007,103.60000000000014,0.0,1.0,0.0,0.0,0.0,3.0,7.0,0.0
0.6922,60,109,0.5555555555555556,1.0,5,0.69136,0.6904250000000001,0.7032849999999999,0.6970149999999999,0.0,17.74999999999971,0.6914899999999999,0.69136,0.694205,8.40000000000063,-20.049999999999237,1.0,1.0,-1.0,1.0,0.0,0.0,0.69136,0.69388,2.0,8.40000000000063,-16.800000000000146,0.0,0.0,0.0,0.0,0.0,3.0,7.0,0.0
1.41819,60,109,0.5555555555555556,-1.0,5,1.4187150000000002,1.41988,1.40091,1.38647,0.0,-16.899999999999693,1.41845,1.4192550000000002,1.4195950000000002,-10.650000000000936,-14.050000000001006,-1.0,-1.0,1.0,-1.0,0.0,0.0,1.41872,1.41714,2.0,-5.299999999999194,10.499999999999954,0.0,0.0,0.0,0.0,0.0,3.0,7.0,0.0
0.80333,0,109,0.0,0.0,0,0.80535,0.806495,0.796735,0.7872049999999999,0.0,-31.649999999999736,0.804195,0.806495,0.807465,-31.649999999999736,-41.349999999999994,-1.0,0.0,1.0,-1.0,0.0,0.0,0.0,0.0,0.0,0.0,0.0,0.0,0.0,0.0,0.0,0.0,3.0,7.0,-1.0
184.198,84,109,0.7777777777777778,-1.0,7,184.382,184.7695,184.73899999999998,184.374,0.0,-57.14999999999861,184.1715,184.5685,184.5115,-37.04999999999927,-31.350000000000477,-1.0,-1.0,-1.0,-1.0,0.0,0.0,184.382,183.83,2.0,-18.39999999999975,36.7999999999995,0.0,1.0,0.0,0.0,0.0,3.0,7.0,0.0
215.046,0,109,0.0,0.0,0,215.341,214.6575,214.23,211.9085,0.0,38.84999999999934,215.0165,215.341,214.29649999999998,-29.50000000000159,74.95000000000118,-1.0,1.0,1.0,0.0,0.0,0.0,0.0,0.0,0.0,0.0,0.0,0.0,1.0,0.0,0.0,0.0,3.0,7.0,-1.0
4119.55,60,109,0.5555555555555556,1.0,5,4086.02,4042.7,4268.455,4769.91,0.0,768.5000000000036,4102.45,4058.145,4081.0699999999997,614.050000000002,384.80000000000473,1.0,1.0,-1.0,1.0,0.0,0.0,4086.02,4186.61,2.0,335.300000000002,-670.5999999999949,0.0,0.0,1.0,0.0,0.0,3.0,7.0,1.0
52816.13,84,109,0.7777777777777778,1.0,7,52533.055,52232.925,51290.405,48938.119999999995,0.0,5832049.999999945,52613.55,52445.024999999994,52082.755,3711050.000000032,7333750.0,1.0,1.0,1.0,1.0,0.0,0.0,52533.055,53382.28,2.0,2830749.999999971,-5661500.000000015,0.0,0.0,0.0,1.0,0.0,3.0,7.0,-1.0
29292.84,0,109,0.0,0.0,0,29563.48,29602.43,29474.18,26770.09,0.0,-3095900.0000000014,29563.48,29618.48,29756.38,-3256399.9999999944,-4635400.000000008,0.0,1.0,1.0,-1.0,0.0,0.0,0.0,0.0,0.0,0.0,0.0,0.0,0.0,0.0,1.0,0.0,3.0,7.0,-1.0
7466.52,0,109,0.0,0.0,0,7482.004999999999,7415.9,7423.775,6966.775,0.0,506200.00000000803,7482.004999999999,7482.004999999999,7414.4,-154849.99999998763,521200.00000000803,0.0,1.0,-1.0,0.0,0.0,0.0,0.0,0.0,0.0,0.0,0.0,0.0,0.0,0.0,1.0,0.0,3.0,7.0,-1.0
100.864,0,109,0.0,0.0,0,100.981,101.0545,100.2635,98.658,0.0,-19.05000000000001,100.8545,101.0545,101.16050000000001,-19.05000000000001,-29.650000000000887,-1.0,0.0,1.0,-1.0,0.0,0.0,0.0,0.0,0.0,0.0,0.0,0.0,0.0,0.0,1.0,1.0,3.0,7.0,-1.0
1.14353,0,109,0.0,0.0,0,1.14414,1.1417199999999998,1.15052,1.170375,0.0,18.100000000000893,1.14428,1.1434,1.13986,1.2999999999996348,36.6999999999984,1.0,1.0,-1.0,1.0,0.0,0.0,0.0,0.0,0.0,0.0,0.0,0.0,0.0,0.0,0.0,0.0,4.0,7.0,-1.0
1.33491,0,109,0.0,0.0,0,1.335785,1.329815,1.3312650000000001,1.350425,0.0,50.95000000000071,1.335365,1.33407,1.32623,8.399999999999519,86.80000000000021,-1.0,1.0,-1.0,1.0,0.0,0.0,0.0,0.0,0.0,0.0,0.0,0.0,0.0,0.0,0.0,0.0,4.0,7.0,-1.0
161.365,0,109,0.0,0.0,0,161.0,161.66,160.96699999999998,157.465,0.0,-29.49999999999875,161.26100000000002,161.0615,161.66,30.350000000001387,-29.49999999999875,1.0,-1.0,1.0,-1.0,0.0,0.0,0.0,0.0,0.0,0.0,0.0,0.0,1.0,0.0,0.0,0.0,4.0,7.0,-1.0
0.69359,60,109,0.5555555555555556,1.0,5,0.6930000000000001,0.6907300000000001,0.7032849999999999,0.6970149999999999,0.0,28.59999999999974,0.6936599999999999,0.6917949999999999,0.69345,17.95000000000102,1.40000000000029,1.0,1.0,-1.0,1.0,0.0,0.0,0.693,0.69477,2.0,5.9000000000009045,-11.799999999999589,0.0,0.0,0.0,0.0,0.0,4.0,7.0,0.0
1.42023,72,109,0.6666666666666666,1.0,6,1.418315,1.41988,1.40091,1.38647,0.0,3.5000000000007248,1.41993,1.41845,1.41985,17.80000000000115,3.8000000000004697,1.0,-1.0,1.0,1.0,0.0,0.0,1.41988,1.42093,2.0,3.5000000000007248,-6.999999999999229,0.0,0.0,0.0,0.0,0.0,4.0,7.0,0.0
0.80333,0,109,0.0,0.0,0,0.8028649999999999,0.806495,0.796735,0.7872049999999999,0.0,-31.649999999999736,0.80313,0.804195,0.807465,-8.650000000000047,-41.349999999999994,1.0,-1.0,1.0,-1.0,0.0,0.0,0.0,0.0,0.0,0.0,0.0,0.0,0.0,0.0,0.0,0.0,4.0,7.0,-1.0
184.525,0,109,0.0,0.0,0,184.236,184.7695,184.73899999999998,184.374,0.0,-24.449999999998795,184.517,184.2335,184.5115,29.15000000000134,1.3499999999993406,1.0,-1.0,-1.0,0.0,0.0,0.0,0.0,0.0,0.0,0.0,0.0,0.0,1.0,0.0,0.0,0.0,4.0,7.0,-1.0
215.405,72,109,0.6666666666666666,1.0,6,215.1085,215.113,214.23,211.9085,0.0,29.20000000000016,215.356,215.076,214.29649999999998,32.90000000000077,110.85000000000207,1.0,-1.0,1.0,1.0,0.0,0.0,215.113,215.989,2.0,29.20000000000016,-58.40000000000032,0.0,1.0,0.0,0.0,0.0,4.0,7.0,1.0
4174.76,60,109,0.5555555555555556,1.0,5,4147.705,4068.4649999999997,4268.455,4769.91,0.0,1062.9500000000053,4170.805,4124.1449999999995,4069.92,506.1500000000069,1048.4000000000015,1.0,1.0,-1.0,1.0,0.0,0.0,4147.705,4228.87,2.0,270.5500000000029,-541.0999999999967,0.0,0.0,1.0,0.0,0.0,4.0,7.0,0.0
52825.9,84,109,0.7777777777777778,1.0,7,52742.78,52496.479999999996,51383.96,48938.119999999995,0.0,3294200.0000000554,52828.375,52626.61,52176.31,1992900.0000000088,6495900.000000038,1.0,1.0,1.0,1.0,0.0,0.0,52742.78,52992.14,2.0,831200.0000000262,-1662399.9999999795,0.0,0.0,0.0,1.0,0.0,4.0,7.0,1.0
29654.03,60,109,0.5555555555555556,1.0,5,29550.33,29652.28,29474.18,26770.09,0.0,17500.0,29643.955,29563.48,29616.685,905499.9999999928,373449.99999997526,1.0,-1.0,1.0,-1.0,0.0,0.0,29652.28,29657.53,2.0,17500.0,-35000.0,0.0,0.0,0.0,1.0,0.0,4.0,7.0,0.0
7503.18,72,109,0.6666666666666666,1.0,6,7481.754999999999,7441.9,7423.775,6966.775,0.0,612800.0000000065,7499.98,7482.004999999999,7414.4,211750.0000000109,887800.0000000065,1.0,1.0,-1.0,1.0,0.0,0.0,7481.755,7546.03,2.0,214250.0000000018,-428499.9999999945,0.0,0.0,0.0,1.0,0.0,4.0,7.0,1.0
100.838,0,109,0.0,0.0,0,100.804,101.0545,100.2635,98.658,0.0,-21.650000000001057,100.7875,100.8545,101.16050000000001,-1.650000000000773,-32.25000000000193,-1.0,-1.0,1.0,-1.0,0.0,0.0,0.0,0.0,0.0,0.0,0.0,0.0,0.0,0.0,1.0,1.0,4.0,7.0,-1.0
1.14404,0,109,0.0,0.0,0,1.1426699999999999,1.1417199999999998,1.149465,1.170375,0.0,23.200000000000998,1.1426699999999999,1.1432799999999999,1.13986,7.600000000000939,41.799999999998505,0.0,1.0,-1.0,0.0,0.0,0.0,0.0,0.0,0.0,0.0,0.0,0.0,0.0,0.0,0.0,0.0,0.0,7.0,-1.0
1.33891,72,109,0.6666666666666666,1.0,6,1.3362500000000002,1.3304900000000002,1.331155,1.350425,0.0,84.19999999999872,1.33669,1.3362500000000002,1.3268300000000002,26.599999999998847,120.79999999999869,1.0,1.0,-1.0,1.0,0.0,0.0,1.33625,1.34423,2.0,26.600000000001067,-53.19999999999992,0.0,0.0,0.0,0.0,0.0,0.0,7.0,0.0
162.088,84,109,0.7777777777777778,1.0,7,161.8355,161.66,161.0665,157.465,0.0,42.79999999999973,162.219,161.6925,161.66,39.54999999999984,42.79999999999973,1.0,1.0,1.0,1.0,0.0,0.0,161.8355,162.593,2.0,25.249999999999773,-50.499999999999545,0.0,1.0,0.0,0.0,0.0,0.0,7.0,0.0
0.6956,60,109,0.5555555555555556,1.0,5,0.6940299999999999,0.69207,0.7027650000000001,0.69723,0.0,35.30000000000033,0.69413,0.6940299999999999,0.6912050000000001,15.700000000000713,43.949999999999264,1.0,1.0,-1.0,1.0,0.0,0.0,0.69403,0.69874,2.0,15.699999999999603,-31.40000000000032,0.0,0.0,0.0,0.0,0.0,0.0,7.0,0.0
1.42059,72,109,0.6666666666666666,1.0,6,1.421255,1.419435,1.40175,1.38647,0.0,11.550000000000171,1.4221,1.4208749999999999,1.419905,-2.849999999998687,6.850000000000467,1.0,1.0,1.0,1.0,0.0,0.0,1.41944,1.4229,2.0,11.499999999999844,-23.100000000000342,0.0,0.0,0.0,0.0,0.0,0.0,7.0,0.0
0.80523,0,109,0.0,0.0,0,0.80487,0.806495,0.796885,0.7872049999999999,0.0,-12.649999999999606,0.80598,0.8048200000000001,0.807465,4.099999999999104,-22.34999999999987,1.0,-1.0,1.0,0.0,0.0,0.0,0.0,0.0,0.0,0.0,0.0,0.0,0.0,0.0,0.0,0.0,0.0,7.0,-1.0
185.431,72,109,0.6666666666666666,1.0,6,184.9435,184.7695,184.73899999999998,184.374,0.0,66.1500000000018,185.34699999999998,184.911,184.5115,52.00000000000102,91.94999999999993,1.0,1.0,-1.0,1.0,0.0,0.0,184.9435,186.406,2.0,48.75000000000114,-97.49999999999943,0.0,1.0,0.0,0.0,0.0,0.0,7.0,0.0
217.02,84,109,0.7777777777777778,1.0,7,216.14999999999998,215.86950000000002,214.77499999999998,212.614,0.0,115.04999999999939,216.85399999999998,216.07999999999998,214.8415,94.00000000000261,217.8500000000014,1.0,1.0,1.0,1.0,0.0,0.0,216.15,218.76,2.0,87.00000000000045,-173.99999999999807,0.0,1.0,0.0,0.0,0.0,0.0,7.0,-1.0
4163.2,0,109,0.0,0.0,0,4165.594999999999,4081.4399999999996,4243.764999999999,4769.91,0.0,817.6000000000022,4147.84,4165.594999999999,4072.2799999999997,-23.94999999999527,909.2000000000007,-1.0,1.0,-1.0,1.0,0.0,0.0,0.0,0.0,0.0,0.0,0.0,0.0,0.0,1.0,0.0,0.0,0.0,7.0,-1.0
53069.43,72,109,0.6666666666666666,1.0,6,52861.54,52545.215,51396.895000000004,49073.22,0.0,5242150.000000038,52861.54,52861.54,52313.595,2078899.9999999942,7558349.999999992,0.0,1.0,1.0,1.0,0.0,0.0,52861.54,53485.21,2.0,2078899.9999999942,-4157799.9999999884,0.0,0.0,0.0,1.0,0.0,0.0,7.0,0.0
29699.24,72,109,0.6666666666666666,1.0,6,29646.980000000003,29694.629999999997,29474.18,26770.09,0.0,46100.0000000422,29694.980000000003,29646.980000000003,29590.03,522599.999999984,1092100.0000000277,1.0,-1.0,1.0,1.0,0.0,0.0,29694.63,29708.46,2.0,46100.00000000582,-92199.99999997526,0.0,0.0,0.0,1.0,0.0,0.0,7.0,1.0
7543.45,72,109,0.6666666666666666,1.0,6,7518.674999999999,7487.815,7423.775,6966.775,0.0,556350.0000000022,7525.525,7518.674999999999,7420.21,247750.00000000547,1232399.999999998,1.0,1.0,-1.0,1.0,0.0,0.0,7518.675,7593.0,2.0,247749.99999999636,-495500.0000000018,0.0,0.0,0.0,1.0,0.0,0.0,7.0,0.0
100.87,0,109,0.0,0.0,0,100.95400000000001,101.0545,100.3535,98.658,0.0,-18.44999999999999,100.9815,100.9215,101.16050000000001,-5.149999999999011,-29.050000000000864,1.0,-1.0,1.0,0.0,0.0,0.0,0.0,0.0,0.0,0.0,0.0,0.0,0.0,0.0,1.0,1.0,0.0,7.0,-1.0
1.14107,72,109,0.6666666666666666,-1.0,6,1.1428099999999999,1.1417199999999998,1.1490049999999998,1.170375,0.0,-6.499999999998174,1.142525,1.1428099999999999,1.140295,-17.399999999998528,7.749999999999702,-1.0,1.0,-1.0,-1.0,0.0,0.0,1.14172,1.13977,2.0,-6.500000000000394,13.000000000000789,0.0,0.0,0.0,0.0,0.0,1.0,7.0,0.0
1.33569,0,109,0.0,0.0,0,1.33751,1.33102,1.331155,1.350425,0.0,46.69999999999952,1.33705,1.33664,1.327525,-9.500000000000064,81.64999999999978,-1.0,1.0,-1.0,-1.0,0.0,0.0,0.0,0.0,0.0,0.0,0.0,0.0,0.0,0.0,0.0,0.0,1.0,7.0,-1.0
162.106,84,109,0.7777777777777778,1.0,7,161.91899999999998,161.608,161.10399999999998,157.465,0.0,49.799999999999045,161.9425,162.0405,161.66,6.54999999999859,44.599999999999795,1.0,1.0,1.0,1.0,0.0,0.0,161.919,162.48,2.0,18.69999999999834,-37.39999999999952,0.0,1.0,0.0,0.0,0.0,1.0,7.0,1.0
0.69284,60,109,0.5555555555555556,-1.0,5,0.6940500000000001,0.69219,0.702655,0.69723,0.0,6.500000000000394,0.69379,0.6940500000000001,0.691255,-12.100000000000444,15.850000000000586,-1.0,1.0,-1.0,-1.0,0.0,0.0,0.69405,0.69042,2.0,-12.099999999999334,24.199999999999775,0.0,0.0,0.0,0.0,0.0,1.0,7.0,0.0
1.42005,48,109,0.4444444444444444,1.0,4,1.420485,1.419435,1.4031449999999999,1.38647,0.0,6.150000000000322,1.420485,1.4211049999999998,1.419905,-10.549999999998061,1.4500000000006175,0.0,1.0,1.0,0.0,0.0,0.0,1.41944,1.42128,2.0,6.099999999999994,-12.300000000000644,0.0,0.0,0.0,0.0,0.0,1.0,7.0,0.0
0.80849,84,109,0.7777777777777778,1.0,7,0.80653,0.806495,0.79919,0.7872049999999999,0.0,19.9500000000008,0.807065,0.80653,0.8072250000000001,19.600000000000726,12.649999999999606,1.0,1.0,1.0,1.0,0.0,0.0,0.80653,0.81241,2.0,19.600000000000726,-39.199999999999235,0.0,0.0,0.0,0.0,0.0,1.0,7.0,0.0
184.972,0,109,0.0,0.0,0,185.162,184.60399999999998,184.73899999999998,184.374,0.0,36.80000000000234,185.037,185.1635,184.63049999999998,-19.149999999999068,34.15000000000248,-1.0,1.0,-1.0,0.0,0.0,0.0,0.0,0.0,0.0,0.0,0.0,0.0,1.0,0.0,0.0,0.0,1.0,7.0,-1.0
216.523,60,109,0.5555555555555556,1.0,5,216.7825,215.91199999999998,214.801,212.614,0.0,61.10000000000184,216.583,216.76,214.95049999999998,-23.699999999999477,157.25000000000193,-1.0,1.0,1.0,1.0,0.0,0.0,215.912,217.745,2.0,61.099999999999,-122.20000000000084,0.0,1.0,0.0,0.0,0.0,1.0,7.0,1.0
4104.97,0,109,0.0,0.0,0,4136.215,4087.725,4241.54,4769.91,0.0,172.45000000000346,4136.215,4136.215,4072.2799999999997,-312.4499999999989,326.9000000000051,0.0,1.0,-1.0,-1.0,0.0,0.0,0.0,0.0,0.0,0.0,0.0,0.0,0.0,1.0,0.0,0.0,1.0,7.0,-1.0
52871.03,60,109,0.5555555555555556,1.0,5,53045.604999999996,52673.68,51519.06,49073.22,0.0,1973499.9999999856,53045.604999999996,52983.705,52461.58,-1126750.000000029,4094499.999999971,0.0,1.0,1.0,1.0,0.0,0.0,52673.68,53265.73,2.0,1973499.9999999856,-3947000.000000044,0.0,0.0,0.0,1.0,0.0,1.0,7.0,0.0
29183.44,72,109,0.6666666666666666,-1.0,6,29390.18,29570.33,29474.18,26770.09,0.0,-3868900.0000000307,29224.629999999997,29412.18,29590.03,-2287400.000000016,-4065900.0000000014,-1.0,-1.0,1.0,-1.0,0.0,0.0,29390.18,28769.96,2.0,-2067400.000000016,4134799.999999996,0.0,0.0,0.0,1.0,0.0,1.0,7.0,1.0
7501.05,0,109,0.0,0.0,0,7514.825,7487.815,7423.775,6966.775,0.0,132350.00000000582,7508.0,7514.825,7420.21,-137749.99999999636,808400.0000000014,-1.0,1.0,-1.0,0.0,0.0,0.0,0.0,0.0,0.0,0.0,0.0,0.0,0.0,0.0,1.0,0.0,1.0,7.0,-1.0
101.089,72,109,0.6666666666666666,1.0,6,100.9645,101.0545,100.414,98.658,0.0,3.44999999999942,100.9845,100.9645,101.13900000000001,12.449999999999761,-5.000000000001137,1.0,-1.0,1.0,1.0,0.0,0.0,101.0545,101.08969,0.02,3.44999999999942,-0.06900000000058526,0.0,0.0,0.0,1.0,1.0,1.0,7.0,1.0
1.14166,72,109,0.6666666666666666,-1.0,6,1.14114,1.142685,1.148485,1.170375,0.0,-10.250000000000536,1.141085,1.141675,1.141345,-0.15000000000098268,3.149999999998432,-1.0,-1.0,-1.0,-1.0,0.0,0.0,1.14268,1.13961,2.0,-10.200000000000209,20.499999999998852,0.0,0.0,0.0,0.0,0.0,2.0,7.0,0.0
1.33871,60,109,0.5555555555555556,1.0,5,1.336605,1.336605,1.331155,1.350425,0.0,21.050000000000235,1.337225,1.336605,1.32951,21.050000000000235,92.00000000000097,1.0,0.0,-1.0,1.0,0.0,0.0,1.33661,1.34292,2.0,20.999999999999908,-42.099999999998246,0.0,0.0,0.0,0.0,0.0,2.0,7.0,1.0
162.613,84,109,0.7777777777777778,1.0,7,162.317,161.5935,161.10399999999998,157.465,0.0,101.94999999999936,162.5595,162.228,161.66,38.49999999999909,95.3000000000003,1.0,1.0,1.0,1.0,0.0,0.0,162.317,163.205,2.0,29.599999999999227,-59.200000000001296,0.0,1.0,0.0,0.0,0.0,2.0,7.0,0.0
0.69304,72,109,0.6666666666666666,-1.0,6,0.69265,0.693315,0.70234,0.69723,0.0,-2.7500000000002522,0.69233,0.693055,0.691255,-0.14999999999987246,17.850000000000364,-1.0,-1.0,-1.0,-1.0,0.0,0.0,0.69332,0.69249,2.0,-2.80000000000058,5.499999999999394,0.0,0.0,0.0,0.0,0.0,2.0,7.0,1.0
1.41733,60,109,0.5555555555555556,-1.0,5,1.41818,1.419675,1.40382,1.38647,0.0,-23.450000000000415,1.4178600000000001,1.4190550000000002,1.41988,-17.250000000001986,-25.500000000000522,-1.0,-1.0,1.0,-1.0,0.0,0.0,1.41818,1.41563,2.0,-8.500000000000174,17.000000000000348,0.0,0.0,0.0,0.0,0.0,2.0,7.0,1.0
0.80847,72,109,0.6666666666666666,1.0,6,0.8085800000000001,0.8059149999999999,0.8001499999999999,0.7872049999999999,0.0,25.55000000000085,0.80899,0.80808,0.806495,3.9000000000000146,19.7500000000006,1.0,1.0,1.0,1.0,0.0,0.0,0.80591,0.81358,2.0,25.600000000000065,-51.09999999999948,0.0,0.0,0.0,0.0,0.0,2.0,7.0,0.0
185.642,84,109,0.7777777777777778,1.0,7,185.273,184.7885,184.73899999999998,184.374,0.0,85.34999999999968,185.45100000000002,185.273,184.7695,36.89999999999998,87.25000000000023,1.0,1.0,1.0,1.0,0.0,0.0,185.273,186.38,2.0,36.89999999999998,-73.79999999999995,0.0,1.0,0.0,0.0,0.0,2.0,7.0,0.0
217.691,84,109,0.7777777777777778,1.0,7,217.0525,216.25650000000002,215.11,212.614,0.0,143.44999999999857,217.2735,217.0525,215.5125,63.84999999999934,217.8500000000014,1.0,1.0,1.0,1.0,0.0,0.0,217.0525,218.968,2.0,63.84999999999934,-127.69999999999868,0.0,1.0,0.0,0.0,0.0,2.0,7.0,0.0
4075.08,84,109,0.7777777777777778,-1.0,7,4083.32,4112.219999999999,4228.52,4769.91,0.0,-371.3999999999942,4056.43,4100.955,4072.2799999999997,-258.75,28.00000000000182,-1.0,-1.0,-1.0,-1.0,0.0,0.0,4083.32,4058.6,2.0,-82.40000000000236,164.80000000000018,0.0,0.0,1.0,0.0,0.0,2.0,7.0,0.0
52275.53,0,109,0.0,0.0,0,52510.55,52694.28,51519.06,49073.22,0.0,-4187500.0,52289.53,52694.28,52461.58,-4187500.0,-1860500.000000029,-1.0,0.0,1.0,-1.0,0.0,0.0,0.0,0.0,0.0,0.0,0.0,0.0,0.0,0.0,1.0,0.0,2.0,7.0,-1.0
29163.04,0,109,0.0,0.0,0,29007.480000000003,29368.28,29474.18,26770.09,0.0,-2052399.9999999795,29039.355,29077.58,29499.43,854599.9999999913,-3363899.9999999944,1.0,-1.0,1.0,-1.0,0.0,0.0,0.0,0.0,0.0,0.0,0.0,0.0,0.0,0.0,1.0,0.0,2.0,7.0,-1.0
7466.8,72,109,0.6666666666666666,-1.0,6,7469.4,7484.85,7421.225,6966.775,0.0,-180500.0000000018,7453.875,7478.025,7420.21,-112249.99999999454,465900.00000000146,-1.0,-1.0,-1.0,-1.0,0.0,0.0,7469.4,7461.6,2.0,-25999.999999994543,51999.99999999818,0.0,0.0,0.0,1.0,0.0,2.0,7.0,0.0
101.066,60,109,0.5555555555555556,1.0,5,101.10400000000001,100.94550000000001,100.4735,98.658,0.0,12.049999999999272,101.10400000000001,101.0565,101.0545,0.9500000000002728,1.1499999999998067,0.0,1.0,1.0,1.0,0.0,0.0,100.9455,101.06841,0.02,12.050000000000693,-0.24099999999975807,0.0,0.0,0.0,1.0,1.0,2.0,7.0,0.0
1.14289,0,109,0.0,0.0,0,1.14321,1.142035,1.148485,1.170375,0.0,8.550000000000502,1.1434250000000001,1.142035,1.1417199999999998,8.550000000000502,11.700000000001154,1.0,0.0,-1.0,1.0,0.0,0.0,0.0,0.0,0.0,0.0,0.0,0.0,0.0,0.0,0.0,0.0,3.0,7.0,-1.0
1.34081,0,109,0.0,0.0,0,1.3405550000000002,1.33765,1.331155,1.350425,0.0,31.600000000000517,1.33997,1.33765,1.3309350000000002,31.600000000000517,98.74999999999856,-1.0,0.0,-1.0,1.0,0.0,0.0,0.0,0.0,0.0,0.0,0.0,0.0,0.0,0.0,0.0,0.0,3.0,7.0,-1.0
162.389,0,109,0.0,0.0,0,162.4315,161.9355,161.18849999999998,157.465,0.0,45.350000000001955,162.363,162.4745,161.66,-8.549999999999613,72.90000000000134,-1.0,1.0,1.0,0.0,0.0,0.0,0.0,0.0,0.0,0.0,0.0,0.0,1.0,0.0,0.0,0.0,3.0,7.0,-1.0
0.69404,0,109,0.0,0.0,0,0.693445,0.693315,0.7007,0.69723,0.0,7.249999999999757,0.6938949999999999,0.69267,0.691255,13.699999999999823,27.850000000000374,1.0,-1.0,-1.0,1.0,0.0,0.0,0.0,0.0,0.0,0.0,0.0,0.0,0.0,0.0,0.0,0.0,3.0,7.0,-1.0
1.4167399999999999,60,109,0.5555555555555556,-1.0,5,1.417115,1.419565,1.4056899999999999,1.38647,0.0,-28.250000000000774,1.41703,1.41744,1.41988,-7.0000000000014495,-31.400000000001427,-1.0,-1.0,1.0,-1.0,0.0,0.0,1.41711,1.41599,2.0,-3.700000000002035,7.499999999998064,0.0,0.0,0.0,0.0,0.0,3.0,7.0,0.0
0.80696,0,109,0.0,0.0,0,0.80698,0.8066150000000001,0.800365,0.7872049999999999,0.0,3.449999999999287,0.806795,0.8080350000000001,0.806495,-10.750000000000481,4.650000000000487,-1.0,1.0,1.0,-1.0,0.0,0.0,0.0,0.0,0.0,0.0,0.0,0.0,0.0,0.0,0.0,0.0,3.0,7.0,-1.0
185.594,72,109,0.6666666666666666,1.0,6,185.6565,185.0865,184.73899999999998,184.374,0.0,50.74999999999932,185.676,185.487,184.7695,10.699999999999932,82.45000000000005,1.0,1.0,1.0,1.0,0.0,0.0,185.0865,186.609,2.0,50.74999999999932,-101.50000000000148,0.0,1.0,0.0,0.0,0.0,3.0,7.0,0.0
217.732,72,109,0.6666666666666666,1.0,6,217.673,216.574,215.199,212.614,0.0,115.7999999999987,217.5805,217.256,215.62650000000002,47.59999999999991,210.5499999999978,-1.0,1.0,1.0,1.0,0.0,0.0,217.673,217.85,2.0,5.89999999999975,-11.7999999999995,0.0,1.0,0.0,0.0,0.0,3.0,7.0,0.0
4123.54,0,109,0.0,0.0,0,4095.9500000000003,4112.219999999999,4228.52,4769.91,0.0,113.20000000000618,4121.375,4079.715,4072.2799999999997,438.2499999999982,512.6000000000022,1.0,-1.0,-1.0,1.0,0.0,0.0,0.0,0.0,0.0,0.0,0.0,0.0,0.0,1.0,0.0,0.0,3.0,7.0,-1.0
52460.93,0,109,0.0,0.0,0,52401.104999999996,52694.28,51519.06,49073.22,0.0,-2333499.9999999856,52424.7,52319.125,52598.46000000001,1418050.0000000028,-1375300.000000061,1.0,-1.0,1.0,0.0,0.0,0.0,0.0,0.0,0.0,0.0,0.0,0.0,0.0,0.0,1.0,0.0,3.0,7.0,-1.0
29718.84,72,109,0.6666666666666666,1.0,6,29439.03,29265.13,29421.18,26770.09,0.0,4537099.999999992,29586.08,29226.68,29499.43,4921599.999999998,2194099.9999999986,1.0,-1.0,1.0,1.0,0.0,0.0,29439.03,30278.46,2.0,2798100.000000013,-5596199.99999999,0.0,0.0,0.0,1.0,0.0,3.0,7.0,0.0
7539.35,72,109,0.6666666666666666,1.0,6,7503.175,7484.85,7412.225,6966.775,0.0,545000.0,7514.75,7482.8,7447.71,565500.0000000019,916400.0000000033,1.0,-1.0,1.0,1.0,0.0,0.0,7503.175,7611.7,2.0,361750.0000000018,-723499.9999999945,0.0,0.0,0.0,1.0,0.0,3.0,7.0,0.0
100.934,0,109,0.0,0.0,0,101.0145,101.0265,100.4735,98.658,0.0,-9.250000000000114,100.9315,101.029,101.0545,-9.499999999999886,-12.050000000000693,-1.0,1.0,1.0,-1.0,0.0,0.0,0.0,0.0,0.0,0.0,0.0,0.0,0.0,0.0,1.0,1.0,3.0,7.0,-1.0
1.14141,72,109,0.6666666666666666,-1.0,6,1.143605,1.1425999999999998,1.148445,1.170375,0.0,-11.899999999998023,1.14266,1.143605,1.1417199999999998,-21.94999999999947,-3.0999999999981043,-1.0,1.0,-1.0,-1.0,0.0,0.0,1.1426,1.13903,2.0,-11.900000000000244,23.800000000000487,0.0,0.0,0.0,0.0,0.0,4.0,7.0,1.0
1.33956,0,109,0.0,0.0,0,1.34216,1.338685,1.331155,1.350425,0.0,8.750000000001812,1.34144,1.3415949999999999,1.333165,-20.34999999999787,63.95000000000151,-1.0,1.0,1.0,0.0,0.0,0.0,0.0,0.0,0.0,0.0,0.0,0.0,0.0,0.0,0.0,0.0,4.0,7.0,-1.0
161.728,60,109,0.5555555555555556,-1.0,5,161.851,161.99099999999999,161.18849999999998,157.465,0.0,-26.29999999999768,161.584,161.891,161.66,-16.29999999999825,6.800000000001205,-1.0,-1.0,1.0,-1.0,0.0,0.0,161.851,161.482,2.0,-12.299999999999045,24.600000000000932,0.0,1.0,0.0,0.0,0.0,4.0,7.0,0.0
0.69528,0,109,0.0,0.0,0,0.6951499999999999,0.6937949999999999,0.70044,0.69723,0.0,14.850000000000696,0.69502,0.6949449999999999,0.691735,3.3500000000008523,35.4500000000002,-1.0,1.0,-1.0,1.0,0.0,0.0,0.0,0.0,0.0,0.0,0.0,0.0,0.0,0.0,0.0,0.0,4.0,7.0,-1.0
1.4155,0,109,0.0,0.0,0,1.41452,1.417715,1.4056899999999999,1.38647,0.0,-22.15000000000078,1.414345,1.41535,1.418245,1.4999999999987246,-27.449999999999974,-1.0,-1.0,1.0,-1.0,0.0,0.0,0.0,0.0,0.0,0.0,0.0,0.0,0.0,0.0,0.0,0.0,4.0,7.0,-1.0
0.80869,72,109,0.6666666666666666,1.0,6,0.8059799999999999,0.806915,0.800565,0.7872049999999999,0.0,17.74999999999971,0.807435,0.8059799999999999,0.806495,27.10000000000101,21.95000000000058,1.0,-1.0,1.0,1.0,0.0,0.0,0.80692,0.81224,2.0,17.700000000000493,-35.49999999999942,0.0,0.0,0.0,0.0,0.0,4.0,7.0,0.0
184.593,60,109,0.5555555555555556,-1.0,5,185.06650000000002,185.1365,184.73899999999998,184.374,0.0,-54.3500000000023,184.74450000000002,185.1365,184.7695,-54.3500000000023,-17.650000000000432,-1.0,0.0,1.0,-1.0,0.0,0.0,184.739,184.301,2.0,-14.6000000000015,29.20000000000016,0.0,1.0,0.0,0.0,0.0,4.0,7.0,1.0
216.643,0,109,0.0,0.0,0,217.133,217.1415,215.199,212.614,0.0,-49.850000000000705,216.8825,217.163,216.082,-52.00000000000102,56.100000000000705,-1.0,1.0,1.0,-1.0,0.0,0.0,0.0,0.0,0.0,0.0,0.0,0.0,1.0,0.0,0.0,0.0,4.0,7.0,-1.0
4113.6,0,109,0.0,0.0,0,4104.365,4100.955,4211.51,4769.91,0.0,126.45000000000437,4094.9700000000003,4105.17,4072.2799999999997,84.30000000000291,413.2000000000062,-1.0,1.0,-1.0,1.0,0.0,0.0,0.0,0.0,0.0,0.0,0.0,0.0,0.0,1.0,0.0,0.0,4.0,7.0,-1.0
52700.23,60,109,0.5555555555555556,1.0,5,52467.95,52694.28,51519.06,49073.22,0.0,59500.000000043656,52467.95,52463.104999999996,52667.380000000005,2371250.0000000726,328499.99999998545,0.0,-1.0,1.0,1.0,0.0,0.0,52694.28,52712.13,2.0,59500.000000043656,-118999.99999994179,0.0,0.0,0.0,1.0,0.0,4.0,7.0,0.0
29846.84,72,109,0.6666666666666666,1.0,6,29664.18,29269.980000000003,29421.18,26770.09,0.0,5768599.999999969,29664.18,29603.980000000003,29499.43,2428599.9999999693,3474099.9999999986,0.0,1.0,1.0,1.0,0.0,0.0,29664.18,30212.16,2.0,1826599.9999999986,-3653199.999999997,0.0,0.0,0.0,1.0,0.0,4.0,7.0,0.0
7580.45,72,109,0.6666666666666666,1.0,6,7543.95,7500.0,7403.51,6966.775,0.0,804499.9999999981,7543.95,7529.95,7500.0,505000.0,804499.9999999981,0.0,1.0,1.0,1.0,0.0,0.0,7543.95,7653.45,2.0,365000.0,-730000.0,0.0,0.0,0.0,1.0,0.0,4.0,7.0,0.0
100.989,60,109,0.5555555555555556,1.0,5,100.7955,100.9315,100.4735,98.658,0.0,5.750000000000455,100.8685,100.81700000000001,101.0545,17.199999999999704,-6.550000000000011,1.0,-1.0,1.0,0.0,0.0,0.0,100.9315,100.99015,0.02,5.750000000000455,-0.11499999999955435,0.0,0.0,0.0,1.0,1.0,4.0,7.0,1.0
1.13789,84,109,0.7777777777777778,-1.0,7,1.141155,1.1419,1.1473200000000001,1.170375,0.0,-40.099999999998474,1.140525,1.141155,1.1417199999999998,-32.64999999999851,-38.29999999999778,-1.0,-1.0,-1.0,-1.0,0.0,0.0,1.14115,1.13136,2.0,-32.600000000000406,65.30000000000146,0.0,0.0,0.0,0.0,0.0,0.0,7.0,0.0
1.3344,0,109,0.0,0.0,0,1.3376700000000001,1.338685,1.3300450000000001,1.350425,0.0,-42.84999999999872,1.337205,1.33898,1.333515,-45.80000000000028,8.850000000000247,-1.0,1.0,1.0,-1.0,0.0,0.0,0.0,0.0,0.0,0.0,0.0,0.0,0.0,0.0,0.0,0.0,0.0,7.0,-1.0
162.464,72,109,0.6666666666666666,1.0,6,162.059,161.99099999999999,161.18849999999998,157.465,0.0,47.30000000000132,162.27499999999998,161.879,161.66,58.500000000000796,80.4000000000002,1.0,-1.0,1.0,1.0,0.0,0.0,162.059,163.274,2.0,40.500000000000114,-81.00000000000023,0.0,1.0,0.0,0.0,0.0,0.0,7.0,0.0
0.69164,72,109,0.6666666666666666,-1.0,6,0.693335,0.6937949999999999,0.697675,0.697255,0.0,-21.54999999999907,0.6930499999999999,0.693885,0.6926,-22.449999999999413,-9.599999999999609,-1.0,1.0,-1.0,-1.0,0.0,0.0,0.69334,0.68825,2.0,-16.99999999999924,33.90000000000004,0.0,0.0,0.0,0.0,0.0,0.0,7.0,0.0
1.41575,0,109,0.0,0.0,0,1.414975,1.41718,1.4073600000000002,1.38647,0.0,-14.300000000000423,1.414555,1.4146,1.4178,11.499999999999844,-20.499999999998852,-1.0,-1.0,1.0,1.0,0.0,0.0,0.0,0.0,0.0,0.0,0.0,0.0,0.0,0.0,0.0,0.0,0.0,7.0,-1.0
0.81476,84,109,0.7777777777777778,1.0,7,0.810805,0.8089649999999999,0.80294,0.7878000000000001,0.0,57.950000000001054,0.812085,0.81042,0.8079350000000001,43.400000000000105,68.2499999999997,1.0,1.0,1.0,1.0,0.0,0.0,0.8108,0.82267,2.0,39.60000000000075,-79.09999999999972,0.0,0.0,0.0,0.0,0.0,0.0,7.0,0.0
184.863,0,109,0.0,0.0,0,184.8645,185.039,184.73899999999998,184.374,0.0,-17.599999999998772,185.0885,184.8645,184.747,-0.14999999999929514,11.599999999998545,1.0,-1.0,1.0,-1.0,0.0,0.0,0.0,0.0,0.0,0.0,0.0,0.0,1.0,0.0,0.0,0.0,0.0,7.0,-1.0
216.791,0,109,0.0,0.0,0,216.824,217.1415,215.199,213.41500000000002,0.0,-35.05000000000109,217.0095,216.858,216.31,-6.700000000000728,48.099999999999454,1.0,-1.0,1.0,-1.0,0.0,0.0,0.0,0.0,0.0,0.0,0.0,0.0,1.0,0.0,0.0,0.0,0.0,7.0,-1.0
3999.0,84,109,0.7777777777777778,-1.0,7,4050.71,4083.38,4162.01,4769.91,0.0,-843.8000000000011,4026.955,4051.9399999999996,4081.4399999999996,-529.399999999996,-824.399999999996,-1.0,-1.0,-1.0,-1.0,0.0,0.0,4050.71,3895.58,2.0,-517.1000000000004,1034.2000000000007,0.0,0.0,1.0,0.0,0.0,0.0,7.0,0.0
52456.13,0,109,0.0,0.0,0,52592.9,52694.28,51519.06,49073.22,0.0,-2381500.0000000144,52592.9,52538.425,52673.68,-822950.0000000553,-2175500.000000029,0.0,-1.0,1.0,1.0,0.0,0.0,0.0,0.0,0.0,0.0,0.0,0.0,0.0,0.0,1.0,0.0,0.0,7.0,-1.0
29218.74,60,109,0.5555555555555556,-1.0,5,29518.585,29269.980000000003,29421.18,26770.09,0.0,-512400.000000016,29360.184999999998,29518.585,29478.38,-2998449.9999999753,-2596399.9999999944,-1.0,1.0,1.0,-1.0,0.0,0.0,29269.98,29116.26,2.0,-512399.9999999796,1024800.000000032,0.0,0.0,0.0,1.0,0.0,0.0,7.0,0.0
7507.4,0,109,0.0,0.0,0,7541.24,7500.0,7403.51,6966.775,0.0,73999.99999999636,7533.0650000000005,7541.24,7500.0,-338400.00000000146,73999.99999999636,-1.0,1.0,1.0,0.0,0.0,0.0,0.0,0.0,0.0,0.0,0.0,0.0,0.0,0.0,1.0,0.0,0.0,7.0,-1.0
101.311,84,109,0.7777777777777778,1.0,7,101.026,100.953,100.588,98.658,0.0,35.80000000000041,101.0935,101.026,101.0545,28.50000000000108,25.65000000000026,1.0,1.0,1.0,1.0,0.0,0.0,101.026,101.3167,0.02,28.50000000000108,-0.5699999999990268,0.0,0.0,0.0,1.0,1.0,0.0,7.0,1.0
1.14207,0,109,0.0,0.0,0,1.1419899999999998,1.1419899999999998,1.1473200000000001,1.170375,0.0,0.8000000000008001,1.1433200000000001,1.1419899999999998,1.14239,0.8000000000008001,-3.20000000000098,1.0,0.0,-1.0,0.0,0.0,0.0,0.0,0.0,0.0,0.0,0.0,0.0,0.0,0.0,0.0,0.0,1.0,7.0,-1.0
1.33905,0,109,0.0,0.0,0,1.3392149999999998,1.339595,1.3300450000000001,1.350425,0.0,-5.450000000000177,1.34051,1.3392149999999998,1.335665,-1.6499999999974868,33.84999999999971,1.0,-1.0,1.0,0.0,0.0,0.0,0.0,0.0,0.0,0.0,0.0,0.0,0.0,0.0,0.0,0.0,1.0,7.0,-1.0
162.247,72,109,0.6666666666666666,1.0,6,162.039,161.99099999999999,161.18849999999998,157.465,0.0,25.600000000002865,161.9395,162.039,161.5935,20.800000000002683,65.35000000000082,-1.0,1.0,1.0,1.0,0.0,0.0,162.039,162.663,2.0,20.800000000002683,-41.59999999999968,0.0,1.0,0.0,0.0,0.0,1.0,7.0,0.0
0.69736,60,109,0.5555555555555556,1.0,5,0.695255,0.694965,0.697675,0.697255,0.0,23.94999999999925,0.6966650000000001,0.695255,0.69382,21.050000000000235,35.39999999999988,1.0,1.0,-1.0,1.0,0.0,0.0,0.69525,0.70157,2.0,21.099999999999454,-42.10000000000047,0.0,0.0,0.0,0.0,0.0,1.0,7.0,1.0
1.4059,72,109,0.6666666666666666,-1.0,6,1.410385,1.412185,1.4073600000000002,1.38647,0.0,-62.85000000000096,1.408145,1.410385,1.41431,-44.85000000000072,-84.10000000000028,-1.0,-1.0,1.0,-1.0,0.0,0.0,1.40736,1.40298,2.0,-14.600000000000168,29.200000000000337,0.0,0.0,0.0,0.0,0.0,1.0,7.0,0.0
0.80927,0,109,0.0,0.0,0,0.810515,0.80909,0.8030649999999999,0.7878000000000001,0.0,1.80000000000069,0.80878,0.810515,0.80806,-12.449999999999406,12.100000000000444,-1.0,1.0,1.0,0.0,0.0,0.0,0.0,0.0,0.0,0.0,0.0,0.0,0.0,0.0,0.0,0.0,1.0,7.0,-1.0
185.294,84,109,0.7777777777777778,1.0,7,185.121,185.039,184.73899999999998,184.374,0.0,25.500000000002387,185.223,185.121,184.747,17.300000000000182,54.699999999999704,1.0,1.0,1.0,1.0,0.0,0.0,185.121,185.64,2.0,17.300000000000182,-34.59999999999752,0.0,1.0,0.0,0.0,0.0,1.0,7.0,0.0
217.256,72,109,0.6666666666666666,1.0,6,217.0265,217.17200000000003,215.199,213.41500000000002,0.0,8.399999999997476,217.12650000000002,217.0265,216.31,22.95000000000016,94.5999999999998,1.0,-1.0,1.0,1.0,0.0,0.0,217.172,217.424,2.0,8.400000000000318,-16.800000000000637,0.0,1.0,0.0,0.0,0.0,1.0,7.0,0.0
4049.98,0,109,0.0,0.0,0,4042.51,4060.7400000000002,4162.01,4769.91,0.0,-107.60000000000218,4062.2250000000004,4042.51,4093.245,74.699999999998,-432.6499999999987,1.0,-1.0,-1.0,0.0,0.0,0.0,0.0,0.0,0.0,0.0,0.0,0.0,0.0,1.0,0.0,0.0,1.0,7.0,-1.0
52525.13,60,109,0.5555555555555556,1.0,5,52364.06,52426.28,51519.06,49073.22,0.0,988499.9999999854,52444.31,52426.28,52668.96000000001,988499.9999999854,-1438300.0000000903,1.0,0.0,1.0,-1.0,0.0,0.0,52426.28,52722.83,2.0,988499.9999999854,-1977000.0000000438,0.0,0.0,0.0,1.0,0.0,1.0,7.0,1.0
29585.04,72,109,0.6666666666666666,1.0,6,29404.38,29332.68,29421.18,26770.09,0.0,2523600.0000000056,29536.88,29404.38,29368.28,1806599.9999999986,2167600.0000000205,1.0,1.0,-1.0,1.0,0.0,0.0,29421.18,29912.76,2.0,1638600.0000000058,-3277199.9999999753,0.0,0.0,0.0,1.0,0.0,1.0,7.0,0.0
7542.95,72,109,0.6666666666666666,1.0,6,7527.225,7500.475,7403.51,6966.775,0.0,424749.9999999945,7533.725,7527.225,7500.0,157249.99999999453,429499.9999999982,1.0,1.0,1.0,0.0,0.0,0.0,7527.225,7574.4,2.0,157249.99999999453,-314499.9999999982,0.0,0.0,0.0,1.0,0.0,1.0,7.0,1.0
100.931,48,109,0.4444444444444444,1.0,4,100.883,100.883,100.588,98.658,0.0,4.800000000000182,100.753,100.883,100.9365,4.800000000000182,-0.549999999999784,-1.0,0.0,1.0,0.0,0.0,0.0,100.883,100.93196,0.02,4.800000000000182,-0.09600000000062892,0.0,0.0,0.0,1.0,1.0,1.0,7.0,0.0
1.14634,0,109,0.0,0.0,0,1.1444200000000002,1.14298,1.1473200000000001,1.170375,0.0,33.599999999998076,1.1444200000000002,1.143605,1.14298,27.34999999999932,33.599999999998076,0.0,1.0,-1.0,1.0,0.0,0.0,0.0,0.0,0.0,0.0,0.0,0.0,0.0,0.0,0.0,0.0,2.0,7.0,-1.0
1.35375,84,109,0.7777777777777778,1.0,7,1.34633,1.3449849999999999,1.334895,1.350425,0.0,87.65000000000134,1.3480150000000002,1.34619,1.3439999999999999,75.60000000000011,97.50000000000148,1.0,1.0,1.0,1.0,0.0,0.0,1.34633,1.36859,2.0,74.19999999999982,-148.39999999999964,0.0,0.0,0.0,0.0,0.0,2.0,7.0,0.0
162.196,72,109,0.6666666666666666,1.0,6,162.154,161.879,161.18849999999998,157.465,0.0,31.700000000000728,162.141,162.007,161.5935,18.899999999999295,60.249999999999204,-1.0,1.0,1.0,1.0,0.0,0.0,162.154,162.28,2.0,4.200000000000159,-8.400000000000318,0.0,1.0,0.0,0.0,0.0,2.0,7.0,0.0
0.70069,72,109,0.6666666666666666,1.0,6,0.6994100000000001,0.696685,0.697675,0.697255,0.0,40.05000000000037,0.700175,0.697965,0.696375,27.250000000000885,43.15000000000069,1.0,1.0,-1.0,1.0,0.0,0.0,0.69941,0.70325,2.0,12.800000000000589,-25.600000000000065,0.0,0.0,0.0,0.0,0.0,2.0,7.0,0.0
1.40381,60,109,0.5555555555555556,-1.0,5,1.4050950000000002,1.4103400000000001,1.4073600000000002,1.38647,0.0,-65.30000000000146,1.4050950000000002,1.407025,1.413165,-32.14999999999968,-93.55000000000003,0.0,-1.0,1.0,-1.0,0.0,0.0,1.4051,1.40124,2.0,-12.900000000000134,25.699999999999612,0.0,0.0,0.0,0.0,0.0,2.0,7.0,0.0
0.80527,0,109,0.0,0.0,0,0.80741,0.80909,0.8030649999999999,0.7878000000000001,0.0,-38.19999999999935,0.80741,0.808195,0.80809,-29.249999999999552,-28.199999999999335,0.0,-1.0,1.0,-1.0,0.0,0.0,0.0,0.0,0.0,0.0,0.0,0.0,0.0,0.0,0.0,0.0,2.0,7.0,-1.0
185.927,84,109,0.7777777777777778,1.0,7,185.551,185.134,184.73899999999998,184.374,0.0,79.30000000000064,185.605,185.402,184.93849999999998,52.50000000000057,98.85000000000161,1.0,1.0,1.0,1.0,0.0,0.0,185.551,186.679,2.0,37.60000000000048,-75.20000000000095,0.0,1.0,0.0,0.0,0.0,2.0,7.0,0.0
219.572,84,109,0.7777777777777778,1.0,7,218.2185,217.973,216.0,213.41500000000002,0.0,159.89999999999895,218.5845,218.2185,217.1465,135.34999999999968,242.54999999999995,1.0,1.0,1.0,1.0,0.0,0.0,218.2185,222.279,2.0,135.34999999999968,-270.69999999999936,0.0,1.0,0.0,0.0,0.0,2.0,7.0,0.0
4061.23,0,109,0.0,0.0,0,4049.185,4060.7400000000002,4162.01,4769.91,0.0,4.899999999997817,4053.96,4057.5150000000003,4093.245,37.14999999999691,-320.1499999999987,1.0,-1.0,-1.0,1.0,0.0,0.0,0.0,0.0,0.0,0.0,0.0,0.0,0.0,1.0,0.0,0.0,2.0,7.0,-1.0
52663.03,72,109,0.6666666666666666,1.0,6,52622.399999999994,52426.28,51519.06,49073.22,0.0,2367500.0,52636.05,52422.555,52668.96000000001,2404749.9999999856,-59300.00000007567,1.0,-1.0,1.0,1.0,0.0,0.0,52622.4,52744.29,2.0,406299.9999999738,-812600.0000000204,0.0,0.0,0.0,1.0,0.0,2.0,7.0,0.0
29517.54,0,109,0.0,0.0,0,29528.43,29478.980000000003,29442.78,26770.09,0.0,385599.9999999767,29496.78,29528.43,29269.980000000003,-108899.99999999418,2475599.9999999767,-1.0,1.0,-1.0,1.0,0.0,0.0,0.0,0.0,0.0,0.0,0.0,0.0,0.0,0.0,1.0,0.0,2.0,7.0,-1.0
7572.45,72,109,0.6666666666666666,1.0,6,7555.0,7532.625,7404.1849999999995,6966.775,0.0,398249.9999999982,7555.0,7540.425,7500.675,320249.9999999964,717749.9999999964,0.0,1.0,1.0,1.0,0.0,0.0,7555.0,7607.35,2.0,174499.9999999982,-349000.0000000055,0.0,0.0,0.0,1.0,0.0,2.0,7.0,0.0
100.501,60,109,0.5555555555555556,-1.0,5,100.6815,100.829,100.588,98.658,0.0,-32.799999999998875,100.6815,100.7495,100.829,-24.849999999999284,-32.799999999998875,0.0,-1.0,1.0,-1.0,0.0,0.0,100.588,100.49926,0.02,-8.699999999998909,0.17399999999980764,0.0,0.0,0.0,1.0,1.0,2.0,7.0,1.0
1.14433,0,109,0.0,0.0,0,1.14537,1.14298,1.1473200000000001,1.170375,0.0,13.499999999999623,1.145095,1.1444200000000002,1.14298,-0.9000000000014552,13.499999999999623,-1.0,1.0,-1.0,0.0,0.0,0.0,0.0,0.0,0.0,0.0,0.0,0.0,0.0,0.0,0.0,0.0,3.0,7.0,-1.0
1.34787,60,109,0.5555555555555556,1.0,5,1.3502,1.3449849999999999,1.334895,1.350425,0.0,28.850000000000264,1.34883,1.3469250000000001,1.3439999999999999,9.449999999997516,38.7000000000004,-1.0,1.0,1.0,1.0,0.0,0.0,1.34498,1.35364,2.0,28.89999999999837,-57.70000000000053,0.0,0.0,0.0,0.0,0.0,3.0,7.0,0.0
162.359,84,109,0.7777777777777778,1.0,7,162.2605,161.90949999999998,161.18849999999998,157.465,0.0,44.95000000000289,162.3305,162.2165,161.9765,14.25000000000125,38.25000000000216,1.0,1.0,1.0,1.0,0.0,0.0,162.2605,162.556,2.0,9.850000000000136,-19.700000000000273,0.0,1.0,0.0,0.0,0.0,3.0,7.0,0.0
0.69967,0,109,0.0,0.0,0,0.6999500000000001,0.696685,0.697675,0.697255,0.0,29.850000000000154,0.70011,0.7000500000000001,0.696375,-3.8000000000004697,32.95000000000048,1.0,1.0,-1.0,0.0,0.0,0.0,0.0,0.0,0.0,0.0,0.0,0.0,0.0,0.0,0.0,0.0,3.0,7.0,-1.0
1.40412,0,109,0.0,0.0,0,1.403425,1.4092500000000001,1.4089749999999999,1.38647,0.0,-51.30000000000079,1.403425,1.4043800000000002,1.41245,-2.60000000000149,-83.29999999999949,0.0,-1.0,1.0,-1.0,0.0,0.0,0.0,0.0,0.0,0.0,0.0,0.0,0.0,0.0,0.0,0.0,3.0,7.0,-1.0
0.80858,0,109,0.0,0.0,0,0.80693,0.8092550000000001,0.8030649999999999,0.7878000000000001,0.0,-6.750000000000922,0.807905,0.80741,0.80879,11.700000000000044,-2.100000000000435,1.0,-1.0,1.0,0.0,0.0,0.0,0.0,0.0,0.0,0.0,0.0,0.0,0.0,0.0,0.0,0.0,3.0,7.0,-1.0
185.795,60,109,0.5555555555555556,1.0,5,185.86950000000002,185.14749999999998,184.73899999999998,184.374,0.0,64.7500000000008,185.86950000000002,185.61849999999998,185.14749999999998,17.650000000000432,64.7500000000008,0.0,1.0,1.0,1.0,0.0,0.0,185.1475,187.09,2.0,64.74999999999795,-129.5000000000016,0.0,1.0,0.0,0.0,0.0,3.0,7.0,-1.0
218.838,60,109,0.5555555555555556,1.0,5,219.1355,217.973,216.0,213.41500000000002,0.0,86.49999999999807,219.0315,218.4525,217.375,38.55000000000075,146.2999999999994,-1.0,1.0,1.0,1.0,0.0,0.0,217.973,220.568,2.0,86.49999999999807,-173.00000000000182,0.0,1.0,0.0,0.0,0.0,3.0,7.0,-1.0
3974.5,84,109,0.7777777777777778,-1.0,7,4024.975,4042.0699999999997,4162.01,4769.91,0.0,-675.6999999999971,4006.02,4024.975,4085.835,-504.7499999999991,-1113.3500000000004,-1.0,-1.0,-1.0,-1.0,0.0,0.0,4024.975,3873.55,2.0,-504.7499999999991,1009.4999999999982,0.0,0.0,1.0,0.0,0.0,3.0,7.0,-1.0
52495.73,48,109,0.4444444444444444,1.0,4,52609.0,52431.08,51519.06,49073.22,0.0,646500.0000000146,52609.0,52609.0,52668.96000000001,-1132699.9999999679,-1732300.0000000321,0.0,1.0,1.0,0.0,0.0,0.0,52431.08,52625.03,2.0,646500.0000000146,-1292999.9999999562,0.0,0.0,0.0,1.0,0.0,3.0,7.0,0.0
28972.94,84,109,0.7777777777777778,-1.0,7,29239.18,29371.33,29442.78,26770.09,0.0,-3983900.0000000307,29106.43,29339.13,29269.980000000003,-3661900.0000000233,-2970400.000000045,-1.0,-1.0,-1.0,-1.0,0.0,0.0,29239.18,28440.46,2.0,-2662400.000000016,5324799.999999995,0.0,0.0,0.0,1.0,0.0,3.0,7.0,1.0
7524.55,0,109,0.0,0.0,0,7546.725,7537.625,7407.36,6966.775,0.0,-130749.99999999818,7537.950000000001,7546.725,7503.85,-221750.0000000018,206999.9999999982,-1.0,1.0,1.0,-1.0,0.0,0.0,0.0,0.0,0.0,0.0,0.0,0.0,0.0,0.0,1.0,0.0,3.0,7.0,-1.0
100.721,0,109,0.0,0.0,0,100.5825,100.829,100.588,98.658,0.0,-10.799999999998988,100.658,100.6815,100.829,3.9500000000003865,-10.799999999998988,1.0,-1.0,1.0,-1.0,0.0,0.0,0.0,0.0,0.0,0.0,0.0,0.0,0.0,0.0,1.0,1.0,3.0,7.0,-1.0
1.1437599999999999,60,109,0.5555555555555556,-1.0,5,1.14383,1.14298,1.1473200000000001,1.170375,0.0,7.799999999997809,1.143445,1.144755,1.14298,-9.950000000000792,7.799999999997809,-1.0,1.0,-1.0,-1.0,0.0,0.0,1.14383,1.14362,2.0,-0.700000000000145,1.3999999999980695,0.0,0.0,0.0,0.0,0.0,4.0,7.0,-1.0
1.34546,60,109,0.5555555555555556,1.0,5,1.345315,1.3449849999999999,1.334895,1.350425,0.0,4.750000000002252,1.34439,1.34735,1.3439999999999999,-18.899999999999473,14.600000000002389,-1.0,1.0,1.0,-1.0,0.0,0.0,1.34532,1.34575,2.0,1.40000000000029,-2.8999999999990145,0.0,0.0,0.0,0.0,0.0,4.0,7.0,-1.0
162.392,84,109,0.7777777777777778,1.0,7,162.3235,162.0695,161.28449999999998,157.465,0.0,32.24999999999909,162.4095,162.325,161.99099999999999,6.700000000000728,40.100000000001046,1.0,1.0,1.0,1.0,0.0,0.0,162.3235,162.529,2.0,6.850000000000023,-13.700000000000045,0.0,1.0,0.0,0.0,0.0,4.0,7.0,-1.0
0.69816,0,109,0.0,0.0,0,0.69834,0.696685,0.697675,0.697255,0.0,14.75000000000004,0.697665,0.698915,0.696375,-7.5499999999995016,17.850000000000364,-1.0,1.0,-1.0,-1.0,0.0,0.0,0.0,0.0,0.0,0.0,0.0,0.0,0.0,0.0,0.0,0.0,4.0,7.0,-1.0
1.40176,72,109,0.6666666666666666,-1.0,6,1.4029099999999999,1.40828,1.40992,1.38647,0.0,-65.20000000000081,1.401735,1.4031799999999999,1.411585,-14.199999999999768,-98.25000000000195,-1.0,-1.0,1.0,-1.0,0.0,0.0,1.40291,1.39946,2.0,-11.500000000002064,22.999999999999687,0.0,0.0,0.0,0.0,0.0,4.0,7.0,-1.0
0.80737,0,109,0.0,0.0,0,0.8076350000000001,0.8092550000000001,0.8030649999999999,0.7878000000000001,0.0,-18.850000000000257,0.8070200000000001,0.807845,0.80909,-4.750000000000032,-17.199999999999438,-1.0,-1.0,1.0,0.0,0.0,0.0,0.0,0.0,0.0,0.0,0.0,0.0,0.0,0.0,0.0,0.0,4.0,7.0,-1.0
185.743,72,109,0.6666666666666666,1.0,6,185.715,185.39100000000002,184.73899999999998,184.374,0.0,35.199999999997544,185.7245,185.7525,185.14749999999998,-0.9500000000002728,59.550000000001546,1.0,1.0,1.0,0.0,0.0,0.0,185.715,185.799,2.0,2.7999999999991587,-5.60000000000116,0.0,1.0,0.0,0.0,0.0,4.0,7.0,-1.0
218.491,60,109,0.5555555555555556,1.0,5,218.464,218.132,216.0,213.41500000000002,0.0,35.90000000000089,218.334,218.69299999999998,217.9425,-20.199999999996976,54.85000000000184,-1.0,1.0,1.0,0.0,0.0,0.0,218.464,218.545,2.0,2.7000000000015234,-5.3999999999973625,0.0,1.0,0.0,0.0,0.0,4.0,7.0,-1.0
4015.66,60,109,0.5555555555555556,-1.0,5,3991.56,4030.4350000000004,4162.01,4769.91,0.0,-147.75000000000546,3991.56,4001.355,4069.9049999999997,143.04999999999836,-542.4499999999989,0.0,-1.0,-1.0,-1.0,0.0,0.0,4030.435,3986.11,2.0,-147.7500000000009,295.49999999999727,0.0,0.0,1.0,0.0,0.0,4.0,7.0,-1.0
52159.03,0,109,0.0,0.0,0,52266.05,52394.975,52060.81,49073.22,0.0,-2359449.999999997,52266.05,52394.975,52632.854999999996,-2359449.999999997,-4738249.999999971,0.0,0.0,1.0,-1.0,0.0,0.0,0.0,0.0,0.0,0.0,0.0,0.0,0.0,0.0,1.0,0.0,4.0,7.0,-1.0
28573.64,84,109,0.7777777777777778,-1.0,7,28659.379999999997,29036.98,29433.33,26770.09,0.0,-4633400.000000002,28531.73,28829.78,29037.53,-2561399.9999999944,-4638899.999999994,-1.0,-1.0,-1.0,-1.0,0.0,0.0,28659.38,28402.16,2.0,-857400.0000000161,1714799.9999999956,0.0,0.0,0.0,1.0,0.0,4.0,7.0,-1.0
7454.35,60,109,0.5555555555555556,-1.0,5,7486.65,7509.549999999999,7439.21,6966.775,0.0,-551999.999999989,7463.299999999999,7501.299999999999,7503.85,-469499.99999998906,-495000.0,-1.0,-1.0,1.0,-1.0,0.0,0.0,7486.65,7389.75,2.0,-322999.9999999927,646000.0000000036,0.0,0.0,0.0,1.0,0.0,4.0,7.0,-1.0
100.747,0,109,0.0,0.0,0,100.76,100.829,100.588,98.658,0.0,-8.199999999999363,100.777,100.6825,100.829,6.449999999999534,-8.199999999999363,1.0,-1.0,1.0,0.0,0.0,0.0,0.0,0.0,0.0,0.0,0.0,0.0,0.0,0.0,1.0,1.0,4.0,7.0,-1.0
