price,score,max_score,score_pct,bias,alignment,kj_h1,kj_h4,kj_d1,kj_w1,kj_mn,d_kj_h4,tk_h1,tk_h4,tk_d1,d_tk_h4,d_tk_d1,tkx_h1,tkx_h4,tkx_d1,kumo_h1,kumo_h4,kumo_d1,sl,tp,rr,d_sl_pips,d_tp_pips,is_forex,is_jpy,is_xau,is_index,is_dxy,day_of_week,month,outcome
1.17454,0,109,0.0,0.0,0,1.17397,1.175845,1.1659899999999999,1.1655,0.0,-13.050000000001116,1.1739799999999998,1.17488,1.175545,-3.4000000000000696,-10.050000000001447,1.0,-1.0,1.0,-1.0,0.0,0.0,0.0,0.0,0.0,0.0,0.0,0.0,0.0,0.0,0.0,0.0,3.0,1.0,-1.0
1.34738,48,109,0.4444444444444444,1.0,4,1.344245,1.34659,1.3314499999999998,1.336795,0.0,7.900000000000684,1.344245,1.34659,1.34371,7.900000000000684,36.70000000000062,0.0,0.0,1.0,-1.0,0.0,0.0,1.34659,1.34896,2.0,7.900000000000684,-15.799999999999148,0.0,0.0,0.0,0.0,0.0,3.0,1.0,0.0
156.671,84,109,0.7777777777777778,1.0,7,156.6575,156.334,156.04649999999998,151.05700000000002,0.0,33.69999999999891,156.78699999999998,156.368,156.517,30.299999999999727,15.399999999999636,1.0,1.0,1.0,1.0,0.0,0.0,156.6575,156.698,2.0,1.3499999999993406,-2.7000000000015234,0.0,1.0,0.0,0.0,0.0,3.0,1.0,0.0
0.6673,60,109,0.5555555555555556,-1.0,5,0.668035,0.66934,0.658165,0.65708,0.0,-20.400000000000418,0.66737,0.668575,0.665985,-12.750000000000261,13.149999999999551,-1.0,-1.0,1.0,-1.0,0.0,0.0,0.66804,0.66583,2.0,-7.399999999999629,14.699999999999713,0.0,0.0,0.0,0.0,0.0,3.0,1.0,0.0
1.37208,0,109,0.0,0.0,0,1.3708049999999998,1.368515,1.388365,1.38578,0.0,35.650000000000404,1.3708049999999998,1.3703699999999999,1.372405,17.100000000001003,-3.2500000000013074,0.0,1.0,-1.0,1.0,0.0,0.0,0.0,0.0,0.0,0.0,0.0,0.0,0.0,0.0,0.0,0.0,3.0,1.0,-1.0
0.79251,0,109,0.0,0.0,0,0.7927200000000001,0.7902750000000001,0.79816,0.8000050000000001,0.0,22.34999999999987,0.792925,0.79091,0.7913699999999999,16.00000000000046,11.400000000001409,1.0,1.0,-1.0,1.0,0.0,0.0,0.0,0.0,0.0,0.0,0.0,0.0,0.0,0.0,0.0,0.0,3.0,1.0,-1.0
1.17203,60,109,0.5555555555555556,-1.0,5,1.1739,1.175385,1.16776,1.1655,0.0,-33.54999999999997,1.17343,1.1739,1.175545,-18.700000000000383,-35.15000000000157,-1.0,-1.0,1.0,-1.0,0.0,0.0,1.1739,1.16829,2.0,-18.700000000000383,37.39999999999854,0.0,0.0,0.0,0.0,0.0,4.0,1.0,1.0
1.3459400000000001,0,109,0.0,0.0,0,1.34677,1.34659,1.3329,1.336795,0.0,-6.499999999998174,1.347185,1.345165,1.34453,7.750000000001922,14.100000000001334,1.0,-1.0,1.0,0.0,0.0,0.0,0.0,0.0,0.0,0.0,0.0,0.0,0.0,0.0,0.0,0.0,4.0,1.0,-1.0
156.827,72,109,0.6666666666666666,1.0,6,156.757,156.37099999999998,156.04649999999998,151.05700000000002,0.0,45.60000000000173,156.757,156.757,156.598,6.999999999999318,22.8999999999985,0.0,1.0,1.0,1.0,0.0,0.0,156.757,156.967,2.0,6.999999999999318,-14.000000000001478,0.0,1.0,0.0,0.0,0.0,4.0,1.0,0.0
0.66932,60,109,0.5555555555555556,1.0,5,0.66859,0.66934,0.65957,0.65708,0.0,-0.20000000000020002,0.6687449999999999,0.6683250000000001,0.66637,9.949999999999681,29.50000000000008,1.0,-1.0,1.0,1.0,0.0,0.0,0.66859,0.67078,2.0,7.300000000000084,-14.600000000000168,0.0,0.0,0.0,0.0,0.0,4.0,1.0,0.0
1.37298,60,109,0.5555555555555556,1.0,5,1.372395,1.3695050000000002,1.38737,1.38578,0.0,34.74999999999895,1.3734250000000001,1.371795,1.372405,11.849999999999916,5.749999999999922,1.0,1.0,-1.0,1.0,0.0,0.0,1.3724,1.37415,2.0,5.800000000000249,-11.699999999998933,0.0,0.0,0.0,0.0,0.0,4.0,1.0,1.0
0.7924,0,109,0.0,0.0,0,0.7921,0.79077,0.7973399999999999,0.8000050000000001,0.0,16.300000000000203,0.79172,0.792125,0.791175,2.7500000000002522,12.250000000000316,-1.0,1.0,-1.0,0.0,0.0,0.0,0.0,0.0,0.0,0.0,0.0,0.0,0.0,0.0,0.0,0.0,4.0,1.0,-1.0
1.17204,0,109,0.0,0.0,0,1.169395,1.172385,1.1681599999999999,1.1655,0.0,-3.450000000000397,1.169395,1.1706750000000001,1.17336,13.649999999998386,-13.199999999999878,0.0,-1.0,1.0,-1.0,0.0,0.0,0.0,0.0,0.0,0.0,0.0,0.0,0.0,0.0,0.0,0.0,0.0,1.0,-1.0
1.35402,84,109,0.7777777777777778,1.0,7,1.3481,1.34748,1.33637,1.336795,0.0,65.3999999999999,1.34864,1.3481,1.345955,59.19999999999925,80.64999999999989,1.0,1.0,1.0,1.0,0.0,0.0,1.3481,1.36586,2.0,59.19999999999925,-118.40000000000073,0.0,0.0,0.0,0.0,0.0,0.0,1.0,0.0
156.387,0,109,0.0,0.0,0,156.703,156.5195,156.04649999999998,151.833,0.0,-13.249999999999318,156.543,156.703,156.6275,-31.60000000000025,-24.049999999999727,-1.0,1.0,1.0,-1.0,0.0,0.0,0.0,0.0,0.0,0.0,0.0,0.0,1.0,0.0,0.0,0.0,0.0,1.0,-1.0
0.67139,72,109,0.6666666666666666,1.0,6,0.66908,0.668915,0.6621300000000001,0.65903,0.0,24.75000000000005,0.66908,0.66908,0.6665650000000001,23.100000000000342,48.24999999999968,0.0,1.0,1.0,1.0,0.0,0.0,0.66908,0.67601,2.0,23.100000000000342,-46.19999999999958,0.0,0.0,0.0,0.0,0.0,0.0,1.0,1.0
1.37701,0,109,0.0,0.0,0,1.3771049999999998,1.373915,1.38466,1.38578,0.0,30.9500000000007,1.3780199999999998,1.3766349999999998,1.3728850000000001,3.7500000000023626,41.249999999999346,1.0,1.0,-1.0,1.0,0.0,0.0,0.0,0.0,0.0,0.0,0.0,0.0,0.0,0.0,0.0,0.0,0.0,1.0,-1.0
0.79173,60,109,0.5555555555555556,-1.0,5,0.7936749999999999,0.792175,0.7973399999999999,0.8000050000000001,0.0,-4.449999999999177,0.794005,0.79343,0.791445,-16.99999999999924,2.8500000000009074,1.0,1.0,-1.0,-1.0,0.0,0.0,0.79217,0.79084,2.0,-4.3999999999999595,8.900000000000574,0.0,0.0,0.0,0.0,0.0,0.0,1.0,0.0
1.16878,60,109,0.5555555555555556,-1.0,5,1.171335,1.1712850000000001,1.1681599999999999,1.1655,0.0,-25.050000000002015,1.170075,1.1701000000000001,1.17336,-13.200000000002099,-45.80000000000028,-1.0,-1.0,1.0,-1.0,0.0,0.0,1.17129,1.16377,2.0,-25.100000000000122,50.09999999999959,0.0,0.0,0.0,0.0,0.0,1.0,1.0,1.0
1.35018,60,109,0.5555555555555556,1.0,5,1.3529399999999998,1.34845,1.33734,1.336795,0.0,17.300000000000093,1.351275,1.34961,1.34845,5.699999999999594,17.300000000000093,-1.0,1.0,1.0,1.0,0.0,0.0,1.34845,1.35364,2.0,17.300000000000093,-34.600000000000186,0.0,0.0,0.0,0.0,0.0,1.0,1.0,0.0
156.66,0,109,0.0,0.0,0,156.476,156.703,156.04649999999998,151.833,0.0,-4.300000000000637,156.523,156.543,156.4245,11.699999999999022,23.550000000000182,1.0,-1.0,1.0,0.0,0.0,0.0,0.0,0.0,0.0,0.0,0.0,0.0,1.0,0.0,0.0,0.0,1.0,1.0,-1.0
0.67383,84,109,0.7777777777777778,1.0,7,0.672235,0.6700600000000001,0.663095,0.65903,0.0,37.6999999999994,0.6728700000000001,0.6702250000000001,0.66978,36.04999999999969,40.49999999999998,1.0,1.0,1.0,1.0,0.0,0.0,0.67224,0.67702,2.0,15.900000000000913,-31.899999999999153,0.0,0.0,0.0,0.0,0.0,1.0,1.0,0.0
1.3814899999999999,60,109,0.5555555555555556,1.0,5,1.3783349999999999,1.37474,1.38466,1.38578,0.0,67.49999999999812,1.3785949999999998,1.3780199999999998,1.3728850000000001,34.70000000000084,86.04999999999751,1.0,1.0,-1.0,1.0,0.0,0.0,1.37833,1.3878,2.0,31.599999999998296,-63.10000000000038,0.0,0.0,0.0,0.0,0.0,1.0,1.0,1.0
0.79571,60,109,0.5555555555555556,1.0,5,0.793265,0.7933049999999999,0.7973399999999999,0.8000050000000001,0.0,24.050000000001013,0.79416,0.7936749999999999,0.791445,20.350000000001202,42.650000000000745,1.0,1.0,-1.0,1.0,0.0,0.0,0.7933,0.80052,2.0,24.100000000000232,-48.09999999999981,0.0,0.0,0.0,0.0,0.0,1.0,1.0,1.0
1.1676,72,109,0.6666666666666666,-1.0,6,1.16878,1.171195,1.169875,1.1655,0.0,-35.950000000000145,1.1686100000000001,1.1695250000000001,1.17336,-19.250000000001766,-57.59999999999987,-1.0,-1.0,1.0,-1.0,0.0,0.0,1.16878,1.16524,2.0,-11.799999999999589,23.599999999999177,0.0,0.0,0.0,0.0,0.0,2.0,1.0,1.0
1.3458999999999999,0,109,0.0,0.0,0,1.34865,1.34845,1.33734,1.336795,0.0,-25.500000000000522,1.347915,1.3498,1.34845,-39.000000000002366,-25.500000000000522,-1.0,1.0,1.0,-1.0,0.0,0.0,0.0,0.0,0.0,0.0,0.0,0.0,0.0,0.0,0.0,0.0,2.0,1.0,-1.0
156.748,72,109,0.6666666666666666,1.0,6,156.549,156.703,156.04649999999998,151.833,0.0,4.4999999999987494,156.578,156.541,156.4245,20.699999999999363,32.34999999999957,1.0,-1.0,1.0,1.0,0.0,0.0,156.703,156.838,2.0,4.4999999999987494,-9.000000000000341,0.0,1.0,0.0,0.0,0.0,2.0,1.0,0.0
0.67203,0,109,0.0,0.0,0,0.67416,0.6712899999999999,0.664995,0.65903,0.0,7.400000000000739,0.673215,0.6738999999999999,0.6712899999999999,-18.69999999999927,7.400000000000739,-1.0,1.0,1.0,0.0,0.0,0.0,0.0,0.0,0.0,0.0,0.0,0.0,0.0,0.0,0.0,0.0,2.0,1.0,-1.0
1.38598,60,109,0.5555555555555556,1.0,5,1.38259,1.3776899999999999,1.382845,1.38578,0.0,82.90000000000131,1.38259,1.38091,1.3752,50.69999999999908,107.80000000000013,0.0,1.0,-1.0,1.0,0.0,0.0,1.38285,1.39225,2.0,31.30000000000077,-62.699999999999974,0.0,0.0,0.0,0.0,0.0,2.0,1.0,-1.0
0.79773,72,109,0.6666666666666666,1.0,6,0.7961400000000001,0.793995,0.7973399999999999,0.8000050000000001,0.0,37.350000000000435,0.796505,0.79511,0.79201,26.200000000000667,57.200000000000585,1.0,1.0,-1.0,1.0,0.0,0.0,0.79734,0.79851,2.0,3.9000000000000146,-7.800000000000029,0.0,0.0,0.0,0.0,0.0,2.0,1.0,0.0
1.16599,72,109,0.6666666666666666,-1.0,6,1.1663350000000001,1.169855,1.16996,1.1655,0.0,-38.65000000000008,1.166035,1.167075,1.171975,-10.850000000000026,-59.84999999999907,-1.0,-1.0,1.0,-1.0,0.0,0.0,1.16634,1.1653,2.0,-3.4999999999985043,6.900000000000794,0.0,0.0,0.0,0.0,0.0,3.0,1.0,1.0
1.3443,0,109,0.0,0.0,0,1.3441450000000001,1.34907,1.33734,1.336795,0.0,-47.699999999999406,1.34314,1.3460299999999998,1.34845,-17.299999999997873,-41.499999999998764,-1.0,-1.0,1.0,-1.0,0.0,0.0,0.0,0.0,0.0,0.0,0.0,0.0,0.0,0.0,0.0,0.0,3.0,1.0,-1.0
156.845,84,109,0.7777777777777778,1.0,7,156.7615,156.703,156.04649999999998,151.833,0.0,14.19999999999959,156.86599999999999,156.7135,156.5195,13.14999999999884,32.55000000000052,1.0,1.0,1.0,1.0,0.0,0.0,156.7615,157.012,2.0,8.349999999998658,-16.70000000000016,0.0,1.0,0.0,0.0,0.0,3.0,1.0,0.0
0.66998,60,109,0.5555555555555556,-1.0,5,0.670515,0.6714549999999999,0.664995,0.65903,0.0,-14.74999999999893,0.669125,0.6713899999999999,0.6712899999999999,-14.099999999999113,-13.099999999999223,-1.0,-1.0,1.0,-1.0,0.0,0.0,0.67051,0.66891,2.0,-5.3000000000003045,10.700000000000154,0.0,0.0,0.0,0.0,0.0,3.0,1.0,1.0
1.38614,0,109,0.0,0.0,0,1.38661,1.380445,1.382845,1.38578,0.0,56.95000000000006,1.386365,1.383915,1.376525,22.249999999999215,96.1499999999993,-1.0,1.0,-1.0,1.0,0.0,0.0,0.0,0.0,0.0,0.0,0.0,0.0,0.0,0.0,0.0,0.0,3.0,1.0,-1.0
0.79878,72,109,0.6666666666666666,1.0,6,0.7981499999999999,0.79504,0.7973399999999999,0.8000050000000001,0.0,37.400000000000766,0.798635,0.79755,0.79315,12.300000000000644,56.30000000000024,1.0,1.0,-1.0,1.0,0.0,0.0,0.79815,0.80004,2.0,6.300000000000194,-12.599999999999278,0.0,0.0,0.0,0.0,0.0,3.0,1.0,0.0
1.16299,84,109,0.7777777777777778,-1.0,7,1.16403,1.168055,1.17116,1.1655,0.0,-50.65000000000097,1.163945,1.165,1.17036,-20.100000000000673,-73.70000000000098,-1.0,-1.0,-1.0,-1.0,0.0,0.0,1.16403,1.16091,2.0,-10.399999999999299,20.799999999998597,0.0,0.0,0.0,0.0,0.0,4.0,1.0,0.0
1.33969,0,109,0.0,0.0,0,1.34216,1.347995,1.338105,1.336795,0.0,-83.05000000000007,1.34216,1.34216,1.347995,-24.699999999999722,-83.05000000000007,0.0,-1.0,1.0,-1.0,0.0,0.0,0.0,0.0,0.0,0.0,0.0,0.0,0.0,0.0,0.0,0.0,4.0,1.0,-1.0
157.938,84,109,0.7777777777777778,1.0,7,157.454,157.14800000000002,156.262,151.833,0.0,78.99999999999636,157.777,157.424,156.9645,51.39999999999816,97.35000000000014,1.0,1.0,1.0,1.0,0.0,0.0,157.454,158.906,2.0,48.399999999998045,-96.80000000000177,0.0,1.0,0.0,0.0,0.0,4.0,1.0,1.0
0.66854,0,109,0.0,0.0,0,0.6683749999999999,0.6714899999999999,0.665925,0.65903,0.0,-29.49999999999897,0.668335,0.6683749999999999,0.6712899999999999,1.6500000000008175,-27.49999999999919,-1.0,-1.0,1.0,-1.0,0.0,0.0,0.0,0.0,0.0,0.0,0.0,0.0,0.0,0.0,0.0,0.0,4.0,1.0,-1.0
1.39174,72,109,0.6666666666666666,1.0,6,1.3887,1.383225,1.380975,1.38578,0.0,85.1500000000005,1.389325,1.3885,1.378835,32.399999999999096,129.04999999999944,1.0,1.0,-1.0,1.0,0.0,0.0,1.3887,1.39782,2.0,30.399999999999316,-60.80000000000085,0.0,0.0,0.0,0.0,0.0,4.0,1.0,0.0
0.80106,72,109,0.6666666666666666,1.0,6,0.799585,0.79618,0.7973399999999999,0.8000050000000001,0.0,48.799999999999955,0.80018,0.799285,0.79454,17.74999999999971,65.1999999999997,1.0,1.0,-1.0,1.0,0.0,0.0,0.79958,0.80401,2.0,14.800000000000368,-29.50000000000008,0.0,0.0,0.0,0.0,0.0,4.0,1.0,0.0
1.16671,0,109,0.0,0.0,0,1.1659950000000001,1.166795,1.17116,1.1655,0.0,-0.8500000000011276,1.1680700000000002,1.1658300000000001,1.169905,8.799999999997699,-31.95000000000059,1.0,-1.0,-1.0,1.0,0.0,0.0,0.0,0.0,0.0,0.0,0.0,0.0,0.0,0.0,0.0,0.0,0.0,1.0,-1.0
1.34674,72,109,0.6666666666666666,1.0,6,1.3437999999999999,1.346225,1.342715,1.336795,0.0,5.150000000000432,1.347035,1.3437999999999999,1.34789,29.400000000001647,-11.499999999999844,1.0,-1.0,1.0,1.0,0.0,0.0,1.34623,1.34777,2.0,5.1000000000001044,-10.299999999998644,0.0,0.0,0.0,0.0,0.0,0.0,1.0,0.0
158.135,84,109,0.7777777777777778,1.0,7,157.86,157.2495,156.2715,152.4665,0.0,88.54999999999791,157.9515,157.7865,156.974,34.850000000000136,116.10000000000014,1.0,1.0,1.0,1.0,0.0,0.0,157.86,158.685,2.0,27.499999999997726,-55.00000000000114,0.0,1.0,0.0,0.0,0.0,0.0,1.0,1.0
0.67091,60,109,0.5555555555555556,1.0,5,0.66984,0.6714899999999999,0.667935,0.65903,0.0,-5.799999999999139,0.67126,0.6692899999999999,0.6712899999999999,16.200000000000657,-3.7999999999993594,1.0,-1.0,1.0,1.0,0.0,0.0,0.66984,0.67305,2.0,10.700000000000154,-21.400000000000308,0.0,0.0,0.0,0.0,0.0,0.0,1.0,0.0
1.38757,0,109,0.0,0.0,0,1.38933,1.3838,1.380975,1.38578,0.0,37.700000000000514,1.388125,1.389325,1.379905,-17.54999999999951,76.65000000000033,-1.0,1.0,-1.0,0.0,0.0,0.0,0.0,0.0,0.0,0.0,0.0,0.0,0.0,0.0,0.0,0.0,0.0,1.0,-1.0
0.79743,0,109,0.0,0.0,0,0.798655,0.797075,0.7973399999999999,0.8000050000000001,0.0,3.549999999999942,0.79677,0.798665,0.79468,-12.349999999999861,27.49999999999919,-1.0,1.0,-1.0,-1.0,0.0,0.0,0.0,0.0,0.0,0.0,0.0,0.0,0.0,0.0,0.0,0.0,0.0,1.0,-1.0
1.16434,60,109,0.5555555555555556,-1.0,5,1.165565,1.16585,1.17116,1.1655,0.0,-15.100000000001224,1.165565,1.16662,1.1691500000000001,-22.800000000000598,-48.10000000000203,0.0,1.0,-1.0,-1.0,0.0,0.0,1.16556,1.16189,2.0,-12.199999999999989,24.499999999998412,0.0,0.0,0.0,0.0,0.0,1.0,1.0,0.0
1.3424800000000001,0,109,0.0,0.0,0,1.34593,1.3446099999999999,1.342715,1.336795,0.0,-21.299999999997432,1.34593,1.34593,1.34789,-34.49999999999953,-54.09999999999915,0.0,1.0,1.0,-1.0,0.0,0.0,0.0,0.0,0.0,0.0,0.0,0.0,0.0,0.0,0.0,0.0,1.0,1.0,-1.0
159.163,84,109,0.7777777777777778,1.0,7,158.538,157.789,156.76299999999998,152.4665,0.0,137.40000000000236,158.877,158.44650000000001,157.649,71.64999999999964,151.400000000001,1.0,1.0,1.0,1.0,0.0,0.0,158.538,160.413,2.0,62.5,-125.0,0.0,1.0,0.0,0.0,0.0,1.0,1.0,0.0
0.66802,0,109,0.0,0.0,0,0.669985,0.670485,0.667935,0.65903,0.0,-24.650000000000503,0.669985,0.669985,0.6712899999999999,-19.650000000001057,-32.69999999999995,0.0,-1.0,1.0,-1.0,0.0,0.0,0.0,0.0,0.0,0.0,0.0,0.0,0.0,0.0,0.0,0.0,1.0,1.0,-1.0
1.38867,60,109,0.5555555555555556,1.0,5,1.3876149999999998,1.38548,1.3801450000000002,1.38578,0.0,31.90000000000026,1.3876149999999998,1.3876149999999998,1.38038,10.550000000002502,82.90000000000131,0.0,1.0,1.0,-1.0,0.0,0.0,1.38761,1.39078,2.0,10.600000000000609,-21.099999999998342,0.0,0.0,0.0,0.0,0.0,1.0,1.0,0.0
0.80094,72,109,0.6666666666666666,1.0,6,0.7990349999999999,0.7984450000000001,0.7973399999999999,0.8000050000000001,0.0,24.94999999999914,0.7994049999999999,0.79863,0.7959350000000001,23.100000000000342,50.04999999999926,1.0,1.0,-1.0,1.0,0.0,0.0,0.79903,0.80475,2.0,19.099999999999675,-38.0999999999998,0.0,0.0,0.0,0.0,0.0,1.0,1.0,0.0
1.16439,72,109,0.6666666666666666,-1.0,6,1.16485,1.1658300000000001,1.17116,1.1655,0.0,-14.400000000001079,1.16485,1.165565,1.1691500000000001,-11.749999999999261,-47.600000000000975,0.0,-1.0,-1.0,-1.0,0.0,0.0,1.16485,1.16347,2.0,-4.599999999999049,9.200000000000319,0.0,0.0,0.0,0.0,0.0,2.0,1.0,1.0
1.34396,0,109,0.0,0.0,0,1.344125,1.344245,1.342715,1.336795,0.0,-2.849999999998687,1.344405,1.3456650000000001,1.34789,-17.050000000000676,-39.29999999999989,1.0,1.0,1.0,-1.0,0.0,0.0,0.0,0.0,0.0,0.0,0.0,0.0,0.0,0.0,0.0,0.0,2.0,1.0,-1.0
158.489,0,109,0.0,0.0,0,158.777,158.0875,156.923,152.4665,0.0,40.149999999999864,158.4195,158.777,157.7815,-28.79999999999825,70.75000000000102,-1.0,1.0,1.0,0.0,0.0,0.0,0.0,0.0,0.0,0.0,0.0,0.0,1.0,0.0,0.0,0.0,2.0,1.0,-1.0
0.66798,0,109,0.0,0.0,0,0.66877,0.66952,0.667935,0.65903,0.0,-15.399999999999858,0.66811,0.669985,0.6714549999999999,-20.050000000000345,-34.74999999999895,-1.0,1.0,1.0,-1.0,0.0,0.0,0.0,0.0,0.0,0.0,0.0,0.0,0.0,0.0,0.0,0.0,2.0,1.0,-1.0
1.38834,0,109,0.0,0.0,0,1.3882,1.3885,1.37809,1.38578,0.0,-1.6000000000016001,1.387615,1.3876149999999998,1.38098,7.250000000000867,73.59999999999812,-1.0,-1.0,1.0,0.0,0.0,0.0,0.0,0.0,0.0,0.0,0.0,0.0,0.0,0.0,0.0,0.0,2.0,1.0,-1.0
0.80014,0,109,0.0,0.0,0,0.8005500000000001,0.799165,0.7973399999999999,0.8000050000000001,0.0,9.749999999999481,0.79988,0.799995,0.796435,1.4499999999995072,37.049999999999585,-1.0,1.0,-1.0,1.0,0.0,0.0,0.0,0.0,0.0,0.0,0.0,0.0,0.0,0.0,0.0,0.0,2.0,1.0,-1.0
1.16089,84,109,0.7777777777777778,-1.0,7,1.162025,1.1645750000000001,1.1700599999999999,1.1655,0.0,-36.8500000000016,1.1609099999999999,1.1627399999999999,1.1668,-18.499999999999073,-59.10000000000082,-1.0,-1.0,-1.0,-1.0,0.0,0.0,1.16203,1.15862,2.0,-11.399999999999189,22.699999999999942,0.0,0.0,0.0,0.0,0.0,3.0,1.0,0.0
1.33798,72,109,0.6666666666666666,-1.0,6,1.34036,1.34285,1.342715,1.336795,0.0,-48.70000000000152,1.3383150000000001,1.34131,1.346495,-33.30000000000055,-85.1500000000005,-1.0,-1.0,1.0,-1.0,0.0,0.0,1.34036,1.33322,2.0,-23.800000000000487,47.59999999999876,0.0,0.0,0.0,0.0,0.0,3.0,1.0,0.0
158.64,72,109,0.6666666666666666,1.0,6,158.5345,158.4105,156.923,152.4665,0.0,22.949999999997317,158.64249999999998,158.489,157.7815,15.099999999998204,85.84999999999923,1.0,1.0,1.0,0.0,0.0,0.0,158.5345,158.851,2.0,10.549999999997794,-21.100000000001273,0.0,1.0,0.0,0.0,0.0,3.0,1.0,0.0
0.66998,60,109,0.5555555555555556,1.0,5,0.6688350000000001,0.66952,0.667935,0.65903,0.0,4.6000000000001595,0.669195,0.6688350000000001,0.6714549999999999,11.449999999999516,-14.74999999999893,1.0,-1.0,1.0,0.0,0.0,0.0,0.66952,0.6709,2.0,4.6000000000001595,-9.200000000000319,0.0,0.0,0.0,0.0,0.0,3.0,1.0,0.0
1.38919,72,109,0.6666666666666666,1.0,6,1.38959,1.38869,1.3781,1.38578,0.0,4.999999999999449,1.39022,1.389285,1.382545,-0.9500000000017828,66.45000000000012,1.0,1.0,1.0,1.0,0.0,0.0,1.38869,1.39019,2.0,4.999999999999449,-10.000000000001119,0.0,0.0,0.0,0.0,0.0,3.0,1.0,0.0
0.80322,84,109,0.7777777777777778,1.0,7,0.80131,0.7998149999999999,0.797185,0.8000050000000001,0.0,34.05000000000102,0.802585,0.8012,0.79733,20.200000000000216,58.90000000000062,1.0,1.0,1.0,1.0,0.0,0.0,0.80131,0.80704,2.0,19.100000000000783,-38.19999999999935,0.0,0.0,0.0,0.0,0.0,3.0,1.0,0.0
1.15981,72,109,0.6666666666666666,-1.0,6,1.16059,1.16387,1.16963,1.1655,0.0,-40.599999999999525,1.16059,1.1612749999999998,1.1663700000000001,-14.649999999998276,-65.60000000000122,0.0,-1.0,-1.0,-1.0,0.0,0.0,1.16059,1.15825,2.0,-7.800000000000029,15.600000000000058,0.0,0.0,0.0,0.0,0.0,4.0,1.0,1.0
1.33743,72,109,0.6666666666666666,-1.0,6,1.338935,1.34285,1.34313,1.336795,0.0,-54.20000000000202,1.33868,1.3400400000000001,1.346495,-26.100000000002233,-90.650000000001,-1.0,-1.0,1.0,-1.0,0.0,0.0,1.33893,1.33442,2.0,-15.000000000000568,30.09999999999957,0.0,0.0,0.0,0.0,0.0,4.0,1.0,1.0
158.081,60,109,0.5555555555555556,-1.0,5,158.25900000000001,158.637,156.923,152.4665,0.0,-55.60000000000116,158.042,158.349,157.8065,-26.800000000000068,27.44999999999891,-1.0,-1.0,1.0,-1.0,0.0,0.0,158.259,157.725,2.0,-17.799999999999727,35.599999999999454,0.0,1.0,0.0,0.0,0.0,4.0,1.0,1.0
0.6682,60,109,0.5555555555555556,-1.0,5,0.66902,0.6697,0.667935,0.65903,0.0,-14.999999999999458,0.668605,0.66903,0.6714899999999999,-8.299999999999974,-32.89999999999904,-1.0,-1.0,1.0,-1.0,0.0,0.0,0.66902,0.66656,2.0,-8.199999999999319,16.39999999999975,0.0,0.0,0.0,0.0,0.0,4.0,1.0,0.0
1.39171,84,109,0.7777777777777778,1.0,7,1.3906399999999999,1.389145,1.378555,1.38578,0.0,25.649999999999284,1.390755,1.3906399999999999,1.3840050000000002,10.700000000001264,77.0499999999985,1.0,1.0,1.0,1.0,0.0,0.0,1.39064,1.39385,2.0,10.699999999999044,-21.400000000000308,0.0,0.0,0.0,0.0,0.0,4.0,1.0,0.0
0.80306,72,109,0.6666666666666666,1.0,6,0.802265,0.7999350000000001,0.796305,0.8000050000000001,0.0,31.249999999999332,0.802095,0.8021,0.79733,9.599999999999609,57.300000000000125,-1.0,1.0,1.0,1.0,0.0,0.0,0.80227,0.80465,2.0,7.899999999999574,-15.899999999999803,0.0,0.0,0.0,0.0,0.0,4.0,1.0,0.0
1.16454,0,109,0.0,0.0,0,1.161295,1.162525,1.16926,1.1655,0.0,20.14999999999878,1.16373,1.161295,1.163995,32.44999999999942,5.450000000000177,1.0,-1.0,-1.0,1.0,0.0,0.0,0.0,0.0,0.0,0.0,0.0,0.0,0.0,0.0,0.0,0.0,0.0,1.0,-1.0
1.34257,0,109,0.0,0.0,0,1.33869,1.34082,1.343945,1.336795,0.0,17.500000000001403,1.3419949999999998,1.33869,1.34279,38.800000000001056,-2.1999999999988695,1.0,-1.0,-1.0,1.0,0.0,0.0,0.0,0.0,0.0,0.0,0.0,0.0,0.0,0.0,0.0,0.0,0.0,1.0,-1.0
158.114,0,109,0.0,0.0,0,157.7935,158.438,156.923,152.4665,0.0,-32.399999999998386,158.006,157.84300000000002,157.8735,27.09999999999866,24.049999999999727,1.0,-1.0,1.0,-1.0,0.0,0.0,0.0,0.0,0.0,0.0,0.0,0.0,1.0,0.0,0.0,0.0,0.0,1.0,-1.0
0.67149,84,109,0.7777777777777778,1.0,7,0.66923,0.669205,0.667935,0.665645,0.0,22.849999999999817,0.6709499999999999,0.66923,0.6714899999999999,22.6000000000004,1.1102230246251565e-12,1.0,1.0,1.0,1.0,0.0,0.0,0.66923,0.67601,2.0,22.6000000000004,-45.19999999999968,0.0,0.0,0.0,0.0,0.0,0.0,1.0,1.0
1.38679,0,109,0.0,0.0,0,1.388925,1.3894199999999999,1.378555,1.38914,0.0,-26.299999999999102,1.38737,1.3894199999999999,1.385945,-26.299999999999102,8.449999999999847,-1.0,0.0,1.0,-1.0,0.0,0.0,0.0,0.0,0.0,0.0,0.0,0.0,0.0,0.0,0.0,0.0,0.0,1.0,-1.0
0.79725,60,109,0.5555555555555556,-1.0,5,0.799805,0.8001499999999999,0.7950999999999999,0.797975,0.0,-28.999999999999027,0.79738,0.7999149999999999,0.79923,-26.649999999999174,-19.79999999999982,-1.0,-1.0,1.0,-1.0,0.0,0.0,0.7998,0.79214,2.0,-25.49999999999941,51.10000000000059,0.0,0.0,0.0,0.0,0.0,0.0,1.0,1.0
1.17246,72,109,0.6666666666666666,1.0,6,1.17005,1.1672850000000001,1.16926,1.1655,0.0,51.7499999999993,1.173975,1.169435,1.1672850000000001,30.250000000000554,51.7499999999993,1.0,1.0,-1.0,1.0,0.0,0.0,1.17005,1.17728,2.0,24.100000000000232,-48.200000000000465,0.0,0.0,0.0,0.0,0.0,1.0,1.0,0.0
1.3440400000000001,60,109,0.5555555555555556,1.0,5,1.3450600000000001,1.3415249999999999,1.343945,1.336795,0.0,25.15000000000267,1.345205,1.3446500000000001,1.34169,-6.099999999999994,23.500000000000743,1.0,1.0,-1.0,1.0,0.0,0.0,1.34394,1.34423,2.0,1.0000000000021103,-1.8999999999991246,0.0,0.0,0.0,0.0,0.0,1.0,1.0,1.0
158.149,0,109,0.0,0.0,0,158.0335,158.15,156.923,152.4665,0.0,-0.10000000000047748,157.881,158.0335,157.953,11.549999999999727,19.599999999999795,-1.0,-1.0,1.0,1.0,0.0,0.0,0.0,0.0,0.0,0.0,0.0,0.0,1.0,0.0,0.0,0.0,1.0,1.0,-1.0
0.67358,84,109,0.7777777777777778,1.0,7,0.672685,0.67071,0.667935,0.665645,0.0,28.69999999999928,0.67353,0.672185,0.6705300000000001,13.94999999999924,30.499999999998863,1.0,1.0,1.0,1.0,0.0,0.0,0.67268,0.67537,2.0,9.000000000000119,-17.900000000000695,0.0,0.0,0.0,0.0,0.0,1.0,1.0,1.0
1.3835,60,109,0.5555555555555556,-1.0,5,1.384665,1.387155,1.378555,1.38914,0.0,-36.54999999999964,1.3829799999999999,1.3853849999999999,1.387155,-18.849999999999145,-36.54999999999964,-1.0,-1.0,1.0,-1.0,0.0,0.0,1.38467,1.38117,2.0,-11.700000000001154,23.299999999999432,0.0,0.0,0.0,0.0,0.0,1.0,1.0,1.0
0.78987,72,109,0.6666666666666666,-1.0,6,0.7931349999999999,0.7959499999999999,0.7950999999999999,0.797975,0.0,-60.79999999999974,0.789935,0.793485,0.7959499999999999,-36.15000000000035,-60.79999999999974,-1.0,-1.0,1.0,-1.0,0.0,0.0,0.79313,0.78334,2.0,-32.600000000000406,65.29999999999924,0.0,0.0,0.0,0.0,0.0,1.0,1.0,0.0
1.16871,0,109,0.0,0.0,0,1.170955,1.1672850000000001,1.16926,1.1655,0.0,14.249999999997875,1.170955,1.17224,1.1672850000000001,-35.30000000000033,14.249999999997875,0.0,1.0,-1.0,0.0,0.0,0.0,0.0,0.0,0.0,0.0,0.0,0.0,0.0,0.0,0.0,0.0,2.0,1.0,-1.0
1.34291,0,109,0.0,0.0,0,1.343,1.3415249999999999,1.343945,1.336795,0.0,13.850000000001916,1.34343,1.344295,1.34169,-13.849999999999696,12.199999999999989,1.0,1.0,-1.0,0.0,0.0,0.0,0.0,0.0,0.0,0.0,0.0,0.0,0.0,0.0,0.0,0.0,2.0,1.0,-1.0
158.303,72,109,0.6666666666666666,1.0,6,158.139,158.15,156.923,152.4665,0.0,15.299999999999159,158.147,157.99900000000002,158.0875,30.399999999997362,21.54999999999916,1.0,-1.0,1.0,1.0,0.0,0.0,158.15,158.609,2.0,15.299999999999159,-30.60000000000116,0.0,1.0,0.0,0.0,0.0,2.0,1.0,1.0
0.67626,84,109,0.7777777777777778,1.0,7,0.6752549999999999,0.672265,0.668505,0.665645,0.0,39.949999999999704,0.676535,0.6751400000000001,0.67206,11.199999999998989,41.999999999999815,1.0,1.0,1.0,1.0,0.0,0.0,0.67525,0.67827,2.0,10.099999999999554,-20.100000000000673,0.0,0.0,0.0,0.0,0.0,2.0,1.0,1.0
1.38314,0,109,0.0,0.0,0,1.381415,1.38571,1.378555,1.38914,0.0,-25.699999999999612,1.38127,1.381415,1.38571,17.249999999999766,-25.699999999999612,-1.0,-1.0,1.0,-1.0,0.0,0.0,0.0,0.0,0.0,0.0,0.0,0.0,0.0,0.0,0.0,0.0,2.0,1.0,-1.0
0.79549,0,109,0.0,0.0,0,0.79263,0.7959499999999999,0.7950999999999999,0.797975,0.0,-4.599999999999049,0.793115,0.79235,0.7959499999999999,31.40000000000032,-4.599999999999049,1.0,-1.0,1.0,0.0,0.0,0.0,0.0,0.0,0.0,0.0,0.0,0.0,0.0,0.0,0.0,0.0,2.0,1.0,-1.0
1.1754,72,109,0.6666666666666666,1.0,6,1.1712449999999999,1.1672850000000001,1.16926,1.1655,0.0,81.14999999999873,1.172885,1.1712449999999999,1.1672850000000001,41.550000000001305,81.14999999999873,1.0,1.0,-1.0,1.0,0.0,0.0,1.17124,1.18371,2.0,41.59999999999941,-83.10000000000039,0.0,0.0,0.0,0.0,0.0,3.0,1.0,1.0
1.35025,72,109,0.6666666666666666,1.0,6,1.3454,1.34229,1.343945,1.336795,0.0,79.59999999999967,1.34565,1.34538,1.34229,48.6999999999993,79.59999999999967,1.0,1.0,-1.0,1.0,0.0,0.0,1.3454,1.35995,2.0,48.50000000000021,-97.00000000000043,0.0,0.0,0.0,0.0,0.0,3.0,1.0,1.0
158.418,72,109,0.6666666666666666,1.0,6,158.5325,158.1575,156.923,152.4665,0.0,26.05000000000075,158.5455,158.31900000000002,158.438,9.899999999998954,-1.999999999998181,1.0,1.0,1.0,1.0,0.0,0.0,158.1575,158.939,2.0,26.05000000000075,-52.09999999999866,0.0,1.0,0.0,0.0,0.0,3.0,1.0,1.0
0.68413,84,109,0.7777777777777778,1.0,7,0.67989,0.67559,0.67183,0.665645,0.0,85.39999999999992,0.682465,0.6793800000000001,0.675565,47.49999999999921,85.65000000000045,1.0,1.0,1.0,1.0,0.0,0.0,0.67989,0.69261,2.0,42.40000000000022,-84.79999999999932,0.0,0.0,0.0,0.0,0.0,3.0,1.0,1.0
1.37877,60,109,0.5555555555555556,-1.0,5,1.3813749999999998,1.385575,1.378555,1.38914,0.0,-68.0499999999995,1.38018,1.3813749999999998,1.385575,-26.049999999997464,-68.0499999999995,-1.0,-1.0,1.0,-1.0,0.0,0.0,1.38137,1.37356,2.0,-25.999999999999357,52.100000000001586,0.0,0.0,0.0,0.0,0.0,3.0,1.0,1.0
0.78907,72,109,0.6666666666666666,-1.0,6,0.792835,0.795715,0.7950999999999999,0.797975,0.0,-66.44999999999901,0.7910900000000001,0.7929200000000001,0.7959499999999999,-38.5000000000002,-68.79999999999886,-1.0,-1.0,1.0,-1.0,0.0,0.0,0.79283,0.78154,2.0,-37.59999999999985,75.30000000000037,0.0,0.0,0.0,0.0,0.0,3.0,1.0,1.0
1.18292,72,109,0.6666666666666666,1.0,6,1.17809,1.173185,1.1705299999999998,1.1655,0.0,97.35000000000049,1.178265,1.17601,1.1705299999999998,69.09999999999971,123.90000000000123,1.0,1.0,0.0,1.0,0.0,0.0,1.17809,1.19258,2.0,48.2999999999989,-96.60000000000002,0.0,0.0,0.0,0.0,0.0,4.0,1.0,1.0
1.3642400000000001,84,109,0.7777777777777778,1.0,7,1.3563450000000001,1.3523,1.34782,1.336795,0.0,119.40000000000062,1.358265,1.35232,1.34921,119.20000000000152,150.30000000000098,1.0,1.0,1.0,1.0,0.0,0.0,1.35635,1.38003,2.0,78.90000000000174,-157.8999999999997,0.0,0.0,0.0,0.0,0.0,4.0,1.0,1.0
155.702,60,109,0.5555555555555556,-1.0,5,157.42000000000002,157.42000000000002,156.9835,152.4665,0.0,-171.80000000000177,156.97699999999998,157.42000000000002,157.535,-171.80000000000177,-183.29999999999984,-1.0,0.0,1.0,-1.0,0.0,0.0,156.9835,153.139,2.0,-128.1499999999994,256.2999999999988,0.0,1.0,0.0,0.0,0.0,4.0,1.0,1.0
0.68966,84,109,0.7777777777777778,1.0,7,0.686635,0.68003,0.67455,0.665645,0.0,96.30000000000027,0.6873450000000001,0.68471,0.678285,49.5000000000001,113.75000000000024,1.0,1.0,1.0,1.0,0.0,0.0,0.68663,0.69571,2.0,30.300000000000882,-60.5,0.0,0.0,0.0,0.0,0.0,4.0,1.0,1.0
1.3702,72,109,0.6666666666666666,-1.0,6,1.3746550000000002,1.3789,1.378555,1.38914,0.0,-86.9999999999993,1.37318,1.376335,1.38111,-61.350000000000016,-109.09999999999975,-1.0,-1.0,1.0,-1.0,0.0,0.0,1.37466,1.36129,2.0,-44.599999999999085,89.10000000000196,0.0,0.0,0.0,0.0,0.0,4.0,1.0,1.0
0.78016,72,109,0.6666666666666666,-1.0,6,0.78514,0.788635,0.79145,0.797975,0.0,-84.7500000000001,0.784885,0.7864899999999999,0.79145,-63.29999999999947,-112.90000000000022,-1.0,-1.0,0.0,-1.0,0.0,0.0,0.78514,0.7702,2.0,-49.79999999999984,99.59999999999968,0.0,0.0,0.0,0.0,0.0,4.0,1.0,1.0
1.18778,72,109,0.6666666666666666,1.0,6,1.18585,1.17885,1.1742,1.1776,0.0,89.30000000000105,1.18709,1.181845,1.1742,59.350000000000236,135.8000000000015,1.0,1.0,0.0,1.0,0.0,0.0,1.18585,1.19164,2.0,19.299999999999873,-38.599999999999746,0.0,0.0,0.0,0.0,0.0,0.0,1.0,0.0
1.3678,72,109,0.6666666666666666,1.0,6,1.36672,1.355695,1.352605,1.34391,0.0,121.04999999999811,1.367795,1.36134,1.352605,64.5999999999991,151.94999999999848,1.0,1.0,0.0,1.0,0.0,0.0,1.36672,1.36996,2.0,10.799999999999699,-21.600000000001618,0.0,0.0,0.0,0.0,0.0,0.0,1.0,1.0
154.215,72,109,0.6666666666666666,-1.0,6,154.63049999999998,156.262,156.377,152.4665,0.0,-204.6999999999997,153.973,155.819,156.377,-160.3999999999985,-216.2000000000006,-1.0,-1.0,0.0,-1.0,0.0,0.0,154.6305,153.384,2.0,-41.550000000000864,83.10000000000173,0.0,1.0,0.0,0.0,0.0,0.0,1.0,0.0
0.69173,84,109,0.7777777777777778,1.0,7,0.6913,0.683365,0.676655,0.67541,0.0,83.64999999999955,0.6923900000000001,0.6887399999999999,0.68039,29.90000000000048,113.39999999999905,1.0,1.0,1.0,1.0,0.0,0.0,0.6913,0.69259,2.0,4.299999999999304,-8.60000000000083,0.0,0.0,0.0,0.0,0.0,0.0,1.0,0.0
1.3709799999999999,0,109,0.0,0.0,0,1.3695650000000001,1.375805,1.378555,1.38109,0.0,-48.250000000000796,1.36977,1.373355,1.3800050000000001,-23.75000000000238,-90.25000000000283,1.0,-1.0,1.0,-1.0,0.0,0.0,0.0,0.0,0.0,0.0,0.0,0.0,0.0,0.0,0.0,0.0,0.0,1.0,-1.0
0.77702,72,109,0.6666666666666666,-1.0,6,0.77799,0.78496,0.7885599999999999,0.7868200000000001,0.0,-79.39999999999947,0.7762100000000001,0.78225,0.7885599999999999,-52.29999999999957,-115.39999999999884,-1.0,-1.0,0.0,-1.0,0.0,0.0,0.77799,0.77508,2.0,-9.699999999999154,19.400000000000528,0.0,0.0,0.0,0.0,0.0,0.0,1.0,1.0
1.20457,72,109,0.6666666666666666,1.0,6,1.1966700000000001,1.187655,1.183005,1.1776,0.0,169.15000000000015,1.199855,1.195895,1.183005,86.74999999999989,215.64999999999833,1.0,1.0,0.0,1.0,0.0,0.0,1.19667,1.22037,2.0,79.00000000000018,-158.00000000000037,0.0,0.0,0.0,0.0,0.0,1.0,1.0,0.0
1.38523,72,109,0.6666666666666666,1.0,6,1.37661,1.363495,1.360385,1.34391,0.0,217.3500000000006,1.37969,1.375575,1.360385,96.5499999999997,248.45000000000005,1.0,1.0,0.0,1.0,0.0,0.0,1.37661,1.40247,2.0,86.20000000000073,-172.40000000000146,0.0,0.0,0.0,0.0,0.0,1.0,1.0,0.0
152.182,84,109,0.7777777777777778,-1.0,7,153.484,155.65750000000003,155.7725,152.4665,0.0,-347.55000000000393,152.756,153.484,155.65750000000003,-130.2000000000021,-347.55000000000393,-1.0,-1.0,-1.0,-1.0,0.0,0.0,153.484,149.578,2.0,-130.2000000000021,260.3999999999985,0.0,1.0,0.0,0.0,0.0,1.0,1.0,0.0
0.70126,84,109,0.7777777777777778,1.0,7,0.69586,0.688445,0.6808000000000001,0.67541,0.0,128.1500000000002,0.6977850000000001,0.69586,0.68415,53.9999999999996,171.0999999999996,1.0,1.0,1.0,1.0,0.0,0.0,0.69586,0.71206,2.0,53.9999999999996,-108.00000000000031,0.0,0.0,0.0,0.0,0.0,1.0,1.0,0.0
1.35732,72,109,0.6666666666666666,-1.0,6,1.364895,1.3701699999999999,1.3743699999999999,1.38109,0.0,-128.49999999999807,1.361985,1.364895,1.3743699999999999,-75.74999999999888,-170.49999999999787,-1.0,-1.0,0.0,-1.0,0.0,0.0,1.36489,1.34217,2.0,-75.69999999999854,151.49999999999997,0.0,0.0,0.0,0.0,0.0,1.0,1.0,-1.0
0.76116,72,109,0.6666666666666666,-1.0,6,0.769425,0.77866,0.78226,0.7868200000000001,0.0,-175.0000000000007,0.765925,0.7699100000000001,0.78226,-87.50000000000146,-211.00000000000009,-1.0,-1.0,0.0,-1.0,0.0,0.0,0.76943,0.74463,2.0,-82.69999999999999,165.29999999999933,0.0,0.0,0.0,0.0,0.0,1.0,1.0,0.0
1.19527,0,109,0.0,0.0,0,1.1989299999999998,1.18969,1.183005,1.1776,0.0,55.800000000001404,1.19382,1.1978499999999999,1.183005,-25.799999999998047,122.64999999999971,-1.0,1.0,0.0,1.0,0.0,0.0,0.0,0.0,0.0,0.0,0.0,0.0,0.0,0.0,0.0,0.0,2.0,1.0,-1.0
1.38101,60,109,0.5555555555555556,1.0,5,1.38089,1.36453,1.360385,1.34391,0.0,164.8000000000005,1.3780000000000001,1.377565,1.360385,34.450000000001424,206.25000000000117,-1.0,1.0,0.0,1.0,0.0,0.0,1.38089,1.38125,2.0,1.2000000000012,-2.4000000000001798,0.0,0.0,0.0,0.0,0.0,2.0,1.0,0.0
153.401,60,109,0.5555555555555556,-1.0,5,153.0675,155.65750000000003,155.7725,152.4665,0.0,-225.65000000000168,153.293,153.1415,155.65750000000003,25.950000000000273,-225.65000000000168,1.0,-1.0,-1.0,-1.0,0.0,0.0,155.6575,148.888,2.0,-225.64999999999884,451.3000000000005,0.0,1.0,0.0,0.0,0.0,2.0,1.0,0.0
0.70423,84,109,0.7777777777777778,1.0,7,0.70093,0.69265,0.68233,0.67541,0.0,115.80000000000035,0.70097,0.698145,0.6855100000000001,60.85000000000007,187.1999999999996,1.0,1.0,1.0,1.0,0.0,0.0,0.70093,0.71083,2.0,32.999999999999694,-65.99999999999939,0.0,0.0,0.0,0.0,0.0,2.0,1.0,0.0
1.35555,72,109,0.6666666666666666,-1.0,6,1.35793,1.36781,1.373205,1.38109,0.0,-122.59999999999937,1.35716,1.3624800000000001,1.373205,-69.30000000000103,-176.54999999999976,-1.0,-1.0,0.0,-1.0,0.0,0.0,1.35793,1.35079,2.0,-23.800000000000487,47.600000000000975,0.0,0.0,0.0,0.0,0.0,2.0,1.0,1.0
0.76833,60,109,0.5555555555555556,-1.0,5,0.7666,0.7764800000000001,0.78226,0.7868200000000001,0.0,-81.50000000000102,0.769685,0.76875,0.782195,-4.20000000000087,-138.65000000000015,1.0,-1.0,-1.0,-1.0,0.0,0.0,0.77648,0.75203,2.0,-81.4999999999999,162.9999999999998,0.0,0.0,0.0,0.0,0.0,2.0,1.0,0.0
1.1969400000000001,60,109,0.5555555555555556,1.0,5,1.195125,1.19074,1.183005,1.1776,0.0,62.00000000000205,1.1939199999999999,1.1945999999999999,1.183005,23.400000000002308,139.3500000000003,-1.0,1.0,0.0,1.0,0.0,0.0,1.19512,1.20057,2.0,18.20000000000155,-36.299999999998,0.0,0.0,0.0,0.0,0.0,3.0,1.0,0.0
1.38117,60,109,0.5555555555555556,1.0,5,1.3794849999999999,1.36944,1.360385,1.34391,0.0,117.30000000000018,1.3788,1.3794849999999999,1.360385,16.850000000001586,207.85000000000053,-1.0,1.0,0.0,1.0,0.0,0.0,1.37948,1.38454,2.0,16.899999999999693,-33.700000000000955,0.0,0.0,0.0,0.0,0.0,3.0,1.0,0.0
153.099,84,109,0.7777777777777778,-1.0,7,153.125,155.2145,155.7725,152.4665,0.0,-211.54999999999973,153.093,153.196,155.65750000000003,-9.700000000000841,-255.85000000000377,-1.0,-1.0,-1.0,-1.0,0.0,0.0,153.125,153.047,2.0,-2.600000000001046,5.19999999999925,0.0,1.0,0.0,0.0,0.0,3.0,1.0,1.0
0.70503,72,109,0.6666666666666666,1.0,6,0.70314,0.69711,0.68739,0.67541,0.0,79.20000000000039,0.7025600000000001,0.70314,0.688075,18.90000000000058,169.55000000000052,-1.0,1.0,1.0,1.0,0.0,0.0,0.70314,0.70881,2.0,18.90000000000058,-37.800000000000054,0.0,0.0,0.0,0.0,0.0,3.0,1.0,0.0
1.34898,72,109,0.6666666666666666,-1.0,6,1.3531149999999998,1.36273,1.37066,1.38109,0.0,-137.4999999999993,1.3531149999999998,1.354615,1.3700700000000001,-56.349999999998346,-210.90000000000055,0.0,-1.0,-1.0,-1.0,0.0,0.0,1.35311,1.34071,2.0,-41.29999999999967,82.69999999999999,0.0,0.0,0.0,0.0,0.0,3.0,1.0,0.0
0.76435,72,109,0.6666666666666666,-1.0,6,0.76727,0.775695,0.78226,0.7868200000000001,0.0,-113.4500000000005,0.76727,0.7683450000000001,0.781325,-39.95000000000082,-169.75000000000074,0.0,-1.0,-1.0,-1.0,0.0,0.0,0.76727,0.75851,2.0,-29.200000000000337,58.399999999999565,0.0,0.0,0.0,0.0,0.0,3.0,1.0,0.0
1.18507,60,109,0.5555555555555556,-1.0,5,1.1912099999999999,1.19664,1.183005,1.1776,0.0,-115.69999999999858,1.18872,1.1912099999999999,1.18577,-61.39999999999812,-6.999999999999229,-1.0,-1.0,1.0,-1.0,0.0,0.0,1.19121,1.17279,2.0,-61.40000000000035,122.8000000000007,0.0,0.0,0.0,0.0,0.0,4.0,1.0,-1.0
1.36828,60,109,0.5555555555555556,-1.0,5,1.37467,1.376325,1.360385,1.34391,0.0,-80.4500000000008,1.37232,1.375645,1.363475,-73.65000000000066,48.049999999999486,-1.0,-1.0,1.0,-1.0,0.0,0.0,1.37467,1.3555,2.0,-63.90000000000118,127.80000000000014,0.0,0.0,0.0,0.0,0.0,4.0,1.0,-1.0
154.766,60,109,0.5555555555555556,1.0,5,153.826,153.484,155.7725,152.4665,0.0,128.19999999999823,154.38799999999998,153.733,155.65750000000003,103.2999999999987,-89.15000000000362,1.0,1.0,-1.0,1.0,0.0,0.0,153.826,156.646,2.0,93.99999999999977,-187.99999999999955,0.0,1.0,0.0,0.0,0.0,4.0,1.0,1.0
0.69624,0,109,0.0,0.0,0,0.69975,0.6997599999999999,0.68767,0.67541,0.0,-35.199999999999676,0.69831,0.70111,0.690025,-48.70000000000041,62.14999999999971,-1.0,1.0,1.0,-1.0,0.0,0.0,0.0,0.0,0.0,0.0,0.0,0.0,0.0,0.0,0.0,0.0,4.0,1.0,-1.0
1.36189,0,109,0.0,0.0,0,1.355205,1.36103,1.370505,1.38109,0.0,8.60000000000083,1.35671,1.355205,1.368015,66.85000000000052,-61.24999999999936,1.0,-1.0,-1.0,1.0,0.0,0.0,0.0,0.0,0.0,0.0,0.0,0.0,0.0,0.0,0.0,0.0,4.0,1.0,-1.0
0.77293,0,109,0.0,0.0,0,0.7684,0.769425,0.78226,0.7868200000000001,0.0,35.049999999999805,0.770465,0.7684,0.7794449999999999,45.30000000000034,-65.14999999999938,1.0,-1.0,-1.0,1.0,0.0,0.0,0.0,0.0,0.0,0.0,0.0,0.0,0.0,0.0,0.0,0.0,4.0,1.0,-1.0
1.17896,72,109,0.6666666666666666,-1.0,6,1.1825350000000001,1.19295,1.183005,1.1776,0.0,-139.89999999999947,1.181305,1.1865350000000001,1.187655,-75.7500000000011,-86.94999999999897,-1.0,-1.0,1.0,-1.0,0.0,0.0,1.18254,1.17181,2.0,-35.799999999999166,71.4999999999999,0.0,0.0,0.0,0.0,0.0,0.0,2.0,0.0
1.36656,60,109,0.5555555555555556,-1.0,5,1.366905,1.3745699999999998,1.360385,1.34391,0.0,-80.0999999999985,1.365535,1.370525,1.363475,-39.64999999999996,30.850000000000044,-1.0,-1.0,1.0,-1.0,0.0,0.0,1.36691,1.36587,2.0,-3.5000000000007248,6.900000000000794,0.0,0.0,0.0,0.0,0.0,0.0,2.0,1.0
155.606,60,109,0.5555555555555556,1.0,5,155.1565,153.9385,155.7725,152.4665,0.0,166.74999999999898,155.35899999999998,154.79,155.65750000000003,81.60000000000025,-5.150000000003274,1.0,1.0,-1.0,1.0,0.0,0.0,155.1565,156.505,2.0,44.950000000000045,-89.90000000000009,0.0,1.0,0.0,0.0,0.0,0.0,2.0,1.0
0.69499,0,109,0.0,0.0,0,0.694075,0.70011,0.68767,0.67541,0.0,-51.20000000000013,0.69516,0.697015,0.691065,-20.250000000000547,39.24999999999956,1.0,-1.0,1.0,-1.0,0.0,0.0,0.0,0.0,0.0,0.0,0.0,0.0,0.0,0.0,0.0,0.0,0.0,2.0,-1.0
1.3679999999999999,60,109,0.5555555555555556,1.0,5,1.36452,1.35919,1.370505,1.38109,0.0,88.09999999999985,1.3669499999999999,1.359775,1.3663049999999999,82.24999999999926,16.95000000000002,1.0,1.0,-1.0,1.0,0.0,0.0,1.36452,1.37496,2.0,34.79999999999927,-69.60000000000078,0.0,0.0,0.0,0.0,0.0,0.0,2.0,0.0
0.77961,60,109,0.5555555555555556,1.0,5,0.776575,0.7710950000000001,0.78226,0.7868200000000001,0.0,85.1499999999994,0.778985,0.774005,0.77866,56.04999999999971,9.500000000000064,1.0,1.0,-1.0,1.0,0.0,0.0,0.77658,0.78568,2.0,30.29999999999977,-60.7000000000002,0.0,0.0,0.0,0.0,0.0,0.0,2.0,0.0
1.1823,0,109,0.0,0.0,0,1.18045,1.18862,1.183005,1.1776,0.0,-63.20000000000103,1.18045,1.1823649999999999,1.187655,-0.6499999999998174,-53.54999999999998,0.0,-1.0,1.0,-1.0,0.0,0.0,0.0,0.0,0.0,0.0,0.0,0.0,0.0,0.0,0.0,0.0,1.0,2.0,-1.0
1.36991,0,109,0.0,0.0,0,1.36785,1.37352,1.360385,1.34391,0.0,-36.10000000000113,1.36814,1.366905,1.363495,30.049999999999244,64.1500000000006,1.0,-1.0,1.0,0.0,0.0,0.0,0.0,0.0,0.0,0.0,0.0,0.0,0.0,0.0,0.0,0.0,1.0,2.0,-1.0
155.746,60,109,0.5555555555555556,1.0,5,155.68900000000002,154.3635,155.7725,152.4665,0.0,138.25000000000216,155.8015,155.39350000000002,155.65750000000003,35.249999999999204,8.849999999998204,1.0,1.0,-1.0,1.0,0.0,0.0,155.689,155.86,2.0,5.700000000001637,-11.400000000000432,0.0,1.0,0.0,0.0,0.0,1.0,2.0,1.0
0.70224,72,109,0.6666666666666666,1.0,6,0.69956,0.70011,0.68767,0.67541,0.0,21.299999999999653,0.70035,0.69928,0.692375,29.599999999999625,98.65000000000012,1.0,-1.0,1.0,1.0,0.0,0.0,0.70011,0.7065,2.0,21.299999999999653,-42.60000000000041,0.0,0.0,0.0,0.0,0.0,1.0,2.0,0.0
1.36403,0,109,0.0,0.0,0,1.36608,1.35919,1.370505,1.38109,0.0,48.400000000001775,1.36564,1.36636,1.3663049999999999,-23.299999999999432,-22.74999999999805,-1.0,1.0,-1.0,0.0,0.0,0.0,0.0,0.0,0.0,0.0,0.0,0.0,0.0,0.0,0.0,0.0,1.0,2.0,-1.0
0.77501,0,109,0.0,0.0,0,0.777135,0.772675,0.78226,0.7868200000000001,0.0,23.34999999999976,0.77632,0.77779,0.77849,-27.800000000000047,-34.80000000000039,-1.0,1.0,-1.0,0.0,0.0,0.0,0.0,0.0,0.0,0.0,0.0,0.0,0.0,0.0,0.0,0.0,1.0,2.0,-1.0
1.18036,60,109,0.5555555555555556,-1.0,5,1.18143,1.1875200000000001,1.183005,1.1776,0.0,-71.60000000000055,1.18087,1.180905,1.1905649999999999,-5.450000000000177,-102.04999999999798,-1.0,-1.0,1.0,0.0,0.0,0.0,1.18143,1.17822,2.0,-10.699999999999044,21.400000000000308,0.0,0.0,0.0,0.0,0.0,2.0,2.0,1.0
1.3649499999999999,60,109,0.5555555555555556,-1.0,5,1.36876,1.372835,1.360385,1.34391,0.0,-78.85000000000142,1.368535,1.36876,1.3675199999999998,-38.10000000000091,-25.699999999999612,-1.0,-1.0,1.0,-1.0,0.0,0.0,1.36876,1.35733,2.0,-38.10000000000091,76.1999999999996,0.0,0.0,0.0,0.0,0.0,2.0,2.0,1.0
156.903,72,109,0.6666666666666666,1.0,6,156.316,154.809,155.7725,152.4665,0.0,209.3999999999994,156.6445,156.233,155.65750000000003,66.99999999999875,124.54999999999643,1.0,1.0,-1.0,1.0,0.0,0.0,156.316,158.077,2.0,58.69999999999891,-117.40000000000066,0.0,1.0,0.0,0.0,0.0,2.0,2.0,0.0
0.69983,60,109,0.5555555555555556,1.0,5,0.7007099999999999,0.69953,0.68767,0.67541,0.0,2.9999999999996696,0.70035,0.7007099999999999,0.6963999999999999,-8.799999999999919,34.30000000000044,-1.0,1.0,1.0,1.0,0.0,0.0,0.69953,0.70043,2.0,2.9999999999996696,-6.000000000000449,0.0,0.0,0.0,0.0,0.0,2.0,2.0,0.0
1.36622,0,109,0.0,0.0,0,1.3656199999999998,1.35919,1.370505,1.38109,0.0,70.30000000000092,1.3664049999999999,1.36572,1.36405,4.999999999999449,21.700000000000053,1.0,1.0,-1.0,0.0,0.0,0.0,0.0,0.0,0.0,0.0,0.0,0.0,0.0,0.0,0.0,0.0,2.0,2.0,-1.0
0.77733,60,109,0.5555555555555556,1.0,5,0.775965,0.772675,0.78226,0.7868200000000001,0.0,46.54999999999965,0.776215,0.77637,0.77595,9.599999999999609,13.799999999999368,1.0,1.0,-1.0,1.0,0.0,0.0,0.77597,0.78006,2.0,13.599999999999168,-27.300000000000104,0.0,0.0,0.0,0.0,0.0,2.0,2.0,0.0
1.17749,60,109,0.5555555555555556,-1.0,5,1.1798250000000001,1.184795,1.183005,1.1776,0.0,-73.05000000000118,1.1798250000000001,1.18008,1.19289,-25.900000000000922,-154.0000000000008,0.0,-1.0,1.0,-1.0,0.0,0.0,1.17983,1.17282,2.0,-23.400000000000087,46.69999999999952,0.0,0.0,0.0,0.0,0.0,3.0,2.0,0.0
1.35291,72,109,0.6666666666666666,-1.0,6,1.35904,1.363755,1.360385,1.34391,0.0,-108.44999999999993,1.355615,1.362305,1.3693,-93.95000000000041,-163.89999999999904,-1.0,-1.0,1.0,-1.0,0.0,0.0,1.35904,1.34065,2.0,-61.299999999999685,122.6000000000016,0.0,0.0,0.0,0.0,0.0,3.0,2.0,0.0
157.037,60,109,0.5555555555555556,1.0,5,156.9325,155.74900000000002,155.7725,152.4665,0.0,128.79999999999825,156.811,156.841,154.7135,19.599999999999795,232.34999999999957,-1.0,1.0,-1.0,1.0,0.0,0.0,156.9325,157.246,2.0,10.45000000000016,-20.90000000000032,0.0,1.0,0.0,0.0,0.0,3.0,2.0,0.0
0.69282,0,109,0.0,0.0,0,0.6967350000000001,0.697925,0.68767,0.67541,0.0,-51.05000000000026,0.6954899999999999,0.698165,0.6997599999999999,-53.45000000000044,-69.39999999999947,-1.0,1.0,1.0,-1.0,0.0,0.0,0.0,0.0,0.0,0.0,0.0,0.0,0.0,0.0,0.0,0.0,3.0,2.0,-1.0
1.37094,60,109,0.5555555555555556,1.0,5,1.3680949999999998,1.36107,1.370505,1.38109,0.0,98.70000000000046,1.3680949999999998,1.367705,1.36103,32.35000000000099,99.10000000000085,0.0,1.0,-1.0,1.0,0.0,0.0,1.37051,1.37181,2.0,4.300000000001525,-8.699999999999264,0.0,0.0,0.0,0.0,0.0,3.0,2.0,0.0
0.77823,0,109,0.0,0.0,0,0.776445,0.7748550000000001,0.78226,0.7868200000000001,0.0,33.74999999999906,0.77628,0.776445,0.7710950000000001,17.849999999999255,71.34999999999891,-1.0,1.0,-1.0,1.0,0.0,0.0,0.0,0.0,0.0,0.0,0.0,0.0,0.0,0.0,0.0,0.0,3.0,2.0,-1.0
1.1813500000000001,60,109,0.5555555555555556,1.0,5,1.1795849999999999,1.180175,1.183005,1.1776,0.0,11.750000000001481,1.180925,1.1795849999999999,1.192425,17.650000000002386,-110.74999999999946,1.0,-1.0,1.0,1.0,0.0,0.0,1.18017,1.1837,2.0,11.800000000001809,-23.499999999998522,0.0,0.0,0.0,0.0,0.0,4.0,2.0,1.0
1.36082,0,109,0.0,0.0,0,1.3565749999999999,1.3620700000000001,1.360385,1.34391,0.0,-12.500000000001954,1.3602400000000001,1.3565749999999999,1.36884,42.45000000000054,-80.20000000000138,1.0,-1.0,1.0,0.0,0.0,0.0,0.0,0.0,0.0,0.0,0.0,0.0,0.0,0.0,0.0,0.0,4.0,2.0,-1.0
157.222,72,109,0.6666666666666666,1.0,6,156.8785,156.238,155.7725,152.4665,0.0,98.40000000000089,157.0135,156.9205,154.7135,30.150000000000432,250.8499999999998,1.0,1.0,-1.0,1.0,0.0,0.0,156.8785,157.909,2.0,34.35000000000059,-68.69999999999834,0.0,1.0,0.0,0.0,0.0,4.0,2.0,0.0
0.70167,72,109,0.6666666666666666,1.0,6,0.696075,0.697355,0.687835,0.67541,0.0,43.15000000000069,0.70036,0.696075,0.69954,55.950000000000166,21.299999999999653,1.0,-1.0,1.0,1.0,0.0,0.0,0.69735,0.7103,2.0,43.1999999999999,-86.30000000000027,0.0,0.0,0.0,0.0,0.0,4.0,2.0,1.0
1.36584,72,109,0.6666666666666666,-1.0,6,1.36744,1.36744,1.370505,1.38109,0.0,-16.00000000000046,1.364805,1.36744,1.36103,-16.00000000000046,48.09999999999981,-1.0,0.0,-1.0,-1.0,0.0,0.0,1.36744,1.36264,2.0,-16.00000000000046,31.999999999998696,0.0,0.0,0.0,0.0,0.0,4.0,2.0,1.0
0.77573,84,109,0.7777777777777778,-1.0,7,0.776825,0.77779,0.78226,0.7868200000000001,0.0,-20.599999999999508,0.77661,0.776395,0.7710950000000001,-6.649999999999157,46.34999999999945,-1.0,-1.0,-1.0,-1.0,0.0,0.0,0.77682,0.77354,2.0,-10.899999999999244,21.900000000000254,0.0,0.0,0.0,0.0,0.0,4.0,2.0,0.0
1.19134,84,109,0.7777777777777778,1.0,7,1.186815,1.1846,1.183005,1.1776,0.0,67.39999999999968,1.1904,1.18561,1.1904949999999999,57.300000000000125,8.450000000002067,1.0,1.0,1.0,1.0,0.0,0.0,1.18681,1.20039,2.0,45.30000000000145,-90.50000000000003,0.0,0.0,0.0,0.0,0.0,0.0,2.0,0.0
1.36984,84,109,0.7777777777777778,1.0,7,1.36432,1.3620700000000001,1.360385,1.34391,0.0,77.69999999999833,1.36606,1.36358,1.3677899999999998,62.599999999999326,20.500000000001073,1.0,1.0,1.0,1.0,0.0,0.0,1.36432,1.38088,2.0,55.19999999999969,-110.40000000000161,0.0,0.0,0.0,0.0,0.0,0.0,2.0,0.0
155.873,60,109,0.5555555555555556,-1.0,5,156.587,156.587,155.7725,152.4665,0.0,-71.39999999999986,155.95350000000002,156.587,154.91,-71.39999999999986,96.29999999999939,-1.0,0.0,-1.0,-1.0,0.0,0.0,156.587,154.445,2.0,-71.39999999999986,142.79999999999973,0.0,1.0,0.0,0.0,0.0,0.0,2.0,1.0
0.70932,84,109,0.7777777777777778,1.0,7,0.705225,0.69977,0.6880649999999999,0.6780649999999999,0.0,95.49999999999947,0.707375,0.703265,0.69977,60.549999999999216,95.49999999999947,1.0,1.0,1.0,1.0,0.0,0.0,0.70522,0.71751,2.0,40.99999999999993,-81.9000000000003,0.0,0.0,0.0,0.0,0.0,0.0,2.0,0.0
1.3556599999999999,84,109,0.7777777777777778,-1.0,7,1.3613,1.36385,1.370505,1.38109,0.0,-81.90000000000141,1.358305,1.36216,1.3602949999999998,-65.00000000000172,-46.34999999999945,-1.0,-1.0,-1.0,-1.0,0.0,0.0,1.3613,1.34438,2.0,-56.400000000000894,112.79999999999957,0.0,0.0,0.0,0.0,0.0,0.0,2.0,0.0
0.76614,84,109,0.7777777777777778,-1.0,7,0.771455,0.772275,0.78226,0.78644,0.0,-61.350000000000016,0.768025,0.7721100000000001,0.77117,-59.70000000000031,-50.29999999999979,-1.0,-1.0,-1.0,-1.0,0.0,0.0,0.77146,0.75551,2.0,-53.19999999999992,106.30000000000028,0.0,0.0,0.0,0.0,0.0,0.0,2.0,0.0
1.18954,60,109,0.5555555555555556,1.0,5,1.19077,1.1847050000000001,1.183005,1.1776,0.0,48.34999999999923,1.19077,1.18919,1.1880950000000001,3.5000000000007248,14.449999999999186,0.0,1.0,1.0,1.0,0.0,0.0,1.18471,1.19921,2.0,48.30000000000112,-96.70000000000067,0.0,0.0,0.0,0.0,0.0,1.0,2.0,0.0
1.3639299999999999,0,109,0.0,0.0,0,1.36687,1.361275,1.360385,1.34391,0.0,26.54999999999852,1.366725,1.36466,1.3677899999999998,-7.300000000001194,-38.599999999999746,-1.0,1.0,1.0,0.0,0.0,0.0,0.0,0.0,0.0,0.0,0.0,0.0,0.0,0.0,0.0,0.0,1.0,2.0,-1.0
154.406,84,109,0.7777777777777778,-1.0,7,155.171,155.85399999999998,155.7725,152.4665,0.0,-144.7999999999979,154.639,155.3995,155.166,-99.34999999999832,-75.99999999999909,-1.0,-1.0,-1.0,-1.0,0.0,0.0,155.171,152.876,2.0,-76.49999999999864,153.0000000000001,0.0,1.0,0.0,0.0,0.0,1.0,2.0,1.0
0.70747,60,109,0.5555555555555556,1.0,5,0.7080500000000001,0.69977,0.6880999999999999,0.6780649999999999,0.0,77.0000000000004,0.7078249999999999,0.7056,0.69977,18.700000000000383,77.0000000000004,-1.0,1.0,1.0,1.0,0.0,0.0,0.69977,0.72287,2.0,77.0000000000004,-153.9999999999997,0.0,0.0,0.0,0.0,0.0,1.0,2.0,-1.0
1.35498,72,109,0.6666666666666666,-1.0,6,1.354975,1.36238,1.370505,1.38109,0.0,-73.99999999999851,1.354815,1.358935,1.3602949999999998,-39.54999999999931,-53.14999999999736,-1.0,-1.0,-1.0,-1.0,0.0,0.0,1.36238,1.34018,2.0,-73.99999999999851,148.00000000000148,0.0,0.0,0.0,0.0,0.0,1.0,2.0,0.0
0.76781,60,109,0.5555555555555556,-1.0,5,0.765835,0.770805,0.78226,0.78644,0.0,-29.949999999999697,0.765835,0.7679,0.7723150000000001,-0.900000000000345,-45.05000000000092,0.0,-1.0,-1.0,-1.0,0.0,0.0,0.7708,0.76182,2.0,-29.90000000000048,59.899999999999395,0.0,0.0,0.0,0.0,0.0,1.0,2.0,0.0
1.18705,0,109,0.0,0.0,0,1.188005,1.1847050000000001,1.183005,1.1776,0.0,23.449999999998195,1.18686,1.188075,1.186995,-10.250000000000536,0.5499999999991623,-1.0,1.0,1.0,0.0,0.0,0.0,0.0,0.0,0.0,0.0,0.0,0.0,0.0,0.0,0.0,0.0,2.0,2.0,-1.0
1.36272,0,109,0.0,0.0,0,1.36606,1.3610099999999998,1.360385,1.34391,0.0,17.100000000001003,1.364965,1.36606,1.36613,-33.40000000000121,-34.10000000000135,-1.0,1.0,1.0,-1.0,0.0,0.0,0.0,0.0,0.0,0.0,0.0,0.0,0.0,0.0,0.0,0.0,2.0,2.0,-1.0
153.29,72,109,0.6666666666666666,-1.0,6,153.6005,155.1035,155.7725,152.4665,0.0,-181.35000000000048,153.6005,153.9275,155.1035,-63.750000000001705,-181.35000000000048,0.0,-1.0,-1.0,-1.0,0.0,0.0,153.6005,152.669,2.0,-31.050000000001887,62.09999999999809,0.0,1.0,0.0,0.0,0.0,2.0,2.0,1.0
0.71266,84,109,0.7777777777777778,1.0,7,0.710365,0.701995,0.6903250000000001,0.6780649999999999,0.0,106.64999999999924,0.71074,0.710365,0.701995,22.94999999999936,106.64999999999924,1.0,1.0,1.0,1.0,0.0,0.0,0.71037,0.71725,2.0,22.90000000000014,-45.900000000000944,0.0,0.0,0.0,0.0,0.0,2.0,2.0,0.0
1.35744,0,109,0.0,0.0,0,1.3561450000000002,1.36143,1.370505,1.38109,0.0,-39.89999999999938,1.35846,1.3561450000000002,1.3602949999999998,12.94999999999824,-28.5499999999983,1.0,-1.0,-1.0,0.0,0.0,0.0,0.0,0.0,0.0,0.0,0.0,0.0,0.0,0.0,0.0,0.0,2.0,2.0,-1.0
0.77165,0,109,0.0,0.0,0,0.768885,0.770745,0.78226,0.78644,0.0,9.049999999999336,0.7700899999999999,0.767965,0.7723150000000001,36.84999999999938,-6.650000000001377,1.0,-1.0,-1.0,1.0,0.0,0.0,0.0,0.0,0.0,0.0,0.0,0.0,0.0,0.0,0.0,0.0,2.0,2.0,-1.0
1.18704,60,109,0.5555555555555556,1.0,5,1.18711,1.18669,1.183005,1.1776,0.0,3.5000000000007248,1.1873,1.188005,1.1847050000000001,-9.649999999998826,23.34999999999976,1.0,1.0,1.0,-1.0,0.0,0.0,1.18669,1.18774,2.0,3.5000000000007248,-6.999999999999229,0.0,0.0,0.0,0.0,0.0,3.0,2.0,0.0
1.36219,0,109,0.0,0.0,0,1.363785,1.36491,1.360385,1.34391,0.0,-27.200000000000557,1.3637899999999998,1.365815,1.3620700000000001,-36.24999999999989,1.1999999999989797,1.0,1.0,1.0,-1.0,0.0,0.0,0.0,0.0,0.0,0.0,0.0,0.0,0.0,0.0,0.0,0.0,3.0,2.0,-1.0
152.744,72,109,0.6666666666666666,-1.0,6,153.012,154.9615,155.7725,152.4665,0.0,-221.7500000000001,153.042,153.45850000000002,154.9615,-71.45000000000152,-221.7500000000001,1.0,-1.0,-1.0,-1.0,0.0,0.0,153.012,152.208,2.0,-26.800000000000068,53.600000000000136,0.0,1.0,0.0,0.0,0.0,3.0,2.0,0.0
0.70904,0,109,0.0,0.0,0,0.711125,0.70687,0.690525,0.6780649999999999,0.0,21.700000000000053,0.711005,0.71094,0.702195,-19.000000000000128,68.4499999999999,-1.0,1.0,1.0,-1.0,0.0,0.0,0.0,0.0,0.0,0.0,0.0,0.0,0.0,0.0,0.0,0.0,3.0,2.0,-1.0
1.36078,0,109,0.0,0.0,0,1.35955,1.35888,1.370505,1.38109,0.0,19.000000000000128,1.359745,1.3569900000000001,1.36143,37.8999999999996,-6.499999999998174,1.0,-1.0,-1.0,1.0,0.0,0.0,0.0,0.0,0.0,0.0,0.0,0.0,0.0,0.0,0.0,0.0,3.0,2.0,-1.0
0.76933,72,109,0.6666666666666666,-1.0,6,0.769585,0.770025,0.78226,0.78644,0.0,-6.950000000000012,0.768715,0.769225,0.7723150000000001,1.0499999999991072,-29.850000000001266,-1.0,-1.0,-1.0,1.0,0.0,0.0,0.76958,0.76882,2.0,-2.500000000000835,5.1000000000001044,0.0,0.0,0.0,0.0,0.0,3.0,2.0,1.0
1.18675,0,109,0.0,0.0,0,1.18659,1.188075,1.183005,1.1776,0.0,-13.250000000000206,1.186615,1.186855,1.1847050000000001,-1.0500000000002174,20.449999999998525,1.0,-1.0,1.0,-1.0,0.0,0.0,0.0,0.0,0.0,0.0,0.0,0.0,0.0,0.0,0.0,0.0,4.0,2.0,-1.0
1.36502,0,109,0.0,0.0,0,1.362465,1.365105,1.360385,1.34391,0.0,-0.8500000000011276,1.3632,1.363075,1.3620700000000001,19.449999999998635,29.49999999999786,1.0,-1.0,1.0,0.0,0.0,0.0,0.0,0.0,0.0,0.0,0.0,0.0,0.0,0.0,0.0,0.0,4.0,2.0,-1.0
152.694,84,109,0.7777777777777778,-1.0,7,153.128,154.2785,155.7725,152.4665,0.0,-158.45000000000198,152.9625,153.06,154.9615,-36.60000000000139,-226.75000000000125,-1.0,-1.0,-1.0,-1.0,0.0,0.0,153.128,151.826,2.0,-43.39999999999975,86.7999999999995,0.0,1.0,0.0,0.0,0.0,4.0,2.0,0.0
0.70702,60,109,0.5555555555555556,-1.0,5,0.707075,0.7095199999999999,0.690525,0.6780649999999999,0.0,-24.999999999999467,0.70658,0.7094,0.702195,-23.800000000000487,48.24999999999968,-1.0,-1.0,1.0,-1.0,0.0,0.0,0.70708,0.70691,2.0,-0.6000000000006,1.0999999999994348,0.0,0.0,0.0,0.0,0.0,4.0,2.0,1.0
1.36166,0,109,0.0,0.0,0,1.36154,1.35708,1.370505,1.38109,0.0,45.80000000000028,1.361475,1.35964,1.36143,20.200000000001328,2.300000000001745,-1.0,1.0,-1.0,1.0,0.0,0.0,0.0,0.0,0.0,0.0,0.0,0.0,0.0,0.0,0.0,0.0,4.0,2.0,-1.0
0.76756,72,109,0.6666666666666666,-1.0,6,0.769395,0.767965,0.78226,0.78644,0.0,-4.049999999999887,0.76867,0.76923,0.771525,-16.69999999999949,-39.64999999999996,-1.0,1.0,-1.0,-1.0,0.0,0.0,0.76797,0.76675,2.0,-4.100000000000215,8.099999999999774,0.0,0.0,0.0,0.0,0.0,4.0,2.0,0.0
1.18506,60,109,0.5555555555555556,-1.0,5,1.18613,1.188075,1.183005,1.1776,0.0,-30.1499999999999,1.185485,1.18654,1.1847050000000001,-14.799999999999258,3.549999999998832,-1.0,-1.0,1.0,-1.0,0.0,0.0,1.18613,1.18292,2.0,-10.699999999999044,21.400000000000308,0.0,0.0,0.0,0.0,0.0,0.0,2.0,1.0
1.36272,0,109,0.0,0.0,0,1.36432,1.365105,1.360385,1.34391,0.0,-23.850000000000815,1.363585,1.36303,1.3620700000000001,-3.1000000000003247,6.499999999998174,-1.0,-1.0,1.0,0.0,0.0,0.0,0.0,0.0,0.0,0.0,0.0,0.0,0.0,0.0,0.0,0.0,0.0,2.0,-1.0
153.515,0,109,0.0,0.0,0,153.09449999999998,153.53,155.7725,152.4665,0.0,-1.500000000001478,153.4115,153.09449999999998,154.9615,42.05000000000041,-144.65000000000146,1.0,-1.0,-1.0,1.0,0.0,0.0,0.0,0.0,0.0,0.0,0.0,0.0,1.0,0.0,0.0,0.0,0.0,2.0,-1.0
0.70715,0,109,0.0,0.0,0,0.7075,0.7095199999999999,0.690705,0.6784049999999999,0.0,-23.699999999999832,0.707755,0.707055,0.702195,0.9499999999995623,49.549999999999315,1.0,-1.0,1.0,0.0,0.0,0.0,0.0,0.0,0.0,0.0,0.0,0.0,0.0,0.0,0.0,0.0,0.0,2.0,-1.0
1.36377,60,109,0.5555555555555556,1.0,5,1.36198,1.357135,1.370505,1.38109,0.0,66.34999999999947,1.36287,1.3615949999999999,1.36143,21.75000000000038,23.400000000000087,1.0,1.0,-1.0,1.0,0.0,0.0,1.36198,1.36735,2.0,17.899999999999583,-35.80000000000139,0.0,0.0,0.0,0.0,0.0,0.0,2.0,1.0
0.76952,0,109,0.0,0.0,0,0.7686949999999999,0.767965,0.78226,0.78644,0.0,15.54999999999973,0.7697099999999999,0.7686949999999999,0.770805,8.250000000000757,-12.849999999999806,1.0,1.0,-1.0,0.0,0.0,0.0,0.0,0.0,0.0,0.0,0.0,0.0,0.0,0.0,0.0,0.0,0.0,2.0,-1.0
1.18527,0,109,0.0,0.0,0,1.182995,1.184925,1.183005,1.1776,0.0,3.450000000000397,1.1829749999999999,1.18363,1.1847050000000001,16.40000000000086,5.649999999999267,-1.0,-1.0,1.0,-1.0,0.0,0.0,0.0,0.0,0.0,0.0,0.0,0.0,0.0,0.0,0.0,0.0,1.0,2.0,-1.0
1.35664,72,109,0.6666666666666666,-1.0,6,1.35639,1.35834,1.360385,1.34391,0.0,-17.000000000000348,1.3532000000000002,1.35736,1.36037,-7.199999999998319,-37.30000000000011,-1.0,-1.0,-1.0,-1.0,0.0,0.0,1.35834,1.35324,2.0,-17.000000000000348,34.000000000000696,0.0,0.0,0.0,0.0,0.0,1.0,2.0,1.0
153.281,0,109,0.0,0.0,0,153.31,153.114,155.7725,152.4665,0.0,16.70000000000016,153.471,153.31,154.9615,-2.899999999999636,-168.0499999999995,1.0,1.0,-1.0,1.0,0.0,0.0,0.0,0.0,0.0,0.0,0.0,0.0,1.0,0.0,0.0,0.0,1.0,2.0,-1.0
0.70844,0,109,0.0,0.0,0,0.70591,0.70875,0.690705,0.6784049999999999,0.0,-3.1000000000003247,0.70591,0.70591,0.702195,25.299999999999212,62.44999999999945,0.0,-1.0,1.0,0.0,0.0,0.0,0.0,0.0,0.0,0.0,0.0,0.0,0.0,0.0,0.0,0.0,1.0,2.0,-1.0
1.36371,0,109,0.0,0.0,0,1.36604,1.36216,1.370505,1.38109,0.0,15.499999999999403,1.366285,1.3651149999999999,1.36143,-14.049999999998786,22.800000000000598,1.0,1.0,-1.0,1.0,0.0,0.0,0.0,0.0,0.0,0.0,0.0,0.0,0.0,0.0,0.0,0.0,1.0,2.0,-1.0
0.76998,0,109,0.0,0.0,0,0.77105,0.77033,0.78226,0.78644,0.0,-3.4999999999996145,0.771975,0.77105,0.770805,-10.700000000000154,-8.249999999999647,1.0,1.0,-1.0,1.0,0.0,0.0,0.0,0.0,0.0,0.0,0.0,0.0,0.0,0.0,0.0,0.0,1.0,2.0,-1.0
1.1783299999999999,72,109,0.6666666666666666,-1.0,6,1.18198,1.183605,1.183005,1.1776,0.0,-52.75000000000141,1.181535,1.18198,1.1847050000000001,-36.500000000001535,-63.750000000002416,-1.0,-1.0,1.0,-1.0,0.0,0.0,1.18198,1.17103,2.0,-36.500000000001535,72.99999999999862,0.0,0.0,0.0,0.0,0.0,2.0,2.0,0.0
1.34952,84,109,0.7777777777777778,-1.0,7,1.353765,1.3582299999999998,1.360385,1.34391,0.0,-87.09999999999773,1.35372,1.35496,1.3602599999999998,-54.3999999999989,-107.3999999999975,-1.0,-1.0,-1.0,-1.0,0.0,0.0,1.35377,1.34103,2.0,-42.49999999999865,84.90000000000109,0.0,0.0,0.0,0.0,0.0,2.0,2.0,-1.0
154.817,60,109,0.5555555555555556,1.0,5,153.9665,153.61599999999999,155.7725,152.4665,0.0,120.10000000000218,154.2415,153.8585,154.9615,95.8500000000015,-14.449999999999363,1.0,1.0,-1.0,1.0,0.0,0.0,153.9665,156.518,2.0,85.05000000000109,-170.09999999999934,0.0,1.0,0.0,0.0,0.0,2.0,2.0,-1.0
0.70419,60,109,0.5555555555555556,-1.0,5,0.7060949999999999,0.70863,0.690705,0.6784049999999999,0.0,-44.39999999999999,0.7056100000000001,0.70591,0.702195,-17.20000000000055,19.94999999999969,-1.0,-1.0,1.0,-1.0,0.0,0.0,0.70609,0.70038,2.0,-19.000000000000128,38.0999999999998,0.0,0.0,0.0,0.0,0.0,2.0,2.0,0.0
1.36964,60,109,0.5555555555555556,1.0,5,1.3666,1.362965,1.370505,1.38109,0.0,66.74999999999986,1.367025,1.3666,1.36143,30.399999999999316,82.1000000000005,1.0,1.0,-1.0,1.0,0.0,0.0,1.3666,1.37572,2.0,30.399999999999316,-60.80000000000085,0.0,0.0,0.0,0.0,0.0,2.0,2.0,0.0
0.77289,60,109,0.5555555555555556,1.0,5,0.7713099999999999,0.770475,0.78226,0.78644,0.0,24.14999999999945,0.771595,0.7714099999999999,0.770745,14.800000000000368,21.449999999999527,1.0,1.0,-1.0,1.0,0.0,0.0,0.77131,0.77605,2.0,15.799999999999148,-31.600000000000517,0.0,0.0,0.0,0.0,0.0,2.0,2.0,0.0
1.17752,60,109,0.5555555555555556,-1.0,5,1.1774749999999998,1.181235,1.183005,1.1776,0.0,-37.15000000000135,1.17599,1.179525,1.18353,-20.050000000000345,-60.100000000000705,-1.0,-1.0,1.0,-1.0,0.0,0.0,1.18124,1.17009,2.0,-37.20000000000168,74.29999999999825,0.0,0.0,0.0,0.0,0.0,3.0,2.0,0.0
1.34674,84,109,0.7777777777777778,-1.0,7,1.34753,1.35479,1.360385,1.34391,0.0,-80.4999999999989,1.3453849999999998,1.350795,1.3572899999999999,-40.5499999999992,-105.49999999999838,-1.0,-1.0,-1.0,-1.0,0.0,0.0,1.34753,1.34516,2.0,-7.899999999998464,15.800000000001369,0.0,0.0,0.0,0.0,0.0,3.0,2.0,1.0
154.959,60,109,0.5555555555555556,1.0,5,154.941,153.9475,155.65750000000003,152.4665,0.0,101.15000000000123,155.036,154.4445,154.9615,51.44999999999982,-0.24999999999977263,1.0,1.0,-1.0,1.0,0.0,0.0,154.941,154.995,2.0,1.8000000000000682,-3.6000000000001364,0.0,1.0,0.0,0.0,0.0,3.0,2.0,1.0
0.70586,0,109,0.0,0.0,0,0.7052,0.70602,0.690705,0.6784049999999999,0.0,-1.5999999999993797,0.7045699999999999,0.70524,0.70765,6.200000000000649,-17.899999999999583,-1.0,-1.0,1.0,-1.0,0.0,0.0,0.0,0.0,0.0,0.0,0.0,0.0,0.0,0.0,0.0,0.0,3.0,2.0,-1.0
1.36798,0,109,0.0,0.0,0,1.36911,1.365395,1.370505,1.38109,0.0,25.850000000000595,1.36951,1.36758,1.360935,3.9999999999995595,70.44999999999968,1.0,1.0,-1.0,1.0,0.0,0.0,0.0,0.0,0.0,0.0,0.0,0.0,0.0,0.0,0.0,0.0,3.0,2.0,-1.0
0.77476,60,109,0.5555555555555556,1.0,5,0.7724850000000001,0.7716149999999999,0.78226,0.78644,0.0,31.450000000000642,0.77532,0.7724850000000001,0.770025,22.74999999999916,47.35000000000045,1.0,1.0,-1.0,1.0,0.0,0.0,0.77249,0.77931,2.0,22.699999999999942,-45.49999999999943,0.0,0.0,0.0,0.0,0.0,3.0,2.0,0.0
1.17852,0,109,0.0,0.0,0,1.1775449999999998,1.180275,1.183005,1.1776,0.0,-17.54999999999951,1.17814,1.1774749999999998,1.18353,10.450000000001847,-50.09999999999959,1.0,-1.0,1.0,0.0,0.0,0.0,0.0,0.0,0.0,0.0,0.0,0.0,0.0,0.0,0.0,0.0,4.0,2.0,-1.0
1.3484099999999999,0,109,0.0,0.0,0,1.347495,1.353705,1.360385,1.34391,0.0,-52.9500000000005,1.348765,1.34744,1.3572899999999999,9.699999999999154,-88.79999999999998,1.0,-1.0,-1.0,0.0,0.0,0.0,0.0,0.0,0.0,0.0,0.0,0.0,0.0,0.0,0.0,0.0,4.0,2.0,-1.0
155.022,0,109,0.0,0.0,0,155.17649999999998,154.16899999999998,155.65750000000003,152.4665,0.0,85.30000000000086,155.1245,155.0905,154.2785,-6.850000000000023,74.34999999999832,-1.0,1.0,-1.0,1.0,0.0,0.0,0.0,0.0,0.0,0.0,0.0,0.0,1.0,0.0,0.0,0.0,4.0,2.0,-1.0
0.70843,72,109,0.6666666666666666,1.0,6,0.70548,0.70548,0.6907300000000001,0.6784049999999999,0.0,29.50000000000008,0.70672,0.70548,0.70811,29.50000000000008,3.1999999999998696,1.0,0.0,1.0,1.0,0.0,0.0,0.70548,0.71433,2.0,29.50000000000008,-59.00000000000016,0.0,0.0,0.0,0.0,0.0,4.0,2.0,0.0
1.3679299999999999,0,109,0.0,0.0,0,1.369005,1.36667,1.370505,1.38109,0.0,12.599999999998168,1.369005,1.36911,1.360935,-11.800000000001809,69.94999999999862,0.0,1.0,-1.0,0.0,0.0,0.0,0.0,0.0,0.0,0.0,0.0,0.0,0.0,0.0,0.0,0.0,4.0,2.0,-1.0
0.77509,0,109,0.0,0.0,0,0.77513,0.7726599999999999,0.782195,0.78644,0.0,24.30000000000043,0.77513,0.7750349999999999,0.7700549999999999,0.5500000000002725,50.350000000000115,0.0,1.0,-1.0,1.0,0.0,0.0,0.0,0.0,0.0,0.0,0.0,0.0,0.0,0.0,0.0,0.0,4.0,2.0,-1.0
1.17859,60,109,0.5555555555555556,-1.0,5,1.1804549999999998,1.17997,1.183005,1.1776,0.0,-13.799999999999368,1.17941,1.179495,1.18346,-9.049999999999336,-48.6999999999993,-1.0,-1.0,1.0,1.0,0.0,0.0,1.17997,1.17583,2.0,-13.799999999999368,27.600000000000957,0.0,0.0,0.0,0.0,0.0,0.0,2.0,0.0
1.3492899999999999,72,109,0.6666666666666666,-1.0,6,1.35049,1.350795,1.360385,1.34391,0.0,-15.050000000000896,1.350375,1.34977,1.3572899999999999,-4.8000000000003595,-80.00000000000007,-1.0,-1.0,-1.0,0.0,0.0,0.0,1.35049,1.34689,2.0,-12.000000000000899,23.999999999999577,0.0,0.0,0.0,0.0,0.0,0.0,2.0,0.0
154.708,0,109,0.0,0.0,0,154.5795,154.35199999999998,155.65750000000003,152.4665,0.0,35.6000000000023,154.58350000000002,154.7665,153.9535,-5.850000000000932,75.45000000000073,1.0,1.0,-1.0,-1.0,0.0,0.0,0.0,0.0,0.0,0.0,0.0,0.0,1.0,0.0,0.0,0.0,0.0,2.0,-1.0
0.70556,0,109,0.0,0.0,0,0.708,0.706345,0.6907300000000001,0.6784049999999999,0.0,-7.850000000000357,0.706525,0.7075849999999999,0.70811,-20.249999999999435,-25.500000000000522,-1.0,1.0,1.0,0.0,0.0,0.0,0.0,0.0,0.0,0.0,0.0,0.0,0.0,0.0,0.0,0.0,0.0,2.0,-1.0
1.36985,60,109,0.5555555555555556,1.0,5,1.367605,1.367325,1.369915,1.38109,0.0,25.250000000001105,1.36856,1.3679649999999999,1.360935,18.850000000001366,89.15000000000006,1.0,1.0,-1.0,1.0,0.0,0.0,1.3676,1.37434,2.0,22.500000000000853,-44.899999999998826,0.0,0.0,0.0,0.0,0.0,0.0,2.0,0.0
0.77451,0,109,0.0,0.0,0,0.773915,0.7729550000000001,0.781325,0.78644,0.0,15.54999999999973,0.77484,0.774115,0.770975,3.950000000000342,35.35000000000066,1.0,1.0,-1.0,0.0,0.0,0.0,0.0,0.0,0.0,0.0,0.0,0.0,0.0,0.0,0.0,0.0,0.0,2.0,-1.0
1.1773500000000001,84,109,0.7777777777777778,-1.0,7,1.178115,1.17883,1.18577,1.1776,0.0,-14.799999999999258,1.17781,1.178805,1.181595,-14.54999999999984,-42.449999999998326,-1.0,-1.0,-1.0,-1.0,0.0,0.0,1.17812,1.17582,2.0,-7.699999999999374,15.300000000000313,0.0,0.0,0.0,0.0,0.0,1.0,2.0,0.0
1.3492199999999999,0,109,0.0,0.0,0,1.350305,1.349615,1.363475,1.34391,0.0,-3.9500000000014523,1.350645,1.350305,1.35526,-10.850000000002247,-60.40000000000045,1.0,1.0,-1.0,0.0,0.0,0.0,0.0,0.0,0.0,0.0,0.0,0.0,0.0,0.0,0.0,0.0,1.0,2.0,-1.0
155.893,72,109,0.6666666666666666,1.0,6,155.3985,155.095,155.65750000000003,152.4665,0.0,79.80000000000018,155.8765,155.24650000000003,154.2715,64.64999999999748,162.14999999999975,1.0,1.0,-1.0,1.0,0.0,0.0,155.6575,156.364,2.0,23.550000000000182,-47.100000000000364,0.0,1.0,0.0,0.0,0.0,1.0,2.0,0.0
0.70578,0,109,0.0,0.0,0,0.704995,0.706345,0.69268,0.6784049999999999,0.0,-5.650000000000377,0.704825,0.70552,0.70811,2.5999999999992696,-23.300000000000544,-1.0,-1.0,1.0,-1.0,0.0,0.0,0.0,0.0,0.0,0.0,0.0,0.0,0.0,0.0,0.0,0.0,1.0,2.0,-1.0
1.36995,60,109,0.5555555555555556,1.0,5,1.3706049999999999,1.36866,1.368015,1.38109,0.0,12.900000000000134,1.370965,1.369615,1.36401,3.349999999999742,59.40000000000056,1.0,1.0,-1.0,1.0,0.0,0.0,1.36866,1.37253,2.0,12.900000000000134,-25.800000000000267,0.0,0.0,0.0,0.0,0.0,1.0,2.0,0.0
0.77407,60,109,0.5555555555555556,-1.0,5,0.774805,0.7729550000000001,0.7794449999999999,0.78644,0.0,11.149999999999771,0.77406,0.77492,0.77194,-8.500000000000174,21.300000000000765,-1.0,1.0,-1.0,-1.0,0.0,0.0,0.7748,0.7726,2.0,-7.300000000000084,14.700000000000824,0.0,0.0,0.0,0.0,0.0,1.0,2.0,1.0
1.18091,60,109,0.5555555555555556,1.0,5,1.179265,1.17883,1.187655,1.1776,0.0,20.799999999998597,1.17936,1.1790150000000001,1.18133,18.94999999999758,-4.20000000000087,1.0,1.0,-1.0,1.0,0.0,0.0,1.17927,1.1842,2.0,16.399999999998638,-32.90000000000015,0.0,0.0,0.0,0.0,0.0,2.0,2.0,0.0
1.35577,60,109,0.5555555555555556,1.0,5,1.3525900000000002,1.349985,1.363475,1.34391,0.0,57.84999999999929,1.353605,1.352115,1.35479,36.54999999999964,9.799999999999809,1.0,1.0,-1.0,1.0,0.0,0.0,1.35259,1.36213,2.0,31.799999999999606,-63.60000000000143,0.0,0.0,0.0,0.0,0.0,2.0,2.0,0.0
156.379,72,109,0.6666666666666666,1.0,6,156.0815,155.4085,155.65750000000003,152.4665,0.0,97.0499999999987,156.49900000000002,156.0815,154.687,29.749999999998522,169.19999999999789,1.0,1.0,-1.0,1.0,0.0,0.0,156.0815,156.974,2.0,29.749999999998522,-59.499999999999886,0.0,1.0,0.0,0.0,0.0,2.0,2.0,0.0
0.71237,84,109,0.7777777777777778,1.0,7,0.709085,0.707045,0.69372,0.6784049999999999,0.0,53.24999999999913,0.7106600000000001,0.707605,0.707045,47.64999999999908,53.24999999999913,1.0,1.0,1.0,1.0,0.0,0.0,0.70908,0.71894,2.0,32.89999999999904,-65.70000000000076,0.0,0.0,0.0,0.0,0.0,2.0,2.0,0.0
1.36744,60,109,0.5555555555555556,-1.0,5,1.368995,1.36866,1.3663049999999999,1.38109,0.0,-12.199999999999989,1.3689,1.369915,1.36591,-24.75000000000005,15.300000000000313,-1.0,1.0,-1.0,-1.0,0.0,0.0,1.36866,1.365,2.0,-12.199999999999989,24.399999999999977,0.0,0.0,0.0,0.0,0.0,2.0,2.0,0.0
0.77283,84,109,0.7777777777777778,-1.0,7,0.7738050000000001,0.774115,0.77866,0.78644,0.0,-12.849999999999806,0.773485,0.7738050000000001,0.7720849999999999,-9.750000000000592,7.450000000001067,-1.0,-1.0,-1.0,-1.0,0.0,0.0,0.77381,0.77088,2.0,-9.799999999999809,19.50000000000007,0.0,0.0,0.0,0.0,0.0,2.0,2.0,1.0
1.17993,0,109,0.0,0.0,0,1.18014,1.179495,1.187655,1.1776,0.0,4.349999999999632,1.179535,1.179995,1.18062,-0.6499999999998174,-6.900000000000794,-1.0,1.0,-1.0,1.0,0.0,0.0,0.0,0.0,0.0,0.0,0.0,0.0,0.0,0.0,0.0,0.0,3.0,2.0,-1.0
1.34846,72,109,0.6666666666666666,-1.0,6,1.35101,1.35101,1.363495,1.34391,0.0,-25.500000000000522,1.3500800000000002,1.35101,1.35479,-25.500000000000522,-63.29999999999947,-1.0,0.0,-1.0,-1.0,0.0,0.0,1.35101,1.34336,2.0,-25.500000000000522,50.99999999999882,0.0,0.0,0.0,0.0,0.0,3.0,2.0,1.0
156.09,0,109,0.0,0.0,0,156.0905,155.4085,155.65750000000003,152.4665,0.0,68.14999999999998,156.12900000000002,156.26049999999998,154.687,-17.049999999997567,140.29999999999916,1.0,1.0,-1.0,0.0,0.0,0.0,0.0,0.0,0.0,0.0,0.0,0.0,1.0,0.0,0.0,0.0,3.0,2.0,-1.0
0.71062,72,109,0.6666666666666666,1.0,6,0.710155,0.708135,0.69503,0.6784049999999999,0.0,24.850000000000705,0.7095400000000001,0.710155,0.7075750000000001,4.650000000000487,30.449999999999644,-1.0,1.0,1.0,1.0,0.0,0.0,0.71015,0.71155,2.0,4.700000000000815,-9.299999999999864,0.0,0.0,0.0,0.0,0.0,3.0,2.0,0.0
1.36814,60,109,0.5555555555555556,-1.0,5,1.36857,1.36866,1.3663049999999999,1.38109,0.0,-5.20000000000076,1.3692250000000001,1.36857,1.366295,-4.300000000001525,18.449999999998745,1.0,-1.0,-1.0,-1.0,0.0,0.0,1.36857,1.36728,2.0,-4.300000000001525,8.599999999998609,0.0,0.0,0.0,0.0,0.0,3.0,2.0,1.0
0.77398,0,109,0.0,0.0,0,0.77278,0.773695,0.77849,0.78644,0.0,2.849999999999797,0.77417,0.772965,0.7720849999999999,10.149999999999881,18.950000000000912,1.0,-1.0,-1.0,0.0,0.0,0.0,0.0,0.0,0.0,0.0,0.0,0.0,0.0,0.0,0.0,0.0,3.0,2.0,-1.0
1.18118,60,109,0.5555555555555556,1.0,5,1.18079,1.179745,1.1905649999999999,1.1776,0.0,14.34999999999853,1.18086,1.180035,1.17997,11.449999999999516,12.099999999999334,1.0,1.0,-1.0,1.0,0.0,0.0,1.18079,1.18196,2.0,3.8999999999989043,-7.800000000000029,0.0,0.0,0.0,0.0,0.0,4.0,2.0,0.0
1.34774,72,109,0.6666666666666666,-1.0,6,1.34738,1.350725,1.36512,1.34391,0.0,-29.850000000000154,1.346495,1.3497949999999999,1.35331,-20.54999999999918,-55.70000000000075,-1.0,-1.0,-1.0,-1.0,0.0,0.0,1.35072,1.34177,2.0,-29.799999999999827,59.70000000000031,0.0,0.0,0.0,0.0,0.0,4.0,2.0,1.0
156.11,60,109,0.5555555555555556,1.0,5,155.8835,155.51850000000002,155.65750000000003,152.4665,0.0,59.149999999999636,156.051,155.98250000000002,154.75900000000001,12.749999999999773,135.0999999999999,1.0,1.0,-1.0,0.0,0.0,0.0,155.8835,156.563,2.0,22.65000000000157,-45.29999999999745,0.0,1.0,0.0,0.0,0.0,4.0,2.0,1.0
0.71141,72,109,0.6666666666666666,1.0,6,0.710915,0.708135,0.699055,0.6784049999999999,0.0,32.75000000000028,0.710915,0.70994,0.7075750000000001,14.699999999999713,38.34999999999922,0.0,1.0,1.0,1.0,0.0,0.0,0.71091,0.7124,2.0,4.999999999999449,-9.900000000000464,0.0,0.0,0.0,0.0,0.0,4.0,2.0,0.0
1.36478,60,109,0.5555555555555556,-1.0,5,1.365535,1.36749,1.36405,1.38109,0.0,-27.099999999999902,1.36548,1.36686,1.36749,-20.799999999998597,-27.099999999999902,-1.0,-1.0,1.0,-1.0,0.0,0.0,1.36553,1.36327,2.0,-7.499999999998064,15.100000000001224,0.0,0.0,0.0,0.0,0.0,4.0,2.0,1.0
0.7695,84,109,0.7777777777777778,-1.0,7,0.770885,0.771865,0.77595,0.78644,0.0,-23.650000000000617,0.76946,0.771265,0.77218,-17.650000000000166,-26.800000000000157,-1.0,-1.0,-1.0,-1.0,0.0,0.0,0.77089,0.76673,2.0,-13.900000000000023,27.69999999999939,0.0,0.0,0.0,0.0,0.0,4.0,2.0,0.0
1.16904,84,109,0.7777777777777778,-1.0,7,1.1748750000000001,1.17503,1.187735,1.1776,0.0,-59.899999999999395,1.16978,1.174925,1.176455,-58.849999999999184,-74.1499999999995,-1.0,-1.0,-1.0,-1.0,0.0,0.0,1.17488,1.15737,2.0,-58.39999999999846,116.7000000000007,0.0,0.0,0.0,0.0,0.0,0.0,3.0,1.0
1.3405,72,109,0.6666666666666666,-1.0,6,1.34022,1.3444500000000001,1.3591199999999999,1.34391,0.0,-39.5000000000012,1.33956,1.34022,1.344795,2.80000000000058,-42.94999999999938,-1.0,-1.0,-1.0,-1.0,0.0,0.0,1.34445,1.3326,2.0,-39.49999999999898,79.00000000000018,0.0,0.0,0.0,0.0,0.0,0.0,3.0,1.0
157.326,84,109,0.7777777777777778,1.0,7,156.8545,156.54649999999998,154.921,152.4665,0.0,77.9500000000013,157.4315,156.79149999999998,155.40699999999998,53.45000000000084,191.9000000000011,1.0,1.0,1.0,1.0,0.0,0.0,156.8545,158.269,2.0,47.14999999999918,-94.3000000000012,0.0,1.0,0.0,0.0,0.0,0.0,3.0,0.0
0.7093,60,109,0.5555555555555556,1.0,5,0.70801,0.708135,0.702195,0.6784049999999999,0.0,11.650000000000826,0.7078800000000001,0.70851,0.7075750000000001,7.900000000000684,17.249999999999766,-1.0,1.0,1.0,-1.0,0.0,0.0,0.70813,0.71163,2.0,11.700000000000044,-23.299999999999432,0.0,0.0,0.0,0.0,0.0,0.0,3.0,1.0
1.36785,72,109,0.6666666666666666,1.0,6,1.367425,1.36749,1.36103,1.38109,0.0,3.5999999999991594,1.368925,1.367175,1.36749,6.749999999999812,3.5999999999991594,1.0,-1.0,1.0,1.0,0.0,0.0,1.36749,1.36857,2.0,3.5999999999991594,-7.200000000000539,0.0,0.0,0.0,0.0,0.0,0.0,3.0,0.0
0.77939,72,109,0.6666666666666666,1.0,6,0.77417,0.77417,0.7710950000000001,0.78644,0.0,52.200000000000024,0.779345,0.77417,0.77417,52.200000000000024,52.200000000000024,1.0,0.0,1.0,1.0,0.0,0.0,0.77417,0.78983,2.0,52.200000000000024,-104.40000000000005,0.0,0.0,0.0,0.0,0.0,0.0,3.0,-1.0
1.16106,84,109,0.7777777777777778,-1.0,7,1.16217,1.167955,1.18066,1.1776,0.0,-68.95000000000095,1.157805,1.163875,1.16824,-28.15000000000012,-71.79999999999964,-1.0,-1.0,-1.0,-1.0,0.0,0.0,1.16217,1.15884,2.0,-11.099999999999444,22.199999999998887,0.0,0.0,0.0,0.0,0.0,1.0,3.0,1.0
1.33562,72,109,0.6666666666666666,-1.0,6,1.3341349999999998,1.34141,1.35608,1.34391,0.0,-57.89999999999962,1.33115,1.334235,1.34141,13.849999999999696,-57.89999999999962,-1.0,-1.0,-1.0,-1.0,0.0,0.0,1.34141,1.32404,2.0,-57.89999999999962,115.79999999999924,0.0,0.0,0.0,0.0,0.0,1.0,3.0,-1.0
157.734,84,109,0.7777777777777778,1.0,7,157.5395,156.7505,155.029,152.4665,0.0,98.35000000000207,157.7105,157.3775,155.9815,35.650000000001114,175.24999999999977,1.0,1.0,1.0,1.0,0.0,0.0,157.5395,158.123,2.0,19.4500000000005,-38.89999999999816,0.0,1.0,0.0,0.0,0.0,1.0,3.0,0.0
0.70372,0,109,0.0,0.0,0,0.70333,0.7040150000000001,0.702195,0.6784049999999999,0.0,-2.9500000000004523,0.70006,0.70333,0.7040150000000001,3.9000000000000146,-2.9500000000004523,-1.0,-1.0,1.0,-1.0,0.0,0.0,0.0,0.0,0.0,0.0,0.0,0.0,0.0,0.0,0.0,0.0,1.0,3.0,-1.0
1.36813,0,109,0.0,0.0,0,1.3703,1.3688850000000001,1.36171,1.38109,0.0,-7.550000000000612,1.3703,1.369665,1.3688850000000001,-15.34999999999842,-7.550000000000612,0.0,1.0,1.0,1.0,0.0,0.0,0.0,0.0,0.0,0.0,0.0,0.0,0.0,0.0,0.0,0.0,1.0,3.0,-1.0
0.78177,72,109,0.6666666666666666,1.0,6,0.7828250000000001,0.77742,0.774155,0.78644,0.0,43.49999999999965,0.7839149999999999,0.7794650000000001,0.77742,23.049999999998903,43.49999999999965,1.0,1.0,1.0,1.0,0.0,0.0,0.77742,0.79047,2.0,43.49999999999965,-87.00000000000041,0.0,0.0,0.0,0.0,0.0,1.0,3.0,0.0
1.1635900000000001,0,109,0.0,0.0,0,1.161465,1.16785,1.1787299999999998,1.1776,0.0,-42.599999999999305,1.163435,1.1592449999999999,1.16824,43.45000000000265,-46.49999999999821,1.0,-1.0,-1.0,0.0,0.0,0.0,0.0,0.0,0.0,0.0,0.0,0.0,0.0,0.0,0.0,0.0,2.0,3.0,-1.0
1.33723,0,109,0.0,0.0,0,1.335335,1.340335,1.35503,1.34391,0.0,-31.050000000001354,1.3366,1.332825,1.34141,44.049999999999926,-41.80000000000072,1.0,-1.0,-1.0,1.0,0.0,0.0,0.0,0.0,0.0,0.0,0.0,0.0,0.0,0.0,0.0,0.0,2.0,3.0,-1.0
157.033,0,109,0.0,0.0,0,157.3555,156.7505,155.065,152.4665,0.0,28.249999999999886,157.14350000000002,157.4095,155.9815,-37.65000000000214,105.14999999999759,-1.0,1.0,1.0,0.0,0.0,0.0,0.0,0.0,0.0,0.0,0.0,0.0,1.0,0.0,0.0,0.0,2.0,3.0,-1.0
0.70782,72,109,0.6666666666666666,1.0,6,0.7033849999999999,0.7038,0.702195,0.6784049999999999,0.0,40.20000000000024,0.70581,0.70136,0.7040150000000001,64.60000000000021,38.04999999999947,1.0,-1.0,1.0,1.0,0.0,0.0,0.7038,0.71586,2.0,40.20000000000024,-80.40000000000047,0.0,0.0,0.0,0.0,0.0,2.0,3.0,0.0
1.3642,0,109,0.0,0.0,0,1.366325,1.3688850000000001,1.36171,1.38109,0.0,-46.850000000000506,1.365855,1.368975,1.3688850000000001,-47.74999999999974,-46.850000000000506,-1.0,1.0,1.0,-1.0,0.0,0.0,0.0,0.0,0.0,0.0,0.0,0.0,0.0,0.0,0.0,0.0,2.0,3.0,-1.0
0.77906,0,109,0.0,0.0,0,0.78119,0.77742,0.77423,0.78644,0.0,16.39999999999975,0.7803199999999999,0.7832749999999999,0.77742,-42.149999999999686,16.39999999999975,-1.0,1.0,1.0,0.0,0.0,0.0,0.0,0.0,0.0,0.0,0.0,0.0,0.0,0.0,0.0,0.0,2.0,3.0,-1.0
1.16071,72,109,0.6666666666666666,-1.0,6,1.1603150000000002,1.16785,1.17633,1.1776,0.0,-71.40000000000146,1.159165,1.1606800000000002,1.16824,0.29999999999752447,-75.30000000000037,-1.0,-1.0,-1.0,-1.0,0.0,0.0,1.16785,1.14643,2.0,-71.40000000000146,142.79999999999848,0.0,0.0,0.0,0.0,0.0,3.0,3.0,-1.0
1.3357999999999999,60,109,0.5555555555555556,-1.0,5,1.334195,1.33718,1.35503,1.34391,0.0,-13.800000000001589,1.33337,1.335035,1.34141,7.6499999999990465,-56.100000000001145,-1.0,-1.0,-1.0,0.0,0.0,0.0,1.33718,1.33304,2.0,-13.800000000001589,27.599999999998737,0.0,0.0,0.0,0.0,0.0,3.0,3.0,1.0
157.546,84,109,0.7777777777777778,1.0,7,157.149,156.9235,155.1165,152.4665,0.0,62.25000000000023,157.6185,157.149,155.9815,39.699999999999136,156.4499999999981,1.0,1.0,1.0,1.0,0.0,0.0,157.149,158.34,2.0,39.699999999999136,-79.40000000000111,0.0,1.0,0.0,0.0,0.0,3.0,3.0,1.0
0.70072,72,109,0.6666666666666666,-1.0,6,0.703155,0.7038,0.702195,0.6784049999999999,0.0,-30.799999999999716,0.7012799999999999,0.703155,0.7040150000000001,-24.34999999999965,-32.95000000000048,-1.0,-1.0,1.0,-1.0,0.0,0.0,0.7022,0.69777,2.0,-14.800000000000368,29.50000000000008,0.0,0.0,0.0,0.0,0.0,3.0,3.0,0.0
1.36743,0,109,0.0,0.0,0,1.366565,1.3684,1.36171,1.38109,0.0,-9.700000000001374,1.366565,1.366565,1.3684,8.649999999998936,-9.700000000001374,0.0,-1.0,1.0,0.0,0.0,0.0,0.0,0.0,0.0,0.0,0.0,0.0,0.0,0.0,0.0,0.0,3.0,3.0,-1.0
0.78093,60,109,0.5555555555555556,1.0,5,0.780985,0.77742,0.775375,0.78644,0.0,35.10000000000013,0.7816799999999999,0.780985,0.77742,-0.5500000000002725,35.10000000000013,1.0,1.0,1.0,0.0,0.0,0.0,0.77742,0.78795,2.0,35.10000000000013,-70.20000000000026,0.0,0.0,0.0,0.0,0.0,3.0,3.0,0.0
1.16126,0,109,0.0,0.0,0,1.1583700000000001,1.1627049999999999,1.17523,1.1776,0.0,-14.449999999999186,1.1583700000000001,1.15888,1.167955,23.800000000000487,-66.95000000000118,0.0,-1.0,-1.0,1.0,0.0,0.0,0.0,0.0,0.0,0.0,0.0,0.0,0.0,0.0,0.0,0.0,4.0,3.0,-1.0
1.33982,60,109,0.5555555555555556,1.0,5,1.33603,1.334235,1.35337,1.34391,0.0,55.84999999999951,1.336745,1.33534,1.34141,44.800000000000395,-15.899999999999803,1.0,1.0,-1.0,1.0,0.0,0.0,1.33603,1.3474,2.0,37.8999999999996,-75.7999999999992,0.0,0.0,0.0,0.0,0.0,4.0,3.0,0.0
157.801,72,109,0.6666666666666666,1.0,6,157.732,157.2695,155.178,152.4665,0.0,53.14999999999941,157.732,157.59699999999998,156.305,20.400000000000773,149.5999999999981,0.0,1.0,1.0,1.0,0.0,0.0,157.732,157.939,2.0,6.89999999999884,-13.800000000000523,0.0,1.0,0.0,0.0,0.0,4.0,3.0,1.0
0.70267,0,109,0.0,0.0,0,0.701205,0.70333,0.702195,0.6784049999999999,0.0,-6.599999999999939,0.70038,0.70161,0.7040150000000001,10.600000000000609,-13.450000000000406,-1.0,-1.0,1.0,0.0,0.0,0.0,0.0,0.0,0.0,0.0,0.0,0.0,0.0,0.0,0.0,0.0,4.0,3.0,-1.0
1.35672,72,109,0.6666666666666666,-1.0,6,1.36301,1.365885,1.36171,1.38109,0.0,-91.6500000000009,1.361965,1.36405,1.365885,-73.30000000000058,-91.6500000000009,-1.0,-1.0,1.0,-1.0,0.0,0.0,1.36171,1.34674,2.0,-49.9000000000005,99.79999999999878,0.0,0.0,0.0,0.0,0.0,4.0,3.0,-1.0
0.77599,60,109,0.5555555555555556,-1.0,5,0.77979,0.781895,0.775375,0.78644,0.0,-59.050000000000495,0.7792049999999999,0.7798449999999999,0.77742,-38.549999999999415,-14.300000000000423,-1.0,-1.0,1.0,-1.0,0.0,0.0,0.77979,0.76839,2.0,-38.000000000000256,75.9999999999994,0.0,0.0,0.0,0.0,0.0,4.0,3.0,0.0
1.16294,0,109,0.0,0.0,0,1.157025,1.15808,1.171775,1.174675,0.0,48.60000000000086,1.159055,1.157025,1.16679,59.15000000000114,-38.49999999999909,1.0,-1.0,-1.0,1.0,0.0,0.0,0.0,0.0,0.0,0.0,0.0,0.0,0.0,0.0,0.0,0.0,0.0,3.0,-1.0
1.34396,60,109,0.5555555555555556,1.0,5,1.336425,1.33494,1.34931,1.34391,0.0,90.20000000000027,1.339555,1.336425,1.34141,75.35000000000069,25.500000000000522,1.0,1.0,-1.0,1.0,0.0,0.0,1.33642,1.35903,2.0,75.40000000000103,-150.69999999999916,0.0,0.0,0.0,0.0,0.0,0.0,3.0,0.0
157.659,0,109,0.0,0.0,0,158.2715,157.6745,155.583,152.61,0.0,-1.5500000000002956,158.11950000000002,158.137,157.12099999999998,-47.800000000000864,53.80000000000109,-1.0,1.0,1.0,0.0,0.0,0.0,0.0,0.0,0.0,0.0,0.0,0.0,1.0,0.0,0.0,0.0,0.0,3.0,-1.0
0.7076,84,109,0.7777777777777778,1.0,7,0.70173,0.70166,0.702195,0.680415,0.0,59.40000000000056,0.7042649999999999,0.70173,0.7040150000000001,58.700000000000415,35.8499999999995,1.0,1.0,1.0,1.0,0.0,0.0,0.7022,0.71841,2.0,53.9999999999996,-108.09999999999987,0.0,0.0,0.0,0.0,0.0,0.0,3.0,1.0
1.35893,0,109,0.0,0.0,0,1.356595,1.3639100000000002,1.362845,1.38109,0.0,-49.800000000002065,1.3567749999999998,1.35999,1.3639100000000002,-10.600000000000609,-49.800000000002065,1.0,-1.0,1.0,-1.0,0.0,0.0,0.0,0.0,0.0,0.0,0.0,0.0,0.0,0.0,0.0,0.0,0.0,3.0,-1.0
0.77743,60,109,0.5555555555555556,-1.0,5,0.7792399999999999,0.78145,0.775375,0.78644,0.0,-40.20000000000024,0.77884,0.7793399999999999,0.77742,-19.099999999999675,0.0999999999995449,-1.0,-1.0,1.0,-1.0,0.0,0.0,0.77924,0.77381,2.0,-18.100000000000893,36.19999999999956,0.0,0.0,0.0,0.0,0.0,0.0,3.0,0.0
1.16095,0,109,0.0,0.0,0,1.1621299999999999,1.158715,1.171775,1.174675,0.0,22.34999999999987,1.163735,1.15992,1.16679,10.299999999998644,-58.400000000000674,1.0,1.0,-1.0,1.0,0.0,0.0,0.0,0.0,0.0,0.0,0.0,0.0,0.0,0.0,0.0,0.0,1.0,3.0,-1.0
1.34171,0,109,0.0,0.0,0,1.343315,1.3382999999999998,1.34931,1.34391,0.0,34.10000000000135,1.34463,1.3398400000000001,1.34141,18.699999999998163,2.9999999999996696,1.0,1.0,-1.0,1.0,0.0,0.0,0.0,0.0,0.0,0.0,0.0,0.0,0.0,0.0,0.0,0.0,1.0,3.0,-1.0
158.055,60,109,0.5555555555555556,1.0,5,157.8425,157.6745,155.583,152.61,0.0,38.050000000001205,157.762,157.9595,157.21699999999998,9.550000000001546,83.80000000000223,-1.0,1.0,1.0,-1.0,0.0,0.0,157.8425,158.48,2.0,21.25000000000057,-42.499999999998295,0.0,1.0,0.0,0.0,0.0,1.0,3.0,1.0
0.71185,84,109,0.7777777777777778,1.0,7,0.7104349999999999,0.70622,0.70326,0.680415,0.0,56.30000000000024,0.71364,0.707815,0.705615,40.35000000000011,62.34999999999991,1.0,1.0,1.0,1.0,0.0,0.0,0.71043,0.71468,2.0,14.199999999999768,-28.29999999999999,0.0,0.0,0.0,0.0,0.0,1.0,3.0,1.0
1.3581699999999999,0,109,0.0,0.0,0,1.357175,1.362075,1.362845,1.38109,0.0,-39.05000000000047,1.3563749999999999,1.3563450000000001,1.3639100000000002,18.249999999997435,-57.400000000003004,-1.0,-1.0,1.0,0.0,0.0,0.0,0.0,0.0,0.0,0.0,0.0,0.0,0.0,0.0,0.0,0.0,1.0,3.0,-1.0
0.77853,0,109,0.0,0.0,0,0.777575,0.7792749999999999,0.775375,0.78644,0.0,-7.449999999998846,0.777005,0.7777750000000001,0.77742,7.5499999999995016,11.100000000000554,-1.0,-1.0,1.0,-1.0,0.0,0.0,0.0,0.0,0.0,0.0,0.0,0.0,0.0,0.0,0.0,0.0,1.0,3.0,-1.0
1.15653,72,109,0.6666666666666666,-1.0,6,1.1602999999999999,1.158715,1.171775,1.174675,0.0,-21.849999999998815,1.1586699999999999,1.1614049999999998,1.166685,-48.74999999999741,-101.54999999999914,-1.0,1.0,-1.0,-1.0,0.0,0.0,1.15871,1.15216,2.0,-21.799999999998487,43.69999999999985,0.0,0.0,0.0,0.0,0.0,2.0,3.0,1.0
1.34108,0,109,0.0,0.0,0,1.34252,1.3382999999999998,1.34931,1.34391,0.0,27.800000000002267,1.341825,1.3437000000000001,1.338065,-26.200000000000667,30.1499999999999,-1.0,1.0,-1.0,0.0,0.0,0.0,0.0,0.0,0.0,0.0,0.0,0.0,0.0,0.0,0.0,0.0,2.0,3.0,-1.0
158.951,84,109,0.7777777777777778,1.0,7,158.409,158.1215,155.619,152.61,0.0,82.94999999999959,158.614,158.184,157.253,76.69999999999959,169.80000000000075,1.0,1.0,1.0,1.0,0.0,0.0,158.409,160.035,2.0,54.20000000000016,-108.40000000000032,0.0,1.0,0.0,0.0,0.0,2.0,3.0,-1.0
0.71518,84,109,0.7777777777777778,1.0,7,0.71498,0.707165,0.704205,0.680415,0.0,80.14999999999995,0.716175,0.71408,0.7065600000000001,10.999999999999899,86.1999999999996,1.0,1.0,1.0,1.0,0.0,0.0,0.71498,0.71558,2.0,2.00000000000089,-3.9999999999995595,0.0,0.0,0.0,0.0,0.0,2.0,3.0,0.0
1.35921,0,109,0.0,0.0,0,1.35798,1.362075,1.362845,1.38109,0.0,-28.649999999998954,1.358235,1.357345,1.3639100000000002,18.650000000000055,-47.000000000001485,1.0,-1.0,1.0,1.0,0.0,0.0,0.0,0.0,0.0,0.0,0.0,0.0,0.0,0.0,0.0,0.0,2.0,3.0,-1.0
0.78054,72,109,0.6666666666666666,1.0,6,0.778675,0.7792749999999999,0.775375,0.78644,0.0,12.650000000000716,0.7789349999999999,0.777815,0.77742,27.249999999999773,31.200000000000117,1.0,-1.0,1.0,1.0,0.0,0.0,0.77927,0.78307,2.0,12.699999999999934,-25.300000000000324,0.0,0.0,0.0,0.0,0.0,2.0,3.0,0.0
1.15123,84,109,0.7777777777777778,-1.0,7,1.154325,1.158715,1.171775,1.174675,0.0,-74.84999999999964,1.15337,1.1562000000000001,1.16514,-49.70000000000141,-139.10000000000088,-1.0,-1.0,-1.0,-1.0,0.0,0.0,1.15433,1.14504,2.0,-31.000000000001027,61.89999999999918,0.0,0.0,0.0,0.0,0.0,3.0,3.0,1.0
1.33483,72,109,0.6666666666666666,-1.0,6,1.337995,1.3382999999999998,1.34825,1.34391,0.0,-34.699999999998624,1.336805,1.33935,1.336815,-45.2000000000008,-19.850000000001256,-1.0,1.0,-1.0,-1.0,0.0,0.0,1.338,1.3285,2.0,-31.70000000000117,63.29999999999947,0.0,0.0,0.0,0.0,0.0,3.0,3.0,1.0
159.321,84,109,0.7777777777777778,1.0,7,158.997,158.3505,155.848,152.61,0.0,97.0499999999987,159.05349999999999,158.839,157.75549999999998,48.19999999999993,156.55000000000143,1.0,1.0,1.0,1.0,0.0,0.0,158.997,159.969,2.0,32.399999999998386,-64.79999999999961,0.0,1.0,0.0,0.0,0.0,3.0,3.0,0.0
0.70766,0,109,0.0,0.0,0,0.71164,0.707165,0.704205,0.680415,0.0,4.949999999999122,0.71048,0.7129650000000001,0.7065600000000001,-53.05000000000115,10.999999999998789,-1.0,1.0,1.0,-1.0,0.0,0.0,0.0,0.0,0.0,0.0,0.0,0.0,0.0,0.0,0.0,0.0,3.0,3.0,-1.0
1.36338,84,109,0.7777777777777778,1.0,7,1.3609499999999999,1.35999,1.362845,1.38109,0.0,33.90000000000004,1.361695,1.360115,1.3639100000000002,32.65000000000073,-5.300000000001415,1.0,1.0,1.0,1.0,0.0,0.0,1.36285,1.36445,2.0,5.300000000001415,-10.699999999999044,0.0,0.0,0.0,0.0,0.0,3.0,3.0,1.0
0.78589,84,109,0.7777777777777778,1.0,7,0.78234,0.780565,0.775375,0.78644,0.0,53.25000000000024,0.78367,0.781425,0.77742,44.64999999999941,84.69999999999978,1.0,1.0,1.0,1.0,0.0,0.0,0.78234,0.79299,2.0,35.49999999999942,-70.99999999999996,0.0,0.0,0.0,0.0,0.0,3.0,3.0,-1.0
1.14138,84,109,0.7777777777777778,-1.0,7,1.1470099999999999,1.153895,1.166955,1.174675,0.0,-125.14999999999831,1.14503,1.1488399999999999,1.15587,-74.599999999998,-144.89999999999893,-1.0,-1.0,-1.0,-1.0,0.0,0.0,1.14701,1.13012,2.0,-56.30000000000024,112.60000000000048,0.0,0.0,0.0,0.0,0.0,4.0,3.0,0.0
1.32206,84,109,0.7777777777777778,-1.0,7,1.32937,1.335055,1.34649,1.34391,0.0,-129.9500000000009,1.3253650000000001,1.331375,1.335055,-93.14999999999962,-129.9500000000009,-1.0,-1.0,-1.0,-1.0,0.0,0.0,1.32937,1.30744,2.0,-73.09999999999928,146.20000000000078,0.0,0.0,0.0,0.0,0.0,4.0,3.0,0.0
159.729,72,109,0.6666666666666666,1.0,6,159.3715,158.506,156.0035,152.61,0.0,122.30000000000132,159.3715,159.1525,158.095,57.650000000001,163.40000000000146,0.0,1.0,1.0,1.0,0.0,0.0,159.3715,160.444,2.0,35.75000000000159,-71.4999999999975,0.0,1.0,0.0,0.0,0.0,4.0,3.0,0.0
0.69802,72,109,0.6666666666666666,-1.0,6,0.70357,0.7083250000000001,0.704205,0.680415,0.0,-103.05000000000119,0.702095,0.706365,0.7065600000000001,-83.45000000000047,-85.40000000000103,-1.0,-1.0,1.0,-1.0,0.0,0.0,0.70357,0.68692,2.0,-55.50000000000055,110.99999999999999,0.0,0.0,0.0,0.0,0.0,4.0,3.0,0.0
1.37289,84,109,0.7777777777777778,1.0,7,1.368105,1.36417,1.362845,1.38109,0.0,87.1999999999984,1.36981,1.36626,1.3639100000000002,66.29999999999913,89.79999999999765,1.0,1.0,1.0,1.0,0.0,0.0,1.3681,1.38246,2.0,47.8999999999985,-95.70000000000078,0.0,0.0,0.0,0.0,0.0,4.0,3.0,0.0
0.79141,84,109,0.7777777777777778,1.0,7,0.7881750000000001,0.783235,0.777285,0.78644,0.0,81.74999999999932,0.78889,0.78589,0.783235,55.19999999999969,81.74999999999932,1.0,1.0,1.0,1.0,0.0,0.0,0.78818,0.79788,2.0,32.29999999999955,-64.70000000000087,0.0,0.0,0.0,0.0,0.0,4.0,3.0,0.0
1.15062,0,109,0.0,0.0,0,1.1467649999999998,1.153895,1.166955,1.174675,0.0,-32.74999999999917,1.1498249999999999,1.1467649999999998,1.153895,38.55000000000164,-32.74999999999917,1.0,-1.0,-1.0,0.0,0.0,0.0,0.0,0.0,0.0,0.0,0.0,0.0,0.0,0.0,0.0,0.0,0.0,3.0,-1.0
1.33208,0,109,0.0,0.0,0,1.3278699999999999,1.334935,1.34649,1.34391,0.0,-28.55000000000052,1.3308149999999999,1.3278699999999999,1.335055,42.10000000000047,-29.75000000000172,1.0,-1.0,-1.0,0.0,0.0,0.0,0.0,0.0,0.0,0.0,0.0,0.0,0.0,0.0,0.0,0.0,0.0,3.0,-1.0
159.036,0,109,0.0,0.0,0,159.2955,158.57,156.005,153.23899999999998,0.0,46.60000000000082,159.101,159.2955,158.0965,-25.950000000000273,93.95000000000095,-1.0,1.0,1.0,-1.0,0.0,0.0,0.0,0.0,0.0,0.0,0.0,0.0,1.0,0.0,0.0,0.0,0.0,3.0,-1.0
0.70714,0,109,0.0,0.0,0,0.703085,0.7083250000000001,0.7065600000000001,0.680415,0.0,-11.850000000001026,0.706345,0.703085,0.707165,40.55000000000031,-0.2500000000005276,1.0,-1.0,1.0,0.0,0.0,0.0,0.0,0.0,0.0,0.0,0.0,0.0,0.0,0.0,0.0,0.0,0.0,3.0,-1.0
1.36839,0,109,0.0,0.0,0,1.36931,1.36438,1.362845,1.38109,0.0,40.10000000000069,1.367365,1.36972,1.36334,-13.300000000000534,50.499999999999986,-1.0,1.0,1.0,0.0,0.0,0.0,0.0,0.0,0.0,0.0,0.0,0.0,0.0,0.0,0.0,0.0,0.0,3.0,-1.0
0.78759,0,109,0.0,0.0,0,0.78935,0.78354,0.77759,0.78644,0.0,40.49999999999998,0.78789,0.789195,0.78354,-16.049999999999677,40.49999999999998,-1.0,1.0,1.0,0.0,0.0,0.0,0.0,0.0,0.0,0.0,0.0,0.0,0.0,0.0,0.0,0.0,0.0,3.0,-1.0
1.15405,0,109,0.0,0.0,0,1.150655,1.15116,1.166955,1.174675,0.0,28.900000000000592,1.15258,1.149405,1.153895,46.4500000000001,1.5500000000012726,1.0,-1.0,-1.0,1.0,0.0,0.0,0.0,0.0,0.0,0.0,0.0,0.0,0.0,0.0,0.0,0.0,1.0,3.0,-1.0
1.33552,0,109,0.0,0.0,0,1.331885,1.3330600000000001,1.34649,1.34391,0.0,24.599999999999067,1.33379,1.330275,1.335055,52.44999999999944,4.649999999999377,1.0,-1.0,-1.0,1.0,0.0,0.0,0.0,0.0,0.0,0.0,0.0,0.0,0.0,0.0,0.0,0.0,1.0,3.0,-1.0
158.998,0,109,0.0,0.0,0,159.1055,159.0235,156.005,153.23899999999998,0.0,-2.5500000000022283,158.934,159.1055,158.0965,-10.750000000001592,90.14999999999986,-1.0,1.0,1.0,-1.0,0.0,0.0,0.0,0.0,0.0,0.0,0.0,0.0,1.0,0.0,0.0,0.0,1.0,3.0,-1.0
0.71044,72,109,0.6666666666666666,1.0,6,0.7083550000000001,0.7083250000000001,0.7065600000000001,0.680415,0.0,21.14999999999867,0.709755,0.70671,0.707165,37.30000000000011,32.74999999999917,1.0,-1.0,1.0,1.0,0.0,0.0,0.70836,0.71461,2.0,20.799999999999706,-41.700000000000074,0.0,0.0,0.0,0.0,0.0,1.0,3.0,0.0
1.36894,72,109,0.6666666666666666,1.0,6,1.369675,1.36574,1.362845,1.38109,0.0,32.00000000000092,1.37012,1.368755,1.36334,1.8500000000010175,56.0000000000005,1.0,1.0,1.0,1.0,0.0,0.0,1.36574,1.37534,2.0,32.00000000000092,-63.999999999999616,0.0,0.0,0.0,0.0,0.0,1.0,3.0,-1.0
0.78473,0,109,0.0,0.0,0,0.787185,0.785065,0.77759,0.78644,0.0,-3.349999999999742,0.785995,0.787185,0.78354,-24.549999999999848,11.900000000000244,-1.0,1.0,1.0,-1.0,0.0,0.0,0.0,0.0,0.0,0.0,0.0,0.0,0.0,0.0,0.0,0.0,1.0,3.0,-1.0
1.14508,72,109,0.6666666666666666,-1.0,6,1.15025,1.148285,1.166885,1.174675,0.0,-32.049999999999024,1.149895,1.15025,1.153895,-51.699999999998965,-88.14999999999796,-1.0,1.0,-1.0,-1.0,0.0,0.0,1.14829,1.13867,2.0,-32.099999999999355,64.10000000000026,0.0,0.0,0.0,0.0,0.0,2.0,3.0,0.0
1.3253599999999999,72,109,0.6666666666666666,-1.0,6,1.331325,1.330475,1.34649,1.34391,0.0,-51.150000000002024,1.33075,1.331325,1.335055,-59.6500000000022,-96.95000000000232,-1.0,1.0,-1.0,-1.0,0.0,0.0,1.33048,1.31513,2.0,-51.200000000002355,102.29999999999961,0.0,0.0,0.0,0.0,0.0,2.0,3.0,0.0
159.879,72,109,0.6666666666666666,1.0,6,159.2305,159.2305,156.0815,153.23899999999998,0.0,64.84999999999843,159.4275,159.2305,158.584,64.84999999999843,129.49999999999875,1.0,0.0,1.0,1.0,0.0,0.0,159.2305,161.176,2.0,64.84999999999843,-129.6999999999997,0.0,1.0,0.0,0.0,0.0,2.0,3.0,0.0
0.70213,60,109,0.5555555555555556,-1.0,5,0.707065,0.705725,0.7065600000000001,0.680415,0.0,-35.950000000000145,0.7059249999999999,0.707065,0.707165,-49.35000000000023,-50.350000000000115,-1.0,1.0,1.0,-1.0,0.0,0.0,0.70573,0.69494,2.0,-35.99999999999937,71.90000000000029,0.0,0.0,0.0,0.0,0.0,2.0,3.0,0.0
1.37332,84,109,0.7777777777777778,1.0,7,1.371215,1.36679,1.362845,1.38109,0.0,65.30000000000146,1.371245,1.370875,1.36334,24.450000000000305,99.800000000001,1.0,1.0,1.0,1.0,0.0,0.0,1.37122,1.37753,2.0,20.999999999999908,-42.099999999998246,0.0,0.0,0.0,0.0,0.0,2.0,3.0,0.0
0.79335,84,109,0.7777777777777778,1.0,7,0.78886,0.7875650000000001,0.779165,0.78644,0.0,57.84999999999929,0.7896000000000001,0.78886,0.784195,44.89999999999994,91.55000000000024,1.0,1.0,1.0,1.0,0.0,0.0,0.78886,0.80233,2.0,44.89999999999994,-89.79999999999988,0.0,0.0,0.0,0.0,0.0,2.0,3.0,0.0
1.15855,60,109,0.5555555555555556,1.0,5,1.152965,1.151335,1.16502,1.174675,0.0,72.14999999999972,1.15394,1.152965,1.153895,55.84999999999951,46.55000000000076,1.0,1.0,-1.0,1.0,0.0,0.0,1.15297,1.16972,2.0,55.79999999999919,-111.70000000000124,0.0,0.0,0.0,0.0,0.0,3.0,3.0,0.0
1.34304,60,109,0.5555555555555556,1.0,5,1.335645,1.33425,1.34446,1.34391,0.0,87.90000000000076,1.33731,1.335645,1.335055,73.9500000000004,79.84999999999908,1.0,1.0,-1.0,1.0,0.0,0.0,1.33564,1.35783,2.0,74.00000000000074,-147.9000000000008,0.0,0.0,0.0,0.0,0.0,3.0,3.0,0.0
157.7,0,109,0.0,0.0,0,158.70049999999998,158.70049999999998,156.0815,153.23899999999998,0.0,-100.04999999999882,158.397,158.70049999999998,158.584,-100.04999999999882,-88.40000000000146,-1.0,0.0,1.0,-1.0,0.0,0.0,0.0,0.0,0.0,0.0,0.0,0.0,1.0,0.0,0.0,0.0,3.0,3.0,-1.0
0.70859,72,109,0.6666666666666666,1.0,6,0.7054199999999999,0.70513,0.7065600000000001,0.680415,0.0,34.600000000000186,0.7054199999999999,0.7056450000000001,0.707165,29.449999999999754,14.250000000000096,0.0,1.0,1.0,1.0,0.0,0.0,0.70656,0.71265,2.0,20.30000000000087,-40.599999999999525,0.0,0.0,0.0,0.0,0.0,3.0,3.0,0.0
1.3744399999999999,60,109,0.5555555555555556,1.0,5,1.372635,1.370055,1.3639100000000002,1.38109,0.0,43.849999999998616,1.372635,1.37179,1.3636750000000002,26.49999999999819,107.64999999999691,0.0,1.0,-1.0,1.0,0.0,0.0,1.37264,1.37805,2.0,17.999999999998018,-36.10000000000113,0.0,0.0,0.0,0.0,0.0,3.0,3.0,0.0
0.7882,0,109,0.0,0.0,0,0.7907649999999999,0.78996,0.78123,0.78644,0.0,-17.599999999999838,0.790565,0.79061,0.7852950000000001,-24.100000000000232,29.049999999999354,-1.0,1.0,1.0,0.0,0.0,0.0,0.0,0.0,0.0,0.0,0.0,0.0,0.0,0.0,0.0,0.0,3.0,3.0,-1.0
1.15705,0,109,0.0,0.0,0,1.157045,1.152965,1.164755,1.174675,0.0,40.84999999999894,1.1552250000000002,1.1533600000000002,1.153895,36.89999999999749,31.55000000000019,-1.0,1.0,-1.0,1.0,0.0,0.0,0.0,0.0,0.0,0.0,0.0,0.0,0.0,0.0,0.0,0.0,4.0,3.0,-1.0
1.3342399999999999,60,109,0.5555555555555556,-1.0,5,1.338285,1.335645,1.34399,1.34391,0.0,-14.050000000001006,1.335405,1.3360150000000002,1.335055,-17.75000000000304,-8.150000000002322,-1.0,1.0,-1.0,1.0,0.0,0.0,1.33564,1.33143,2.0,-14.000000000000679,28.099999999999792,0.0,0.0,0.0,0.0,0.0,4.0,3.0,1.0
159.231,72,109,0.6666666666666666,1.0,6,158.445,158.70049999999998,156.225,153.23899999999998,0.0,53.05000000000177,158.95049999999998,158.445,158.584,78.60000000000014,64.69999999999914,1.0,-1.0,1.0,1.0,0.0,0.0,158.7005,160.292,2.0,53.04999999999893,-106.1000000000007,0.0,1.0,0.0,0.0,0.0,4.0,3.0,0.0
0.70209,72,109,0.6666666666666666,-1.0,6,0.7057,0.706145,0.7065600000000001,0.680415,0.0,-40.55000000000031,0.7046,0.7054199999999999,0.7083250000000001,-33.29999999999944,-62.35000000000102,-1.0,-1.0,1.0,-1.0,0.0,0.0,0.7057,0.69487,2.0,-36.10000000000002,72.20000000000005,0.0,0.0,0.0,0.0,0.0,4.0,3.0,1.0
1.37215,48,109,0.4444444444444444,1.0,4,1.372355,1.370055,1.3639100000000002,1.38109,0.0,20.94999999999958,1.372355,1.372375,1.364505,-2.249999999999197,76.44999999999902,0.0,1.0,1.0,0.0,0.0,0.0,1.37006,1.37634,2.0,20.899999999999253,-41.89999999999916,0.0,0.0,0.0,0.0,0.0,4.0,3.0,0.0
0.78786,0,109,0.0,0.0,0,0.788035,0.78996,0.7813749999999999,0.78644,0.0,-20.999999999999908,0.788035,0.790655,0.7852950000000001,-27.949999999999918,25.649999999999284,0.0,1.0,1.0,-1.0,0.0,0.0,0.0,0.0,0.0,0.0,0.0,0.0,0.0,0.0,0.0,0.0,4.0,3.0,-1.0
1.16096,60,109,0.5555555555555556,1.0,5,1.15621,1.15414,1.164045,1.174675,0.0,68.20000000000049,1.159295,1.15621,1.15279,47.50000000000032,81.7000000000001,1.0,1.0,-1.0,1.0,0.0,0.0,1.15621,1.17046,2.0,47.50000000000032,-95.00000000000064,0.0,0.0,0.0,0.0,0.0,0.0,3.0,0.0
1.34265,60,109,0.5555555555555556,1.0,5,1.3368,1.3362500000000002,1.34399,1.34391,0.0,63.99999999999739,1.341105,1.3368,1.3348550000000001,58.499999999999105,77.94999999999774,1.0,1.0,-1.0,1.0,0.0,0.0,1.3368,1.35435,2.0,58.499999999999105,-117.00000000000044,0.0,0.0,0.0,0.0,0.0,0.0,3.0,0.0
158.419,0,109,0.0,0.0,0,158.8345,158.70049999999998,156.225,153.49599999999998,0.0,-28.149999999996567,158.5285,158.8345,158.70049999999998,-41.54999999999802,-28.149999999996567,-1.0,1.0,1.0,-1.0,0.0,0.0,0.0,0.0,0.0,0.0,0.0,0.0,1.0,0.0,0.0,0.0,0.0,3.0,-1.0
0.70106,0,109,0.0,0.0,0,0.69864,0.70169,0.704885,0.680415,0.0,-6.300000000000194,0.7017599999999999,0.6998850000000001,0.704885,11.749999999999261,-38.24999999999967,1.0,-1.0,0.0,-1.0,0.0,0.0,0.0,0.0,0.0,0.0,0.0,0.0,0.0,0.0,0.0,0.0,0.0,3.0,-1.0
1.37291,60,109,0.5555555555555556,1.0,5,1.37123,1.37123,1.3639999999999999,1.38109,0.0,16.80000000000126,1.3707150000000001,1.37123,1.365465,16.80000000000126,74.45000000000147,-1.0,0.0,1.0,1.0,0.0,0.0,1.37123,1.37627,2.0,16.80000000000126,-33.60000000000029,0.0,0.0,0.0,0.0,0.0,0.0,3.0,1.0
0.78649,60,109,0.5555555555555556,-1.0,5,0.7887,0.789615,0.7813749999999999,0.78644,0.0,-31.249999999999332,0.787,0.7887,0.7861549999999999,-22.09999999999934,3.3500000000008523,-1.0,-1.0,1.0,-1.0,0.0,0.0,0.7887,0.78207,2.0,-22.09999999999934,44.1999999999998,0.0,0.0,0.0,0.0,0.0,0.0,3.0,0.0
1.16061,0,109,0.0,0.0,0,1.1596199999999999,1.15414,1.163395,1.174675,0.0,64.69999999999976,1.159265,1.15621,1.15251,43.999999999999595,80.99999999999996,-1.0,1.0,-1.0,1.0,0.0,0.0,0.0,0.0,0.0,0.0,0.0,0.0,0.0,0.0,0.0,0.0,1.0,3.0,-1.0
1.34091,0,109,0.0,0.0,0,1.34035,1.3362500000000002,1.3425099999999999,1.34391,0.0,46.599999999998865,1.3391899999999999,1.3368,1.3348550000000001,41.10000000000058,60.549999999999216,-1.0,1.0,-1.0,1.0,0.0,0.0,0.0,0.0,0.0,0.0,0.0,0.0,0.0,0.0,0.0,0.0,1.0,3.0,-1.0
158.731,72,109,0.6666666666666666,1.0,6,158.625,158.70049999999998,156.297,153.49599999999998,0.0,3.0500000000017735,158.776,158.822,158.70049999999998,-9.100000000000819,3.0500000000017735,1.0,1.0,1.0,0.0,0.0,0.0,158.7005,158.792,2.0,3.0499999999989313,-6.100000000000705,0.0,1.0,0.0,0.0,0.0,1.0,3.0,0.0
0.69942,60,109,0.5555555555555556,-1.0,5,0.69827,0.7009650000000001,0.704885,0.680415,0.0,-15.450000000000186,0.697565,0.69864,0.70356,7.800000000000029,-41.39999999999922,-1.0,-1.0,-1.0,0.0,0.0,0.0,0.70097,0.69633,2.0,-15.499999999999403,30.90000000000037,0.0,0.0,0.0,0.0,0.0,1.0,3.0,1.0
1.37644,72,109,0.6666666666666666,1.0,6,1.37503,1.37276,1.3655300000000001,1.38109,0.0,36.800000000001276,1.375745,1.37276,1.368085,36.800000000001276,83.55000000000112,1.0,0.0,1.0,1.0,0.0,0.0,1.37503,1.37926,2.0,14.100000000001334,-28.199999999998226,0.0,0.0,0.0,0.0,0.0,1.0,3.0,0.0
0.78805,0,109,0.0,0.0,0,0.788645,0.789615,0.78139,0.78644,0.0,-15.649999999999276,0.789765,0.7887,0.7870699999999999,-6.499999999999284,9.800000000000919,1.0,-1.0,1.0,-1.0,0.0,0.0,0.0,0.0,0.0,0.0,0.0,0.0,0.0,0.0,0.0,0.0,1.0,3.0,-1.0
1.15577,60,109,0.5555555555555556,-1.0,5,1.159295,1.155455,1.163395,1.174675,0.0,3.1500000000006523,1.158445,1.159295,1.15251,-35.25,32.600000000000406,-1.0,1.0,-1.0,-1.0,0.0,0.0,1.15929,1.14872,2.0,-35.199999999999676,70.5,0.0,0.0,0.0,0.0,0.0,2.0,3.0,1.0
1.33606,72,109,0.6666666666666666,-1.0,6,1.3396949999999999,1.3368,1.339995,1.34391,0.0,-7.399999999999629,1.339245,1.3394,1.3348550000000001,-33.39999999999898,12.049999999999006,-1.0,1.0,-1.0,-1.0,0.0,0.0,1.3368,1.33458,2.0,-7.399999999999629,14.799999999999258,0.0,0.0,0.0,0.0,0.0,2.0,3.0,0.0
159.473,84,109,0.7777777777777778,1.0,7,158.931,158.5795,156.48,153.49599999999998,0.0,89.35000000000173,159.12900000000002,158.931,158.70049999999998,54.20000000000016,77.25000000000364,1.0,1.0,1.0,1.0,0.0,0.0,158.931,160.557,2.0,54.20000000000016,-108.39999999999748,0.0,1.0,0.0,0.0,0.0,2.0,3.0,-1.0
0.69458,84,109,0.7777777777777778,-1.0,7,0.6977949999999999,0.7009650000000001,0.704885,0.680415,0.0,-63.85000000000085,0.69577,0.697565,0.70169,-29.850000000000154,-71.1000000000006,-1.0,-1.0,-1.0,-1.0,0.0,0.0,0.69779,0.68815,2.0,-32.10000000000046,64.29999999999936,0.0,0.0,0.0,0.0,0.0,2.0,3.0,1.0
1.38119,84,109,0.7777777777777778,1.0,7,1.378045,1.374475,1.367245,1.38109,0.0,67.15000000000026,1.37961,1.3774000000000002,1.37201,37.89999999999738,91.79999999999966,1.0,1.0,1.0,1.0,0.0,0.0,1.37804,1.38748,2.0,31.49999999999986,-62.900000000001285,0.0,0.0,0.0,0.0,0.0,2.0,3.0,1.0
0.79181,84,109,0.7777777777777778,1.0,7,0.7897099999999999,0.7888900000000001,0.78139,0.78644,0.0,29.19999999999923,0.7903199999999999,0.789435,0.789615,23.75000000000016,21.95000000000058,1.0,1.0,1.0,1.0,0.0,0.0,0.78971,0.79601,2.0,20.999999999999908,-41.999999999999815,0.0,0.0,0.0,0.0,0.0,2.0,3.0,1.0
1.15288,72,109,0.6666666666666666,-1.0,6,1.154585,1.15621,1.162255,1.174675,0.0,-33.30000000000055,1.153905,1.15665,1.1526999999999998,-37.700000000000514,1.80000000000069,-1.0,1.0,-1.0,-1.0,0.0,0.0,1.15458,1.14947,2.0,-17.000000000000348,34.09999999999913,0.0,0.0,0.0,0.0,0.0,3.0,3.0,0.0
1.33263,60,109,0.5555555555555556,-1.0,5,1.334395,1.3368,1.33965,1.34391,0.0,-41.700000000000074,1.334395,1.33685,1.334905,-42.200000000001125,-22.75000000000027,0.0,1.0,-1.0,-1.0,0.0,0.0,1.33439,1.3291,2.0,-17.599999999999838,35.30000000000033,0.0,0.0,0.0,0.0,0.0,3.0,3.0,0.0
159.76,84,109,0.7777777777777778,1.0,7,159.5635,158.93,156.94650000000001,153.49599999999998,0.0,82.99999999999841,159.5975,159.285,158.70049999999998,47.49999999999943,105.95000000000141,1.0,1.0,1.0,1.0,0.0,0.0,159.5635,160.153,2.0,19.649999999998613,-39.30000000000007,0.0,1.0,0.0,0.0,0.0,3.0,3.0,0.0
0.6887,84,109,0.7777777777777778,-1.0,7,0.6916100000000001,0.69754,0.703125,0.680415,0.0,-88.4000000000007,0.690205,0.693025,0.6999299999999999,-43.250000000000234,-112.29999999999963,-1.0,-1.0,-1.0,-1.0,0.0,0.0,0.69161,0.68288,2.0,-29.09999999999968,58.19999999999936,0.0,0.0,0.0,0.0,0.0,3.0,3.0,-1.0
1.3862999999999999,84,109,0.7777777777777778,1.0,7,1.38342,1.376785,1.369555,1.38109,0.0,95.14999999999941,1.38434,1.38192,1.3759350000000001,43.799999999998285,103.64999999999736,1.0,1.0,1.0,1.0,0.0,0.0,1.38342,1.39206,2.0,28.799999999997716,-57.6000000000021,0.0,0.0,0.0,0.0,0.0,3.0,3.0,1.0
0.79495,84,109,0.7777777777777778,1.0,7,0.793595,0.7896650000000001,0.7814399999999999,0.78644,0.0,52.84999999999984,0.794145,0.7920499999999999,0.7896650000000001,29.000000000001247,52.84999999999984,1.0,1.0,1.0,1.0,0.0,0.0,0.7936,0.79766,2.0,13.500000000000734,-27.099999999999902,0.0,0.0,0.0,0.0,0.0,3.0,3.0,0.0
1.15118,84,109,0.7777777777777778,-1.0,7,1.153025,1.1570749999999999,1.162255,1.174675,0.0,-58.949999999997615,1.152485,1.1533449999999998,1.15414,-21.649999999997505,-29.599999999998516,-1.0,-1.0,-1.0,-1.0,0.0,0.0,1.15302,1.14749,2.0,-18.399999999998418,36.90000000000193,0.0,0.0,0.0,0.0,0.0,4.0,3.0,1.0
1.3269,84,109,0.7777777777777778,-1.0,7,1.3313899999999999,1.33694,1.33965,1.34391,0.0,-100.40000000000049,1.329605,1.33188,1.3362500000000002,-49.79999999999984,-93.50000000000192,-1.0,-1.0,-1.0,-1.0,0.0,0.0,1.33139,1.31792,2.0,-44.90000000000105,89.79999999999988,0.0,0.0,0.0,0.0,0.0,4.0,3.0,1.0
160.247,84,109,0.7777777777777778,1.0,7,159.88,159.21249999999998,157.20350000000002,153.49599999999998,0.0,103.45000000000368,160.0555,159.88,158.95749999999998,36.700000000001864,128.95000000000323,1.0,1.0,1.0,1.0,0.0,0.0,159.88,160.981,2.0,36.700000000001864,-73.39999999999804,0.0,1.0,0.0,0.0,0.0,4.0,3.0,0.0
0.68778,84,109,0.7777777777777778,-1.0,7,0.6891400000000001,0.6963250000000001,0.70257,0.680415,0.0,-85.45000000000135,0.688305,0.69042,0.6993750000000001,-26.400000000000865,-115.95000000000132,-1.0,-1.0,-1.0,-1.0,0.0,0.0,0.68914,0.68506,2.0,-13.600000000000279,27.19999999999945,0.0,0.0,0.0,0.0,0.0,4.0,3.0,1.0
1.38913,84,109,0.7777777777777778,1.0,7,1.3865699999999999,1.3782649999999999,1.371035,1.38109,0.0,108.65000000000124,1.387295,1.3858199999999998,1.3782649999999999,33.10000000000146,108.65000000000124,1.0,1.0,1.0,1.0,0.0,0.0,1.38657,1.39425,2.0,25.599999999998957,-51.20000000000013,0.0,0.0,0.0,0.0,0.0,4.0,3.0,1.0
0.79888,84,109,0.7777777777777778,1.0,7,0.796225,0.791385,0.78316,0.78644,0.0,74.9500000000003,0.797295,0.7953250000000001,0.791385,35.54999999999975,74.9500000000003,1.0,1.0,1.0,1.0,0.0,0.0,0.79622,0.80419,2.0,26.59999999999996,-53.099999999999255,0.0,0.0,0.0,0.0,0.0,4.0,3.0,0.0
1.14592,84,109,0.7777777777777778,-1.0,7,1.1482100000000002,1.15368,1.162255,1.174675,0.0,-77.5999999999999,1.1465900000000002,1.149545,1.1541350000000001,-36.24999999999989,-82.15000000000083,-1.0,-1.0,-1.0,-1.0,0.0,0.0,1.14821,1.14134,2.0,-22.899999999999032,45.80000000000028,0.0,0.0,0.0,0.0,0.0,0.0,3.0,0.0
1.31827,84,109,0.7777777777777778,-1.0,7,1.3228,1.33048,1.33743,1.34391,0.0,-122.10000000000053,1.32054,1.3253,1.332635,-70.2999999999987,-143.6499999999996,-1.0,-1.0,-1.0,-1.0,0.0,0.0,1.3228,1.30921,2.0,-45.29999999999923,90.60000000000068,0.0,0.0,0.0,0.0,0.0,0.0,3.0,0.0
159.709,0,109,0.0,0.0,0,159.892,159.41250000000002,157.2285,154.7425,0.0,29.649999999998045,159.529,159.892,158.98250000000002,-18.299999999999272,72.64999999999873,-1.0,1.0,1.0,-1.0,0.0,0.0,0.0,0.0,0.0,0.0,0.0,0.0,1.0,0.0,0.0,0.0,0.0,3.0,-1.0
0.68499,84,109,0.7777777777777778,-1.0,7,0.6856500000000001,0.6923250000000001,0.70102,0.680415,0.0,-73.35000000000092,0.68494,0.686755,0.697825,-17.650000000000166,-128.35000000000042,-1.0,-1.0,-1.0,-1.0,0.0,0.0,0.68565,0.68367,2.0,-6.599999999999939,13.199999999999878,0.0,0.0,0.0,0.0,0.0,0.0,3.0,1.0
1.39277,84,109,0.7777777777777778,1.0,7,1.391035,1.383755,1.3735400000000002,1.38109,0.0,90.14999999999995,1.39301,1.389615,1.38077,31.55000000000019,120.00000000000011,1.0,1.0,1.0,1.0,0.0,0.0,1.39104,1.39624,2.0,17.300000000000093,-34.699999999998624,0.0,0.0,0.0,0.0,0.0,0.0,3.0,1.0
0.79958,84,109,0.7777777777777778,1.0,7,0.798125,0.79413,0.78413,0.78644,0.0,54.499999999999545,0.800195,0.798125,0.792355,14.54999999999984,72.24999999999926,1.0,1.0,1.0,1.0,0.0,0.0,0.79812,0.80249,2.0,14.599999999999058,-29.10000000000079,0.0,0.0,0.0,0.0,0.0,0.0,3.0,0.0
1.15534,0,109,0.0,0.0,0,1.15052,1.152095,1.16197,1.174675,0.0,32.44999999999942,1.15252,1.15032,1.1541350000000001,50.200000000000244,12.049999999999006,1.0,-1.0,-1.0,1.0,0.0,0.0,0.0,0.0,0.0,0.0,0.0,0.0,0.0,0.0,0.0,0.0,1.0,3.0,-1.0
1.32246,0,109,0.0,0.0,0,1.32113,1.32799,1.336695,1.34391,0.0,-55.30000000000035,1.321785,1.32113,1.3319,13.300000000000534,-94.40000000000114,1.0,-1.0,-1.0,0.0,0.0,0.0,0.0,0.0,0.0,0.0,0.0,0.0,0.0,0.0,0.0,0.0,1.0,3.0,-1.0
158.718,60,109,0.5555555555555556,-1.0,5,159.315,159.5595,157.4905,154.7425,0.0,-84.15000000000248,159.11,159.315,158.98250000000002,-59.70000000000084,-26.45000000000266,-1.0,-1.0,1.0,-1.0,0.0,0.0,159.315,157.524,2.0,-59.70000000000084,119.39999999999884,0.0,1.0,0.0,0.0,0.0,1.0,3.0,0.0
0.69004,0,109,0.0,0.0,0,0.68687,0.690215,0.70102,0.680415,0.0,-1.7500000000003624,0.68693,0.68684,0.6971,31.999999999999808,-70.60000000000066,1.0,-1.0,-1.0,1.0,0.0,0.0,0.0,0.0,0.0,0.0,0.0,0.0,0.0,0.0,0.0,0.0,1.0,3.0,-1.0
1.39138,48,109,0.4444444444444444,1.0,4,1.393615,1.386965,1.3746,1.38109,0.0,44.150000000000574,1.393615,1.393615,1.38183,-22.34999999999987,95.50000000000169,0.0,1.0,1.0,0.0,0.0,0.0,1.38697,1.40021,2.0,44.10000000000025,-88.29999999999893,0.0,0.0,0.0,0.0,0.0,1.0,3.0,0.0
0.79923,72,109,0.6666666666666666,1.0,6,0.8007150000000001,0.79669,0.785605,0.78644,0.0,25.399999999999867,0.80159,0.8007150000000001,0.79383,-14.850000000000696,53.9999999999996,1.0,1.0,1.0,1.0,0.0,0.0,0.79669,0.80431,2.0,25.399999999999867,-50.799999999999734,0.0,0.0,0.0,0.0,0.0,1.0,3.0,0.0
1.1589800000000001,60,109,0.5555555555555556,1.0,5,1.1582949999999999,1.153505,1.16197,1.174675,0.0,54.75000000000119,1.16017,1.15423,1.1541350000000001,47.50000000000032,48.44999999999988,1.0,1.0,-1.0,1.0,0.0,0.0,1.15829,1.16035,2.0,6.900000000000794,-13.699999999998713,0.0,0.0,0.0,0.0,0.0,2.0,4.0,0.0
1.33046,0,109,0.0,0.0,0,1.328255,1.32684,1.336695,1.34391,0.0,36.19999999999956,1.331935,1.3259,1.3319,45.59999999999897,-14.400000000001079,1.0,-1.0,-1.0,1.0,0.0,0.0,0.0,0.0,0.0,0.0,0.0,0.0,0.0,0.0,0.0,0.0,2.0,4.0,-1.0
158.778,0,109,0.0,0.0,0,158.6395,159.365,157.9015,154.7425,0.0,-58.70000000000175,158.628,159.0195,159.0285,-24.150000000000205,-25.05000000000166,-1.0,-1.0,1.0,-1.0,0.0,0.0,0.0,0.0,0.0,0.0,0.0,0.0,1.0,0.0,0.0,0.0,2.0,4.0,-1.0
0.69285,60,109,0.5555555555555556,1.0,5,0.6924049999999999,0.68979,0.70102,0.680415,0.0,30.59999999999952,0.6937599999999999,0.68988,0.696515,29.69999999999917,-36.65000000000029,1.0,1.0,-1.0,1.0,0.0,0.0,0.6924,0.69374,2.0,4.499999999999504,-8.900000000000574,0.0,0.0,0.0,0.0,0.0,2.0,4.0,0.0
1.38771,0,109,0.0,0.0,0,1.39049,1.3893849999999999,1.3746,1.38109,0.0,-16.74999999999871,1.388835,1.39193,1.38183,-42.19999999999891,58.80000000000108,-1.0,1.0,1.0,-1.0,0.0,0.0,0.0,0.0,0.0,0.0,0.0,0.0,0.0,0.0,0.0,0.0,2.0,4.0,-1.0
0.79421,0,109,0.0,0.0,0,0.79569,0.797355,0.785605,0.78644,0.0,-31.450000000000642,0.79274,0.797355,0.79383,-31.450000000000642,3.7999999999993594,-1.0,0.0,1.0,-1.0,0.0,0.0,0.0,0.0,0.0,0.0,0.0,0.0,0.0,0.0,0.0,0.0,2.0,4.0,-1.0
1.15388,0,109,0.0,0.0,0,1.15572,1.153505,1.16197,1.174675,0.0,3.750000000000142,1.154045,1.1568049999999999,1.1541350000000001,-29.249999999998444,-2.5500000000011624,-1.0,1.0,-1.0,0.0,0.0,0.0,0.0,0.0,0.0,0.0,0.0,0.0,0.0,0.0,0.0,0.0,3.0,4.0,-1.0
1.32251,72,109,0.6666666666666666,-1.0,6,1.325075,1.325245,1.336695,1.34391,0.0,-27.34999999999932,1.322575,1.326375,1.3319,-38.65000000000008,-93.90000000000009,-1.0,1.0,-1.0,-1.0,0.0,0.0,1.32508,1.31738,2.0,-25.699999999999612,51.30000000000079,0.0,0.0,0.0,0.0,0.0,3.0,4.0,0.0
159.557,72,109,0.6666666666666666,1.0,6,159.142,159.365,157.9975,154.7425,0.0,19.199999999997885,159.4765,159.027,159.2375,53.000000000000114,31.949999999997658,1.0,-1.0,1.0,1.0,0.0,0.0,159.365,159.941,2.0,19.199999999997885,-38.400000000001455,0.0,1.0,0.0,0.0,0.0,3.0,4.0,0.0
0.69105,0,109,0.0,0.0,0,0.69,0.68979,0.70102,0.680415,0.0,12.600000000000389,0.689145,0.691105,0.694775,-0.5499999999991623,-37.24999999999979,-1.0,1.0,-1.0,0.0,0.0,0.0,0.0,0.0,0.0,0.0,0.0,0.0,0.0,0.0,0.0,0.0,3.0,4.0,-1.0
1.39191,60,109,0.5555555555555556,1.0,5,1.390115,1.39086,1.3746,1.38109,0.0,10.499999999999954,1.39165,1.390115,1.38183,17.94999999999991,100.80000000000089,1.0,-1.0,1.0,0.0,0.0,0.0,1.39086,1.39401,2.0,10.499999999999954,-20.999999999999908,0.0,0.0,0.0,0.0,0.0,3.0,4.0,1.0
0.79855,72,109,0.6666666666666666,1.0,6,0.7968200000000001,0.797355,0.785605,0.78644,0.0,11.949999999999461,0.7991,0.795675,0.79383,28.74999999999961,47.19999999999946,1.0,-1.0,1.0,1.0,0.0,0.0,0.79736,0.80094,2.0,11.900000000000244,-23.900000000000034,0.0,0.0,0.0,0.0,0.0,3.0,4.0,0.0
1.15138,72,109,0.6666666666666666,-1.0,6,1.152955,1.153505,1.161865,1.174675,0.0,-21.249999999999325,1.1528,1.15365,1.15368,-22.699999999999942,-22.999999999999687,-1.0,1.0,-1.0,-1.0,0.0,0.0,1.15295,1.14823,2.0,-15.699999999998493,31.49999999999986,0.0,0.0,0.0,0.0,0.0,4.0,4.0,0.0
1.31886,84,109,0.7777777777777778,-1.0,7,1.32139,1.325245,1.33335,1.34391,0.0,-63.85000000000085,1.321145,1.32163,1.3302,-27.700000000001612,-113.40000000000128,-1.0,-1.0,-1.0,-1.0,0.0,0.0,1.32139,1.3138,2.0,-25.300000000001432,50.599999999998424,0.0,0.0,0.0,0.0,0.0,4.0,4.0,0.0
159.569,72,109,0.6666666666666666,1.0,6,159.609,159.1205,157.9975,154.7425,0.0,44.84999999999957,159.615,159.512,159.339,5.699999999998795,22.999999999998977,1.0,1.0,1.0,1.0,0.0,0.0,159.1205,160.466,2.0,44.84999999999957,-89.70000000000198,0.0,1.0,0.0,0.0,0.0,4.0,4.0,0.0
0.68876,84,109,0.7777777777777778,-1.0,7,0.6899649999999999,0.68979,0.70102,0.680415,0.0,-10.299999999999754,0.68973,0.6888749999999999,0.6928700000000001,-1.149999999998652,-41.10000000000058,-1.0,-1.0,-1.0,-1.0,0.0,0.0,0.68979,0.6867,2.0,-10.299999999999754,20.60000000000062,0.0,0.0,0.0,0.0,0.0,4.0,4.0,0.0
1.39336,84,109,0.7777777777777778,1.0,7,1.3930150000000001,1.391785,1.3746,1.38109,0.0,15.74999999999882,1.39374,1.39279,1.38414,5.699999999999594,92.20000000000006,1.0,1.0,1.0,1.0,0.0,0.0,1.39302,1.39405,2.0,3.4000000000000696,-6.900000000000794,0.0,0.0,0.0,0.0,0.0,4.0,4.0,1.0
0.79923,84,109,0.7777777777777778,1.0,7,0.799125,0.797355,0.785605,0.78644,0.0,18.749999999999602,0.799545,0.799125,0.794705,1.0500000000002174,45.250000000000014,1.0,1.0,1.0,1.0,0.0,0.0,0.79912,0.79944,2.0,1.0999999999994348,-2.100000000000435,0.0,0.0,0.0,0.0,0.0,4.0,4.0,1.0
1.15421,0,109,0.0,0.0,0,1.1538300000000001,1.156385,1.16032,1.174675,0.0,-21.75000000000038,1.15528,1.1538300000000001,1.15368,3.7999999999982492,5.299999999999194,1.0,-1.0,-1.0,0.0,0.0,0.0,0.0,0.0,0.0,0.0,0.0,0.0,0.0,0.0,0.0,0.0,0.0,4.0,-1.0
1.32345,0,109,0.0,0.0,0,1.3222749999999999,1.3259,1.3321,1.34391,0.0,-24.500000000000632,1.3243049999999998,1.3222749999999999,1.329745,11.750000000001481,-62.94999999999939,1.0,-1.0,-1.0,0.0,0.0,0.0,0.0,0.0,0.0,0.0,0.0,0.0,0.0,0.0,0.0,0.0,0.0,4.0,-1.0
159.683,84,109,0.7777777777777778,1.0,7,159.566,159.049,158.27100000000002,154.918,0.0,63.39999999999861,159.58100000000002,159.566,159.365,11.699999999999022,31.799999999998363,1.0,1.0,1.0,1.0,0.0,0.0,159.566,159.917,2.0,11.699999999999022,-23.400000000000887,0.0,1.0,0.0,0.0,0.0,0.0,4.0,0.0
0.69182,60,109,0.5555555555555556,1.0,5,0.690705,0.68988,0.70102,0.680415,0.0,19.399999999999416,0.692175,0.690705,0.691845,11.149999999999771,-0.2500000000005276,1.0,1.0,-1.0,1.0,0.0,0.0,0.69071,0.69405,2.0,11.099999999999444,-22.299999999999542,0.0,0.0,0.0,0.0,0.0,0.0,4.0,1.0
1.39105,0,109,0.0,0.0,0,1.39252,1.391785,1.3746,1.38109,0.0,-7.350000000001522,1.3913449999999998,1.39257,1.385825,-15.200000000001879,52.24999999999813,-1.0,1.0,1.0,0.0,0.0,0.0,0.0,0.0,0.0,0.0,0.0,0.0,0.0,0.0,0.0,0.0,0.0,4.0,-1.0
0.79806,0,109,0.0,0.0,0,0.79897,0.797355,0.785605,0.78644,0.0,7.049999999999557,0.797455,0.79897,0.795605,-9.099999999999664,24.549999999999848,-1.0,1.0,1.0,0.0,0.0,0.0,0.0,0.0,0.0,0.0,0.0,0.0,0.0,0.0,0.0,0.0,0.0,4.0,-1.0
1.15962,60,109,0.5555555555555556,1.0,5,1.156455,1.15661,1.15587,1.174675,0.0,30.100000000001792,1.157945,1.156455,1.153505,31.650000000000844,61.15000000000093,1.0,-1.0,-1.0,1.0,0.0,0.0,1.15661,1.16564,2.0,30.100000000001792,-60.19999999999914,0.0,0.0,0.0,0.0,0.0,1.0,4.0,1.0
1.32951,0,109,0.0,0.0,0,1.325565,1.326165,1.3321,1.34391,0.0,33.449999999999314,1.3267950000000002,1.325565,1.32684,39.44999999999865,26.699999999999502,1.0,-1.0,-1.0,1.0,0.0,0.0,0.0,0.0,0.0,0.0,0.0,0.0,0.0,0.0,0.0,0.0,1.0,4.0,-1.0
159.666,72,109,0.6666666666666666,1.0,6,159.748,159.2175,158.45499999999998,154.918,0.0,44.84999999999957,159.76749999999998,159.687,159.365,-2.1000000000015007,30.099999999998772,1.0,1.0,1.0,1.0,0.0,0.0,159.2175,160.563,2.0,44.84999999999957,-89.69999999999914,0.0,1.0,0.0,0.0,0.0,1.0,4.0,0.0
0.69754,60,109,0.5555555555555556,1.0,5,0.69381,0.691875,0.70102,0.680415,0.0,56.65000000000031,0.6951149999999999,0.69381,0.6905600000000001,37.30000000000011,69.79999999999987,1.0,1.0,-1.0,1.0,0.0,0.0,0.69381,0.705,2.0,37.30000000000011,-74.59999999999911,0.0,0.0,0.0,0.0,0.0,1.0,4.0,1.0
1.38873,60,109,0.5555555555555556,-1.0,5,1.390825,1.390915,1.3746,1.38109,0.0,-21.849999999998815,1.390595,1.390825,1.388465,-20.94999999999958,2.649999999999597,-1.0,-1.0,1.0,-1.0,0.0,0.0,1.39082,1.38454,2.0,-20.899999999999253,41.89999999999916,0.0,0.0,0.0,0.0,0.0,1.0,4.0,1.0
0.79757,60,109,0.5555555555555556,1.0,5,0.7990200000000001,0.79647,0.78951,0.78644,0.0,10.999999999999899,0.7991900000000001,0.798605,0.797355,-10.350000000000081,2.149999999999652,1.0,1.0,1.0,-1.0,0.0,0.0,0.79647,0.79977,2.0,10.999999999999899,-21.999999999999797,0.0,0.0,0.0,0.0,0.0,1.0,4.0,0.0
1.1661,84,109,0.7777777777777778,1.0,7,1.16473,1.16134,1.15661,1.174675,0.0,47.59999999999876,1.1682549999999998,1.16337,1.158235,27.29999999999899,78.6500000000001,1.0,1.0,1.0,1.0,0.0,0.0,1.16473,1.16884,2.0,13.699999999998713,-27.400000000001867,0.0,0.0,0.0,0.0,0.0,2.0,4.0,1.0
1.33954,72,109,0.6666666666666666,1.0,6,1.3369849999999999,1.33307,1.33215,1.34391,0.0,64.69999999999976,1.343245,1.3359999999999999,1.33215,35.400000000000986,73.90000000000008,1.0,1.0,0.0,1.0,0.0,0.0,1.33698,1.34465,2.0,25.599999999998957,-51.09999999999948,0.0,0.0,0.0,0.0,0.0,2.0,4.0,1.0
158.565,0,109,0.0,0.0,0,158.87599999999998,158.957,158.45499999999998,154.918,0.0,-39.19999999999959,158.3385,158.957,159.1725,-39.19999999999959,-60.75000000000159,-1.0,0.0,1.0,-1.0,0.0,0.0,0.0,0.0,0.0,0.0,0.0,0.0,1.0,0.0,0.0,0.0,2.0,4.0,-1.0
0.70443,72,109,0.6666666666666666,1.0,6,0.701445,0.69801,0.70102,0.680415,0.0,64.19999999999982,0.70532,0.70043,0.6958850000000001,40.000000000000036,85.44999999999914,1.0,1.0,-1.0,1.0,0.0,0.0,0.70144,0.7104,2.0,29.90000000000048,-59.70000000000031,0.0,0.0,0.0,0.0,0.0,2.0,4.0,0.0
1.38446,60,109,0.5555555555555556,-1.0,5,1.3864699999999999,1.388645,1.3746,1.38109,0.0,-41.84999999999883,1.38543,1.3876249999999999,1.3895149999999998,-31.649999999998624,-50.54999999999809,-1.0,-1.0,1.0,-1.0,0.0,0.0,1.38647,1.38044,2.0,-20.100000000000673,40.200000000001346,0.0,0.0,0.0,0.0,0.0,2.0,4.0,1.0
0.79135,60,109,0.5555555555555556,-1.0,5,0.793235,0.794375,0.78951,0.78644,0.0,-30.250000000000554,0.7897799999999999,0.79401,0.795575,-26.59999999999996,-42.25000000000034,-1.0,-1.0,1.0,-1.0,0.0,0.0,0.79324,0.78758,2.0,-18.899999999999473,37.700000000000514,0.0,0.0,0.0,0.0,0.0,2.0,4.0,1.0
1.1698,84,109,0.7777777777777778,1.0,7,1.16834,1.161425,1.156695,1.174675,0.0,83.75000000000021,1.16988,1.16834,1.15832,14.600000000000168,114.79999999999934,1.0,1.0,1.0,1.0,0.0,0.0,1.16834,1.17272,2.0,14.600000000000168,-29.200000000000337,0.0,0.0,0.0,0.0,0.0,3.0,4.0,1.0
1.34338,72,109,0.6666666666666666,1.0,6,1.3419500000000002,1.33307,1.33215,1.34391,0.0,103.10000000000042,1.343105,1.343245,1.33215,1.3499999999999623,112.30000000000074,1.0,1.0,0.0,1.0,0.0,0.0,1.34195,1.34624,2.0,14.300000000000423,-28.600000000000847,0.0,0.0,0.0,0.0,0.0,3.0,4.0,1.0
159.007,72,109,0.6666666666666666,1.0,6,158.8715,158.957,158.45499999999998,154.918,0.0,5.000000000001137,158.962,158.58999999999997,159.1725,41.700000000003,-16.550000000000864,1.0,-1.0,1.0,1.0,0.0,0.0,158.957,159.107,2.0,5.000000000001137,-9.999999999999432,0.0,1.0,0.0,0.0,0.0,3.0,4.0,1.0
0.70841,72,109,0.6666666666666666,1.0,6,0.70583,0.698535,0.70102,0.680415,0.0,98.74999999999967,0.70641,0.70583,0.6963900000000001,25.800000000000267,120.19999999999919,1.0,1.0,-1.0,1.0,0.0,0.0,0.70583,0.71357,2.0,25.800000000000267,-51.600000000000534,0.0,0.0,0.0,0.0,0.0,3.0,4.0,0.0
1.38172,60,109,0.5555555555555556,-1.0,5,1.38326,1.38768,1.3746,1.38109,0.0,-59.59999999999965,1.3824400000000001,1.3839450000000002,1.38855,-22.250000000001435,-68.29999999999892,-1.0,-1.0,1.0,-1.0,0.0,0.0,1.38326,1.37864,2.0,-15.399999999998748,30.799999999999716,0.0,0.0,0.0,0.0,0.0,3.0,4.0,0.0
0.79041,0,109,0.0,0.0,0,0.790265,0.794375,0.78951,0.78644,0.0,-39.65000000000107,0.7895449999999999,0.7897799999999999,0.795575,6.300000000000194,-51.65000000000086,-1.0,-1.0,1.0,-1.0,0.0,0.0,0.0,0.0,0.0,0.0,0.0,0.0,0.0,0.0,0.0,0.0,3.0,4.0,-1.0
1.17297,84,109,0.7777777777777778,1.0,7,1.170825,1.163165,1.1574849999999999,1.174675,0.0,98.05000000000064,1.1724350000000001,1.170385,1.15931,25.850000000000595,136.60000000000005,1.0,1.0,1.0,1.0,0.0,0.0,1.17083,1.17726,2.0,21.400000000000308,-42.899999999999054,0.0,0.0,0.0,0.0,0.0,4.0,4.0,0.0
1.3467799999999999,72,109,0.6666666666666666,1.0,6,1.3444699999999998,1.33477,1.33215,1.34391,0.0,120.09999999999854,1.3461249999999998,1.3437350000000001,1.33215,30.449999999997424,146.29999999999922,1.0,1.0,0.0,1.0,0.0,0.0,1.34447,1.3514,2.0,23.099999999998122,-46.200000000000685,0.0,0.0,0.0,0.0,0.0,4.0,4.0,0.0
159.28,72,109,0.6666666666666666,1.0,6,159.113,158.957,158.86599999999999,154.918,0.0,32.30000000000075,159.10000000000002,159.0005,158.957,27.950000000001296,32.30000000000075,-1.0,1.0,1.0,1.0,0.0,0.0,159.113,159.614,2.0,16.70000000000016,-33.40000000000032,0.0,1.0,0.0,0.0,0.0,4.0,4.0,1.0
0.70723,60,109,0.5555555555555556,1.0,5,0.707345,0.69964,0.70102,0.680415,0.0,75.89999999999986,0.70792,0.70583,0.69642,14.000000000000679,108.09999999999987,1.0,1.0,-1.0,1.0,0.0,0.0,0.70102,0.71965,2.0,62.10000000000049,-124.19999999999986,0.0,0.0,0.0,0.0,0.0,4.0,4.0,0.0
1.38401,0,109,0.0,0.0,0,1.382145,1.3864400000000001,1.3746,1.38109,0.0,-24.300000000001543,1.3820800000000002,1.38281,1.38828,11.999999999998678,-42.69999999999996,-1.0,-1.0,1.0,0.0,0.0,0.0,0.0,0.0,0.0,0.0,0.0,0.0,0.0,0.0,0.0,0.0,4.0,4.0,-1.0
0.78904,60,109,0.5555555555555556,-1.0,5,0.78842,0.7932699999999999,0.78951,0.78644,0.0,-42.29999999999956,0.7877449999999999,0.788575,0.794835,4.649999999999377,-57.949999999999946,-1.0,-1.0,1.0,-1.0,0.0,0.0,0.78951,0.7881,2.0,-4.700000000000815,9.399999999999409,0.0,0.0,0.0,0.0,0.0,4.0,4.0,0.0
1.17586,84,109,0.7777777777777778,1.0,7,1.1714699999999998,1.1660599999999999,1.158795,1.174675,0.0,98.00000000000031,1.172295,1.1714699999999998,1.163525,43.90000000000116,123.34999999999985,1.0,1.0,1.0,1.0,0.0,0.0,1.17147,1.18464,2.0,43.89999999999894,-87.8000000000001,0.0,0.0,0.0,0.0,0.0,0.0,4.0,1.0
1.35063,84,109,0.7777777777777778,1.0,7,1.3444500000000001,1.33721,1.3333599999999999,1.34391,0.0,134.19999999999987,1.3462049999999999,1.3444500000000001,1.3342800000000001,61.79999999999852,163.49999999999864,1.0,1.0,1.0,1.0,0.0,0.0,1.34445,1.36299,2.0,61.80000000000074,-123.59999999999927,0.0,0.0,0.0,0.0,0.0,0.0,4.0,-1.0
159.438,72,109,0.6666666666666666,1.0,6,159.55450000000002,158.957,158.86599999999999,155.36450000000002,0.0,48.099999999999454,159.5725,159.3555,158.957,8.249999999998181,48.099999999999454,1.0,1.0,1.0,1.0,0.0,0.0,158.957,160.4,2.0,48.099999999999454,-96.20000000000175,0.0,1.0,0.0,0.0,0.0,0.0,4.0,0.0
0.70971,72,109,0.6666666666666666,1.0,6,0.70445,0.701235,0.70102,0.6821349999999999,0.0,84.74999999999899,0.7064699999999999,0.70445,0.6979949999999999,52.59999999999931,117.1500000000003,1.0,1.0,-1.0,1.0,0.0,0.0,0.70445,0.72023,2.0,52.59999999999931,-105.20000000000084,0.0,0.0,0.0,0.0,0.0,0.0,4.0,1.0
1.37904,60,109,0.5555555555555556,-1.0,5,1.383175,1.385555,1.3746,1.38109,0.0,-65.15000000000049,1.3818899999999998,1.383175,1.386755,-41.349999999999994,-77.14999999999917,-1.0,-1.0,1.0,-1.0,0.0,0.0,1.38318,1.37077,2.0,-41.400000000000325,82.69999999999999,0.0,0.0,0.0,0.0,0.0,0.0,4.0,1.0
0.78381,72,109,0.6666666666666666,-1.0,6,0.788205,0.792045,0.78951,0.78644,0.0,-82.34999999999992,0.787085,0.788205,0.7924100000000001,-43.95000000000038,-86.00000000000053,-1.0,-1.0,1.0,-1.0,0.0,0.0,0.78821,0.77502,2.0,-43.999999999999595,87.89999999999965,0.0,0.0,0.0,0.0,0.0,0.0,4.0,-1.0
1.17948,84,109,0.7777777777777778,1.0,7,1.17809,1.1727249999999998,1.16108,1.174675,0.0,67.55000000000288,1.17993,1.17458,1.16581,49.000000000001265,136.7000000000007,1.0,1.0,1.0,1.0,0.0,0.0,1.17809,1.18226,2.0,13.900000000000023,-27.800000000000047,0.0,0.0,0.0,0.0,0.0,1.0,4.0,0.0
1.3567,84,109,0.7777777777777778,1.0,7,1.35412,1.34848,1.33739,1.34391,0.0,82.20000000000115,1.357355,1.350235,1.3383099999999999,64.64999999999944,183.90000000000128,1.0,1.0,1.0,1.0,0.0,0.0,1.35412,1.36186,2.0,25.800000000000267,-51.600000000000534,0.0,0.0,0.0,0.0,0.0,1.0,4.0,0.0
158.805,60,109,0.5555555555555556,-1.0,5,159.0265,158.87099999999998,158.86599999999999,155.36450000000002,0.0,-6.599999999997408,158.76749999999998,159.22899999999998,158.957,-42.39999999999782,-15.199999999998681,-1.0,1.0,1.0,-1.0,0.0,0.0,158.866,158.683,2.0,-6.100000000000705,12.20000000000141,0.0,1.0,0.0,0.0,0.0,1.0,4.0,0.0
0.71264,72,109,0.6666666666666666,1.0,6,0.71123,0.706815,0.70102,0.6821349999999999,0.0,58.2500000000008,0.7134,0.708835,0.70036,38.05000000000058,122.8000000000007,1.0,1.0,-1.0,1.0,0.0,0.0,0.71123,0.71546,2.0,14.100000000000223,-28.199999999999335,0.0,0.0,0.0,0.0,0.0,1.0,4.0,1.0
1.37662,0,109,0.0,0.0,0,1.3762400000000001,1.38042,1.3754300000000002,1.38109,0.0,-38.000000000000256,1.375445,1.379135,1.384,-25.15000000000045,-73.79999999999941,-1.0,-1.0,1.0,-1.0,0.0,0.0,0.0,0.0,0.0,0.0,0.0,0.0,0.0,0.0,0.0,0.0,1.0,4.0,-1.0
0.7809,72,109,0.6666666666666666,-1.0,6,0.78148,0.786215,0.78951,0.78644,0.0,-53.14999999999959,0.7802,0.7850950000000001,0.79042,-41.9500000000006,-95.19999999999973,-1.0,-1.0,1.0,-1.0,0.0,0.0,0.78148,0.77974,2.0,-5.799999999999139,11.600000000000499,0.0,0.0,0.0,0.0,0.0,1.0,4.0,0.0
1.17999,84,109,0.7777777777777778,1.0,7,1.178995,1.1737549999999999,1.16108,1.174675,0.0,62.350000000002126,1.179255,1.17915,1.16581,8.40000000000174,141.8000000000008,1.0,1.0,1.0,1.0,0.0,0.0,1.179,1.18198,2.0,9.900000000000464,-19.899999999999363,0.0,0.0,0.0,0.0,0.0,2.0,4.0,1.0
1.3563399999999999,84,109,0.7777777777777778,1.0,7,1.356125,1.34848,1.33739,1.34391,0.0,78.59999999999978,1.35621,1.35614,1.3383099999999999,1.9999999999997797,180.2999999999999,1.0,1.0,1.0,1.0,0.0,0.0,1.35613,1.35677,2.0,2.0999999999982144,-4.300000000001525,0.0,0.0,0.0,0.0,0.0,2.0,4.0,0.0
158.956,0,109,0.0,0.0,0,158.898,159.22899999999998,158.98250000000002,155.36450000000002,0.0,-27.299999999999613,158.952,158.8765,158.957,7.949999999999591,-0.10000000000047748,1.0,-1.0,-1.0,0.0,0.0,0.0,0.0,0.0,0.0,0.0,0.0,0.0,1.0,0.0,0.0,0.0,2.0,4.0,-1.0
0.71706,84,109,0.7777777777777778,1.0,7,0.71462,0.7083,0.70102,0.6821349999999999,0.0,87.5999999999999,0.7155549999999999,0.7140500000000001,0.702675,30.09999999999957,143.84999999999982,1.0,1.0,1.0,1.0,0.0,0.0,0.71462,0.72194,2.0,24.399999999999977,-48.799999999999955,0.0,0.0,0.0,0.0,0.0,2.0,4.0,1.0
1.3740299999999999,72,109,0.6666666666666666,-1.0,6,1.375745,1.3802050000000001,1.376065,1.38109,0.0,-61.750000000002636,1.37562,1.375745,1.383785,-17.15000000000133,-97.5500000000018,-1.0,-1.0,1.0,-1.0,0.0,0.0,1.37574,1.3706,2.0,-17.100000000001003,34.29999999999822,0.0,0.0,0.0,0.0,0.0,2.0,4.0,1.0
0.78188,0,109,0.0,0.0,0,0.78149,0.786215,0.79037,0.78644,0.0,-43.34999999999978,0.781785,0.78108,0.79042,8.00000000000023,-85.39999999999992,1.0,-1.0,1.0,0.0,0.0,0.0,0.0,0.0,0.0,0.0,0.0,0.0,0.0,0.0,0.0,0.0,2.0,4.0,-1.0
1.17821,0,109,0.0,0.0,0,1.1795399999999998,1.174385,1.1617099999999998,1.174675,0.0,38.24999999999967,1.177715,1.1795399999999998,1.16644,-13.299999999998313,117.70000000000059,-1.0,1.0,1.0,0.0,0.0,0.0,0.0,0.0,0.0,0.0,0.0,0.0,0.0,0.0,0.0,0.0,3.0,4.0,-1.0
1.35262,0,109,0.0,0.0,0,1.355545,1.34876,1.33767,1.34391,0.0,38.599999999999746,1.353555,1.355545,1.33859,-29.250000000000664,140.29999999999987,-1.0,1.0,1.0,0.0,0.0,0.0,0.0,0.0,0.0,0.0,0.0,0.0,0.0,0.0,0.0,0.0,3.0,4.0,-1.0
159.162,0,109,0.0,0.0,0,158.781,159.05849999999998,158.98250000000002,155.36450000000002,0.0,10.350000000002524,159.115,158.781,158.957,38.10000000000002,20.50000000000125,1.0,-1.0,-1.0,0.0,0.0,0.0,0.0,0.0,0.0,0.0,0.0,0.0,1.0,0.0,0.0,0.0,3.0,4.0,-1.0
0.71615,60,109,0.5555555555555556,1.0,5,0.717465,0.709295,0.701525,0.6821349999999999,0.0,68.54999999999944,0.7164999999999999,0.716345,0.70367,-1.9500000000005624,124.79999999999936,-1.0,1.0,1.0,1.0,0.0,0.0,0.7093,0.72986,2.0,68.49999999999912,-137.1,0.0,0.0,0.0,0.0,0.0,3.0,4.0,-1.0
1.37031,72,109,0.6666666666666666,-1.0,6,1.37186,1.37864,1.3771550000000001,1.38109,0.0,-83.3000000000017,1.37152,1.37418,1.38215,-38.7000000000004,-118.40000000000073,-1.0,-1.0,1.0,-1.0,0.0,0.0,1.37186,1.36721,2.0,-15.500000000001624,30.999999999998806,0.0,0.0,0.0,0.0,0.0,3.0,4.0,1.0
0.78338,0,109,0.0,0.0,0,0.782205,0.786215,0.791285,0.78644,0.0,-28.35000000000032,0.7835799999999999,0.782205,0.79042,11.749999999999261,-70.40000000000046,1.0,-1.0,-1.0,0.0,0.0,0.0,0.0,0.0,0.0,0.0,0.0,0.0,0.0,0.0,0.0,0.0,3.0,4.0,-1.0
1.17629,0,109,0.0,0.0,0,1.1804549999999998,1.17727,1.16298,1.174675,0.0,-9.799999999999809,1.1804549999999998,1.1804549999999998,1.16866,-41.64999999999752,76.30000000000025,0.0,1.0,1.0,-1.0,0.0,0.0,0.0,0.0,0.0,0.0,0.0,0.0,0.0,0.0,0.0,0.0,4.0,4.0,-1.0
1.35151,0,109,0.0,0.0,0,1.3551799999999998,1.351675,1.337895,1.34391,0.0,-1.6499999999997073,1.3555899999999999,1.3551799999999998,1.340515,-36.6999999999984,109.95000000000088,1.0,1.0,1.0,-1.0,0.0,0.0,0.0,0.0,0.0,0.0,0.0,0.0,0.0,0.0,0.0,0.0,4.0,4.0,-1.0
158.61,72,109,0.6666666666666666,-1.0,6,158.5575,158.694,158.98250000000002,155.36450000000002,0.0,-8.399999999997476,158.3815,158.5575,158.808,5.2500000000009095,-19.799999999997908,-1.0,-1.0,-1.0,-1.0,0.0,0.0,158.694,158.442,2.0,-8.399999999997476,16.800000000000637,0.0,1.0,0.0,0.0,0.0,4.0,4.0,0.0
0.71661,60,109,0.5555555555555556,1.0,5,0.7187250000000001,0.7131700000000001,0.70274,0.6821349999999999,0.0,34.399999999998876,0.719365,0.71868,0.70599,-20.700000000000163,106.19999999999963,1.0,1.0,1.0,0.0,0.0,0.0,0.71317,0.72349,2.0,34.399999999999984,-68.79999999999997,0.0,0.0,0.0,0.0,0.0,4.0,4.0,0.0
1.3686,72,109,0.6666666666666666,-1.0,6,1.36779,1.3746,1.379365,1.38109,0.0,-60.00000000000006,1.367205,1.369375,1.3789600000000002,-7.749999999999702,-103.60000000000147,-1.0,-1.0,-1.0,-1.0,0.0,0.0,1.3746,1.3566,2.0,-60.00000000000006,120.00000000000011,0.0,0.0,0.0,0.0,0.0,4.0,4.0,-1.0
0.78178,72,109,0.6666666666666666,-1.0,6,0.78077,0.783725,0.79087,0.78644,0.0,-19.449999999999747,0.7800750000000001,0.78104,0.7893049999999999,7.400000000000739,-75.24999999999893,-1.0,-1.0,-1.0,-1.0,0.0,0.0,0.78373,0.77789,2.0,-19.50000000000007,38.9000000000006,0.0,0.0,0.0,0.0,0.0,4.0,4.0,0.0
1.17866,0,109,0.0,0.0,0,1.1759249999999999,1.178885,1.16317,1.174675,0.0,-2.249999999999197,1.177285,1.178885,1.171875,-2.249999999999197,67.8500000000004,1.0,0.0,1.0,-1.0,0.0,0.0,0.0,0.0,0.0,0.0,0.0,0.0,0.0,0.0,0.0,0.0,0.0,4.0,-1.0
1.3536000000000001,60,109,0.5555555555555556,1.0,5,1.3508550000000001,1.3535949999999999,1.337895,1.34391,0.0,0.050000000002548006,1.352495,1.3535949999999999,1.3439899999999998,0.050000000002548006,96.1000000000034,1.0,0.0,1.0,-1.0,0.0,0.0,1.35359,1.35361,2.0,0.10000000000065512,-0.09999999999843467,0.0,0.0,0.0,0.0,0.0,0.0,4.0,0.0
158.829,0,109,0.0,0.0,0,158.7835,158.5575,158.98250000000002,155.99900000000002,0.0,27.15000000000032,158.76,158.4055,158.72199999999998,42.35000000000184,10.700000000002774,-1.0,-1.0,-1.0,1.0,0.0,0.0,0.0,0.0,0.0,0.0,0.0,0.0,1.0,0.0,0.0,0.0,0.0,4.0,-1.0
0.71785,60,109,0.5555555555555556,1.0,5,0.714675,0.716765,0.70274,0.6821349999999999,0.0,10.850000000000026,0.716665,0.716765,0.709255,10.850000000000026,85.95000000000019,1.0,0.0,1.0,-1.0,0.0,0.0,0.71676,0.72002,2.0,10.900000000000354,-21.700000000000053,0.0,0.0,0.0,0.0,0.0,0.0,4.0,0.0
1.3645,84,109,0.7777777777777778,-1.0,7,1.36723,1.37117,1.38008,1.38109,0.0,-66.69999999999953,1.366775,1.36723,1.3768150000000001,-27.29999999999899,-123.15000000000076,-1.0,-1.0,-1.0,-1.0,0.0,0.0,1.36723,1.35904,2.0,-27.29999999999899,54.60000000000021,0.0,0.0,0.0,0.0,0.0,0.0,4.0,0.0
0.7783,84,109,0.7777777777777778,-1.0,7,0.7807550000000001,0.78104,0.79087,0.78644,0.0,-27.399999999999647,0.779755,0.780725,0.787875,-24.250000000000107,-95.75,-1.0,-1.0,-1.0,-1.0,0.0,0.0,0.78076,0.77339,2.0,-24.60000000000018,49.099999999999696,0.0,0.0,0.0,0.0,0.0,0.0,4.0,0.0
1.17417,60,109,0.5555555555555556,-1.0,5,1.1754850000000001,1.178395,1.164605,1.174675,0.0,-42.25000000000145,1.174735,1.1754850000000001,1.1749749999999999,-13.150000000001771,-8.049999999999446,-1.0,-1.0,1.0,-1.0,0.0,0.0,1.17549,1.17154,2.0,-13.199999999999878,26.299999999999102,0.0,0.0,0.0,0.0,0.0,1.0,4.0,0.0
1.3504399999999999,60,109,0.5555555555555556,-1.0,5,1.3508049999999998,1.3535949999999999,1.337895,1.34391,0.0,-31.55000000000019,1.3507099999999999,1.3509449999999998,1.3489849999999999,-5.049999999999777,14.54999999999984,-1.0,-1.0,1.0,-1.0,0.0,0.0,1.3508,1.34971,2.0,-3.60000000000138,7.299999999998974,0.0,0.0,0.0,0.0,0.0,1.0,4.0,1.0
159.375,72,109,0.6666666666666666,1.0,6,159.154,158.612,158.98250000000002,155.99900000000002,0.0,76.30000000000052,159.324,159.09300000000002,158.72199999999998,28.199999999998226,65.300000000002,1.0,1.0,-1.0,1.0,0.0,0.0,159.154,159.817,2.0,22.100000000000364,-44.20000000000073,0.0,1.0,0.0,0.0,0.0,1.0,4.0,0.0
0.71534,0,109,0.0,0.0,0,0.715785,0.716765,0.70274,0.6821349999999999,0.0,-14.250000000000096,0.715785,0.715785,0.71051,-4.450000000000287,48.30000000000001,0.0,-1.0,1.0,-1.0,0.0,0.0,0.0,0.0,0.0,0.0,0.0,0.0,0.0,0.0,0.0,0.0,1.0,4.0,-1.0
1.3660700000000001,60,109,0.5555555555555556,-1.0,5,1.3653849999999998,1.37035,1.37988,1.38109,0.0,-42.79999999999839,1.3653849999999998,1.366575,1.3754300000000002,-5.049999999999777,-93.60000000000035,0.0,-1.0,-1.0,-1.0,0.0,0.0,1.37035,1.35751,2.0,-42.79999999999839,85.60000000000123,0.0,0.0,0.0,0.0,0.0,1.0,4.0,0.0
0.78079,0,109,0.0,0.0,0,0.780215,0.78104,0.79087,0.78644,0.0,-2.4999999999997247,0.78043,0.780085,0.785465,7.049999999999557,-46.749999999999844,1.0,-1.0,-1.0,0.0,0.0,0.0,0.0,0.0,0.0,0.0,0.0,0.0,0.0,0.0,0.0,0.0,1.0,4.0,-1.0
1.17052,60,109,0.5555555555555556,-1.0,5,1.17327,1.1776,1.164605,1.174675,0.0,-70.79999999999976,1.17231,1.17394,1.175655,-34.19999999999979,-51.3499999999989,-1.0,-1.0,1.0,-1.0,0.0,0.0,1.17327,1.16502,2.0,-27.500000000000302,55.000000000000604,0.0,0.0,0.0,0.0,0.0,2.0,4.0,0.0
1.3501699999999999,0,109,0.0,0.0,0,1.3504999999999998,1.3535949999999999,1.337895,1.34391,0.0,-34.250000000000114,1.35081,1.3507099999999999,1.3489849999999999,-5.399999999999849,11.849999999999916,1.0,-1.0,1.0,-1.0,0.0,0.0,0.0,0.0,0.0,0.0,0.0,0.0,0.0,0.0,0.0,0.0,2.0,4.0,-1.0
159.496,60,109,0.5555555555555556,1.0,5,159.368,158.612,158.98250000000002,155.99900000000002,0.0,88.40000000000146,159.3415,159.324,158.72199999999998,17.199999999999704,77.40000000000293,-1.0,1.0,-1.0,1.0,0.0,0.0,159.368,159.752,2.0,12.800000000001432,-25.600000000000023,0.0,1.0,0.0,0.0,0.0,2.0,4.0,0.0
0.71599,60,109,0.5555555555555556,1.0,5,0.715295,0.716765,0.70274,0.6821349999999999,0.0,-7.749999999999702,0.715795,0.715785,0.71051,2.0500000000001073,54.8000000000004,1.0,-1.0,1.0,1.0,0.0,0.0,0.7153,0.71738,2.0,6.899999999999684,-13.900000000000023,0.0,0.0,0.0,0.0,0.0,2.0,4.0,0.0
1.36721,0,109,0.0,0.0,0,1.365945,1.367795,1.37988,1.38109,0.0,-5.850000000000577,1.366035,1.3653849999999998,1.3754300000000002,18.250000000001876,-82.20000000000115,1.0,-1.0,-1.0,1.0,0.0,0.0,0.0,0.0,0.0,0.0,0.0,0.0,0.0,0.0,0.0,0.0,2.0,4.0,-1.0
0.78489,60,109,0.5555555555555556,1.0,5,0.78208,0.781245,0.79087,0.78644,0.0,36.450000000000095,0.78322,0.78162,0.785465,32.69999999999995,-5.749999999999922,1.0,1.0,-1.0,1.0,0.0,0.0,0.78208,0.79051,2.0,28.099999999999792,-56.20000000000069,0.0,0.0,0.0,0.0,0.0,2.0,4.0,-1.0
1.16821,0,109,0.0,0.0,0,1.16928,1.17591,1.164605,1.174675,0.0,-77.0000000000004,1.16928,1.1713200000000001,1.175655,-31.100000000001682,-74.44999999999924,0.0,-1.0,1.0,-1.0,0.0,0.0,0.0,0.0,0.0,0.0,0.0,0.0,0.0,0.0,0.0,0.0,3.0,4.0,-1.0
1.34628,0,109,0.0,0.0,0,1.3482750000000001,1.352325,1.337895,1.34391,0.0,-60.450000000000784,1.3482750000000001,1.34914,1.3489849999999999,-28.600000000000847,-27.049999999999574,0.0,-1.0,1.0,-1.0,0.0,0.0,0.0,0.0,0.0,0.0,0.0,0.0,0.0,0.0,0.0,0.0,3.0,4.0,-1.0
159.728,72,109,0.6666666666666666,1.0,6,159.567,158.7135,158.98250000000002,155.99900000000002,0.0,101.44999999999982,159.575,159.4755,158.72199999999998,25.249999999999773,100.60000000000286,1.0,1.0,-1.0,1.0,0.0,0.0,159.567,160.05,2.0,16.100000000000136,-32.20000000000027,0.0,1.0,0.0,0.0,0.0,3.0,4.0,0.0
0.71275,60,109,0.5555555555555556,-1.0,5,0.71388,0.71663,0.70274,0.6821349999999999,0.0,-38.79999999999995,0.71371,0.714035,0.71051,-12.849999999999806,22.400000000000198,-1.0,-1.0,1.0,-1.0,0.0,0.0,0.71388,0.71049,2.0,-11.299999999999644,22.6000000000004,0.0,0.0,0.0,0.0,0.0,3.0,4.0,0.0
1.36987,60,109,0.5555555555555556,1.0,5,1.368715,1.367255,1.37988,1.38109,0.0,26.14999999999812,1.3689900000000002,1.36794,1.3754300000000002,19.299999999999873,-55.60000000000231,1.0,1.0,-1.0,1.0,0.0,0.0,1.36871,1.37218,2.0,11.599999999998278,-23.100000000000342,0.0,0.0,0.0,0.0,0.0,3.0,4.0,0.0
0.78642,60,109,0.5555555555555556,1.0,5,0.7850900000000001,0.782435,0.79087,0.78644,0.0,39.850000000000165,0.7852600000000001,0.783575,0.785465,28.449999999999864,9.550000000000392,1.0,1.0,-1.0,1.0,0.0,0.0,0.78509,0.78908,2.0,13.300000000000534,-26.59999999999996,0.0,0.0,0.0,0.0,0.0,3.0,4.0,0.0
1.17219,60,109,0.5555555555555556,1.0,5,1.16975,1.173,1.164605,1.174675,0.0,-8.099999999999774,1.1710349999999998,1.1695600000000002,1.17591,26.299999999999102,-37.199999999999456,1.0,-1.0,1.0,1.0,0.0,0.0,1.16975,1.17707,2.0,24.399999999999977,-48.799999999999955,0.0,0.0,0.0,0.0,0.0,4.0,4.0,0.0
1.35362,72,109,0.6666666666666666,1.0,6,1.3494950000000001,1.349585,1.337895,1.34391,0.0,40.35000000000011,1.3510550000000001,1.349195,1.352325,44.250000000001236,12.950000000000461,1.0,-1.0,1.0,1.0,0.0,0.0,1.34959,1.36169,2.0,40.299999999999784,-80.70000000000022,0.0,0.0,0.0,0.0,0.0,4.0,4.0,0.0
159.329,0,109,0.0,0.0,0,159.5725,159.1945,159.0235,155.99900000000002,0.0,13.450000000000273,159.4785,159.573,158.7135,-24.399999999999977,61.54999999999973,-1.0,1.0,-1.0,-1.0,0.0,0.0,0.0,0.0,0.0,0.0,0.0,0.0,1.0,0.0,0.0,0.0,4.0,4.0,-1.0
0.71518,72,109,0.6666666666666666,1.0,6,0.71348,0.7148399999999999,0.70274,0.6821349999999999,0.0,3.40000000000118,0.714045,0.71371,0.714925,14.700000000000824,2.5500000000000522,1.0,-1.0,1.0,1.0,0.0,0.0,0.71484,0.71586,2.0,3.4000000000000696,-6.800000000000139,0.0,0.0,0.0,0.0,0.0,4.0,4.0,0.0
1.36638,72,109,0.6666666666666666,-1.0,6,1.368855,1.367265,1.37988,1.38109,0.0,-8.850000000000247,1.368105,1.36883,1.371115,-24.500000000000632,-47.35000000000156,-1.0,1.0,-1.0,-1.0,0.0,0.0,1.36726,1.36461,2.0,-8.799999999999919,17.699999999998273,0.0,0.0,0.0,0.0,0.0,4.0,4.0,0.0
0.78465,0,109,0.0,0.0,0,0.785995,0.78261,0.79087,0.78644,0.0,20.39999999999931,0.78598,0.785405,0.78258,-7.550000000000612,20.69999999999905,-1.0,1.0,-1.0,0.0,0.0,0.0,0.0,0.0,0.0,0.0,0.0,0.0,0.0,0.0,0.0,0.0,4.0,4.0,-1.0
1.17212,0,109,0.0,0.0,0,1.17252,1.17225,1.164605,1.174675,0.0,-1.2999999999996348,1.1736849999999999,1.17194,1.17591,1.80000000000069,-37.8999999999996,1.0,-1.0,1.0,1.0,0.0,0.0,0.0,0.0,0.0,0.0,0.0,0.0,0.0,0.0,0.0,0.0,0.0,4.0,-1.0
1.35335,72,109,0.6666666666666666,1.0,6,1.35371,1.351165,1.337895,1.34391,0.0,21.850000000001035,1.355305,1.352505,1.352325,8.449999999999847,10.250000000000536,1.0,1.0,1.0,1.0,0.0,0.0,1.35116,1.35772,2.0,21.900000000001363,-43.69999999999985,0.0,0.0,0.0,0.0,0.0,0.0,4.0,0.0
159.414,0,109,0.0,0.0,0,159.345,159.4255,159.0235,156.40750000000003,0.0,-1.1500000000012278,159.28199999999998,159.4315,158.7135,-1.7500000000012506,70.04999999999768,-1.0,1.0,-1.0,-1.0,0.0,0.0,0.0,0.0,0.0,0.0,0.0,0.0,1.0,0.0,0.0,0.0,0.0,4.0,-1.0
0.71853,84,109,0.7777777777777778,1.0,7,0.71634,0.71554,0.70274,0.6824399999999999,0.0,29.90000000000048,0.71912,0.71628,0.71663,22.499999999999744,19.000000000000128,1.0,1.0,1.0,1.0,0.0,0.0,0.71634,0.72291,2.0,21.900000000000254,-43.80000000000051,0.0,0.0,0.0,0.0,0.0,0.0,4.0,0.0
1.3624100000000001,84,109,0.7777777777777778,-1.0,7,1.363925,1.36558,1.3781949999999998,1.38109,0.0,-31.69999999999895,1.3616549999999998,1.36483,1.369285,-24.199999999998667,-68.74999999999964,-1.0,-1.0,-1.0,-1.0,0.0,0.0,1.36393,1.35938,2.0,-15.199999999999658,30.300000000000882,0.0,0.0,0.0,0.0,0.0,0.0,4.0,0.0
0.78558,0,109,0.0,0.0,0,0.784815,0.7829550000000001,0.79087,0.78644,0.0,26.249999999998774,0.78454,0.7852600000000001,0.78258,3.1999999999987594,29.999999999998916,-1.0,1.0,-1.0,0.0,0.0,0.0,0.0,0.0,0.0,0.0,0.0,0.0,0.0,0.0,0.0,0.0,0.0,4.0,-1.0
1.17134,60,109,0.5555555555555556,1.0,5,1.170215,1.1712,1.164605,1.174675,0.0,1.40000000000029,1.1697600000000001,1.171615,1.17591,-2.7500000000002522,-45.69999999999963,-1.0,1.0,1.0,0.0,0.0,0.0,1.1712,1.17162,2.0,1.40000000000029,-2.80000000000058,0.0,0.0,0.0,0.0,0.0,1.0,4.0,0.0
1.35194,60,109,0.5555555555555556,1.0,5,1.35019,1.351165,1.337895,1.34391,0.0,7.749999999999702,1.349285,1.35194,1.352325,0.0,-3.8500000000007972,-1.0,1.0,1.0,0.0,0.0,0.0,1.35116,1.35349,2.0,7.800000000000029,-15.500000000001624,0.0,0.0,0.0,0.0,0.0,1.0,4.0,0.0
159.601,60,109,0.5555555555555556,1.0,5,159.37099999999998,159.3985,159.0235,156.40750000000003,0.0,20.249999999998636,159.5965,159.37099999999998,158.7135,23.00000000000182,88.74999999999886,1.0,-1.0,-1.0,1.0,0.0,0.0,159.3985,160.006,2.0,20.249999999998636,-40.500000000000114,0.0,1.0,0.0,0.0,0.0,1.0,4.0,1.0
0.71821,72,109,0.6666666666666666,1.0,6,0.7172750000000001,0.71554,0.70274,0.6824399999999999,0.0,26.700000000000614,0.71687,0.71753,0.71663,6.800000000000139,15.800000000000258,-1.0,1.0,1.0,1.0,0.0,0.0,0.71728,0.72008,2.0,9.299999999999864,-18.700000000000383,0.0,0.0,0.0,0.0,0.0,1.0,4.0,0.0
1.36837,0,109,0.0,0.0,0,1.36521,1.36558,1.3781949999999998,1.38109,0.0,27.900000000000702,1.367765,1.364445,1.366835,39.25000000000178,15.350000000000641,1.0,-1.0,-1.0,1.0,0.0,0.0,0.0,0.0,0.0,0.0,0.0,0.0,0.0,0.0,0.0,0.0,1.0,4.0,-1.0
0.78912,60,109,0.5555555555555556,1.0,5,0.78742,0.78641,0.79087,0.78644,0.0,27.099999999999902,0.78989,0.7870900000000001,0.7843100000000001,20.299999999999763,48.09999999999981,1.0,1.0,-1.0,1.0,0.0,0.0,0.78742,0.79252,2.0,17.000000000000348,-33.99999999999959,0.0,0.0,0.0,0.0,0.0,1.0,4.0,0.0
1.16728,60,109,0.5555555555555556,-1.0,5,1.16909,1.17081,1.164605,1.174675,0.0,-35.29999999999811,1.168475,1.16909,1.17552,-18.099999999998673,-82.39999999999803,-1.0,-1.0,1.0,-1.0,0.0,0.0,1.16909,1.16366,2.0,-18.099999999998673,36.200000000001786,0.0,0.0,0.0,0.0,0.0,2.0,4.0,0.0
1.3473899999999999,60,109,0.5555555555555556,-1.0,5,1.34925,1.351165,1.337895,1.34391,0.0,-37.75000000000084,1.34855,1.34925,1.352325,-18.60000000000195,-49.35000000000134,-1.0,-1.0,1.0,-1.0,0.0,0.0,1.34925,1.34367,2.0,-18.60000000000195,37.199999999999456,0.0,0.0,0.0,0.0,0.0,2.0,4.0,0.0
160.449,72,109,0.6666666666666666,1.0,6,159.9835,159.70499999999998,159.0235,156.40750000000003,0.0,74.40000000000282,160.132,159.93349999999998,159.01999999999998,51.55000000000314,142.90000000000305,1.0,1.0,-1.0,1.0,0.0,0.0,159.9835,161.38,2.0,46.550000000002,-93.09999999999832,0.0,1.0,0.0,0.0,0.0,2.0,4.0,0.0
0.71158,60,109,0.5555555555555556,-1.0,5,0.714555,0.715065,0.70274,0.6824399999999999,0.0,-34.8499999999996,0.7133849999999999,0.714555,0.716155,-29.75000000000061,-45.74999999999996,-1.0,-1.0,1.0,-1.0,0.0,0.0,0.71456,0.70563,2.0,-29.799999999999827,59.50000000000011,0.0,0.0,0.0,0.0,0.0,2.0,4.0,0.0
1.36821,0,109,0.0,0.0,0,1.3689,1.36558,1.3781949999999998,1.38109,0.0,26.299999999999102,1.3689,1.36778,1.36558,4.299999999999304,26.299999999999102,0.0,1.0,-1.0,1.0,0.0,0.0,0.0,0.0,0.0,0.0,0.0,0.0,0.0,0.0,0.0,0.0,2.0,4.0,-1.0
0.79158,72,109,0.6666666666666666,1.0,6,0.7903800000000001,0.787775,0.79087,0.78644,0.0,38.04999999999947,0.7905949999999999,0.7903800000000001,0.784995,11.999999999998678,65.84999999999953,1.0,1.0,-1.0,1.0,0.0,0.0,0.79087,0.793,2.0,7.099999999999884,-14.200000000000879,0.0,0.0,0.0,0.0,0.0,2.0,4.0,0.0
1.17324,72,109,0.6666666666666666,1.0,6,1.1698300000000001,1.1704949999999998,1.164605,1.174675,0.0,27.450000000002195,1.17117,1.1698300000000001,1.172295,34.09999999999913,9.449999999999736,1.0,-1.0,1.0,1.0,0.0,0.0,1.17049,1.17873,2.0,27.500000000000302,-54.89999999999995,0.0,0.0,0.0,0.0,0.0,3.0,4.0,0.0
1.36041,72,109,0.6666666666666666,1.0,6,1.3532899999999999,1.3532899999999999,1.33853,1.34391,0.0,71.20000000000016,1.3555000000000001,1.3532899999999999,1.35296,71.20000000000016,74.49999999999957,1.0,0.0,1.0,1.0,0.0,0.0,1.35329,1.37465,2.0,71.19999999999793,-142.40000000000032,0.0,0.0,0.0,0.0,0.0,3.0,4.0,0.0
156.585,60,109,0.5555555555555556,-1.0,5,158.125,158.125,158.125,156.40750000000003,0.0,-153.9999999999992,156.655,158.125,158.125,-153.9999999999992,-153.9999999999992,-1.0,0.0,0.0,-1.0,0.0,0.0,158.125,153.505,2.0,-153.9999999999992,308.00000000000125,0.0,1.0,0.0,0.0,0.0,3.0,4.0,-1.0
0.72014,72,109,0.6666666666666666,1.0,6,0.71547,0.715225,0.70274,0.6824399999999999,0.0,49.15000000000003,0.717325,0.715225,0.715225,49.15000000000003,49.15000000000003,1.0,0.0,1.0,1.0,0.0,0.0,0.71547,0.72948,2.0,46.69999999999952,-93.40000000000015,0.0,0.0,0.0,0.0,0.0,3.0,4.0,0.0
1.35802,72,109,0.6666666666666666,-1.0,6,1.3634650000000001,1.364525,1.377325,1.38109,0.0,-65.04999999999983,1.36281,1.364525,1.36471,-65.04999999999983,-66.90000000000084,-1.0,0.0,-1.0,-1.0,0.0,0.0,1.36347,1.34713,2.0,-54.499999999999545,108.90000000000066,0.0,0.0,0.0,0.0,0.0,3.0,4.0,-1.0
0.78131,72,109,0.6666666666666666,-1.0,6,0.7864249999999999,0.78651,0.79087,0.78644,0.0,-52.00000000000094,0.78306,0.78651,0.7850250000000001,-52.00000000000094,-37.15000000000135,-1.0,0.0,-1.0,-1.0,0.0,0.0,0.78642,0.77108,2.0,-51.10000000000059,102.29999999999961,0.0,0.0,0.0,0.0,0.0,3.0,4.0,-1.0
1.17198,0,109,0.0,0.0,0,1.17502,1.17201,1.164605,1.174675,0.0,-0.2999999999997449,1.17502,1.17292,1.172295,-9.399999999999409,-3.1500000000006523,0.0,1.0,1.0,1.0,0.0,0.0,0.0,0.0,0.0,0.0,0.0,0.0,0.0,0.0,0.0,0.0,4.0,5.0,-1.0
1.3572199999999999,60,109,0.5555555555555556,1.0,5,1.36129,1.3555899999999999,1.34083,1.34391,0.0,16.300000000000203,1.36129,1.35683,1.35526,3.8999999999989043,19.599999999999618,0.0,1.0,1.0,1.0,0.0,0.0,1.35559,1.36048,2.0,16.299999999997983,-32.600000000000406,0.0,0.0,0.0,0.0,0.0,4.0,5.0,0.0
157.057,0,109,0.0,0.0,0,156.409,158.10700000000003,158.10700000000003,156.40750000000003,0.0,-105.00000000000398,156.7255,157.54000000000002,158.10700000000003,-48.30000000000325,-105.00000000000398,1.0,-1.0,0.0,-1.0,0.0,0.0,0.0,0.0,0.0,0.0,0.0,0.0,1.0,0.0,0.0,0.0,4.0,5.0,-1.0
0.71994,72,109,0.6666666666666666,1.0,6,0.72055,0.71646,0.703045,0.6824399999999999,0.0,34.80000000000039,0.72109,0.71775,0.71646,21.900000000000254,34.80000000000039,1.0,1.0,1.0,1.0,0.0,0.0,0.71646,0.7269,2.0,34.80000000000039,-69.59999999999967,0.0,0.0,0.0,0.0,0.0,4.0,5.0,0.0
1.35889,60,109,0.5555555555555556,-1.0,5,1.357165,1.36303,1.37583,1.38109,0.0,-41.400000000000325,1.357165,1.361315,1.3632149999999998,-24.250000000001215,-43.24999999999912,0.0,-1.0,-1.0,-1.0,0.0,0.0,1.36303,1.35061,2.0,-41.400000000000325,82.79999999999843,0.0,0.0,0.0,0.0,0.0,4.0,5.0,0.0
0.78157,72,109,0.6666666666666666,-1.0,6,0.7804599999999999,0.78518,0.79087,0.78644,0.0,-36.10000000000002,0.77986,0.78376,0.785155,-21.900000000000254,-35.850000000000605,-1.0,-1.0,-1.0,-1.0,0.0,0.0,0.78518,0.77435,2.0,-36.10000000000002,72.20000000000005,0.0,0.0,0.0,0.0,0.0,4.0,5.0,-1.0
1.1690800000000001,0,109,0.0,0.0,0,1.17147,1.17201,1.164605,1.174675,0.0,-29.29999999999877,1.16994,1.173305,1.17201,-42.24999999999923,-29.29999999999877,-1.0,1.0,1.0,-1.0,0.0,0.0,0.0,0.0,0.0,0.0,0.0,0.0,0.0,0.0,0.0,0.0,0.0,5.0,-1.0
1.35304,0,109,0.0,0.0,0,1.35579,1.3555899999999999,1.34083,1.345295,0.0,-25.499999999998302,1.35407,1.3585,1.35526,-54.60000000000021,-22.199999999998887,-1.0,1.0,1.0,-1.0,0.0,0.0,0.0,0.0,0.0,0.0,0.0,0.0,0.0,0.0,0.0,0.0,0.0,5.0,-1.0
157.233,0,109,0.0,0.0,0,156.486,158.10700000000003,158.10700000000003,156.40750000000003,0.0,-87.40000000000236,156.9315,156.486,158.10700000000003,74.70000000000141,-87.40000000000236,1.0,-1.0,0.0,0.0,0.0,0.0,0.0,0.0,0.0,0.0,0.0,0.0,1.0,0.0,0.0,0.0,0.0,5.0,-1.0
0.71656,0,109,0.0,0.0,0,0.718675,0.71646,0.703045,0.68493,0.0,0.9999999999998899,0.717395,0.71905,0.71646,-24.89999999999992,0.9999999999998899,-1.0,1.0,1.0,0.0,0.0,0.0,0.0,0.0,0.0,0.0,0.0,0.0,0.0,0.0,0.0,0.0,0.0,5.0,-1.0
1.36205,0,109,0.0,0.0,0,1.3600349999999999,1.36303,1.37583,1.38061,0.0,-9.799999999999809,1.361355,1.3588,1.3632149999999998,32.49999999999975,-11.649999999998606,1.0,-1.0,-1.0,0.0,0.0,0.0,0.0,0.0,0.0,0.0,0.0,0.0,0.0,0.0,0.0,0.0,0.0,5.0,-1.0
0.78393,0,109,0.0,0.0,0,0.78148,0.78518,0.79087,0.78532,0.0,-12.499999999999734,0.78338,0.781325,0.78518,26.049999999999685,-12.499999999999734,1.0,-1.0,-1.0,0.0,0.0,0.0,0.0,0.0,0.0,0.0,0.0,0.0,0.0,0.0,0.0,0.0,0.0,5.0,-1.0
1.16938,0,109,0.0,0.0,0,1.169505,1.17201,1.1648049999999999,1.174675,0.0,-26.299999999999102,1.169945,1.170005,1.17201,-6.2499999999987566,-26.299999999999102,1.0,-1.0,1.0,-1.0,0.0,0.0,0.0,0.0,0.0,0.0,0.0,0.0,0.0,0.0,0.0,0.0,1.0,5.0,-1.0
1.35398,0,109,0.0,0.0,0,1.354575,1.3555899999999999,1.34083,1.345295,0.0,-16.099999999998893,1.3554849999999998,1.3545150000000001,1.35526,-5.350000000001742,-12.799999999999478,1.0,-1.0,1.0,-1.0,0.0,0.0,0.0,0.0,0.0,0.0,0.0,0.0,0.0,0.0,0.0,0.0,1.0,5.0,-1.0
157.874,0,109,0.0,0.0,0,157.3245,158.10700000000003,158.10700000000003,156.40750000000003,0.0,-23.30000000000325,157.762,157.24099999999999,158.10700000000003,63.30000000000098,-23.30000000000325,1.0,-1.0,0.0,1.0,0.0,0.0,0.0,0.0,0.0,0.0,0.0,0.0,1.0,0.0,0.0,0.0,1.0,5.0,-1.0
0.71825,72,109,0.6666666666666666,1.0,6,0.716665,0.71646,0.703075,0.68493,0.0,17.900000000000695,0.71824,0.716765,0.71646,14.850000000000696,17.900000000000695,1.0,1.0,1.0,0.0,0.0,0.0,0.71666,0.72142,2.0,15.900000000000913,-31.69999999999895,0.0,0.0,0.0,0.0,0.0,1.0,5.0,1.0
1.3618000000000001,0,109,0.0,0.0,0,1.36168,1.36303,1.37583,1.38061,0.0,-12.299999999998423,1.3616899999999998,1.3613849999999998,1.3632149999999998,4.150000000002763,-14.14999999999722,1.0,-1.0,-1.0,1.0,0.0,0.0,0.0,0.0,0.0,0.0,0.0,0.0,0.0,0.0,0.0,0.0,1.0,5.0,-1.0
0.78301,72,109,0.6666666666666666,-1.0,6,0.78305,0.78518,0.79087,0.78532,0.0,-21.700000000000053,0.78277,0.78305,0.78518,-0.40000000000040004,-21.700000000000053,-1.0,-1.0,-1.0,1.0,0.0,0.0,0.78305,0.78293,2.0,-0.40000000000040004,0.7999999999996898,0.0,0.0,0.0,0.0,0.0,1.0,5.0,1.0
1.17465,84,109,0.7777777777777778,1.0,7,1.174415,1.1736550000000001,1.16771,1.174675,0.0,9.949999999998571,1.1756,1.17389,1.172585,7.599999999998719,20.649999999999835,1.0,1.0,1.0,1.0,0.0,0.0,1.17441,1.17512,2.0,2.4000000000001798,-4.699999999999704,0.0,0.0,0.0,0.0,0.0,2.0,5.0,0.0
1.35904,84,109,0.7777777777777778,1.0,7,1.358875,1.35812,1.34175,1.345295,0.0,9.200000000000319,1.3601,1.35868,1.35556,3.5999999999991594,34.79999999999927,1.0,1.0,1.0,1.0,0.0,0.0,1.35888,1.35937,2.0,1.5999999999993797,-3.2999999999994145,0.0,0.0,0.0,0.0,0.0,2.0,5.0,0.0
156.372,60,109,0.5555555555555556,-1.0,5,156.48250000000002,156.48250000000002,157.87650000000002,156.40750000000003,0.0,-11.050000000000182,156.2755,156.48250000000002,157.87650000000002,-11.050000000000182,-150.45000000000073,-1.0,0.0,0.0,-1.0,0.0,0.0,156.4825,156.151,2.0,-11.04999999999734,22.100000000000364,0.0,1.0,0.0,0.0,0.0,2.0,5.0,0.0
0.72363,84,109,0.7777777777777778,1.0,7,0.72275,0.720655,0.70685,0.68493,0.0,29.7499999999995,0.723705,0.721545,0.71895,20.850000000000037,46.800000000000175,1.0,1.0,1.0,1.0,0.0,0.0,0.72275,0.72539,2.0,8.799999999999919,-17.599999999999838,0.0,0.0,0.0,0.0,0.0,2.0,5.0,1.0
1.36331,0,109,0.0,0.0,0,1.3609499999999999,1.361065,1.37496,1.38061,0.0,22.450000000000525,1.361815,1.3609499999999999,1.3632149999999998,23.600000000001398,0.9500000000017828,1.0,-1.0,-1.0,1.0,0.0,0.0,0.0,0.0,0.0,0.0,0.0,0.0,0.0,0.0,0.0,0.0,2.0,5.0,-1.0
0.7787,84,109,0.7777777777777778,-1.0,7,0.780205,0.781195,0.789465,0.78532,0.0,-24.95000000000025,0.779335,0.780675,0.78479,-19.7500000000006,-60.9000000000004,-1.0,-1.0,-1.0,-1.0,0.0,0.0,0.78021,0.77569,2.0,-15.100000000000113,30.09999999999957,0.0,0.0,0.0,0.0,0.0,2.0,5.0,0.0
1.1729,0,109,0.0,0.0,0,1.175335,1.1736550000000001,1.16771,1.174675,0.0,-7.550000000000612,1.17532,1.17626,1.172585,-33.60000000000029,3.1500000000006523,-1.0,1.0,1.0,-1.0,0.0,0.0,0.0,0.0,0.0,0.0,0.0,0.0,0.0,0.0,0.0,0.0,3.0,5.0,-1.0
1.35541,0,109,0.0,0.0,0,1.35918,1.3585,1.34175,1.345295,0.0,-30.90000000000037,1.35918,1.359725,1.3555899999999999,-43.15000000000069,-1.7999999999984695,0.0,1.0,1.0,-1.0,0.0,0.0,0.0,0.0,0.0,0.0,0.0,0.0,0.0,0.0,0.0,0.0,3.0,5.0,-1.0
156.904,0,109,0.0,0.0,0,156.482,156.48250000000002,157.87650000000002,156.40750000000003,0.0,42.149999999998045,156.55450000000002,156.28,157.87650000000002,62.39999999999952,-97.2500000000025,1.0,-1.0,0.0,1.0,0.0,0.0,0.0,0.0,0.0,0.0,0.0,0.0,1.0,0.0,0.0,0.0,3.0,5.0,-1.0
0.72095,0,109,0.0,0.0,0,0.723555,0.720655,0.70685,0.68493,0.0,2.949999999999342,0.72333,0.7242200000000001,0.71895,-32.70000000000106,20.000000000000018,-1.0,1.0,1.0,0.0,0.0,0.0,0.0,0.0,0.0,0.0,0.0,0.0,0.0,0.0,0.0,0.0,3.0,5.0,-1.0
1.3658299999999999,60,109,0.5555555555555556,1.0,5,1.3639549999999998,1.36065,1.37496,1.38061,0.0,51.79999999999963,1.36415,1.362095,1.36303,37.34999999999822,27.999999999999137,1.0,1.0,-1.0,1.0,0.0,0.0,1.36395,1.36958,2.0,18.799999999998818,-37.50000000000142,0.0,0.0,0.0,0.0,0.0,3.0,5.0,1.0
0.78031,48,109,0.4444444444444444,-1.0,4,0.778565,0.7806900000000001,0.7892,0.78532,0.0,-3.80000000000158,0.778565,0.778565,0.784525,17.449999999999967,-42.1500000000008,0.0,-1.0,-1.0,0.0,0.0,0.0,0.78069,0.77955,2.0,-3.8000000000004697,7.599999999999829,0.0,0.0,0.0,0.0,0.0,3.0,5.0,1.0
1.1787,84,109,0.7777777777777778,1.0,7,1.17551,1.1736550000000001,1.16771,1.174675,0.0,50.44999999999966,1.17721,1.17551,1.172585,31.90000000000026,61.15000000000093,1.0,1.0,1.0,1.0,0.0,0.0,1.17551,1.18508,2.0,31.90000000000026,-63.799999999998306,0.0,0.0,0.0,0.0,0.0,4.0,5.0,0.0
1.36353,84,109,0.7777777777777778,1.0,7,1.3591550000000001,1.357765,1.34175,1.345295,0.0,57.64999999999798,1.361805,1.3591550000000001,1.3555899999999999,43.749999999997954,79.40000000000057,1.0,1.0,1.0,1.0,0.0,0.0,1.35916,1.37228,2.0,43.69999999999985,-87.50000000000036,0.0,0.0,0.0,0.0,0.0,4.0,5.0,0.0
156.689,0,109,0.0,0.0,0,156.707,156.48250000000002,157.87650000000002,156.40750000000003,0.0,20.649999999997704,156.6245,156.57350000000002,157.87650000000002,11.549999999996885,-118.75000000000284,-1.0,1.0,0.0,1.0,0.0,0.0,0.0,0.0,0.0,0.0,0.0,0.0,1.0,0.0,0.0,0.0,4.0,5.0,-1.0
0.72477,84,109,0.7777777777777778,1.0,7,0.722445,0.720655,0.7076800000000001,0.68493,0.0,41.1499999999998,0.72385,0.723175,0.71895,15.95000000000013,58.20000000000047,1.0,1.0,1.0,1.0,0.0,0.0,0.72245,0.72942,2.0,23.19999999999989,-46.49999999999932,0.0,0.0,0.0,0.0,0.0,4.0,5.0,0.0
1.36731,60,109,0.5555555555555556,1.0,5,1.36707,1.364395,1.37496,1.38061,0.0,29.15000000000001,1.3676650000000001,1.36651,1.36303,8.00000000000134,42.800000000000615,1.0,1.0,-1.0,1.0,0.0,0.0,1.36707,1.36779,2.0,2.4000000000001798,-4.8000000000003595,0.0,0.0,0.0,0.0,0.0,4.0,5.0,1.0
0.77621,84,109,0.7777777777777778,-1.0,7,0.7785200000000001,0.78047,0.78898,0.78532,0.0,-42.60000000000041,0.77746,0.7785200000000001,0.784305,-23.10000000000145,-80.95000000000074,-1.0,-1.0,-1.0,-1.0,0.0,0.0,0.77852,0.77159,2.0,-23.100000000000342,46.19999999999958,0.0,0.0,0.0,0.0,0.0,4.0,5.0,0.0
1.17807,84,109,0.7777777777777778,1.0,7,1.176655,1.17441,1.16771,1.174675,0.0,36.599999999999966,1.17761,1.176655,1.172585,14.14999999999944,54.849999999999625,1.0,1.0,1.0,1.0,0.0,0.0,1.17666,1.1809,2.0,14.099999999999113,-28.300000000001102,0.0,0.0,0.0,0.0,0.0,0.0,5.0,0.0
1.36091,84,109,0.7777777777777778,1.0,7,1.36015,1.359365,1.34175,1.345295,0.0,15.450000000001296,1.362625,1.36015,1.3555899999999999,7.600000000000939,53.200000000002134,1.0,1.0,1.0,1.0,0.0,0.0,1.36015,1.36243,2.0,7.600000000000939,-15.199999999999658,0.0,0.0,0.0,0.0,0.0,0.0,5.0,0.0
157.218,60,109,0.5555555555555556,1.0,5,156.88400000000001,156.48250000000002,157.87650000000002,156.40750000000003,0.0,73.54999999999734,157.1215,156.8495,157.87650000000002,36.84999999999832,-65.8500000000032,1.0,1.0,0.0,1.0,0.0,0.0,156.884,157.886,2.0,33.40000000000032,-66.80000000000064,0.0,1.0,0.0,0.0,0.0,0.0,5.0,0.0
0.72483,84,109,0.7777777777777778,1.0,7,0.72382,0.7226250000000001,0.7076800000000001,0.68493,0.0,22.049999999999017,0.724845,0.72382,0.71895,10.099999999999554,58.79999999999996,1.0,1.0,1.0,1.0,0.0,0.0,0.72382,0.72685,2.0,10.099999999999554,-20.200000000000216,0.0,0.0,0.0,0.0,0.0,0.0,5.0,0.0
1.36776,0,109,0.0,0.0,0,1.36715,1.364395,1.37489,1.38061,0.0,33.650000000000624,1.366525,1.3676300000000001,1.36303,1.2999999999996348,47.30000000000123,-1.0,1.0,-1.0,1.0,0.0,0.0,0.0,0.0,0.0,0.0,0.0,0.0,0.0,0.0,0.0,0.0,0.0,5.0,-1.0
0.77797,60,109,0.5555555555555556,-1.0,5,0.77782,0.779895,0.78897,0.78532,0.0,-19.249999999999545,0.777925,0.77782,0.784295,1.500000000000945,-63.24999999999914,1.0,-1.0,-1.0,-1.0,0.0,0.0,0.7799,0.77412,2.0,-19.299999999999873,38.5000000000002,0.0,0.0,0.0,0.0,0.0,0.0,5.0,0.0
1.17399,0,109,0.0,0.0,0,1.17546,1.17546,1.16866,1.174675,0.0,-14.699999999998603,1.17357,1.17546,1.172585,-14.699999999998603,14.050000000001006,-1.0,0.0,1.0,-1.0,0.0,0.0,0.0,0.0,0.0,0.0,0.0,0.0,0.0,0.0,0.0,0.0,1.0,5.0,-1.0
1.35373,0,109,0.0,0.0,0,1.35649,1.35765,1.34345,1.345295,0.0,-39.199999999999235,1.352205,1.35765,1.3555899999999999,-39.199999999999235,-18.599999999997507,-1.0,0.0,1.0,-1.0,0.0,0.0,0.0,0.0,0.0,0.0,0.0,0.0,0.0,0.0,0.0,0.0,1.0,5.0,-1.0
157.623,60,109,0.5555555555555556,1.0,5,157.24349999999998,156.8905,157.87650000000002,156.40750000000003,0.0,73.24999999999875,157.621,157.24349999999998,157.87650000000002,37.95000000000073,-25.350000000003092,1.0,1.0,0.0,1.0,0.0,0.0,157.2435,158.382,2.0,37.949999999997885,-75.90000000000146,0.0,1.0,0.0,0.0,0.0,1.0,5.0,1.0
0.72394,60,109,0.5555555555555556,1.0,5,0.723035,0.723205,0.708785,0.68493,0.0,7.350000000000412,0.722805,0.7234050000000001,0.7193499999999999,5.349999999999522,45.900000000000944,-1.0,1.0,1.0,0.0,0.0,0.0,0.7232,0.72541,2.0,7.400000000000739,-14.699999999999713,0.0,0.0,0.0,0.0,0.0,1.0,5.0,0.0
1.3695300000000001,0,109,0.0,0.0,0,1.369725,1.36656,1.37399,1.38061,0.0,29.700000000001392,1.370885,1.368625,1.363715,9.050000000001557,58.150000000001256,1.0,1.0,-1.0,1.0,0.0,0.0,0.0,0.0,0.0,0.0,0.0,0.0,0.0,0.0,0.0,0.0,1.0,5.0,-1.0
0.78048,60,109,0.5555555555555556,1.0,5,0.7792399999999999,0.7792250000000001,0.788605,0.78532,0.0,12.54999999999895,0.7811699999999999,0.7792399999999999,0.7842100000000001,12.400000000000189,-37.30000000000122,1.0,1.0,-1.0,1.0,0.0,0.0,0.77924,0.78296,2.0,12.399999999999078,-24.800000000000377,0.0,0.0,0.0,0.0,0.0,1.0,5.0,1.0
1.17129,72,109,0.6666666666666666,-1.0,6,1.172115,1.174165,1.171875,1.174675,0.0,-28.74999999999961,1.17073,1.17236,1.1736550000000001,-10.700000000001264,-23.650000000001725,-1.0,-1.0,1.0,-1.0,0.0,0.0,1.17188,1.17012,2.0,-5.9000000000009045,11.699999999998933,0.0,0.0,0.0,0.0,0.0,2.0,5.0,0.0
1.3523,0,109,0.0,0.0,0,1.35178,1.356875,1.346925,1.345295,0.0,-45.74999999999996,1.350685,1.35188,1.35712,4.20000000000087,-48.200000000000465,-1.0,-1.0,1.0,-1.0,0.0,0.0,0.0,0.0,0.0,0.0,0.0,0.0,0.0,0.0,0.0,0.0,2.0,5.0,-1.0
157.88,72,109,0.6666666666666666,1.0,6,157.7185,157.043,157.87650000000002,156.40750000000003,0.0,83.69999999999891,157.832,157.70100000000002,156.48250000000002,17.899999999997362,139.74999999999795,1.0,1.0,-1.0,1.0,0.0,0.0,157.8765,157.887,2.0,0.3500000000002501,-0.7000000000005002,0.0,1.0,0.0,0.0,0.0,2.0,5.0,0.0
0.72588,84,109,0.7777777777777778,1.0,7,0.725105,0.7235750000000001,0.7120500000000001,0.68493,0.0,23.049999999998903,0.725355,0.724295,0.720655,15.849999999999476,52.24999999999924,1.0,1.0,1.0,1.0,0.0,0.0,0.7251,0.72743,2.0,7.800000000000029,-15.500000000000513,0.0,0.0,0.0,0.0,0.0,2.0,5.0,0.0
1.3704,60,109,0.5555555555555556,1.0,5,1.37013,1.36754,1.372565,1.38061,0.0,28.600000000000847,1.3704100000000001,1.370415,1.363715,-0.14999999999876223,66.85000000000052,1.0,1.0,-1.0,1.0,0.0,0.0,1.37013,1.37094,2.0,2.6999999999999247,-5.399999999999849,0.0,0.0,0.0,0.0,0.0,2.0,5.0,0.0
0.78161,60,109,0.5555555555555556,1.0,5,0.781525,0.779605,0.787175,0.78532,0.0,20.050000000000345,0.782135,0.781525,0.78046,0.8500000000000174,11.499999999999844,1.0,1.0,-1.0,1.0,0.0,0.0,0.78153,0.78178,2.0,0.8000000000008001,-1.7000000000000348,0.0,0.0,0.0,0.0,0.0,2.0,5.0,0.0
1.16686,84,109,0.7777777777777778,-1.0,7,1.169355,1.17267,1.1749749999999999,1.174675,0.0,-58.10000000000093,1.168555,1.169355,1.1731150000000001,-24.94999999999914,-62.55000000000122,-1.0,-1.0,-1.0,-1.0,0.0,0.0,1.16935,1.16187,2.0,-24.899999999998812,49.9000000000005,0.0,0.0,0.0,0.0,0.0,3.0,5.0,1.0
1.33998,72,109,0.6666666666666666,-1.0,6,1.346355,1.35238,1.35192,1.345295,0.0,-123.99999999999966,1.34564,1.346355,1.35238,-63.7500000000002,-123.99999999999966,-1.0,-1.0,1.0,-1.0,0.0,0.0,1.34635,1.32723,2.0,-63.69999999999987,127.5000000000004,0.0,0.0,0.0,0.0,0.0,3.0,5.0,-1.0
158.395,60,109,0.5555555555555556,1.0,5,157.86,157.4225,157.87650000000002,156.40750000000003,0.0,97.24999999999966,157.86,157.86,156.7225,53.49999999999966,167.25000000000136,0.0,1.0,-1.0,1.0,0.0,0.0,157.8765,159.432,2.0,51.85000000000173,-103.69999999999777,0.0,1.0,0.0,0.0,0.0,3.0,5.0,-1.0
0.72199,0,109,0.0,0.0,0,0.7239949999999999,0.7240150000000001,0.7133050000000001,0.68493,0.0,-20.250000000000547,0.72294,0.724365,0.720655,-23.75000000000016,13.349999999999751,-1.0,1.0,1.0,-1.0,0.0,0.0,0.0,0.0,0.0,0.0,0.0,0.0,0.0,0.0,0.0,0.0,3.0,5.0,-1.0
1.37177,60,109,0.5555555555555556,1.0,5,1.37195,1.369295,1.37138,1.38061,0.0,24.75000000000005,1.372555,1.371365,1.3656199999999998,4.049999999999887,61.500000000000995,1.0,1.0,-1.0,1.0,0.0,0.0,1.37138,1.37255,2.0,3.8999999999989043,-7.800000000000029,0.0,0.0,0.0,0.0,0.0,3.0,5.0,1.0
0.78376,60,109,0.5555555555555556,1.0,5,0.7824,0.7800750000000001,0.7847649999999999,0.78532,0.0,36.84999999999938,0.782675,0.7824,0.78046,13.600000000000279,32.999999999999694,1.0,1.0,-1.0,1.0,0.0,0.0,0.7824,0.78648,2.0,13.600000000000279,-27.19999999999945,0.0,0.0,0.0,0.0,0.0,3.0,5.0,1.0
1.16233,84,109,0.7777777777777778,-1.0,7,1.164795,1.170235,1.1733,1.174675,0.0,-79.04999999999829,1.16273,1.1665,1.17068,-41.700000000000074,-83.49999999999858,-1.0,-1.0,-1.0,-1.0,0.0,0.0,1.1648,1.1574,2.0,-24.699999999999722,49.300000000001006,0.0,0.0,0.0,0.0,0.0,4.0,5.0,0.0
1.33157,84,109,0.7777777777777778,-1.0,7,1.33616,1.34839,1.348635,1.345295,0.0,-168.20000000000056,1.33389,1.3417750000000002,1.34839,-102.05000000000241,-168.20000000000056,-1.0,-1.0,-1.0,-1.0,0.0,0.0,1.33616,1.32239,2.0,-45.900000000000944,91.79999999999966,0.0,0.0,0.0,0.0,0.0,4.0,5.0,0.0
158.78,72,109,0.6666666666666666,1.0,6,158.5025,157.7805,157.87650000000002,156.40750000000003,0.0,99.95000000000118,158.672,158.071,156.93349999999998,70.90000000000032,184.65000000000202,1.0,1.0,-1.0,1.0,0.0,0.0,158.5025,159.335,2.0,27.75000000000034,-55.50000000000068,0.0,1.0,0.0,0.0,0.0,4.0,5.0,0.0
0.71445,60,109,0.5555555555555556,-1.0,5,0.718265,0.7205600000000001,0.7133050000000001,0.68493,0.0,-61.1000000000006,0.71548,0.719665,0.720655,-52.14999999999969,-62.05000000000016,-1.0,-1.0,1.0,-1.0,0.0,0.0,0.71827,0.70682,2.0,-38.19999999999935,76.30000000000025,0.0,0.0,0.0,0.0,0.0,4.0,5.0,0.0
1.37518,72,109,0.6666666666666666,1.0,6,1.3740999999999999,1.37076,1.37138,1.38061,0.0,44.200000000000905,1.3748900000000002,1.373555,1.36724,16.249999999999876,79.40000000000057,1.0,1.0,-1.0,1.0,0.0,0.0,1.3741,1.37734,2.0,10.799999999999699,-21.599999999999397,0.0,0.0,0.0,0.0,0.0,4.0,5.0,0.0
0.78674,72,109,0.6666666666666666,1.0,6,0.785115,0.78174,0.7847649999999999,0.78532,0.0,50.00000000000004,0.786385,0.7843249999999999,0.781725,24.15000000000056,50.14999999999992,1.0,1.0,-1.0,1.0,0.0,0.0,0.78512,0.78999,2.0,16.199999999999548,-32.49999999999975,0.0,0.0,0.0,0.0,0.0,4.0,5.0,0.0
1.16546,0,109,0.0,0.0,0,1.163445,1.167915,1.17287,1.174675,0.0,-24.55000000000096,1.16446,1.163445,1.17025,20.14999999999878,-47.900000000000716,1.0,-1.0,-1.0,0.0,0.0,0.0,0.0,0.0,0.0,0.0,0.0,0.0,0.0,0.0,0.0,0.0,0.0,5.0,-1.0
1.3433899999999999,0,109,0.0,0.0,0,1.3375750000000002,1.3426550000000002,1.347995,1.347445,0.0,7.349999999997081,1.34121,1.3375750000000002,1.34775,58.149999999996815,-43.600000000001415,1.0,-1.0,-1.0,1.0,0.0,0.0,0.0,0.0,0.0,0.0,0.0,0.0,0.0,0.0,0.0,0.0,0.0,5.0,-1.0
158.838,72,109,0.6666666666666666,1.0,6,158.7865,158.1905,157.87650000000002,156.40750000000003,0.0,64.7500000000008,158.8425,158.683,157.053,15.500000000000114,178.49999999999966,1.0,1.0,-1.0,1.0,0.0,0.0,158.7865,158.941,2.0,5.150000000000432,-10.300000000000864,0.0,1.0,0.0,0.0,0.0,0.0,5.0,0.0
0.71679,0,109,0.0,0.0,0,0.715135,0.7195050000000001,0.7133050000000001,0.685675,0.0,-27.15000000000023,0.716585,0.715135,0.7198,16.55000000000073,-30.09999999999957,1.0,-1.0,1.0,-1.0,0.0,0.0,0.0,0.0,0.0,0.0,0.0,0.0,0.0,0.0,0.0,0.0,0.0,5.0,-1.0
1.37395,0,109,0.0,0.0,0,1.37478,1.37255,1.37138,1.380315,0.0,14.000000000000679,1.37418,1.3748900000000002,1.36724,-9.40000000000163,67.09999999999994,-1.0,1.0,-1.0,0.0,0.0,0.0,0.0,0.0,0.0,0.0,0.0,0.0,0.0,0.0,0.0,0.0,0.0,5.0,-1.0
0.7844,0,109,0.0,0.0,0,0.785865,0.783845,0.7847649999999999,0.78532,0.0,5.549999999999722,0.7852250000000001,0.785785,0.781925,-13.849999999999696,24.75000000000005,-1.0,1.0,-1.0,0.0,0.0,0.0,0.0,0.0,0.0,0.0,0.0,0.0,0.0,0.0,0.0,0.0,0.0,5.0,-1.0
1.1605,84,109,0.7777777777777778,-1.0,7,1.1627100000000001,1.16568,1.17206,1.174675,0.0,-51.79999999999963,1.1608049999999999,1.1627100000000001,1.168995,-22.100000000000453,-84.94999999999919,-1.0,-1.0,-1.0,-1.0,0.0,0.0,1.16271,1.15608,2.0,-22.099999999998232,44.200000000000905,0.0,0.0,0.0,0.0,0.0,1.0,5.0,0.0
1.3397700000000001,72,109,0.6666666666666666,-1.0,6,1.340855,1.341725,1.347995,1.347445,0.0,-19.54999999999929,1.339865,1.33978,1.34775,-0.09999999999843467,-79.79999999999876,-1.0,-1.0,-1.0,1.0,0.0,0.0,1.34085,1.3376,2.0,-10.799999999999699,21.700000000002273,0.0,0.0,0.0,0.0,0.0,1.0,5.0,1.0
159.081,60,109,0.5555555555555556,1.0,5,158.9645,158.277,157.87650000000002,156.40750000000003,0.0,80.4000000000002,158.9645,158.929,157.6335,15.199999999998681,144.7499999999991,0.0,1.0,-1.0,1.0,0.0,0.0,158.9645,159.314,2.0,11.650000000000205,-23.30000000000041,0.0,1.0,0.0,0.0,0.0,1.0,5.0,0.0
0.71064,84,109,0.7777777777777778,-1.0,7,0.7128,0.71755,0.71772,0.685675,0.0,-69.09999999999971,0.710115,0.7131799999999999,0.71755,-25.399999999998755,-69.09999999999971,-1.0,-1.0,-1.0,-1.0,0.0,0.0,0.7128,0.70632,2.0,-21.599999999999397,43.20000000000101,0.0,0.0,0.0,0.0,0.0,1.0,5.0,0.0
1.3745,60,109,0.5555555555555556,1.0,5,1.375475,1.37331,1.367065,1.380315,0.0,11.900000000000244,1.375795,1.3753000000000002,1.3697,-8.00000000000134,48.00000000000138,1.0,1.0,1.0,0.0,0.0,0.0,1.37331,1.37688,2.0,11.900000000000244,-23.800000000000487,0.0,0.0,0.0,0.0,0.0,1.0,5.0,1.0
0.78895,72,109,0.6666666666666666,1.0,6,0.7871900000000001,0.785695,0.784295,0.78532,0.0,32.55000000000008,0.78886,0.7871900000000001,0.78337,17.599999999999838,55.800000000000296,1.0,1.0,-1.0,1.0,0.0,0.0,0.78719,0.79247,2.0,17.600000000000946,-35.199999999999676,0.0,0.0,0.0,0.0,0.0,1.0,5.0,0.0
1.16256,48,109,0.4444444444444444,-1.0,4,1.161375,1.164135,1.1715849999999999,1.174675,0.0,-15.74999999999882,1.161375,1.161375,1.16852,11.849999999999916,-59.59999999999965,0.0,-1.0,-1.0,0.0,0.0,0.0,1.16413,1.15941,2.0,-15.700000000000713,31.49999999999986,0.0,0.0,0.0,0.0,0.0,2.0,5.0,1.0
1.34347,60,109,0.5555555555555556,1.0,5,1.3417999999999999,1.34074,1.347995,1.347445,0.0,27.29999999999899,1.342305,1.3417999999999999,1.34775,16.700000000000603,-42.800000000000615,1.0,1.0,-1.0,1.0,0.0,0.0,1.3418,1.34681,2.0,16.699999999998383,-33.40000000000121,0.0,0.0,0.0,0.0,0.0,2.0,5.0,0.0
158.906,48,109,0.4444444444444444,1.0,4,158.877,158.277,157.87650000000002,156.40750000000003,0.0,62.90000000000191,158.877,158.9185,157.8395,-1.2499999999988631,106.65000000000191,0.0,1.0,-1.0,0.0,0.0,0.0,158.877,158.964,2.0,2.899999999999636,-5.799999999999272,0.0,1.0,0.0,0.0,0.0,2.0,5.0,0.0
0.71532,0,109,0.0,0.0,0,0.71305,0.715775,0.7178450000000001,0.685675,0.0,-4.550000000000942,0.71446,0.712685,0.71755,26.34999999999943,-22.30000000000065,1.0,-1.0,-1.0,1.0,0.0,0.0,0.0,0.0,0.0,0.0,0.0,0.0,0.0,0.0,0.0,0.0,2.0,5.0,-1.0
1.37429,0,109,0.0,0.0,0,1.37547,1.374595,1.36692,1.380315,0.0,-3.049999999999997,1.3753449999999998,1.37547,1.3710499999999999,-11.799999999999589,32.40000000000131,-1.0,1.0,1.0,-1.0,0.0,0.0,0.0,0.0,0.0,0.0,0.0,0.0,0.0,0.0,0.0,0.0,2.0,5.0,-1.0
0.78716,0,109,0.0,0.0,0,0.788205,0.786225,0.784295,0.78532,0.0,9.350000000000191,0.788195,0.788205,0.7833950000000001,-10.450000000000736,37.649999999999075,-1.0,1.0,-1.0,-1.0,0.0,0.0,0.0,0.0,0.0,0.0,0.0,0.0,0.0,0.0,0.0,0.0,2.0,5.0,-1.0
1.16176,60,109,0.5555555555555556,-1.0,5,1.1605850000000002,1.161915,1.171265,1.174675,0.0,-1.5500000000012726,1.160315,1.1610550000000002,1.1682000000000001,7.049999999997336,-64.40000000000224,-1.0,-1.0,-1.0,0.0,0.0,0.0,1.16192,1.16145,2.0,-1.6000000000016001,3.0999999999981043,0.0,0.0,0.0,0.0,0.0,3.0,5.0,0.0
1.34332,0,109,0.0,0.0,0,1.342325,1.33826,1.347995,1.347445,0.0,50.60000000000065,1.342055,1.3421599999999998,1.34775,11.60000000000272,-44.29999999999934,-1.0,1.0,-1.0,1.0,0.0,0.0,0.0,0.0,0.0,0.0,0.0,0.0,0.0,0.0,0.0,0.0,3.0,5.0,-1.0
158.981,72,109,0.6666666666666666,1.0,6,159.06,158.92000000000002,157.87650000000002,156.40750000000003,0.0,6.099999999997863,159.0805,158.9655,157.921,1.5500000000002956,106.00000000000023,1.0,1.0,1.0,1.0,0.0,0.0,158.92,159.103,2.0,6.100000000000705,-12.20000000000141,0.0,1.0,0.0,0.0,0.0,3.0,5.0,0.0
0.71508,60,109,0.5555555555555556,1.0,5,0.7134100000000001,0.7131799999999999,0.7178450000000001,0.685675,0.0,19.000000000001236,0.714225,0.713705,0.71755,13.750000000000151,-24.699999999999722,1.0,1.0,-1.0,1.0,0.0,0.0,0.71341,0.71842,2.0,16.700000000000603,-33.39999999999898,0.0,0.0,0.0,0.0,0.0,3.0,5.0,0.0
1.37787,84,109,0.7777777777777778,1.0,7,1.376795,1.3765399999999999,1.3675,1.380315,0.0,13.300000000000534,1.378275,1.376545,1.37241,13.250000000000206,54.60000000000021,1.0,1.0,1.0,1.0,0.0,0.0,1.37679,1.38002,2.0,10.799999999999699,-21.500000000000963,0.0,0.0,0.0,0.0,0.0,3.0,5.0,1.0
0.78659,0,109,0.0,0.0,0,0.788075,0.787215,0.784295,0.78532,0.0,-6.249999999999867,0.788075,0.788195,0.7833950000000001,-16.049999999999677,31.949999999999477,0.0,1.0,-1.0,-1.0,0.0,0.0,0.0,0.0,0.0,0.0,0.0,0.0,0.0,0.0,0.0,0.0,3.0,5.0,-1.0
1.16024,84,109,0.7777777777777778,-1.0,7,1.16063,1.161915,1.171265,1.174675,0.0,-16.75000000000093,1.160365,1.160485,1.1682000000000001,-2.4500000000005073,-79.6000000000019,-1.0,-1.0,-1.0,-1.0,0.0,0.0,1.16063,1.15946,2.0,-3.900000000001125,7.800000000000029,0.0,0.0,0.0,0.0,0.0,4.0,5.0,0.0
1.3434300000000001,0,109,0.0,0.0,0,1.34379,1.3417999999999999,1.347995,1.347445,0.0,16.300000000002424,1.34397,1.342735,1.345595,6.950000000001122,-21.649999999999725,1.0,1.0,-1.0,1.0,0.0,0.0,0.0,0.0,0.0,0.0,0.0,0.0,0.0,0.0,0.0,0.0,4.0,5.0,-1.0
159.185,84,109,0.7777777777777778,1.0,7,159.0525,158.9655,157.87650000000002,156.40750000000003,0.0,21.95000000000107,159.109,159.0805,158.0335,10.45000000000016,115.14999999999986,1.0,1.0,1.0,1.0,0.0,0.0,159.0525,159.45,2.0,13.249999999999318,-26.499999999998636,0.0,1.0,0.0,0.0,0.0,4.0,5.0,0.0
0.71288,60,109,0.5555555555555556,-1.0,5,0.7137100000000001,0.713015,0.7178450000000001,0.685675,0.0,-1.3499999999999623,0.71295,0.714225,0.71755,-13.450000000000406,-46.70000000000063,-1.0,1.0,-1.0,0.0,0.0,0.0,0.71301,0.71261,2.0,-1.300000000000745,2.6999999999999247,0.0,0.0,0.0,0.0,0.0,4.0,5.0,0.0
1.38208,84,109,0.7777777777777778,1.0,7,1.3797199999999998,1.377735,1.36869,1.380315,0.0,43.45000000000043,1.380735,1.3792149999999999,1.3747,28.650000000001175,73.79999999999941,1.0,1.0,1.0,1.0,0.0,0.0,1.37972,1.3868,2.0,23.599999999999177,-47.20000000000057,0.0,0.0,0.0,0.0,0.0,4.0,5.0,0.0
0.7849,72,109,0.6666666666666666,-1.0,6,0.78569,0.787215,0.784295,0.78532,0.0,-23.149999999999558,0.78544,0.7871,0.7834099999999999,-21.999999999999797,14.900000000001024,-1.0,-1.0,-1.0,-1.0,0.0,0.0,0.78569,0.78332,2.0,-7.899999999999574,15.800000000000258,0.0,0.0,0.0,0.0,0.0,4.0,5.0,1.0
1.1643,60,109,0.5555555555555556,1.0,5,1.16253,1.16145,1.1686450000000002,1.174675,0.0,28.49999999999797,1.164475,1.162055,1.1659000000000002,22.449999999998305,-16.00000000000268,1.0,1.0,-1.0,1.0,0.0,0.0,1.16253,1.16784,2.0,17.699999999998273,-35.400000000000986,0.0,0.0,0.0,0.0,0.0,0.0,5.0,0.0
1.35065,72,109,0.6666666666666666,1.0,6,1.3470300000000002,1.3440949999999998,1.347995,1.351365,0.0,65.55000000000089,1.35007,1.3462649999999998,1.3426550000000002,43.85000000000083,79.94999999999752,1.0,1.0,-1.0,1.0,0.0,0.0,1.348,1.35596,2.0,26.49999999999819,-53.10000000000148,0.0,0.0,0.0,0.0,0.0,0.0,5.0,0.0
158.912,0,109,0.0,0.0,0,158.95850000000002,158.9655,157.87650000000002,156.40750000000003,0.0,-5.349999999998545,158.911,158.9785,158.324,-6.649999999999068,58.799999999999386,-1.0,1.0,1.0,-1.0,0.0,0.0,0.0,0.0,0.0,0.0,0.0,0.0,1.0,0.0,0.0,0.0,0.0,5.0,-1.0
0.71747,60,109,0.5555555555555556,1.0,5,0.71536,0.71306,0.7178450000000001,0.690555,0.0,44.10000000000025,0.717435,0.714905,0.71755,25.650000000000396,-0.7999999999996898,1.0,1.0,-1.0,1.0,0.0,0.0,0.71536,0.72169,2.0,21.100000000000563,-42.20000000000002,0.0,0.0,0.0,0.0,0.0,0.0,5.0,0.0
1.38015,60,109,0.5555555555555556,1.0,5,1.38093,1.377735,1.36869,1.374795,0.0,24.15000000000056,1.380435,1.380385,1.37539,-2.349999999999852,47.600000000000975,-1.0,1.0,1.0,1.0,0.0,0.0,1.37773,1.38498,2.0,24.200000000000887,-48.30000000000112,0.0,0.0,0.0,0.0,0.0,0.0,5.0,1.0
0.78257,72,109,0.6666666666666666,-1.0,6,0.7829699999999999,0.785725,0.784295,0.7845,0.0,-31.55000000000019,0.782135,0.78393,0.785315,-13.600000000000279,-27.449999999999974,-1.0,-1.0,1.0,-1.0,0.0,0.0,0.78297,0.78177,2.0,-4.00000000000067,8.00000000000023,0.0,0.0,0.0,0.0,0.0,0.0,5.0,0.0
1.16311,0,109,0.0,0.0,0,1.16306,1.16145,1.1686450000000002,1.174675,0.0,16.599999999999948,1.16265,1.163455,1.164885,-3.4499999999981767,-17.7499999999986,-1.0,1.0,-1.0,0.0,0.0,0.0,0.0,0.0,0.0,0.0,0.0,0.0,0.0,0.0,0.0,0.0,1.0,5.0,-1.0
1.34475,60,109,0.5555555555555556,-1.0,5,1.34717,1.3446,1.347995,1.351365,0.0,1.4999999999987246,1.345465,1.34717,1.341725,-24.200000000000887,30.249999999998334,-1.0,1.0,-1.0,-1.0,0.0,0.0,1.34717,1.33991,2.0,-24.200000000000887,48.39999999999955,0.0,0.0,0.0,0.0,0.0,1.0,5.0,1.0
159.308,84,109,0.7777777777777778,1.0,7,159.0895,158.98250000000002,157.87650000000002,156.40750000000003,0.0,32.54999999999768,159.27949999999998,159.0895,158.341,21.85000000000059,96.69999999999845,1.0,1.0,1.0,1.0,0.0,0.0,159.0895,159.745,2.0,21.85000000000059,-43.70000000000118,0.0,1.0,0.0,0.0,0.0,1.0,5.0,-1.0
0.71664,60,109,0.5555555555555556,1.0,5,0.716575,0.71408,0.7178450000000001,0.690555,0.0,25.600000000000065,0.716715,0.716845,0.7171799999999999,-2.049999999998997,-5.399999999998739,1.0,1.0,-1.0,1.0,0.0,0.0,0.71657,0.71677,2.0,0.700000000000145,-1.2999999999996348,0.0,0.0,0.0,0.0,0.0,1.0,5.0,1.0
1.38134,84,109,0.7777777777777778,1.0,7,1.380865,1.377735,1.36869,1.374795,0.0,36.05000000000081,1.38104,1.380795,1.376255,5.450000000000177,50.850000000000065,1.0,1.0,1.0,1.0,0.0,0.0,1.38087,1.38229,2.0,4.699999999999704,-9.500000000000064,0.0,0.0,0.0,0.0,0.0,1.0,5.0,0.0
0.7856,60,109,0.5555555555555556,1.0,5,0.78432,0.7857149999999999,0.784295,0.7845,0.0,-1.1499999999997623,0.78549,0.78361,0.78572,19.899999999999363,-1.2000000000000899,1.0,-1.0,1.0,1.0,0.0,0.0,0.78432,0.78816,2.0,12.799999999999478,-25.600000000000065,0.0,0.0,0.0,0.0,0.0,1.0,5.0,0.0
1.16262,0,109,0.0,0.0,0,1.1641650000000001,1.1618650000000001,1.1686450000000002,1.174675,0.0,7.549999999998391,1.1641650000000001,1.16387,1.16243,-12.499999999999734,1.8999999999991246,0.0,1.0,-1.0,0.0,0.0,0.0,0.0,0.0,0.0,0.0,0.0,0.0,0.0,0.0,0.0,0.0,2.0,5.0,-1.0
1.34284,72,109,0.6666666666666666,-1.0,6,1.343755,1.34505,1.347995,1.351365,0.0,-22.100000000000453,1.3436949999999999,1.34528,1.3405550000000002,-24.399999999999977,22.849999999998705,-1.0,1.0,-1.0,-1.0,0.0,0.0,1.34376,1.34101,2.0,-9.200000000000319,18.299999999999983,0.0,0.0,0.0,0.0,0.0,2.0,5.0,1.0
159.523,84,109,0.7777777777777778,1.0,7,159.37650000000002,159.151,157.87650000000002,156.40750000000003,0.0,37.19999999999857,159.4115,159.34199999999998,158.91250000000002,18.10000000000116,61.04999999999734,1.0,1.0,1.0,1.0,0.0,0.0,159.3765,159.816,2.0,14.650000000000318,-29.300000000000637,0.0,1.0,0.0,0.0,0.0,2.0,5.0,0.0
0.71412,72,109,0.6666666666666666,-1.0,6,0.715165,0.7148950000000001,0.7178450000000001,0.690555,0.0,-7.750000000000812,0.7136549999999999,0.715165,0.715105,-10.450000000000736,-9.850000000000136,-1.0,1.0,-1.0,-1.0,0.0,0.0,0.7149,0.71257,2.0,-7.800000000000029,15.499999999999403,0.0,0.0,0.0,0.0,0.0,2.0,5.0,1.0
1.38391,84,109,0.7777777777777778,1.0,7,1.382775,1.380965,1.3700999999999999,1.374795,0.0,29.449999999999754,1.38361,1.38256,1.37835,13.499999999999623,55.600000000000094,1.0,1.0,1.0,1.0,0.0,0.0,1.38278,1.38618,2.0,11.300000000000754,-22.699999999999942,0.0,0.0,0.0,0.0,0.0,2.0,5.0,1.0
0.78704,72,109,0.6666666666666666,1.0,6,0.78593,0.78559,0.784295,0.7845,0.0,14.499999999999513,0.78593,0.78576,0.785725,12.799999999999478,13.149999999999551,0.0,1.0,1.0,1.0,0.0,0.0,0.78593,0.78926,2.0,11.099999999999444,-22.199999999999996,0.0,0.0,0.0,0.0,0.0,2.0,5.0,1.0
1.16489,0,109,0.0,0.0,0,1.162375,1.162375,1.1686450000000002,1.174675,0.0,25.15000000000045,1.163845,1.162375,1.161915,25.15000000000045,29.7499999999995,1.0,0.0,-1.0,1.0,0.0,0.0,0.0,0.0,0.0,0.0,0.0,0.0,0.0,0.0,0.0,0.0,3.0,5.0,-1.0
1.3443,0,109,0.0,0.0,0,1.34091,1.34381,1.347995,1.351365,0.0,4.900000000001015,1.342655,1.341245,1.3405550000000002,30.5500000000003,37.44999999999887,1.0,-1.0,-1.0,0.0,0.0,0.0,0.0,0.0,0.0,0.0,0.0,0.0,0.0,0.0,0.0,0.0,3.0,5.0,-1.0
159.247,0,109,0.0,0.0,0,159.37900000000002,159.1875,157.87650000000002,156.40750000000003,0.0,5.95000000000141,159.2975,159.37900000000002,159.074,-13.2000000000005,17.300000000000182,-1.0,1.0,1.0,0.0,0.0,0.0,0.0,0.0,0.0,0.0,0.0,0.0,1.0,0.0,0.0,0.0,3.0,5.0,-1.0
0.71619,0,109,0.0,0.0,0,0.71336,0.713975,0.7178450000000001,0.690555,0.0,22.14999999999967,0.714345,0.71336,0.7131799999999999,28.29999999999999,30.100000000000684,1.0,-1.0,-1.0,1.0,0.0,0.0,0.0,0.0,0.0,0.0,0.0,0.0,0.0,0.0,0.0,0.0,3.0,5.0,-1.0
1.37815,0,109,0.0,0.0,0,1.382185,1.382185,1.370995,1.374795,0.0,-40.35000000000011,1.3813900000000001,1.382185,1.38004,-40.35000000000011,-18.899999999999473,-1.0,0.0,1.0,-1.0,0.0,0.0,0.0,0.0,0.0,0.0,0.0,0.0,0.0,0.0,0.0,0.0,3.0,5.0,-1.0
0.78391,60,109,0.5555555555555556,-1.0,5,0.78662,0.78535,0.784295,0.7845,0.0,-14.399999999999968,0.786205,0.78662,0.785725,-27.099999999999902,-18.150000000000112,-1.0,1.0,1.0,-1.0,0.0,0.0,0.78429,0.78314,2.0,-3.8000000000004697,7.700000000000484,0.0,0.0,0.0,0.0,0.0,3.0,5.0,1.0
1.16593,60,109,0.5555555555555556,1.0,5,1.16554,1.16361,1.1686450000000002,1.174675,0.0,23.199999999998777,1.166315,1.1644700000000001,1.163105,14.599999999997948,28.249999999998554,1.0,1.0,-1.0,1.0,0.0,0.0,1.16554,1.16671,2.0,3.8999999999989043,-7.800000000000029,0.0,0.0,0.0,0.0,0.0,4.0,5.0,0.0
1.34555,0,109,0.0,0.0,0,1.3446799999999999,1.34381,1.347995,1.351365,0.0,17.400000000000748,1.3452899999999999,1.34358,1.34381,19.700000000000273,17.400000000000748,1.0,-1.0,-1.0,1.0,0.0,0.0,0.0,0.0,0.0,0.0,0.0,0.0,0.0,0.0,0.0,0.0,4.0,5.0,-1.0
159.255,60,109,0.5555555555555556,1.0,5,159.234,159.2265,157.87650000000002,156.40750000000003,0.0,2.8500000000008185,159.2245,159.292,159.11950000000002,-3.700000000000614,13.549999999997908,-1.0,1.0,1.0,-1.0,0.0,0.0,159.234,159.297,2.0,2.0999999999986585,-4.200000000000159,0.0,1.0,0.0,0.0,0.0,4.0,5.0,1.0
0.7184,72,109,0.6666666666666666,1.0,6,0.717475,0.7149099999999999,0.7178450000000001,0.690555,0.0,34.90000000000104,0.718395,0.715435,0.7139949999999999,29.649999999999956,44.050000000001035,1.0,1.0,-1.0,1.0,0.0,0.0,0.71785,0.71951,2.0,5.5000000000005045,-11.099999999999444,0.0,0.0,0.0,0.0,0.0,4.0,5.0,0.0
1.37945,0,109,0.0,0.0,0,1.37998,1.382005,1.370995,1.374795,0.0,-25.54999999999863,1.37998,1.382005,1.38004,-25.54999999999863,-5.899999999998684,0.0,0.0,1.0,-1.0,0.0,0.0,0.0,0.0,0.0,0.0,0.0,0.0,0.0,0.0,0.0,0.0,4.0,5.0,-1.0
0.78109,72,109,0.6666666666666666,-1.0,6,0.78211,0.78472,0.784295,0.7845,0.0,-36.300000000000225,0.7811699999999999,0.784705,0.785095,-36.15000000000035,-40.05000000000037,-1.0,-1.0,1.0,-1.0,0.0,0.0,0.78211,0.77905,2.0,-10.200000000000209,20.39999999999931,0.0,0.0,0.0,0.0,0.0,4.0,5.0,0.0
1.16312,72,109,0.6666666666666666,-1.0,6,1.16369,1.16361,1.1686450000000002,1.174675,0.0,-4.900000000001015,1.162745,1.164515,1.163105,-13.950000000000351,0.14999999999876223,-1.0,1.0,-1.0,-1.0,0.0,0.0,1.16361,1.16214,2.0,-4.900000000001015,9.799999999999809,0.0,0.0,0.0,0.0,0.0,0.0,6.0,0.0
1.34554,0,109,0.0,0.0,0,1.3441200000000002,1.342625,1.347995,1.351365,0.0,29.15000000000001,1.34381,1.3445900000000002,1.34381,9.499999999997844,17.300000000000093,-1.0,1.0,-1.0,1.0,0.0,0.0,0.0,0.0,0.0,0.0,0.0,0.0,0.0,0.0,0.0,0.0,0.0,6.0,-1.0
159.662,72,109,0.6666666666666666,1.0,6,159.487,159.4275,157.87650000000002,156.40750000000003,0.0,23.449999999999704,159.59449999999998,159.4275,159.1735,23.449999999999704,48.850000000001614,1.0,0.0,1.0,1.0,0.0,0.0,159.487,160.012,2.0,17.500000000001137,-34.99999999999943,0.0,1.0,0.0,0.0,0.0,0.0,6.0,0.0
0.71598,0,109,0.0,0.0,0,0.716145,0.7149099999999999,0.7178450000000001,0.693495,0.0,10.700000000000154,0.7153499999999999,0.716665,0.71436,-6.850000000000467,16.199999999999548,-1.0,1.0,-1.0,0.0,0.0,0.0,0.0,0.0,0.0,0.0,0.0,0.0,0.0,0.0,0.0,0.0,0.0,6.0,-1.0
1.38407,72,109,0.6666666666666666,1.0,6,1.3816950000000001,1.382005,1.370995,1.3723999999999998,0.0,20.649999999999835,1.38367,1.3809749999999998,1.38004,30.9500000000007,40.299999999999784,1.0,-1.0,1.0,1.0,0.0,0.0,1.382,1.3882,2.0,20.700000000000163,-41.30000000000189,0.0,0.0,0.0,0.0,0.0,0.0,6.0,0.0
0.78654,72,109,0.6666666666666666,1.0,6,0.78413,0.78472,0.784295,0.7845,0.0,18.200000000000436,0.78603,0.78398,0.785095,25.600000000000065,14.450000000000296,1.0,-1.0,1.0,1.0,0.0,0.0,0.78472,0.79018,2.0,18.200000000000436,-36.399999999999764,0.0,0.0,0.0,0.0,0.0,0.0,6.0,0.0
1.16302,72,109,0.6666666666666666,-1.0,6,1.16345,1.16361,1.1686450000000002,1.174675,0.0,-5.9000000000009045,1.16345,1.163255,1.163105,-2.349999999999852,-0.8500000000011276,0.0,-1.0,-1.0,-1.0,0.0,0.0,1.16345,1.16216,2.0,-4.300000000001525,8.599999999998609,0.0,0.0,0.0,0.0,0.0,1.0,6.0,1.0
1.34662,60,109,0.5555555555555556,1.0,5,1.3465349999999998,1.342625,1.347995,1.351365,0.0,39.949999999999704,1.34666,1.344395,1.34381,22.249999999999215,28.099999999999792,1.0,1.0,-1.0,1.0,0.0,0.0,1.34653,1.34679,2.0,0.8999999999992347,-1.7000000000000348,0.0,0.0,0.0,0.0,0.0,1.0,6.0,0.0
159.916,84,109,0.7777777777777778,1.0,7,159.7735,159.54000000000002,157.87650000000002,156.40750000000003,0.0,37.599999999997635,159.8585,159.707,159.35399999999998,20.90000000000032,56.20000000000118,1.0,1.0,1.0,1.0,0.0,0.0,159.7735,160.201,2.0,14.249999999998408,-28.49999999999966,0.0,1.0,0.0,0.0,0.0,1.0,6.0,0.0
0.71801,72,109,0.6666666666666666,1.0,6,0.7170300000000001,0.7149099999999999,0.7178450000000001,0.693495,0.0,31.000000000001027,0.7178100000000001,0.716035,0.7149099999999999,19.7500000000006,31.000000000001027,1.0,1.0,-1.0,1.0,0.0,0.0,0.71785,0.71834,2.0,1.60000000000049,-3.2999999999994145,0.0,0.0,0.0,0.0,0.0,1.0,6.0,0.0
1.3839000000000001,72,109,0.6666666666666666,1.0,6,1.3834499999999998,1.382005,1.370995,1.3723999999999998,0.0,18.95000000000202,1.38305,1.3833,1.38029,6.00000000000156,36.10000000000113,-1.0,1.0,1.0,1.0,0.0,0.0,1.38345,1.3848,2.0,4.500000000000615,-8.999999999999009,0.0,0.0,0.0,0.0,0.0,1.0,6.0,0.0
0.78713,84,109,0.7777777777777778,1.0,7,0.786415,0.78472,0.784295,0.7845,0.0,24.100000000000232,0.7867,0.78565,0.78496,14.800000000000368,21.700000000000053,1.0,1.0,1.0,1.0,0.0,0.0,0.78641,0.78856,2.0,7.199999999999429,-14.300000000000423,0.0,0.0,0.0,0.0,0.0,1.0,6.0,0.0
1.15985,84,109,0.7777777777777778,-1.0,7,1.16148,1.16404,1.1686450000000002,1.174675,0.0,-41.89999999999916,1.1606649999999998,1.162525,1.16361,-26.74999999999983,-37.59999999999985,-1.0,-1.0,-1.0,-1.0,0.0,0.0,1.16148,1.15659,2.0,-16.300000000000203,32.600000000000406,0.0,0.0,0.0,0.0,0.0,2.0,6.0,0.0
1.34184,72,109,0.6666666666666666,-1.0,6,1.34421,1.3445900000000002,1.347995,1.351365,0.0,-27.500000000002522,1.343135,1.34462,1.34381,-27.800000000000047,-19.700000000000273,-1.0,1.0,-1.0,-1.0,0.0,0.0,1.34421,1.3371,2.0,-23.699999999999832,47.399999999999665,0.0,0.0,0.0,0.0,0.0,2.0,6.0,0.0
160.08,84,109,0.7777777777777778,1.0,7,159.7255,159.5885,157.87650000000002,156.40750000000003,0.0,49.150000000000205,159.9325,159.7255,159.40249999999997,35.45000000000016,67.75000000000375,1.0,1.0,1.0,1.0,0.0,0.0,159.7255,160.789,2.0,35.45000000000016,-70.89999999999748,0.0,1.0,0.0,0.0,0.0,2.0,6.0,0.0
0.71276,84,109,0.7777777777777778,-1.0,7,0.71546,0.716275,0.7178450000000001,0.693495,0.0,-35.15000000000046,0.714635,0.71572,0.7149099999999999,-29.600000000000737,-21.49999999999985,-1.0,-1.0,-1.0,-1.0,0.0,0.0,0.71546,0.70736,2.0,-27.000000000000355,53.9999999999996,0.0,0.0,0.0,0.0,0.0,2.0,6.0,1.0
1.38952,84,109,0.7777777777777778,1.0,7,1.3863850000000002,1.383475,1.372465,1.3723999999999998,0.0,60.450000000000784,1.38758,1.38571,1.383475,38.10000000000091,60.450000000000784,1.0,1.0,1.0,1.0,0.0,0.0,1.38639,1.39579,2.0,31.30000000000077,-62.699999999999974,0.0,0.0,0.0,0.0,0.0,2.0,6.0,1.0
0.79208,84,109,0.7777777777777778,1.0,7,0.789525,0.78611,0.78441,0.7845,0.0,59.70000000000031,0.790665,0.78882,0.78611,32.600000000000406,59.70000000000031,1.0,1.0,1.0,1.0,0.0,0.0,0.78953,0.79719,2.0,25.500000000000522,-51.09999999999948,0.0,0.0,0.0,0.0,0.0,2.0,6.0,0.0
1.1611,72,109,0.6666666666666666,-1.0,6,1.16198,1.164015,1.1686450000000002,1.174675,0.0,-29.15000000000001,1.16265,1.16198,1.16361,-8.799999999999919,-25.100000000000122,1.0,-1.0,-1.0,-1.0,0.0,0.0,1.16198,1.15934,2.0,-8.799999999999919,17.599999999999838,0.0,0.0,0.0,0.0,0.0,3.0,6.0,0.0
1.34233,72,109,0.6666666666666666,-1.0,6,1.3435899999999998,1.3445900000000002,1.347995,1.351365,0.0,-22.600000000001508,1.344115,1.3435899999999998,1.34381,-12.599999999998168,-14.799999999999258,1.0,-1.0,-1.0,-1.0,0.0,0.0,1.34359,1.33981,2.0,-12.600000000000389,25.200000000000777,0.0,0.0,0.0,0.0,0.0,3.0,6.0,0.0
160.016,84,109,0.7777777777777778,1.0,7,159.815,159.5885,157.87650000000002,156.40750000000003,0.0,42.74999999999807,159.8985,159.815,159.40249999999997,20.09999999999934,61.350000000001614,1.0,1.0,1.0,1.0,0.0,0.0,159.815,160.418,2.0,20.09999999999934,-40.20000000000152,0.0,1.0,0.0,0.0,0.0,3.0,6.0,0.0
0.71329,72,109,0.6666666666666666,-1.0,6,0.7135549999999999,0.71614,0.7178450000000001,0.693495,0.0,-28.500000000000192,0.7140599999999999,0.71495,0.7149099999999999,-16.599999999999948,-16.199999999999548,1.0,-1.0,-1.0,-1.0,0.0,0.0,0.71355,0.71276,2.0,-2.60000000000038,5.3000000000003045,0.0,0.0,0.0,0.0,0.0,3.0,6.0,0.0
1.3908800000000001,72,109,0.6666666666666666,1.0,6,1.3903,1.384765,1.373755,1.3723999999999998,0.0,61.15000000000093,1.389615,1.3886100000000001,1.384765,22.699999999999942,61.15000000000093,-1.0,1.0,1.0,1.0,0.0,0.0,1.3903,1.39204,2.0,5.800000000000249,-11.599999999998278,0.0,0.0,0.0,0.0,0.0,3.0,6.0,0.0
0.78947,0,109,0.0,0.0,0,0.789575,0.78611,0.78441,0.7845,0.0,33.60000000000029,0.788285,0.78974,0.78611,-2.6999999999999247,33.60000000000029,-1.0,1.0,1.0,0.0,0.0,0.0,0.0,0.0,0.0,0.0,0.0,0.0,0.0,0.0,0.0,0.0,3.0,6.0,-1.0
1.1522000000000001,84,109,0.7777777777777778,-1.0,7,1.158105,1.158665,1.1657199999999999,1.174675,0.0,-64.64999999999944,1.1580300000000001,1.158145,1.16018,-59.44999999999867,-79.79999999999876,-1.0,-1.0,-1.0,-1.0,0.0,0.0,1.1581,1.14039,2.0,-58.99999999999794,118.10000000000099,0.0,0.0,0.0,0.0,0.0,4.0,6.0,-1.0
1.3335,72,109,0.6666666666666666,-1.0,6,1.3406600000000002,1.3406600000000002,1.347995,1.351365,0.0,-71.60000000000278,1.33996,1.3406600000000002,1.341755,-71.60000000000278,-82.55000000000123,-1.0,0.0,-1.0,-1.0,0.0,0.0,1.34066,1.31918,2.0,-71.60000000000055,143.19999999999888,0.0,0.0,0.0,0.0,0.0,4.0,6.0,0.0
160.238,72,109,0.6666666666666666,1.0,6,160.0325,159.85500000000002,157.685,156.40750000000003,0.0,38.299999999998136,160.0325,160.0325,159.571,20.550000000000068,66.70000000000016,0.0,1.0,1.0,1.0,0.0,0.0,160.0325,160.649,2.0,20.550000000000068,-41.100000000000136,0.0,1.0,0.0,0.0,0.0,4.0,6.0,0.0
0.70419,84,109,0.7777777777777778,-1.0,7,0.70905,0.711265,0.7157450000000001,0.693495,0.0,-70.75000000000054,0.70902,0.70931,0.711895,-51.20000000000013,-77.04999999999961,-1.0,-1.0,-1.0,-1.0,0.0,0.0,0.70905,0.69447,2.0,-48.59999999999975,97.1999999999995,0.0,0.0,0.0,0.0,0.0,4.0,6.0,-1.0
1.39407,72,109,0.6666666666666666,1.0,6,1.39081,1.388265,1.3750200000000001,1.3723999999999998,0.0,58.04999999999838,1.39081,1.39081,1.3860299999999999,32.59999999999819,80.40000000000047,0.0,1.0,1.0,1.0,0.0,0.0,1.39081,1.40059,2.0,32.59999999999819,-65.20000000000081,0.0,0.0,0.0,0.0,0.0,4.0,6.0,0.0
0.79627,84,109,0.7777777777777778,1.0,7,0.79198,0.790605,0.7864500000000001,0.7845,0.0,56.65000000000031,0.792335,0.79178,0.78815,44.89999999999994,81.20000000000016,1.0,1.0,1.0,1.0,0.0,0.0,0.79198,0.80485,2.0,42.90000000000016,-85.79999999999922,0.0,0.0,0.0,0.0,0.0,4.0,6.0,-1.0
1.15312,60,109,0.5555555555555556,-1.0,5,1.15272,1.157595,1.16482,1.174675,0.0,-44.75000000000007,1.15411,1.1572049999999998,1.1592799999999999,-40.84999999999894,-61.59999999999943,1.0,-1.0,-1.0,-1.0,0.0,0.0,1.15759,1.14417,2.0,-44.69999999999974,89.50000000000014,0.0,0.0,0.0,0.0,0.0,0.0,6.0,0.0
1.33383,0,109,0.0,0.0,0,1.33377,1.339445,1.34775,1.351365,0.0,-56.14999999999925,1.3351199999999999,1.339445,1.3395549999999998,-56.14999999999925,-57.249999999997584,1.0,0.0,-1.0,-1.0,0.0,0.0,0.0,0.0,0.0,0.0,0.0,0.0,0.0,0.0,0.0,0.0,0.0,6.0,-1.0
160.175,72,109,0.6666666666666666,1.0,6,160.111,159.88,157.70999999999998,156.40750000000003,0.0,29.50000000000159,160.0885,160.0575,159.743,11.750000000000682,43.20000000000164,-1.0,1.0,1.0,1.0,0.0,0.0,160.111,160.303,2.0,6.400000000002137,-12.79999999999859,0.0,1.0,0.0,0.0,0.0,0.0,6.0,0.0
0.70442,72,109,0.6666666666666666,-1.0,6,0.70489,0.71038,0.71486,0.693495,0.0,-59.59999999999965,0.70591,0.7081649999999999,0.7110099999999999,-37.44999999999887,-65.89999999999874,1.0,-1.0,-1.0,-1.0,0.0,0.0,0.70489,0.70348,2.0,-4.699999999999704,9.400000000000519,0.0,0.0,0.0,0.0,0.0,0.0,6.0,1.0
1.39533,72,109,0.6666666666666666,1.0,6,1.394355,1.388795,1.376785,1.375265,0.0,65.34999999999957,1.394355,1.39134,1.38656,39.89999999999938,87.69999999999945,0.0,1.0,1.0,1.0,0.0,0.0,1.39436,1.39728,2.0,9.699999999999154,-19.500000000001183,0.0,0.0,0.0,0.0,0.0,0.0,6.0,0.0
0.7979,84,109,0.7777777777777778,1.0,7,0.79617,0.79194,0.787385,0.78234,0.0,59.60000000000076,0.79647,0.7929299999999999,0.789085,49.70000000000141,88.15000000000018,1.0,1.0,1.0,1.0,0.0,0.0,0.79617,0.80136,2.0,17.300000000000093,-34.59999999999908,0.0,0.0,0.0,0.0,0.0,0.0,6.0,0.0
1.15432,60,109,0.5555555555555556,-1.0,5,1.15524,1.157245,1.16482,1.174675,0.0,-29.250000000000664,1.15533,1.1538849999999998,1.1592799999999999,4.350000000001852,-49.59999999999853,1.0,-1.0,-1.0,0.0,0.0,0.0,1.15524,1.15248,2.0,-9.200000000000319,18.400000000000638,0.0,0.0,0.0,0.0,0.0,1.0,6.0,0.0
1.33793,0,109,0.0,0.0,0,1.337055,1.339445,1.34775,1.351365,0.0,-15.14999999999933,1.33843,1.335815,1.3395549999999998,21.15000000000089,-16.249999999997655,1.0,-1.0,-1.0,0.0,0.0,0.0,0.0,0.0,0.0,0.0,0.0,0.0,0.0,0.0,0.0,0.0,1.0,6.0,-1.0
160.373,84,109,0.7777777777777778,1.0,7,160.24650000000003,159.996,157.7365,156.40750000000003,0.0,37.69999999999811,160.293,160.16250000000002,159.7695,21.04999999999677,60.34999999999968,1.0,1.0,1.0,1.0,0.0,0.0,160.2465,160.626,2.0,12.649999999999295,-25.300000000001432,0.0,1.0,0.0,0.0,0.0,1.0,6.0,0.0
0.70268,84,109,0.7777777777777778,-1.0,7,0.70377,0.7079850000000001,0.714125,0.693495,0.0,-53.05000000000115,0.70338,0.7041550000000001,0.710275,-14.750000000001151,-75.95000000000019,-1.0,-1.0,-1.0,-1.0,0.0,0.0,0.70377,0.7005,2.0,-10.900000000000354,21.7999999999996,0.0,0.0,0.0,0.0,0.0,1.0,6.0,1.0
1.395,72,109,0.6666666666666666,1.0,6,1.3944,1.39161,1.377345,1.375265,0.0,33.90000000000004,1.3944,1.3944,1.386965,5.999999999999339,80.35000000000014,0.0,1.0,1.0,1.0,0.0,0.0,1.3944,1.3962,2.0,5.999999999999339,-12.000000000000899,0.0,0.0,0.0,0.0,0.0,1.0,6.0,0.0
0.79829,72,109,0.6666666666666666,1.0,6,0.796995,0.79297,0.78764,0.78234,0.0,53.200000000001026,0.796995,0.796935,0.7893399999999999,13.550000000001061,89.50000000000125,0.0,1.0,1.0,1.0,0.0,0.0,0.797,0.80088,2.0,12.900000000000134,-25.899999999999814,0.0,0.0,0.0,0.0,0.0,1.0,6.0,0.0
1.15354,72,109,0.6666666666666666,-1.0,6,1.1553,1.1572049999999998,1.16482,1.174675,0.0,-36.64999999999807,1.155375,1.15533,1.1592799999999999,-17.899999999999583,-57.39999999999856,1.0,-1.0,-1.0,-1.0,0.0,0.0,1.1553,1.15002,2.0,-17.599999999999838,35.199999999999676,0.0,0.0,0.0,0.0,0.0,2.0,6.0,0.0
1.3367200000000001,60,109,0.5555555555555556,-1.0,5,1.339325,1.339445,1.34775,1.351365,0.0,-27.249999999998664,1.3395000000000001,1.33907,1.3395549999999998,-23.499999999998522,-28.34999999999699,1.0,-1.0,-1.0,0.0,0.0,0.0,1.33933,1.33151,2.0,-26.09999999999779,52.100000000001586,0.0,0.0,0.0,0.0,0.0,2.0,6.0,0.0
160.563,84,109,0.7777777777777778,1.0,7,160.401,160.14600000000002,157.7985,156.40750000000003,0.0,41.69999999999732,160.429,160.3535,159.8315,20.949999999999136,73.14999999999827,1.0,1.0,1.0,1.0,0.0,0.0,160.401,160.887,2.0,16.19999999999777,-32.40000000000123,0.0,1.0,0.0,0.0,0.0,2.0,6.0,0.0
0.69954,72,109,0.6666666666666666,-1.0,6,0.70158,0.707005,0.71359,0.693495,0.0,-74.64999999999944,0.70158,0.7028449999999999,0.70974,-33.04999999999892,-101.99999999999987,0.0,-1.0,-1.0,-1.0,0.0,0.0,0.70158,0.69546,2.0,-20.39999999999931,40.800000000000836,0.0,0.0,0.0,0.0,0.0,2.0,6.0,0.0
1.39438,60,109,0.5555555555555556,1.0,5,1.3928150000000001,1.391745,1.377345,1.375265,0.0,26.34999999999943,1.392465,1.393415,1.386965,9.649999999998826,74.1499999999995,-1.0,1.0,1.0,0.0,0.0,0.0,1.39282,1.39751,2.0,15.600000000000058,-31.30000000000077,0.0,0.0,0.0,0.0,0.0,2.0,6.0,1.0
0.80008,72,109,0.6666666666666666,1.0,6,0.79832,0.7936650000000001,0.788135,0.78234,0.0,64.14999999999948,0.79832,0.79749,0.7898350000000001,25.899999999999814,102.44999999999949,0.0,1.0,1.0,1.0,0.0,0.0,0.79832,0.8036,2.0,17.599999999999838,-35.199999999999676,0.0,0.0,0.0,0.0,0.0,2.0,6.0,0.0
1.15782,0,109,0.0,0.0,0,1.15462,1.15496,1.164375,1.174675,0.0,28.600000000000847,1.15462,1.15462,1.1582249999999998,32.00000000000092,-4.049999999997667,0.0,-1.0,-1.0,1.0,0.0,0.0,0.0,0.0,0.0,0.0,0.0,0.0,0.0,0.0,0.0,0.0,3.0,6.0,-1.0
1.3414,0,109,0.0,0.0,0,1.33786,1.33693,1.34775,1.351365,0.0,44.69999999999974,1.33786,1.33786,1.339445,35.39999999999877,19.54999999999929,0.0,1.0,-1.0,1.0,0.0,0.0,0.0,0.0,0.0,0.0,0.0,0.0,0.0,0.0,0.0,0.0,3.0,6.0,-1.0
159.942,0,109,0.0,0.0,0,160.065,160.065,158.30450000000002,156.40750000000003,0.0,-12.299999999999045,160.065,160.065,159.94299999999998,-12.299999999999045,-0.09999999999763531,0.0,0.0,1.0,-1.0,0.0,0.0,0.0,0.0,0.0,0.0,0.0,0.0,1.0,0.0,0.0,0.0,3.0,6.0,-1.0
0.70472,0,109,0.0,0.0,0,0.7017,0.704485,0.7125250000000001,0.693495,0.0,2.349999999999852,0.7017,0.7017,0.70845,30.200000000000227,-37.30000000000011,0.0,-1.0,-1.0,1.0,0.0,0.0,0.0,0.0,0.0,0.0,0.0,0.0,0.0,0.0,0.0,0.0,3.0,6.0,-1.0
1.3967,72,109,0.6666666666666666,1.0,6,1.39777,1.3955950000000001,1.3822,1.375265,0.0,11.049999999999116,1.39886,1.396155,1.390545,5.450000000000177,61.550000000001326,1.0,1.0,1.0,1.0,0.0,0.0,1.3956,1.39891,2.0,11.000000000001009,-22.100000000000453,0.0,0.0,0.0,0.0,0.0,3.0,6.0,0.0
0.79479,0,109,0.0,0.0,0,0.79772,0.79644,0.7887,0.78234,0.0,-16.500000000000405,0.79772,0.79772,0.79055,-29.299999999999883,42.40000000000022,0.0,1.0,1.0,-1.0,0.0,0.0,0.0,0.0,0.0,0.0,0.0,0.0,0.0,0.0,0.0,0.0,3.0,6.0,-1.0
1.15675,0,109,0.0,0.0,0,1.15733,1.15462,1.164375,1.174675,0.0,21.299999999999653,1.15719,1.15462,1.157765,21.299999999999653,-10.149999999999881,-1.0,0.0,-1.0,1.0,0.0,0.0,0.0,0.0,0.0,0.0,0.0,0.0,0.0,0.0,0.0,0.0,4.0,6.0,-1.0
1.3403399999999999,0,109,0.0,0.0,0,1.340805,1.33786,1.34775,1.351365,0.0,24.799999999998157,1.34067,1.33786,1.339445,24.799999999998157,8.949999999998681,-1.0,0.0,-1.0,1.0,0.0,0.0,0.0,0.0,0.0,0.0,0.0,0.0,0.0,0.0,0.0,0.0,4.0,6.0,-1.0
160.189,60,109,0.5555555555555556,1.0,5,159.9565,160.065,158.5105,156.40750000000003,0.0,12.399999999999523,160.2465,160.065,159.9805,12.399999999999523,20.84999999999866,1.0,0.0,1.0,-1.0,0.0,0.0,160.065,160.437,2.0,12.399999999999523,-24.800000000001887,0.0,1.0,0.0,0.0,0.0,4.0,6.0,0.0
0.70448,0,109,0.0,0.0,0,0.704035,0.70268,0.7125250000000001,0.693495,0.0,18.000000000000238,0.704555,0.7019299999999999,0.70834,25.500000000000522,-38.599999999999746,1.0,-1.0,-1.0,1.0,0.0,0.0,0.0,0.0,0.0,0.0,0.0,0.0,0.0,0.0,0.0,0.0,4.0,6.0,-1.0
1.39883,84,109,0.7777777777777778,1.0,7,1.397355,1.396155,1.3833199999999999,1.375265,0.0,26.74999999999983,1.397635,1.398755,1.39194,0.7500000000004725,68.90000000000063,1.0,1.0,1.0,1.0,0.0,0.0,1.39735,1.40178,2.0,14.799999999999258,-29.50000000000008,0.0,0.0,0.0,0.0,0.0,4.0,6.0,0.0
0.79697,0,109,0.0,0.0,0,0.795795,0.7976449999999999,0.7887,0.78234,0.0,-6.749999999999812,0.7967,0.7976449999999999,0.792855,-6.749999999999812,41.1499999999998,1.0,0.0,1.0,-1.0,0.0,0.0,0.0,0.0,0.0,0.0,0.0,0.0,0.0,0.0,0.0,0.0,4.0,6.0,-1.0
1.15881,0,109,0.0,0.0,0,1.159405,1.15624,1.164375,1.174675,0.0,25.699999999999612,1.1602000000000001,1.159105,1.157245,-2.9500000000015625,15.649999999998165,1.0,1.0,-1.0,1.0,0.0,0.0,0.0,0.0,0.0,0.0,0.0,0.0,0.0,0.0,0.0,0.0,0.0,6.0,-1.0
1.34098,0,109,0.0,0.0,0,1.34293,1.3392650000000001,1.34775,1.351365,0.0,17.14999999999911,1.342505,1.3425150000000001,1.339445,-15.350000000000641,15.350000000000641,-1.0,1.0,-1.0,1.0,0.0,0.0,0.0,0.0,0.0,0.0,0.0,0.0,0.0,0.0,0.0,0.0,0.0,6.0,-1.0
160.352,72,109,0.6666666666666666,1.0,6,160.06099999999998,160.065,158.54500000000002,156.95,0.0,28.700000000000614,160.20850000000002,160.06099999999998,159.9805,29.100000000002524,37.14999999999975,1.0,-1.0,1.0,1.0,0.0,0.0,160.065,160.926,2.0,28.700000000000614,-57.399999999998386,0.0,1.0,0.0,0.0,0.0,0.0,6.0,0.0
0.70697,60,109,0.5555555555555556,1.0,5,0.70635,0.70336,0.7125250000000001,0.694075,0.0,36.10000000000002,0.707625,0.705985,0.708025,9.850000000000136,-10.550000000000281,1.0,1.0,-1.0,1.0,0.0,0.0,0.70635,0.70821,2.0,6.199999999999539,-12.400000000000189,0.0,0.0,0.0,0.0,0.0,0.0,6.0,0.0
1.39906,84,109,0.7777777777777778,1.0,7,1.397215,1.396155,1.383605,1.38322,0.0,29.049999999999354,1.3981999999999999,1.397215,1.3926150000000002,18.449999999998745,64.44999999999811,1.0,1.0,1.0,1.0,0.0,0.0,1.39722,1.40275,2.0,18.400000000000638,-36.89999999999971,0.0,0.0,0.0,0.0,0.0,0.0,6.0,1.0
0.79474,0,109,0.0,0.0,0,0.7945599999999999,0.796685,0.7887,0.784815,0.0,-19.449999999999747,0.7935,0.794835,0.7938149999999999,-0.9499999999995623,9.250000000000647,-1.0,-1.0,1.0,-1.0,0.0,0.0,0.0,0.0,0.0,0.0,0.0,0.0,0.0,0.0,0.0,0.0,0.0,6.0,-1.0
1.16083,60,109,0.5555555555555556,1.0,5,1.159725,1.15624,1.164375,1.174675,0.0,45.900000000000944,1.160375,1.1597650000000002,1.157245,10.649999999998716,35.8499999999995,1.0,1.0,-1.0,1.0,0.0,0.0,1.15972,1.16304,2.0,11.099999999999444,-22.100000000000453,0.0,0.0,0.0,0.0,0.0,1.0,6.0,0.0
1.34245,0,109,0.0,0.0,0,1.3416649999999999,1.3392650000000001,1.345595,1.351365,0.0,31.849999999997713,1.3422749999999999,1.3417400000000002,1.339445,7.099999999997664,30.049999999999244,1.0,1.0,-1.0,0.0,0.0,0.0,0.0,0.0,0.0,0.0,0.0,0.0,0.0,0.0,0.0,0.0,1.0,6.0,-1.0
160.467,84,109,0.7777777777777778,1.0,7,160.2625,160.065,158.6575,156.95,0.0,40.20000000000152,160.397,160.253,160.065,21.400000000002706,40.20000000000152,1.0,1.0,1.0,1.0,0.0,0.0,160.2625,160.876,2.0,20.450000000002433,-40.89999999999918,0.0,1.0,0.0,0.0,0.0,1.0,6.0,0.0
0.70661,0,109,0.0,0.0,0,0.70608,0.70336,0.7125250000000001,0.694075,0.0,32.49999999999975,0.70713,0.706515,0.706385,0.9499999999995623,2.249999999999197,1.0,1.0,-1.0,0.0,0.0,0.0,0.0,0.0,0.0,0.0,0.0,0.0,0.0,0.0,0.0,0.0,1.0,6.0,-1.0
1.3994900000000001,60,109,0.5555555555555556,1.0,5,1.39987,1.396155,1.384705,1.38322,0.0,33.350000000000875,1.399785,1.399245,1.394485,2.4500000000005073,50.05000000000148,-1.0,1.0,1.0,1.0,0.0,0.0,1.39616,1.40616,2.0,33.30000000000055,-66.69999999999953,0.0,0.0,0.0,0.0,0.0,1.0,6.0,1.0
0.79315,60,109,0.5555555555555556,-1.0,5,0.7940499999999999,0.796685,0.788715,0.784815,0.0,-35.34999999999955,0.7939350000000001,0.794025,0.79403,-8.749999999999591,-8.799999999999919,-1.0,-1.0,1.0,-1.0,0.0,0.0,0.79405,0.79135,2.0,-9.000000000000119,18.000000000000238,0.0,0.0,0.0,0.0,0.0,1.0,6.0,1.0
1.15008,84,109,0.7777777777777778,-1.0,7,1.1547100000000001,1.154985,1.16098,1.174675,0.0,-49.04999999999937,1.1540300000000001,1.154875,1.15611,-47.95000000000105,-60.2999999999998,-1.0,-1.0,-1.0,-1.0,0.0,0.0,1.15471,1.14082,2.0,-46.299999999999116,92.60000000000046,0.0,0.0,0.0,0.0,0.0,2.0,6.0,-1.0
1.32948,84,109,0.7777777777777778,-1.0,7,1.33486,1.3361450000000001,1.3406500000000001,1.351365,0.0,-66.65000000000143,1.3340049999999999,1.33524,1.337255,-57.59999999999987,-77.75000000000088,-1.0,-1.0,-1.0,-1.0,0.0,0.0,1.33486,1.31872,2.0,-53.7999999999994,107.60000000000103,0.0,0.0,0.0,0.0,0.0,2.0,6.0,1.0
160.667,84,109,0.7777777777777778,1.0,7,160.454,160.16699999999997,159.05,156.95,0.0,50.00000000000284,160.474,160.454,160.16699999999997,21.299999999999386,50.00000000000284,1.0,1.0,1.0,1.0,0.0,0.0,160.454,161.093,2.0,21.299999999999386,-42.59999999999877,0.0,1.0,0.0,0.0,0.0,2.0,6.0,1.0
0.70129,60,109,0.5555555555555556,-1.0,5,0.70351,0.70339,0.7125250000000001,0.694075,0.0,-20.999999999999908,0.70351,0.70372,0.706125,-24.30000000000043,-48.350000000000335,0.0,1.0,-1.0,-1.0,0.0,0.0,0.70339,0.69709,2.0,-20.999999999999908,41.999999999999815,0.0,0.0,0.0,0.0,0.0,2.0,6.0,0.0
1.41022,84,109,0.7777777777777778,1.0,7,1.40556,1.40366,1.3903400000000001,1.38322,0.0,65.60000000000122,1.4062299999999999,1.40514,1.39943,50.799999999999734,107.90000000000077,1.0,1.0,1.0,1.0,0.0,0.0,1.40556,1.41954,2.0,46.60000000000109,-93.19999999999995,0.0,0.0,0.0,0.0,0.0,2.0,6.0,-1.0
0.79967,72,109,0.6666666666666666,1.0,6,0.79626,0.79626,0.7905249999999999,0.784815,0.0,34.10000000000024,0.79668,0.79626,0.7943549999999999,34.10000000000024,53.150000000000695,1.0,0.0,1.0,1.0,0.0,0.0,0.79626,0.80649,2.0,34.10000000000024,-68.20000000000049,0.0,0.0,0.0,0.0,0.0,2.0,6.0,1.0
1.14574,84,109,0.7777777777777778,-1.0,7,1.14966,1.15366,1.1586400000000001,1.174675,0.0,-79.19999999999928,1.1469399999999998,1.15286,1.15366,-71.20000000000016,-79.19999999999928,-1.0,-1.0,-1.0,-1.0,0.0,0.0,1.14966,1.1379,2.0,-39.199999999999235,78.40000000000069,0.0,0.0,0.0,0.0,0.0,3.0,6.0,1.0
1.32023,84,109,0.7777777777777778,-1.0,7,1.32663,1.3326799999999999,1.336255,1.351365,0.0,-124.4999999999985,1.322305,1.3306149999999999,1.3326799999999999,-103.84999999999866,-124.4999999999985,-1.0,-1.0,-1.0,-1.0,0.0,0.0,1.32663,1.30743,2.0,-63.999999999999616,127.99999999999923,0.0,0.0,0.0,0.0,0.0,3.0,6.0,0.0
161.401,84,109,0.7777777777777778,1.0,7,161.1345,160.7695,159.5565,156.95,0.0,63.15000000000168,161.302,160.9805,160.6735,42.05000000000041,72.75000000000205,1.0,1.0,1.0,1.0,0.0,0.0,161.1345,161.934,2.0,26.650000000000773,-53.299999999998704,0.0,1.0,0.0,0.0,0.0,3.0,6.0,0.0
0.70137,84,109,0.7777777777777778,-1.0,7,0.7019949999999999,0.704155,0.712155,0.694075,0.0,-27.849999999999262,0.7019299999999999,0.70351,0.70336,-21.399999999999196,-19.899999999999363,-1.0,-1.0,-1.0,-1.0,0.0,0.0,0.70199,0.70012,2.0,-6.199999999999539,12.500000000000844,0.0,0.0,0.0,0.0,0.0,3.0,6.0,1.0
1.41358,84,109,0.7777777777777778,1.0,7,1.410685,1.404845,1.39239,1.38322,0.0,87.35000000000159,1.41284,1.407095,1.402285,64.85000000000073,112.95000000000056,1.0,1.0,1.0,1.0,0.0,0.0,1.41068,1.41937,2.0,29.000000000001247,-57.89999999999962,0.0,0.0,0.0,0.0,0.0,3.0,6.0,1.0
0.8045,84,109,0.7777777777777778,1.0,7,0.8015650000000001,0.7985949999999999,0.79286,0.784815,0.0,59.050000000000495,0.804145,0.79871,0.7985949999999999,57.89999999999962,59.050000000000495,1.0,1.0,1.0,1.0,0.0,0.0,0.80157,0.81037,2.0,29.299999999999883,-58.700000000000415,0.0,0.0,0.0,0.0,0.0,3.0,6.0,1.0
1.14711,60,109,0.5555555555555556,-1.0,5,1.14492,1.151915,1.155185,1.174675,0.0,-48.049999999999486,1.146865,1.145265,1.151985,18.450000000000966,-48.74999999999963,1.0,-1.0,-1.0,-1.0,0.0,0.0,1.15192,1.1375,2.0,-48.09999999999981,96.10000000000119,0.0,0.0,0.0,0.0,0.0,4.0,6.0,1.0
1.3225799999999999,60,109,0.5555555555555556,-1.0,5,1.32016,1.330355,1.33359,1.351365,0.0,-77.75000000000088,1.322655,1.3208099999999998,1.331185,17.700000000000493,-86.05000000000196,1.0,-1.0,-1.0,-1.0,0.0,0.0,1.33035,1.30703,2.0,-77.70000000000054,155.49999999999952,0.0,0.0,0.0,0.0,0.0,4.0,6.0,-1.0
161.273,60,109,0.5555555555555556,1.0,5,161.3645,160.917,160.0275,156.95,0.0,35.599999999999454,161.2345,161.139,160.6735,13.399999999998613,59.950000000000614,-1.0,1.0,1.0,1.0,0.0,0.0,160.917,161.985,2.0,35.599999999999454,-71.20000000000175,0.0,1.0,0.0,0.0,0.0,4.0,6.0,-1.0
0.70082,60,109,0.5555555555555556,-1.0,5,0.7006600000000001,0.70387,0.71008,0.694075,0.0,-30.49999999999997,0.701435,0.701325,0.70336,-5.049999999999777,-25.399999999999867,1.0,-1.0,-1.0,-1.0,0.0,0.0,0.70387,0.69472,2.0,-30.49999999999997,60.99999999999994,0.0,0.0,0.0,0.0,0.0,4.0,6.0,1.0
1.41663,84,109,0.7777777777777778,1.0,7,1.415365,1.4076549999999999,1.3948999999999998,1.38322,0.0,89.75000000000178,1.416505,1.4146649999999998,1.40411,19.650000000002166,125.20000000000087,1.0,1.0,1.0,1.0,0.0,0.0,1.41536,1.41916,2.0,12.700000000001044,-25.299999999999212,0.0,0.0,0.0,0.0,0.0,4.0,6.0,1.0
0.80641,84,109,0.7777777777777778,1.0,7,0.8063,0.8000799999999999,0.794345,0.784815,0.0,63.30000000000058,0.807015,0.805595,0.8000799999999999,8.150000000000102,63.30000000000058,1.0,1.0,1.0,1.0,0.0,0.0,0.8063,0.80663,2.0,1.0999999999994348,-2.1999999999999797,0.0,0.0,0.0,0.0,0.0,4.0,6.0,1.0
1.14278,84,109,0.7777777777777778,-1.0,7,1.1448649999999998,1.151875,1.155185,1.170375,0.0,-90.95000000000076,1.14404,1.1449799999999999,1.151985,-21.999999999999797,-92.05000000000129,-1.0,-1.0,-1.0,-1.0,0.0,0.0,1.14486,1.13861,2.0,-20.800000000000818,41.700000000000074,0.0,0.0,0.0,0.0,0.0,0.0,6.0,1.0
1.32487,0,109,0.0,0.0,0,1.3226399999999998,1.33028,1.33359,1.350425,0.0,-54.09999999999915,1.32538,1.3226399999999998,1.331185,22.300000000001763,-63.1500000000007,1.0,-1.0,-1.0,0.0,0.0,0.0,0.0,0.0,0.0,0.0,0.0,0.0,0.0,0.0,0.0,0.0,0.0,6.0,-1.0
161.603,72,109,0.6666666666666666,1.0,6,161.502,161.01850000000002,160.21050000000002,157.02,0.0,58.449999999999136,161.502,161.502,160.73149999999998,10.099999999999909,87.15000000000259,0.0,1.0,1.0,1.0,0.0,0.0,161.502,161.805,2.0,10.099999999999909,-20.199999999999818,0.0,1.0,0.0,0.0,0.0,0.0,6.0,0.0
0.69996,84,109,0.7777777777777778,-1.0,7,0.700635,0.703435,0.70897,0.69685,0.0,-34.75000000000006,0.7004349999999999,0.700895,0.70336,-9.350000000000191,-33.99999999999959,-1.0,-1.0,-1.0,-1.0,0.0,0.0,0.70064,0.69861,2.0,-6.800000000000139,13.500000000000734,0.0,0.0,0.0,0.0,0.0,0.0,6.0,1.0
1.4160300000000001,60,109,0.5555555555555556,1.0,5,1.41686,1.408665,1.39621,1.38647,0.0,73.65000000000066,1.41609,1.41639,1.404625,-3.5999999999991594,114.05000000000109,-1.0,1.0,1.0,1.0,0.0,0.0,1.40867,1.43076,2.0,73.60000000000034,-147.2999999999991,0.0,0.0,0.0,0.0,0.0,0.0,6.0,-1.0
0.80863,84,109,0.7777777777777778,1.0,7,0.80803,0.80036,0.7946249999999999,0.7872049999999999,0.0,82.69999999999999,0.808515,0.807545,0.80036,10.850000000000026,82.69999999999999,1.0,1.0,1.0,1.0,0.0,0.0,0.80803,0.80983,2.0,5.999999999999339,-12.000000000000899,0.0,0.0,0.0,0.0,0.0,0.0,6.0,0.0
1.13808,84,109,0.7777777777777778,-1.0,7,1.14074,1.148925,1.15308,1.170375,0.0,-108.44999999999993,1.138785,1.141965,1.14988,-38.84999999999916,-118.00000000000033,-1.0,-1.0,-1.0,-1.0,0.0,0.0,1.14074,1.13276,2.0,-26.600000000001067,53.19999999999992,0.0,0.0,0.0,0.0,0.0,1.0,6.0,1.0
1.32016,84,109,0.7777777777777778,-1.0,7,1.32179,1.3290449999999998,1.33359,1.350425,0.0,-88.84999999999809,1.3202,1.322755,1.331185,-25.94999999999903,-110.25000000000063,-1.0,-1.0,-1.0,-1.0,0.0,0.0,1.32179,1.3169,2.0,-16.300000000000203,32.600000000000406,0.0,0.0,0.0,0.0,0.0,1.0,6.0,1.0
161.574,84,109,0.7777777777777778,1.0,7,161.503,161.0385,160.256,157.02,0.0,53.55000000000132,161.529,161.502,160.73149999999998,7.200000000000273,84.25000000000296,1.0,1.0,1.0,1.0,0.0,0.0,161.503,161.716,2.0,7.1000000000026375,-14.19999999999959,0.0,1.0,0.0,0.0,0.0,1.0,6.0,0.0
0.69152,84,109,0.7777777777777778,-1.0,7,0.695525,0.699105,0.70536,0.69685,0.0,-75.84999999999953,0.69242,0.696025,0.69975,-45.04999999999981,-82.2999999999996,-1.0,-1.0,-1.0,-1.0,0.0,0.0,0.69552,0.68351,2.0,-40.000000000000036,80.10000000000073,0.0,0.0,0.0,0.0,0.0,1.0,6.0,-1.0
1.42077,84,109,0.7777777777777778,1.0,7,1.4183,1.41107,1.397395,1.38647,0.0,97.00000000000043,1.419295,1.418045,1.407425,27.250000000000885,133.45000000000164,1.0,1.0,1.0,1.0,0.0,0.0,1.4183,1.42571,2.0,24.700000000001943,-49.399999999999444,0.0,0.0,0.0,0.0,0.0,1.0,6.0,0.0
0.80957,72,109,0.6666666666666666,1.0,6,0.80906,0.80123,0.795075,0.7872049999999999,0.0,83.40000000000015,0.80906,0.80877,0.80081,8.00000000000023,87.5999999999999,0.0,1.0,1.0,1.0,0.0,0.0,0.80906,0.81059,2.0,5.1000000000001044,-10.200000000000209,0.0,0.0,0.0,0.0,0.0,1.0,6.0,1.0
1.1359,72,109,0.6666666666666666,-1.0,6,1.135405,1.1406,1.15052,1.170375,0.0,-47.000000000001485,1.13462,1.13686,1.1473200000000001,-9.600000000000719,-114.20000000000208,-1.0,-1.0,-1.0,-1.0,0.0,0.0,1.1406,1.1265,2.0,-47.000000000001485,93.99999999999852,0.0,0.0,0.0,0.0,0.0,2.0,6.0,0.0
1.31661,84,109,0.7777777777777778,-1.0,7,1.317445,1.32065,1.3324500000000001,1.350425,0.0,-40.40000000000043,1.3159399999999999,1.318575,1.3300450000000001,-19.649999999999945,-134.35000000000085,-1.0,-1.0,-1.0,-1.0,0.0,0.0,1.31744,1.31494,2.0,-8.299999999998864,16.700000000000603,0.0,0.0,0.0,0.0,0.0,2.0,6.0,1.0
161.808,84,109,0.7777777777777778,1.0,7,161.6445,161.36,160.256,157.02,0.0,44.79999999999791,161.7355,161.5885,160.8275,21.949999999998226,98.05000000000064,1.0,1.0,1.0,1.0,0.0,0.0,161.6445,162.135,2.0,16.34999999999991,-32.69999999999982,0.0,1.0,0.0,0.0,0.0,2.0,6.0,0.0
0.68999,84,109,0.7777777777777778,-1.0,7,0.690275,0.6959850000000001,0.70414,0.69685,0.0,-59.950000000000834,0.689415,0.692105,0.69853,-21.14999999999978,-85.39999999999992,-1.0,-1.0,-1.0,-1.0,0.0,0.0,0.69027,0.68942,2.0,-2.80000000000058,5.699999999999594,0.0,0.0,0.0,0.0,0.0,2.0,6.0,1.0
1.42328,84,109,0.7777777777777778,1.0,7,1.4224649999999999,1.4179650000000001,1.39894,1.38647,0.0,53.14999999999959,1.423155,1.42084,1.409915,24.399999999999977,133.65000000000072,1.0,1.0,1.0,1.0,0.0,0.0,1.42246,1.42491,2.0,8.20000000000043,-16.299999999997983,0.0,0.0,0.0,0.0,0.0,2.0,6.0,0.0
0.81224,84,109,0.7777777777777778,1.0,7,0.811565,0.80802,0.796735,0.7872049999999999,0.0,42.20000000000002,0.8126549999999999,0.81072,0.80247,15.199999999999658,97.69999999999945,1.0,1.0,1.0,1.0,0.0,0.0,0.81156,0.81359,2.0,6.800000000000139,-13.500000000000734,0.0,0.0,0.0,0.0,0.0,2.0,6.0,0.0
1.13708,0,109,0.0,0.0,0,1.13606,1.140255,1.15052,1.170375,0.0,-31.74999999999928,1.1362100000000002,1.135625,1.1473200000000001,14.54999999999984,-102.40000000000026,1.0,-1.0,-1.0,0.0,0.0,0.0,0.0,0.0,0.0,0.0,0.0,0.0,0.0,0.0,0.0,0.0,3.0,6.0,-1.0
1.3191899999999999,0,109,0.0,0.0,0,1.31839,1.32065,1.3324500000000001,1.350425,0.0,-14.600000000002389,1.3185799999999999,1.3179500000000002,1.3300450000000001,12.399999999996858,-108.55000000000281,1.0,-1.0,-1.0,0.0,0.0,0.0,0.0,0.0,0.0,0.0,0.0,0.0,0.0,0.0,0.0,0.0,3.0,6.0,-1.0
161.79,72,109,0.6666666666666666,1.0,6,161.75,161.514,160.336,157.02,0.0,27.599999999998204,161.728,161.75,160.8395,3.999999999999204,95.05000000000052,-1.0,1.0,1.0,1.0,0.0,0.0,161.75,161.87,2.0,3.999999999999204,-8.00000000000125,0.0,1.0,0.0,0.0,0.0,3.0,6.0,0.0
0.69093,0,109,0.0,0.0,0,0.690525,0.69522,0.70414,0.69685,0.0,-42.899999999999054,0.690615,0.690475,0.69853,4.550000000000942,-75.9999999999994,1.0,-1.0,-1.0,0.0,0.0,0.0,0.0,0.0,0.0,0.0,0.0,0.0,0.0,0.0,0.0,0.0,3.0,6.0,-1.0
1.41989,0,109,0.0,0.0,0,1.42127,1.4195950000000002,1.3991950000000002,1.38647,0.0,2.949999999999342,1.421265,1.42127,1.40992,-13.799999999999368,99.70000000000034,-1.0,1.0,1.0,0.0,0.0,0.0,0.0,0.0,0.0,0.0,0.0,0.0,0.0,0.0,0.0,0.0,3.0,6.0,-1.0
0.80999,0,109,0.0,0.0,0,0.81121,0.81014,0.796735,0.7872049999999999,0.0,-1.4999999999998348,0.81121,0.81145,0.80247,-14.600000000000168,75.1999999999997,0.0,1.0,1.0,-1.0,0.0,0.0,0.0,0.0,0.0,0.0,0.0,0.0,0.0,0.0,0.0,0.0,3.0,6.0,-1.0
1.13813,60,109,0.5555555555555556,-1.0,5,1.13941,1.13898,1.15052,1.170375,0.0,-8.500000000000174,1.140745,1.13836,1.1472099999999998,-2.2999999999995246,-90.79999999999755,1.0,-1.0,-1.0,1.0,0.0,0.0,1.13898,1.13643,2.0,-8.500000000000174,17.000000000000348,0.0,0.0,0.0,0.0,0.0,4.0,6.0,0.0
1.31914,60,109,0.5555555555555556,-1.0,5,1.320595,1.320365,1.3324500000000001,1.350425,0.0,-12.250000000000316,1.3211300000000001,1.319125,1.32914,0.14999999999876223,-100.00000000000009,1.0,-1.0,-1.0,1.0,0.0,0.0,1.32037,1.31669,2.0,-12.300000000000644,24.500000000000632,0.0,0.0,0.0,0.0,0.0,4.0,6.0,0.0
161.756,72,109,0.6666666666666666,1.0,6,161.6865,161.514,160.336,157.02,0.0,24.199999999999022,161.6765,161.738,160.9965,1.8000000000000682,75.95000000000027,-1.0,1.0,1.0,1.0,0.0,0.0,161.6865,161.895,2.0,6.9500000000005,-13.900000000001,0.0,1.0,0.0,0.0,0.0,4.0,6.0,1.0
0.68911,72,109,0.6666666666666666,-1.0,6,0.6896150000000001,0.69445,0.703785,0.69685,0.0,-53.40000000000011,0.6903950000000001,0.6901200000000001,0.69774,-10.100000000000664,-86.30000000000027,1.0,-1.0,-1.0,-1.0,0.0,0.0,0.68962,0.6881,2.0,-5.1000000000001044,10.099999999999554,0.0,0.0,0.0,0.0,0.0,4.0,6.0,0.0
1.41925,0,109,0.0,0.0,0,1.418925,1.419775,1.40091,1.38647,0.0,-5.250000000001087,1.4184700000000001,1.4208500000000002,1.411355,-16.00000000000268,78.94999999999985,-1.0,1.0,1.0,-1.0,0.0,0.0,0.0,0.0,0.0,0.0,0.0,0.0,0.0,0.0,0.0,0.0,4.0,6.0,-1.0
0.81007,0,109,0.0,0.0,0,0.808835,0.8102199999999999,0.796735,0.7872049999999999,0.0,-1.4999999999998348,0.80829,0.80998,0.80247,0.8999999999992347,75.9999999999994,-1.0,-1.0,1.0,-1.0,0.0,0.0,0.0,0.0,0.0,0.0,0.0,0.0,0.0,0.0,0.0,0.0,4.0,6.0,-1.0
1.14233,60,109,0.5555555555555556,1.0,5,1.14046,1.137925,1.15052,1.170375,0.0,44.049999999999926,1.1415549999999999,1.14063,1.1470449999999999,17.000000000000348,-47.14999999999803,1.0,1.0,-1.0,1.0,0.0,0.0,1.14046,1.14607,2.0,18.700000000000383,-37.39999999999854,0.0,0.0,0.0,0.0,0.0,0.0,6.0,0.0
1.32589,60,109,0.5555555555555556,1.0,5,1.3224900000000002,1.3201,1.3324500000000001,1.350425,0.0,57.89999999999962,1.324475,1.3224900000000002,1.32876,33.99999999999848,-28.69999999999928,1.0,1.0,-1.0,1.0,0.0,0.0,1.32249,1.33269,2.0,34.000000000000696,-67.99999999999918,0.0,0.0,0.0,0.0,0.0,0.0,6.0,0.0
161.952,84,109,0.7777777777777778,1.0,7,161.8315,161.7105,160.35,157.465,0.0,24.150000000000205,161.8945,161.752,161.0445,19.999999999998863,90.74999999999989,1.0,1.0,1.0,1.0,0.0,0.0,161.8315,162.193,2.0,12.049999999999272,-24.100000000001387,0.0,1.0,0.0,0.0,0.0,0.0,6.0,1.0
0.68862,84,109,0.7777777777777778,-1.0,7,0.6890700000000001,0.6908449999999999,0.703785,0.6970149999999999,0.0,-22.249999999999215,0.6889449999999999,0.6897150000000001,0.69753,-10.950000000000681,-89.09999999999974,-1.0,-1.0,-1.0,-1.0,0.0,0.0,0.68907,0.68772,2.0,-4.499999999999504,9.000000000000119,0.0,0.0,0.0,0.0,0.0,0.0,6.0,1.0
1.42114,72,109,0.6666666666666666,1.0,6,1.419635,1.420845,1.40091,1.38647,0.0,2.9500000000015625,1.4206750000000001,1.419335,1.41182,18.050000000000566,93.19999999999995,1.0,-1.0,1.0,1.0,0.0,0.0,1.42084,1.42173,2.0,2.9999999999996696,-5.899999999998684,0.0,0.0,0.0,0.0,0.0,0.0,6.0,0.0
0.80748,60,109,0.5555555555555556,-1.0,5,0.80873,0.8102199999999999,0.796735,0.7872049999999999,0.0,-27.399999999999647,0.80806,0.8084100000000001,0.80247,-9.300000000000974,50.09999999999959,-1.0,-1.0,1.0,-1.0,0.0,0.0,0.80873,0.80498,2.0,-12.499999999999734,24.999999999999467,0.0,0.0,0.0,0.0,0.0,0.0,6.0,0.0
1.14217,60,109,0.5555555555555556,1.0,5,1.1409500000000001,1.1380599999999998,1.15052,1.170375,0.0,41.10000000000058,1.141265,1.1409500000000001,1.1426349999999998,12.199999999997768,-4.649999999999377,1.0,1.0,-1.0,1.0,0.0,0.0,1.14095,1.14461,2.0,12.199999999999989,-24.399999999999977,0.0,0.0,0.0,0.0,0.0,1.0,6.0,0.0
1.326,0,109,0.0,0.0,0,1.3244150000000001,1.32083,1.3322500000000002,1.350425,0.0,51.70000000000119,1.3244150000000001,1.32413,1.32324,18.700000000000383,27.600000000000957,0.0,1.0,-1.0,1.0,0.0,0.0,0.0,0.0,0.0,0.0,0.0,0.0,0.0,0.0,0.0,0.0,1.0,6.0,-1.0
162.575,84,109,0.7777777777777778,1.0,7,162.26749999999998,162.0975,160.7345,157.465,0.0,47.749999999999204,162.34,162.238,161.56400000000002,33.69999999999891,101.09999999999673,1.0,1.0,1.0,1.0,0.0,0.0,162.2675,163.19,2.0,30.749999999997613,-61.50000000000091,0.0,1.0,0.0,0.0,0.0,1.0,6.0,0.0
0.69198,0,109,0.0,0.0,0,0.689745,0.689745,0.7032849999999999,0.6970149999999999,0.0,22.34999999999987,0.6905749999999999,0.689745,0.695335,22.34999999999987,-33.54999999999997,1.0,0.0,-1.0,1.0,0.0,0.0,0.0,0.0,0.0,0.0,0.0,0.0,0.0,0.0,0.0,0.0,1.0,6.0,-1.0
1.41966,0,109,0.0,0.0,0,1.421275,1.4208500000000002,1.40091,1.38647,0.0,-11.900000000002464,1.4209,1.421275,1.4170150000000001,-16.15000000000144,26.449999999997864,-1.0,1.0,1.0,0.0,0.0,0.0,0.0,0.0,0.0,0.0,0.0,0.0,0.0,0.0,0.0,0.0,1.0,6.0,-1.0
0.80813,60,109,0.5555555555555556,-1.0,5,0.8082199999999999,0.810125,0.796735,0.7872049999999999,0.0,-19.94999999999969,0.8080350000000001,0.8082199999999999,0.806065,-0.8999999999992347,20.649999999999835,-1.0,-1.0,1.0,-1.0,0.0,0.0,0.80822,0.80795,2.0,-0.900000000000345,1.80000000000069,0.0,0.0,0.0,0.0,0.0,1.0,6.0,1.0
1.13763,72,109,0.6666666666666666,-1.0,6,1.13945,1.1393,1.15052,1.170375,0.0,-16.700000000000603,1.138675,1.13992,1.140255,-22.900000000001253,-26.250000000000995,-1.0,1.0,-1.0,-1.0,0.0,0.0,1.1393,1.13429,2.0,-16.700000000000603,33.39999999999898,0.0,0.0,0.0,0.0,0.0,2.0,7.0,0.0
1.32737,0,109,0.0,0.0,0,1.325525,1.32325,1.3312650000000001,1.350425,0.0,41.199999999999015,1.325525,1.325175,1.32159,21.94999999999947,57.79999999999896,0.0,1.0,-1.0,1.0,0.0,0.0,0.0,0.0,0.0,0.0,0.0,0.0,0.0,0.0,0.0,0.0,2.0,7.0,-1.0
162.601,72,109,0.6666666666666666,1.0,6,162.5645,162.183,160.96699999999998,157.465,0.0,41.80000000000064,162.526,162.4255,161.9105,17.549999999999955,69.04999999999859,-1.0,1.0,1.0,1.0,0.0,0.0,162.5645,162.674,2.0,3.649999999998954,-7.30000000000075,0.0,1.0,0.0,0.0,0.0,2.0,7.0,0.0
0.68922,72,109,0.6666666666666666,-1.0,6,0.690315,0.689745,0.7032849999999999,0.6970149999999999,0.0,-5.249999999999977,0.69003,0.690495,0.694465,-12.749999999999151,-52.44999999999944,-1.0,1.0,-1.0,-1.0,0.0,0.0,0.68975,0.68817,2.0,-5.299999999999194,10.500000000001064,0.0,0.0,0.0,0.0,0.0,2.0,7.0,0.0
1.4215200000000001,72,109,0.6666666666666666,1.0,6,1.42065,1.420825,1.40091,1.38647,0.0,6.950000000001122,1.421335,1.421275,1.418615,2.4500000000005073,29.050000000001575,1.0,1.0,1.0,0.0,0.0,0.0,1.42083,1.42291,2.0,6.900000000000794,-13.899999999997803,0.0,0.0,0.0,0.0,0.0,2.0,7.0,0.0
0.8095,60,109,0.5555555555555556,1.0,5,0.8096099999999999,0.80933,0.796735,0.7872049999999999,0.0,1.7000000000000348,0.8099000000000001,0.8091550000000001,0.8086899999999999,3.449999999999287,8.100000000000884,1.0,-1.0,1.0,1.0,0.0,0.0,0.80933,0.80984,2.0,1.7000000000000348,-3.4000000000000696,0.0,0.0,0.0,0.0,0.0,2.0,7.0,0.0
1.14338,0,109,0.0,0.0,0,1.142315,1.1417199999999998,1.15052,1.170375,0.0,16.60000000000217,1.1434,1.1417199999999998,1.139915,16.60000000000217,34.65000000000052,1.0,0.0,-1.0,1.0,0.0,0.0,0.0,0.0,0.0,0.0,0.0,0.0,0.0,0.0,0.0,0.0,3.0,7.0,-1.0
1.33483,72,109,0.6666666666666666,1.0,6,1.332315,1.32862,1.3312650000000001,1.350425,0.0,62.10000000000049,1.33407,1.330165,1.32623,46.649999999999196,85.9999999999994,1.0,1.0,-1.0,1.0,0.0,0.0,1.33231,1.33986,2.0,25.199999999998557,-50.3000000000009,0.0,0.0,0.0,0.0,0.0,3.0,7.0,1.0
161.104,60,109,0.5555555555555556,-1.0,5,161.622,161.735,160.96699999999998,157.465,0.0,-63.10000000000002,161.1365,161.69650000000001,161.735,-59.250000000000114,-63.10000000000002,-1.0,-1.0,1.0,-1.0,0.0,0.0,161.622,160.068,2.0,-51.80000000000007,103.60000000000014,0.0,1.0,0.0,0.0,0.0,3.0,7.0,0.0
0.6922,60,109,0.5555555555555556,1.0,5,0.69136,0.6904250000000001,0.7032849999999999,0.6970149999999999,0.0,17.74999999999971,0.6914899999999999,0.69136,0.694205,8.40000000000063,-20.049999999999237,1.0,1.0,-1.0,1.0,0.0,0.0,0.69136,0.69388,2.0,8.40000000000063,-16.800000000000146,0.0,0.0,0.0,0.0,0.0,3.0,7.0,0.0
1.41819,60,109,0.5555555555555556,-1.0,5,1.4187150000000002,1.41988,1.40091,1.38647,0.0,-16.899999999999693,1.41845,1.4192550000000002,1.4195950000000002,-10.650000000000936,-14.050000000001006,-1.0,-1.0,1.0,-1.0,0.0,0.0,1.41872,1.41714,2.0,-5.299999999999194,10.499999999999954,0.0,0.0,0.0,0.0,0.0,3.0,7.0,0.0
0.80333,0,109,0.0,0.0,0,0.80535,0.806495,0.796735,0.7872049999999999,0.0,-31.649999999999736,0.804195,0.806495,0.807465,-31.649999999999736,-41.349999999999994,-1.0,0.0,1.0,-1.0,0.0,0.0,0.0,0.0,0.0,0.0,0.0,0.0,0.0,0.0,0.0,0.0,3.0,7.0,-1.0
1.14353,0,109,0.0,0.0,0,1.14414,1.1417199999999998,1.15052,1.170375,0.0,18.100000000000893,1.14428,1.1434,1.13986,1.2999999999996348,36.6999999999984,1.0,1.0,-1.0,1.0,0.0,0.0,0.0,0.0,0.0,0.0,0.0,0.0,0.0,0.0,0.0,0.0,4.0,7.0,-1.0
1.33491,0,109,0.0,0.0,0,1.335785,1.329815,1.3312650000000001,1.350425,0.0,50.95000000000071,1.335365,1.33407,1.32623,8.399999999999519,86.80000000000021,-1.0,1.0,-1.0,1.0,0.0,0.0,0.0,0.0,0.0,0.0,0.0,0.0,0.0,0.0,0.0,0.0,4.0,7.0,-1.0
161.365,0,109,0.0,0.0,0,161.0,161.66,160.96699999999998,157.465,0.0,-29.49999999999875,161.26100000000002,161.0615,161.66,30.350000000001387,-29.49999999999875,1.0,-1.0,1.0,-1.0,0.0,0.0,0.0,0.0,0.0,0.0,0.0,0.0,1.0,0.0,0.0,0.0,4.0,7.0,-1.0
0.69359,60,109,0.5555555555555556,1.0,5,0.6930000000000001,0.6907300000000001,0.7032849999999999,0.6970149999999999,0.0,28.59999999999974,0.6936599999999999,0.6917949999999999,0.69345,17.95000000000102,1.40000000000029,1.0,1.0,-1.0,1.0,0.0,0.0,0.693,0.69477,2.0,5.9000000000009045,-11.799999999999589,0.0,0.0,0.0,0.0,0.0,4.0,7.0,0.0
1.42023,72,109,0.6666666666666666,1.0,6,1.418315,1.41988,1.40091,1.38647,0.0,3.5000000000007248,1.41993,1.41845,1.41985,17.80000000000115,3.8000000000004697,1.0,-1.0,1.0,1.0,0.0,0.0,1.41988,1.42093,2.0,3.5000000000007248,-6.999999999999229,0.0,0.0,0.0,0.0,0.0,4.0,7.0,0.0
0.80333,0,109,0.0,0.0,0,0.8028649999999999,0.806495,0.796735,0.7872049999999999,0.0,-31.649999999999736,0.80313,0.804195,0.807465,-8.650000000000047,-41.349999999999994,1.0,-1.0,1.0,-1.0,0.0,0.0,0.0,0.0,0.0,0.0,0.0,0.0,0.0,0.0,0.0,0.0,4.0,7.0,-1.0
1.14404,0,109,0.0,0.0,0,1.1426699999999999,1.1417199999999998,1.149465,1.170375,0.0,23.200000000000998,1.1426699999999999,1.1432799999999999,1.13986,7.600000000000939,41.799999999998505,0.0,1.0,-1.0,0.0,0.0,0.0,0.0,0.0,0.0,0.0,0.0,0.0,0.0,0.0,0.0,0.0,0.0,7.0,-1.0
1.33891,72,109,0.6666666666666666,1.0,6,1.3362500000000002,1.3304900000000002,1.331155,1.350425,0.0,84.19999999999872,1.33669,1.3362500000000002,1.3268300000000002,26.599999999998847,120.79999999999869,1.0,1.0,-1.0,1.0,0.0,0.0,1.33625,1.34423,2.0,26.600000000001067,-53.19999999999992,0.0,0.0,0.0,0.0,0.0,0.0,7.0,0.0
162.088,84,109,0.7777777777777778,1.0,7,161.8355,161.66,161.0665,157.465,0.0,42.79999999999973,162.219,161.6925,161.66,39.54999999999984,42.79999999999973,1.0,1.0,1.0,1.0,0.0,0.0,161.8355,162.593,2.0,25.249999999999773,-50.499999999999545,0.0,1.0,0.0,0.0,0.0,0.0,7.0,0.0
0.6956,60,109,0.5555555555555556,1.0,5,0.6940299999999999,0.69207,0.7027650000000001,0.69723,0.0,35.30000000000033,0.69413,0.6940299999999999,0.6912050000000001,15.700000000000713,43.949999999999264,1.0,1.0,-1.0,1.0,0.0,0.0,0.69403,0.69874,2.0,15.699999999999603,-31.40000000000032,0.0,0.0,0.0,0.0,0.0,0.0,7.0,0.0
1.42059,72,109,0.6666666666666666,1.0,6,1.421255,1.419435,1.40175,1.38647,0.0,11.550000000000171,1.4221,1.4208749999999999,1.419905,-2.849999999998687,6.850000000000467,1.0,1.0,1.0,1.0,0.0,0.0,1.41944,1.4229,2.0,11.499999999999844,-23.100000000000342,0.0,0.0,0.0,0.0,0.0,0.0,7.0,0.0
0.80523,0,109,0.0,0.0,0,0.80487,0.806495,0.796885,0.7872049999999999,0.0,-12.649999999999606,0.80598,0.8048200000000001,0.807465,4.099999999999104,-22.34999999999987,1.0,-1.0,1.0,0.0,0.0,0.0,0.0,0.0,0.0,0.0,0.0,0.0,0.0,0.0,0.0,0.0,0.0,7.0,-1.0
1.14107,72,109,0.6666666666666666,-1.0,6,1.1428099999999999,1.1417199999999998,1.1490049999999998,1.170375,0.0,-6.499999999998174,1.142525,1.1428099999999999,1.140295,-17.399999999998528,7.749999999999702,-1.0,1.0,-1.0,-1.0,0.0,0.0,1.14172,1.13977,2.0,-6.500000000000394,13.000000000000789,0.0,0.0,0.0,0.0,0.0,1.0,7.0,0.0
1.33569,0,109,0.0,0.0,0,1.33751,1.33102,1.331155,1.350425,0.0,46.69999999999952,1.33705,1.33664,1.327525,-9.500000000000064,81.64999999999978,-1.0,1.0,-1.0,-1.0,0.0,0.0,0.0,0.0,0.0,0.0,0.0,0.0,0.0,0.0,0.0,0.0,1.0,7.0,-1.0
162.106,84,109,0.7777777777777778,1.0,7,161.91899999999998,161.608,161.10399999999998,157.465,0.0,49.799999999999045,161.9425,162.0405,161.66,6.54999999999859,44.599999999999795,1.0,1.0,1.0,1.0,0.0,0.0,161.919,162.48,2.0,18.69999999999834,-37.39999999999952,0.0,1.0,0.0,0.0,0.0,1.0,7.0,1.0
0.69284,60,109,0.5555555555555556,-1.0,5,0.6940500000000001,0.69219,0.702655,0.69723,0.0,6.500000000000394,0.69379,0.6940500000000001,0.691255,-12.100000000000444,15.850000000000586,-1.0,1.0,-1.0,-1.0,0.0,0.0,0.69405,0.69042,2.0,-12.099999999999334,24.199999999999775,0.0,0.0,0.0,0.0,0.0,1.0,7.0,0.0
1.42005,48,109,0.4444444444444444,1.0,4,1.420485,1.419435,1.4031449999999999,1.38647,0.0,6.150000000000322,1.420485,1.4211049999999998,1.419905,-10.549999999998061,1.4500000000006175,0.0,1.0,1.0,0.0,0.0,0.0,1.41944,1.42128,2.0,6.099999999999994,-12.300000000000644,0.0,0.0,0.0,0.0,0.0,1.0,7.0,0.0
0.80849,84,109,0.7777777777777778,1.0,7,0.80653,0.806495,0.79919,0.7872049999999999,0.0,19.9500000000008,0.807065,0.80653,0.8072250000000001,19.600000000000726,12.649999999999606,1.0,1.0,1.0,1.0,0.0,0.0,0.80653,0.81241,2.0,19.600000000000726,-39.199999999999235,0.0,0.0,0.0,0.0,0.0,1.0,7.0,0.0
1.14166,72,109,0.6666666666666666,-1.0,6,1.14114,1.142685,1.148485,1.170375,0.0,-10.250000000000536,1.141085,1.141675,1.141345,-0.15000000000098268,3.149999999998432,-1.0,-1.0,-1.0,-1.0,0.0,0.0,1.14268,1.13961,2.0,-10.200000000000209,20.499999999998852,0.0,0.0,0.0,0.0,0.0,2.0,7.0,0.0
1.33871,60,109,0.5555555555555556,1.0,5,1.336605,1.336605,1.331155,1.350425,0.0,21.050000000000235,1.337225,1.336605,1.32951,21.050000000000235,92.00000000000097,1.0,0.0,-1.0,1.0,0.0,0.0,1.33661,1.34292,2.0,20.999999999999908,-42.099999999998246,0.0,0.0,0.0,0.0,0.0,2.0,7.0,1.0
162.613,84,109,0.7777777777777778,1.0,7,162.317,161.5935,161.10399999999998,157.465,0.0,101.94999999999936,162.5595,162.228,161.66,38.49999999999909,95.3000000000003,1.0,1.0,1.0,1.0,0.0,0.0,162.317,163.205,2.0,29.599999999999227,-59.200000000001296,0.0,1.0,0.0,0.0,0.0,2.0,7.0,0.0
0.69304,72,109,0.6666666666666666,-1.0,6,0.69265,0.693315,0.70234,0.69723,0.0,-2.7500000000002522,0.69233,0.693055,0.691255,-0.14999999999987246,17.850000000000364,-1.0,-1.0,-1.0,-1.0,0.0,0.0,0.69332,0.69249,2.0,-2.80000000000058,5.499999999999394,0.0,0.0,0.0,0.0,0.0,2.0,7.0,1.0
1.41733,60,109,0.5555555555555556,-1.0,5,1.41818,1.419675,1.40382,1.38647,0.0,-23.450000000000415,1.4178600000000001,1.4190550000000002,1.41988,-17.250000000001986,-25.500000000000522,-1.0,-1.0,1.0,-1.0,0.0,0.0,1.41818,1.41563,2.0,-8.500000000000174,17.000000000000348,0.0,0.0,0.0,0.0,0.0,2.0,7.0,1.0
0.80847,72,109,0.6666666666666666,1.0,6,0.8085800000000001,0.8059149999999999,0.8001499999999999,0.7872049999999999,0.0,25.55000000000085,0.80899,0.80808,0.806495,3.9000000000000146,19.7500000000006,1.0,1.0,1.0,1.0,0.0,0.0,0.80591,0.81358,2.0,25.600000000000065,-51.09999999999948,0.0,0.0,0.0,0.0,0.0,2.0,7.0,0.0
1.14289,0,109,0.0,0.0,0,1.14321,1.142035,1.148485,1.170375,0.0,8.550000000000502,1.1434250000000001,1.142035,1.1417199999999998,8.550000000000502,11.700000000001154,1.0,0.0,-1.0,1.0,0.0,0.0,0.0,0.0,0.0,0.0,0.0,0.0,0.0,0.0,0.0,0.0,3.0,7.0,-1.0
1.34081,0,109,0.0,0.0,0,1.3405550000000002,1.33765,1.331155,1.350425,0.0,31.600000000000517,1.33997,1.33765,1.3309350000000002,31.600000000000517,98.74999999999856,-1.0,0.0,-1.0,1.0,0.0,0.0,0.0,0.0,0.0,0.0,0.0,0.0,0.0,0.0,0.0,0.0,3.0,7.0,-1.0
162.389,0,109,0.0,0.0,0,162.4315,161.9355,161.18849999999998,157.465,0.0,45.350000000001955,162.363,162.4745,161.66,-8.549999999999613,72.90000000000134,-1.0,1.0,1.0,0.0,0.0,0.0,0.0,0.0,0.0,0.0,0.0,0.0,1.0,0.0,0.0,0.0,3.0,7.0,-1.0
0.69404,0,109,0.0,0.0,0,0.693445,0.693315,0.7007,0.69723,0.0,7.249999999999757,0.6938949999999999,0.69267,0.691255,13.699999999999823,27.850000000000374,1.0,-1.0,-1.0,1.0,0.0,0.0,0.0,0.0,0.0,0.0,0.0,0.0,0.0,0.0,0.0,0.0,3.0,7.0,-1.0
1.4167399999999999,60,109,0.5555555555555556,-1.0,5,1.417115,1.419565,1.4056899999999999,1.38647,0.0,-28.250000000000774,1.41703,1.41744,1.41988,-7.0000000000014495,-31.400000000001427,-1.0,-1.0,1.0,-1.0,0.0,0.0,1.41711,1.41599,2.0,-3.700000000002035,7.499999999998064,0.0,0.0,0.0,0.0,0.0,3.0,7.0,0.0
0.80696,0,109,0.0,0.0,0,0.80698,0.8066150000000001,0.800365,0.7872049999999999,0.0,3.449999999999287,0.806795,0.8080350000000001,0.806495,-10.750000000000481,4.650000000000487,-1.0,1.0,1.0,-1.0,0.0,0.0,0.0,0.0,0.0,0.0,0.0,0.0,0.0,0.0,0.0,0.0,3.0,7.0,-1.0
1.14141,72,109,0.6666666666666666,-1.0,6,1.143605,1.1425999999999998,1.148445,1.170375,0.0,-11.899999999998023,1.14266,1.143605,1.1417199999999998,-21.94999999999947,-3.0999999999981043,-1.0,1.0,-1.0,-1.0,0.0,0.0,1.1426,1.13903,2.0,-11.900000000000244,23.800000000000487,0.0,0.0,0.0,0.0,0.0,4.0,7.0,1.0
1.33956,0,109,0.0,0.0,0,1.34216,1.338685,1.331155,1.350425,0.0,8.750000000001812,1.34144,1.3415949999999999,1.333165,-20.34999999999787,63.95000000000151,-1.0,1.0,1.0,0.0,0.0,0.0,0.0,0.0,0.0,0.0,0.0,0.0,0.0,0.0,0.0,0.0,4.0,7.0,-1.0
161.728,60,109,0.5555555555555556,-1.0,5,161.851,161.99099999999999,161.18849999999998,157.465,0.0,-26.29999999999768,161.584,161.891,161.66,-16.29999999999825,6.800000000001205,-1.0,-1.0,1.0,-1.0,0.0,0.0,161.851,161.482,2.0,-12.299999999999045,24.600000000000932,0.0,1.0,0.0,0.0,0.0,4.0,7.0,0.0
0.69528,0,109,0.0,0.0,0,0.6951499999999999,0.6937949999999999,0.70044,0.69723,0.0,14.850000000000696,0.69502,0.6949449999999999,0.691735,3.3500000000008523,35.4500000000002,-1.0,1.0,-1.0,1.0,0.0,0.0,0.0,0.0,0.0,0.0,0.0,0.0,0.0,0.0,0.0,0.0,4.0,7.0,-1.0
1.4155,0,109,0.0,0.0,0,1.41452,1.417715,1.4056899999999999,1.38647,0.0,-22.15000000000078,1.414345,1.41535,1.418245,1.4999999999987246,-27.449999999999974,-1.0,-1.0,1.0,-1.0,0.0,0.0,0.0,0.0,0.0,0.0,0.0,0.0,0.0,0.0,0.0,0.0,4.0,7.0,-1.0
0.80869,72,109,0.6666666666666666,1.0,6,0.8059799999999999,0.806915,0.800565,0.7872049999999999,0.0,17.74999999999971,0.807435,0.8059799999999999,0.806495,27.10000000000101,21.95000000000058,1.0,-1.0,1.0,1.0,0.0,0.0,0.80692,0.81224,2.0,17.700000000000493,-35.49999999999942,0.0,0.0,0.0,0.0,0.0,4.0,7.0,0.0
1.13789,84,109,0.7777777777777778,-1.0,7,1.141155,1.1419,1.1473200000000001,1.170375,0.0,-40.099999999998474,1.140525,1.141155,1.1417199999999998,-32.64999999999851,-38.29999999999778,-1.0,-1.0,-1.0,-1.0,0.0,0.0,1.14115,1.13136,2.0,-32.600000000000406,65.30000000000146,0.0,0.0,0.0,0.0,0.0,0.0,7.0,0.0
1.3344,0,109,0.0,0.0,0,1.3376700000000001,1.338685,1.3300450000000001,1.350425,0.0,-42.84999999999872,1.337205,1.33898,1.333515,-45.80000000000028,8.850000000000247,-1.0,1.0,1.0,-1.0,0.0,0.0,0.0,0.0,0.0,0.0,0.0,0.0,0.0,0.0,0.0,0.0,0.0,7.0,-1.0
162.464,72,109,0.6666666666666666,1.0,6,162.059,161.99099999999999,161.18849999999998,157.465,0.0,47.30000000000132,162.27499999999998,161.879,161.66,58.500000000000796,80.4000000000002,1.0,-1.0,1.0,1.0,0.0,0.0,162.059,163.274,2.0,40.500000000000114,-81.00000000000023,0.0,1.0,0.0,0.0,0.0,0.0,7.0,0.0
0.69164,72,109,0.6666666666666666,-1.0,6,0.693335,0.6937949999999999,0.697675,0.697255,0.0,-21.54999999999907,0.6930499999999999,0.693885,0.6926,-22.449999999999413,-9.599999999999609,-1.0,1.0,-1.0,-1.0,0.0,0.0,0.69334,0.68825,2.0,-16.99999999999924,33.90000000000004,0.0,0.0,0.0,0.0,0.0,0.0,7.0,0.0
1.41575,0,109,0.0,0.0,0,1.414975,1.41718,1.4073600000000002,1.38647,0.0,-14.300000000000423,1.414555,1.4146,1.4178,11.499999999999844,-20.499999999998852,-1.0,-1.0,1.0,1.0,0.0,0.0,0.0,0.0,0.0,0.0,0.0,0.0,0.0,0.0,0.0,0.0,0.0,7.0,-1.0
0.81476,84,109,0.7777777777777778,1.0,7,0.810805,0.8089649999999999,0.80294,0.7878000000000001,0.0,57.950000000001054,0.812085,0.81042,0.8079350000000001,43.400000000000105,68.2499999999997,1.0,1.0,1.0,1.0,0.0,0.0,0.8108,0.82267,2.0,39.60000000000075,-79.09999999999972,0.0,0.0,0.0,0.0,0.0,0.0,7.0,0.0
1.14207,0,109,0.0,0.0,0,1.1419899999999998,1.1419899999999998,1.1473200000000001,1.170375,0.0,0.8000000000008001,1.1433200000000001,1.1419899999999998,1.14239,0.8000000000008001,-3.20000000000098,1.0,0.0,-1.0,0.0,0.0,0.0,0.0,0.0,0.0,0.0,0.0,0.0,0.0,0.0,0.0,0.0,1.0,7.0,-1.0
1.33905,0,109,0.0,0.0,0,1.3392149999999998,1.339595,1.3300450000000001,1.350425,0.0,-5.450000000000177,1.34051,1.3392149999999998,1.335665,-1.6499999999974868,33.84999999999971,1.0,-1.0,1.0,0.0,0.0,0.0,0.0,0.0,0.0,0.0,0.0,0.0,0.0,0.0,0.0,0.0,1.0,7.0,-1.0
162.247,72,109,0.6666666666666666,1.0,6,162.039,161.99099999999999,161.18849999999998,157.465,0.0,25.600000000002865,161.9395,162.039,161.5935,20.800000000002683,65.35000000000082,-1.0,1.0,1.0,1.0,0.0,0.0,162.039,162.663,2.0,20.800000000002683,-41.59999999999968,0.0,1.0,0.0,0.0,0.0,1.0,7.0,0.0
0.69736,60,109,0.5555555555555556,1.0,5,0.695255,0.694965,0.697675,0.697255,0.0,23.94999999999925,0.6966650000000001,0.695255,0.69382,21.050000000000235,35.39999999999988,1.0,1.0,-1.0,1.0,0.0,0.0,0.69525,0.70157,2.0,21.099999999999454,-42.10000000000047,0.0,0.0,0.0,0.0,0.0,1.0,7.0,1.0
1.4059,72,109,0.6666666666666666,-1.0,6,1.410385,1.412185,1.4073600000000002,1.38647,0.0,-62.85000000000096,1.408145,1.410385,1.41431,-44.85000000000072,-84.10000000000028,-1.0,-1.0,1.0,-1.0,0.0,0.0,1.40736,1.40298,2.0,-14.600000000000168,29.200000000000337,0.0,0.0,0.0,0.0,0.0,1.0,7.0,0.0
0.80927,0,109,0.0,0.0,0,0.810515,0.80909,0.8030649999999999,0.7878000000000001,0.0,1.80000000000069,0.80878,0.810515,0.80806,-12.449999999999406,12.100000000000444,-1.0,1.0,1.0,0.0,0.0,0.0,0.0,0.0,0.0,0.0,0.0,0.0,0.0,0.0,0.0,0.0,1.0,7.0,-1.0
1.14634,0,109,0.0,0.0,0,1.1444200000000002,1.14298,1.1473200000000001,1.170375,0.0,33.599999999998076,1.1444200000000002,1.143605,1.14298,27.34999999999932,33.599999999998076,0.0,1.0,-1.0,1.0,0.0,0.0,0.0,0.0,0.0,0.0,0.0,0.0,0.0,0.0,0.0,0.0,2.0,7.0,-1.0
1.35375,84,109,0.7777777777777778,1.0,7,1.34633,1.3449849999999999,1.334895,1.350425,0.0,87.65000000000134,1.3480150000000002,1.34619,1.3439999999999999,75.60000000000011,97.50000000000148,1.0,1.0,1.0,1.0,0.0,0.0,1.34633,1.36859,2.0,74.19999999999982,-148.39999999999964,0.0,0.0,0.0,0.0,0.0,2.0,7.0,0.0
162.196,72,109,0.6666666666666666,1.0,6,162.154,161.879,161.18849999999998,157.465,0.0,31.700000000000728,162.141,162.007,161.5935,18.899999999999295,60.249999999999204,-1.0,1.0,1.0,1.0,0.0,0.0,162.154,162.28,2.0,4.200000000000159,-8.400000000000318,0.0,1.0,0.0,0.0,0.0,2.0,7.0,0.0
0.70069,72,109,0.6666666666666666,1.0,6,0.6994100000000001,0.696685,0.697675,0.697255,0.0,40.05000000000037,0.700175,0.697965,0.696375,27.250000000000885,43.15000000000069,1.0,1.0,-1.0,1.0,0.0,0.0,0.69941,0.70325,2.0,12.800000000000589,-25.600000000000065,0.0,0.0,0.0,0.0,0.0,2.0,7.0,0.0
1.40381,60,109,0.5555555555555556,-1.0,5,1.4050950000000002,1.4103400000000001,1.4073600000000002,1.38647,0.0,-65.30000000000146,1.4050950000000002,1.407025,1.413165,-32.14999999999968,-93.55000000000003,0.0,-1.0,1.0,-1.0,0.0,0.0,1.4051,1.40124,2.0,-12.900000000000134,25.699999999999612,0.0,0.0,0.0,0.0,0.0,2.0,7.0,0.0
0.80527,0,109,0.0,0.0,0,0.80741,0.80909,0.8030649999999999,0.7878000000000001,0.0,-38.19999999999935,0.80741,0.808195,0.80809,-29.249999999999552,-28.199999999999335,0.0,-1.0,1.0,-1.0,0.0,0.0,0.0,0.0,0.0,0.0,0.0,0.0,0.0,0.0,0.0,0.0,2.0,7.0,-1.0
1.14433,0,109,0.0,0.0,0,1.14537,1.14298,1.1473200000000001,1.170375,0.0,13.499999999999623,1.145095,1.1444200000000002,1.14298,-0.9000000000014552,13.499999999999623,-1.0,1.0,-1.0,0.0,0.0,0.0,0.0,0.0,0.0,0.0,0.0,0.0,0.0,0.0,0.0,0.0,3.0,7.0,-1.0
1.34787,60,109,0.5555555555555556,1.0,5,1.3502,1.3449849999999999,1.334895,1.350425,0.0,28.850000000000264,1.34883,1.3469250000000001,1.3439999999999999,9.449999999997516,38.7000000000004,-1.0,1.0,1.0,1.0,0.0,0.0,1.34498,1.35364,2.0,28.89999999999837,-57.70000000000053,0.0,0.0,0.0,0.0,0.0,3.0,7.0,0.0
162.359,84,109,0.7777777777777778,1.0,7,162.2605,161.90949999999998,161.18849999999998,157.465,0.0,44.95000000000289,162.3305,162.2165,161.9765,14.25000000000125,38.25000000000216,1.0,1.0,1.0,1.0,0.0,0.0,162.2605,162.556,2.0,9.850000000000136,-19.700000000000273,0.0,1.0,0.0,0.0,0.0,3.0,7.0,0.0
0.69967,0,109,0.0,0.0,0,0.6999500000000001,0.696685,0.697675,0.697255,0.0,29.850000000000154,0.70011,0.7000500000000001,0.696375,-3.8000000000004697,32.95000000000048,1.0,1.0,-1.0,0.0,0.0,0.0,0.0,0.0,0.0,0.0,0.0,0.0,0.0,0.0,0.0,0.0,3.0,7.0,-1.0
1.40412,0,109,0.0,0.0,0,1.403425,1.4092500000000001,1.4089749999999999,1.38647,0.0,-51.30000000000079,1.403425,1.4043800000000002,1.41245,-2.60000000000149,-83.29999999999949,0.0,-1.0,1.0,-1.0,0.0,0.0,0.0,0.0,0.0,0.0,0.0,0.0,0.0,0.0,0.0,0.0,3.0,7.0,-1.0
0.80858,0,109,0.0,0.0,0,0.80693,0.8092550000000001,0.8030649999999999,0.7878000000000001,0.0,-6.750000000000922,0.807905,0.80741,0.80879,11.700000000000044,-2.100000000000435,1.0,-1.0,1.0,0.0,0.0,0.0,0.0,0.0,0.0,0.0,0.0,0.0,0.0,0.0,0.0,0.0,3.0,7.0,-1.0
1.1437599999999999,60,109,0.5555555555555556,-1.0,5,1.14383,1.14298,1.1473200000000001,1.170375,0.0,7.799999999997809,1.143445,1.144755,1.14298,-9.950000000000792,7.799999999997809,-1.0,1.0,-1.0,-1.0,0.0,0.0,1.14383,1.14362,2.0,-0.700000000000145,1.3999999999980695,0.0,0.0,0.0,0.0,0.0,4.0,7.0,-1.0
1.34546,60,109,0.5555555555555556,1.0,5,1.345315,1.3449849999999999,1.334895,1.350425,0.0,4.750000000002252,1.34439,1.34735,1.3439999999999999,-18.899999999999473,14.600000000002389,-1.0,1.0,1.0,-1.0,0.0,0.0,1.34532,1.34575,2.0,1.40000000000029,-2.8999999999990145,0.0,0.0,0.0,0.0,0.0,4.0,7.0,-1.0
162.392,84,109,0.7777777777777778,1.0,7,162.3235,162.0695,161.28449999999998,157.465,0.0,32.24999999999909,162.4095,162.325,161.99099999999999,6.700000000000728,40.100000000001046,1.0,1.0,1.0,1.0,0.0,0.0,162.3235,162.529,2.0,6.850000000000023,-13.700000000000045,0.0,1.0,0.0,0.0,0.0,4.0,7.0,-1.0
0.69816,0,109,0.0,0.0,0,0.69834,0.696685,0.697675,0.697255,0.0,14.75000000000004,0.697665,0.698915,0.696375,-7.5499999999995016,17.850000000000364,-1.0,1.0,-1.0,-1.0,0.0,0.0,0.0,0.0,0.0,0.0,0.0,0.0,0.0,0.0,0.0,0.0,4.0,7.0,-1.0
1.40176,72,109,0.6666666666666666,-1.0,6,1.4029099999999999,1.40828,1.40992,1.38647,0.0,-65.20000000000081,1.401735,1.4031799999999999,1.411585,-14.199999999999768,-98.25000000000195,-1.0,-1.0,1.0,-1.0,0.0,0.0,1.40291,1.39946,2.0,-11.500000000002064,22.999999999999687,0.0,0.0,0.0,0.0,0.0,4.0,7.0,-1.0
0.80737,0,109,0.0,0.0,0,0.8076350000000001,0.8092550000000001,0.8030649999999999,0.7878000000000001,0.0,-18.850000000000257,0.8070200000000001,0.807845,0.80909,-4.750000000000032,-17.199999999999438,-1.0,-1.0,1.0,0.0,0.0,0.0,0.0,0.0,0.0,0.0,0.0,0.0,0.0,0.0,0.0,0.0,4.0,7.0,-1.0
